problem.name;solver.name;randomGenerator.seed;numberOfInnerLayers→replace.all;n.iterations;n.evals;n.births;elapsed.secs;all→size;firsts→size;lasts→size;all→each[genotype]→uniqueness;all→each[solution]→uniqueness;all→each[quality]→uniqueness;best→genotype→size;best→quality→maturePerformance;best→quality→increase;best→quality→inconsistency
nav-lives;me-hebbian-neuron;2;[8];1;100;100;2.37800e+00;6;1;1;1.00000e+00;1.00000e+00;1.00000e+00;40;1.72114e-01;1.77325e-01;2.40677e-01
nav-lives;me-hebbian-neuron;1;[8];1;100;100;2.87900e+00;3;1;1;1.00000e+00;1.00000e+00;1.00000e+00;40;9.16611e-04;1.08166e-02;6.18663e-02
nav-lives;me-hebbian-neuron;2;[8];2;200;200;4.00000e+00;8;1;1;1.00000e+00;1.00000e+00;1.00000e+00;40;1.72114e-01;1.77325e-01;2.40677e-01
nav-lives;me-hebbian-neuron;1;[8];2;200;200;4.67300e+00;7;1;1;1.00000e+00;1.00000e+00;1.00000e+00;40;2.05065e-01;2.09589e-01;4.08912e-01
nav-lives;me-hebbian-neuron;2;[8];3;300;300;5.35900e+00;9;1;1;1.00000e+00;1.00000e+00;1.00000e+00;40;1.72114e-01;1.77325e-01;2.40677e-01
nav-lives;me-hebbian-neuron;1;[8];3;300;300;6.36400e+00;10;1;1;1.00000e+00;1.00000e+00;1.00000e+00;40;2.05065e-01;2.09589e-01;4.08912e-01
nav-lives;me-hebbian-neuron;2;[8];4;400;400;7.25500e+00;13;1;1;1.00000e+00;1.00000e+00;1.00000e+00;40;1.72114e-01;1.77325e-01;2.40677e-01
nav-lives;me-hebbian-neuron;1;[8];4;400;400;7.89900e+00;11;1;1;1.00000e+00;1.00000e+00;1.00000e+00;40;2.05065e-01;2.09589e-01;4.08912e-01
nav-lives;me-hebbian-neuron;2;[8];5;500;500;8.58400e+00;14;1;1;1.00000e+00;1.00000e+00;1.00000e+00;40;1.72114e-01;1.77325e-01;2.40677e-01
nav-lives;me-hebbian-neuron;1;[8];5;500;500;9.25700e+00;13;1;1;1.00000e+00;1.00000e+00;1.00000e+00;40;2.05065e-01;2.09589e-01;4.08912e-01
nav-lives;me-hebbian-neuron;2;[8];6;600;600;9.98100e+00;14;1;1;1.00000e+00;1.00000e+00;1.00000e+00;40;1.72114e-01;1.77325e-01;2.40677e-01
nav-lives;me-hebbian-neuron;1;[8];6;600;600;1.07780e+01;14;1;1;1.00000e+00;1.00000e+00;1.00000e+00;40;2.05065e-01;2.09589e-01;4.08912e-01
nav-lives;me-hebbian-neuron;2;[8];7;700;700;1.13850e+01;15;1;1;1.00000e+00;1.00000e+00;1.00000e+00;40;1.72114e-01;1.77325e-01;2.40677e-01
nav-lives;me-hebbian-neuron;1;[8];7;700;700;1.22480e+01;15;1;1;1.00000e+00;1.00000e+00;1.00000e+00;40;2.05065e-01;2.09589e-01;4.08912e-01
nav-lives;me-hebbian-neuron;2;[8];8;800;800;1.29480e+01;16;1;1;1.00000e+00;1.00000e+00;1.00000e+00;40;1.93894e-01;2.00641e-01;2.70028e-01
nav-lives;me-hebbian-neuron;1;[8];8;800;800;1.36340e+01;16;1;1;1.00000e+00;1.00000e+00;1.00000e+00;40;2.05065e-01;2.09589e-01;4.08912e-01
nav-lives;me-hebbian-neuron;2;[8];9;900;900;1.43290e+01;18;1;1;1.00000e+00;1.00000e+00;1.00000e+00;40;1.93894e-01;2.00641e-01;2.70028e-01
nav-lives;me-hebbian-neuron;1;[8];9;900;900;1.49880e+01;16;1;1;1.00000e+00;1.00000e+00;1.00000e+00;40;2.05065e-01;2.09589e-01;4.08912e-01
nav-lives;me-hebbian-neuron;2;[8];10;1000;1000;1.57090e+01;19;1;1;1.00000e+00;1.00000e+00;1.00000e+00;40;1.93894e-01;2.00641e-01;2.70028e-01
nav-lives;me-hebbian-neuron;1;[8];10;1000;1000;1.64070e+01;18;1;1;1.00000e+00;1.00000e+00;1.00000e+00;40;2.05065e-01;2.09589e-01;4.08912e-01
nav-lives;me-hebbian-neuron;2;[8];11;1100;1100;1.71430e+01;23;1;1;1.00000e+00;1.00000e+00;1.00000e+00;40;1.93894e-01;2.00641e-01;2.70028e-01
nav-lives;me-hebbian-neuron;1;[8];11;1100;1100;1.78600e+01;18;1;1;1.00000e+00;1.00000e+00;1.00000e+00;40;2.05065e-01;2.09589e-01;4.08912e-01
nav-lives;me-hebbian-neuron;2;[8];12;1200;1200;1.85550e+01;23;1;1;1.00000e+00;1.00000e+00;1.00000e+00;40;1.93894e-01;2.00641e-01;2.70028e-01
nav-lives;me-hebbian-neuron;1;[8];12;1200;1200;1.93210e+01;19;1;1;1.00000e+00;1.00000e+00;1.00000e+00;40;2.13449e-01;2.18926e-01;4.18340e-01
nav-lives;me-hebbian-neuron;2;[8];13;1300;1300;2.00120e+01;24;1;1;1.00000e+00;1.00000e+00;1.00000e+00;40;1.93894e-01;2.00641e-01;2.70028e-01
nav-lives;me-hebbian-neuron;1;[8];13;1300;1300;2.06860e+01;20;1;1;1.00000e+00;1.00000e+00;1.00000e+00;40;3.40730e-01;3.51012e-01;4.61003e-01
nav-lives;me-hebbian-neuron;2;[8];14;1400;1400;2.14900e+01;25;1;1;1.00000e+00;1.00000e+00;1.00000e+00;40;1.93894e-01;2.00641e-01;2.70028e-01
nav-lives;me-hebbian-neuron;1;[8];14;1400;1400;2.21800e+01;22;1;1;1.00000e+00;1.00000e+00;1.00000e+00;40;3.40730e-01;3.51012e-01;4.61003e-01
nav-lives;me-hebbian-neuron;2;[8];15;1500;1500;2.28810e+01;26;1;1;1.00000e+00;1.00000e+00;1.00000e+00;40;1.93894e-01;2.00641e-01;2.70028e-01
nav-lives;me-hebbian-neuron;1;[8];15;1500;1500;2.35580e+01;22;1;1;1.00000e+00;1.00000e+00;1.00000e+00;40;3.40730e-01;3.51012e-01;4.61003e-01
nav-lives;me-hebbian-neuron;2;[8];16;1600;1600;2.42830e+01;28;1;1;1.00000e+00;1.00000e+00;1.00000e+00;40;3.25005e-01;3.30114e-01;4.65933e-01
nav-lives;me-hebbian-neuron;1;[8];16;1600;1600;2.49580e+01;22;1;1;1.00000e+00;1.00000e+00;1.00000e+00;40;3.40730e-01;3.51012e-01;4.61003e-01
nav-lives;me-hebbian-neuron;2;[8];17;1700;1700;2.56670e+01;28;1;1;1.00000e+00;1.00000e+00;1.00000e+00;40;3.25005e-01;3.30114e-01;4.65933e-01
nav-lives;me-hebbian-neuron;1;[8];17;1700;1700;2.64620e+01;22;1;1;1.00000e+00;1.00000e+00;1.00000e+00;40;3.40730e-01;3.51012e-01;4.61003e-01
nav-lives;me-hebbian-neuron;2;[8];18;1800;1800;2.71240e+01;29;1;1;1.00000e+00;1.00000e+00;1.00000e+00;40;3.25005e-01;3.30114e-01;4.65933e-01
nav-lives;me-hebbian-neuron;1;[8];18;1800;1800;2.78610e+01;22;1;1;1.00000e+00;1.00000e+00;1.00000e+00;40;3.40730e-01;3.51012e-01;4.61003e-01
nav-lives;me-hebbian-neuron;2;[8];19;1900;1900;2.85120e+01;29;1;1;1.00000e+00;1.00000e+00;1.00000e+00;40;3.25005e-01;3.30114e-01;4.65933e-01
nav-lives;me-hebbian-neuron;1;[8];19;1900;1900;2.93050e+01;22;1;1;1.00000e+00;1.00000e+00;1.00000e+00;40;3.40730e-01;3.51012e-01;4.61003e-01
nav-lives;me-hebbian-neuron;2;[8];20;2000;2000;2.99230e+01;29;1;1;1.00000e+00;1.00000e+00;1.00000e+00;40;3.25005e-01;3.30114e-01;4.65933e-01
nav-lives;me-hebbian-neuron;1;[8];20;2000;2000;3.06670e+01;23;1;1;1.00000e+00;1.00000e+00;1.00000e+00;40;3.40730e-01;3.51012e-01;4.61003e-01
nav-lives;me-hebbian-neuron;2;[8];21;2100;2100;3.13900e+01;29;1;1;1.00000e+00;1.00000e+00;1.00000e+00;40;3.25005e-01;3.30114e-01;4.65933e-01
nav-lives;me-hebbian-neuron;1;[8];21;2100;2100;3.21160e+01;23;1;1;1.00000e+00;1.00000e+00;1.00000e+00;40;3.40730e-01;3.51012e-01;4.61003e-01
nav-lives;me-hebbian-neuron;2;[8];22;2200;2200;3.28120e+01;29;1;1;1.00000e+00;1.00000e+00;1.00000e+00;40;3.25005e-01;3.30114e-01;4.65933e-01
nav-lives;me-hebbian-neuron;1;[8];22;2200;2200;3.35680e+01;23;1;1;1.00000e+00;1.00000e+00;1.00000e+00;40;3.40730e-01;3.51012e-01;4.61003e-01
nav-lives;me-hebbian-neuron;2;[8];23;2300;2300;3.42850e+01;29;1;1;1.00000e+00;1.00000e+00;1.00000e+00;40;3.25005e-01;3.30114e-01;4.65933e-01
nav-lives;me-hebbian-neuron;1;[8];23;2300;2300;3.49600e+01;26;1;1;1.00000e+00;1.00000e+00;1.00000e+00;40;3.40730e-01;3.51012e-01;4.61003e-01
nav-lives;me-hebbian-neuron;2;[8];24;2400;2400;3.56710e+01;29;1;1;1.00000e+00;1.00000e+00;1.00000e+00;40;3.25005e-01;3.30114e-01;4.65933e-01
nav-lives;me-hebbian-neuron;1;[8];24;2400;2400;3.63610e+01;26;1;1;1.00000e+00;1.00000e+00;1.00000e+00;40;3.40730e-01;3.51012e-01;4.61003e-01
nav-lives;me-hebbian-neuron;2;[8];25;2500;2500;3.71380e+01;29;1;1;1.00000e+00;1.00000e+00;1.00000e+00;40;3.25005e-01;3.30114e-01;4.65933e-01
nav-lives;me-hebbian-neuron;1;[8];25;2500;2500;3.78890e+01;26;1;1;1.00000e+00;1.00000e+00;1.00000e+00;40;3.40730e-01;3.51012e-01;4.61003e-01
nav-lives;me-hebbian-neuron;2;[8];26;2600;2600;3.84540e+01;29;1;1;1.00000e+00;1.00000e+00;1.00000e+00;40;3.25005e-01;3.30114e-01;4.65933e-01
nav-lives;me-hebbian-neuron;1;[8];26;2600;2600;3.92520e+01;28;1;1;1.00000e+00;1.00000e+00;1.00000e+00;40;3.40730e-01;3.51012e-01;4.61003e-01
nav-lives;me-hebbian-neuron;2;[8];27;2700;2700;3.98920e+01;29;1;1;1.00000e+00;1.00000e+00;1.00000e+00;40;3.25005e-01;3.30114e-01;4.65933e-01
nav-lives;me-hebbian-neuron;1;[8];27;2700;2700;4.05770e+01;28;1;1;1.00000e+00;1.00000e+00;1.00000e+00;40;3.40730e-01;3.51012e-01;4.61003e-01
nav-lives;me-hebbian-neuron;2;[8];28;2800;2800;4.12670e+01;29;1;1;1.00000e+00;1.00000e+00;1.00000e+00;40;3.25005e-01;3.30114e-01;4.65933e-01
nav-lives;me-hebbian-neuron;1;[8];28;2800;2800;4.20240e+01;28;1;1;1.00000e+00;1.00000e+00;1.00000e+00;40;3.40730e-01;3.51012e-01;4.61003e-01
nav-lives;me-hebbian-neuron;2;[8];29;2900;2900;4.27360e+01;30;1;1;1.00000e+00;1.00000e+00;1.00000e+00;40;3.25005e-01;3.30114e-01;4.65933e-01
nav-lives;me-hebbian-neuron;1;[8];29;2900;2900;4.35690e+01;28;1;1;1.00000e+00;1.00000e+00;1.00000e+00;40;3.40730e-01;3.51012e-01;4.61003e-01
nav-lives;me-hebbian-neuron;2;[8];30;3000;3000;4.42380e+01;30;1;1;1.00000e+00;1.00000e+00;1.00000e+00;40;3.25005e-01;3.30114e-01;4.65933e-01
nav-lives;me-hebbian-neuron;1;[8];30;3000;3000;4.49620e+01;28;1;1;1.00000e+00;1.00000e+00;1.00000e+00;40;3.40730e-01;3.51012e-01;4.61003e-01
nav-lives;me-hebbian-neuron;2;[8];31;3100;3100;4.56220e+01;30;1;1;1.00000e+00;1.00000e+00;1.00000e+00;40;3.25005e-01;3.30114e-01;4.65933e-01
nav-lives;me-hebbian-neuron;1;[8];31;3100;3100;4.63330e+01;28;1;1;1.00000e+00;1.00000e+00;1.00000e+00;40;3.40730e-01;3.51012e-01;4.61003e-01
nav-lives;me-hebbian-neuron;2;[8];32;3200;3200;4.70540e+01;30;1;1;1.00000e+00;1.00000e+00;1.00000e+00;40;3.25005e-01;3.30114e-01;4.65933e-01
nav-lives;me-hebbian-neuron;1;[8];32;3200;3200;4.77340e+01;28;1;1;1.00000e+00;1.00000e+00;1.00000e+00;40;3.40730e-01;3.51012e-01;4.61003e-01
nav-lives;me-hebbian-neuron;2;[8];33;3300;3300;4.84690e+01;30;1;1;1.00000e+00;1.00000e+00;1.00000e+00;40;3.25005e-01;3.30114e-01;4.65933e-01
nav-lives;me-hebbian-neuron;1;[8];33;3300;3300;4.93050e+01;28;1;1;1.00000e+00;1.00000e+00;1.00000e+00;40;3.40730e-01;3.51012e-01;4.61003e-01
nav-lives;me-hebbian-neuron;2;[8];34;3400;3400;4.99070e+01;30;1;1;1.00000e+00;1.00000e+00;1.00000e+00;40;3.25005e-01;3.30114e-01;4.65933e-01
nav-lives;me-hebbian-neuron;1;[8];34;3400;3400;5.05890e+01;29;1;1;1.00000e+00;1.00000e+00;1.00000e+00;40;3.40730e-01;3.51012e-01;4.61003e-01
nav-lives;me-hebbian-neuron;2;[8];35;3500;3500;5.13540e+01;30;1;1;1.00000e+00;1.00000e+00;1.00000e+00;40;3.25005e-01;3.30114e-01;4.65933e-01
nav-lives;me-hebbian-neuron;1;[8];35;3500;3500;5.20130e+01;29;1;1;1.00000e+00;1.00000e+00;1.00000e+00;40;3.40730e-01;3.51012e-01;4.61003e-01
nav-lives;me-hebbian-neuron;2;[8];36;3600;3600;5.28000e+01;30;1;1;1.00000e+00;1.00000e+00;1.00000e+00;40;3.25005e-01;3.30114e-01;4.65933e-01
nav-lives;me-hebbian-neuron;1;[8];36;3600;3600;5.34740e+01;30;1;1;1.00000e+00;1.00000e+00;1.00000e+00;40;3.40730e-01;3.51012e-01;4.61003e-01
nav-lives;me-hebbian-neuron;2;[8];37;3700;3700;5.41720e+01;30;1;1;1.00000e+00;1.00000e+00;1.00000e+00;40;3.25005e-01;3.30114e-01;4.65933e-01
nav-lives;me-hebbian-neuron;1;[8];37;3700;3700;5.48630e+01;30;1;1;1.00000e+00;1.00000e+00;1.00000e+00;40;3.40730e-01;3.51012e-01;4.61003e-01
nav-lives;me-hebbian-neuron;2;[8];38;3800;3800;5.56060e+01;30;1;1;1.00000e+00;1.00000e+00;1.00000e+00;40;3.25005e-01;3.30114e-01;4.65933e-01
nav-lives;me-hebbian-neuron;1;[8];38;3800;3800;5.62740e+01;30;1;1;1.00000e+00;1.00000e+00;1.00000e+00;40;3.40730e-01;3.51012e-01;4.61003e-01
nav-lives;me-hebbian-neuron;2;[8];39;3900;3900;5.70340e+01;30;1;1;1.00000e+00;1.00000e+00;1.00000e+00;40;3.25005e-01;3.30114e-01;4.65933e-01
nav-lives;me-hebbian-neuron;1;[8];39;3900;3900;5.77290e+01;30;1;1;1.00000e+00;1.00000e+00;1.00000e+00;40;3.40730e-01;3.51012e-01;4.61003e-01
nav-lives;me-hebbian-neuron;2;[8];40;4000;4000;5.84530e+01;30;1;1;1.00000e+00;1.00000e+00;1.00000e+00;40;3.25005e-01;3.30114e-01;4.65933e-01
nav-lives;me-hebbian-neuron;1;[8];40;4000;4000;5.91610e+01;30;1;1;1.00000e+00;1.00000e+00;1.00000e+00;40;3.40730e-01;3.51012e-01;4.61003e-01
nav-lives;me-hebbian-neuron;2;[8];41;4100;4100;5.97950e+01;30;1;1;1.00000e+00;1.00000e+00;1.00000e+00;40;3.25005e-01;3.30114e-01;4.65933e-01
nav-lives;me-hebbian-neuron;1;[8];41;4100;4100;6.04930e+01;30;1;1;1.00000e+00;1.00000e+00;1.00000e+00;40;3.40730e-01;3.51012e-01;4.61003e-01
nav-lives;me-hebbian-neuron;2;[8];42;4200;4200;6.13250e+01;30;1;1;1.00000e+00;1.00000e+00;1.00000e+00;40;3.25005e-01;3.30114e-01;4.65933e-01
nav-lives;me-hebbian-neuron;1;[8];42;4200;4200;6.19590e+01;30;1;1;1.00000e+00;1.00000e+00;1.00000e+00;40;3.40730e-01;3.51012e-01;4.61003e-01
nav-lives;me-hebbian-neuron;2;[8];43;4300;4300;6.27460e+01;30;1;1;1.00000e+00;1.00000e+00;1.00000e+00;40;3.25005e-01;3.30114e-01;4.65933e-01
nav-lives;me-hebbian-neuron;1;[8];43;4300;4300;6.34300e+01;30;1;1;1.00000e+00;1.00000e+00;1.00000e+00;40;3.40730e-01;3.51012e-01;4.61003e-01
nav-lives;me-hebbian-neuron;2;[8];44;4400;4400;6.41180e+01;30;1;1;1.00000e+00;1.00000e+00;1.00000e+00;40;3.25005e-01;3.30114e-01;4.65933e-01
nav-lives;me-hebbian-neuron;1;[8];44;4400;4400;6.48180e+01;30;1;1;1.00000e+00;1.00000e+00;1.00000e+00;40;3.40730e-01;3.51012e-01;4.61003e-01
nav-lives;me-hebbian-neuron;2;[8];45;4500;4500;6.55570e+01;30;1;1;1.00000e+00;1.00000e+00;1.00000e+00;40;3.25005e-01;3.30114e-01;4.65933e-01
nav-lives;me-hebbian-neuron;1;[8];45;4500;4500;6.62730e+01;31;1;1;1.00000e+00;1.00000e+00;1.00000e+00;40;3.40730e-01;3.51012e-01;4.61003e-01
nav-lives;me-hebbian-neuron;2;[8];46;4600;4600;6.69730e+01;30;1;1;1.00000e+00;1.00000e+00;1.00000e+00;40;3.25005e-01;3.30114e-01;4.65933e-01
nav-lives;me-hebbian-neuron;1;[8];46;4600;4600;6.76880e+01;31;1;1;1.00000e+00;1.00000e+00;1.00000e+00;40;3.40730e-01;3.51012e-01;4.61003e-01
nav-lives;me-hebbian-neuron;2;[8];47;4700;4700;6.83860e+01;30;1;1;1.00000e+00;1.00000e+00;1.00000e+00;40;3.25005e-01;3.30114e-01;4.65933e-01
nav-lives;me-hebbian-neuron;1;[8];47;4700;4700;6.90650e+01;31;1;1;1.00000e+00;1.00000e+00;1.00000e+00;40;3.40730e-01;3.51012e-01;4.61003e-01
nav-lives;me-hebbian-neuron;2;[8];48;4800;4800;6.97680e+01;30;1;1;1.00000e+00;1.00000e+00;1.00000e+00;40;3.25005e-01;3.30114e-01;4.65933e-01
nav-lives;me-hebbian-neuron;1;[8];48;4800;4800;7.05380e+01;31;1;1;1.00000e+00;1.00000e+00;1.00000e+00;40;3.40730e-01;3.51012e-01;4.61003e-01
nav-lives;me-hebbian-neuron;2;[8];49;4900;4900;7.12190e+01;30;1;1;1.00000e+00;1.00000e+00;1.00000e+00;40;3.25005e-01;3.30114e-01;4.65933e-01
nav-lives;me-hebbian-neuron;1;[8];49;4900;4900;7.19700e+01;31;1;1;1.00000e+00;1.00000e+00;1.00000e+00;40;3.40730e-01;3.51012e-01;4.61003e-01
nav-lives;me-hebbian-neuron;2;[8];50;5000;5000;7.26850e+01;30;1;1;1.00000e+00;1.00000e+00;1.00000e+00;40;3.25005e-01;3.30114e-01;4.65933e-01
nav-lives;me-hebbian-neuron;1;[8];50;5000;5000;7.33380e+01;31;1;1;1.00000e+00;1.00000e+00;1.00000e+00;40;3.40730e-01;3.51012e-01;4.61003e-01
nav-lives;me-hebbian-neuron;2;[8];51;5100;5100;7.40790e+01;30;1;1;1.00000e+00;1.00000e+00;1.00000e+00;40;3.25005e-01;3.30114e-01;4.65933e-01
nav-lives;me-hebbian-neuron;1;[8];51;5100;5100;7.48000e+01;31;1;1;1.00000e+00;1.00000e+00;1.00000e+00;40;3.40730e-01;3.51012e-01;4.61003e-01
nav-lives;me-hebbian-neuron;2;[8];52;5200;5200;7.55910e+01;30;1;1;1.00000e+00;1.00000e+00;1.00000e+00;40;3.25005e-01;3.30114e-01;4.65933e-01
nav-lives;me-hebbian-neuron;1;[8];52;5200;5200;7.62100e+01;31;1;1;1.00000e+00;1.00000e+00;1.00000e+00;40;3.40730e-01;3.51012e-01;4.61003e-01
nav-lives;me-hebbian-neuron;2;[8];53;5300;5300;7.69330e+01;30;1;1;1.00000e+00;1.00000e+00;1.00000e+00;40;3.25005e-01;3.30114e-01;4.65933e-01
nav-lives;me-hebbian-neuron;1;[8];53;5300;5300;7.76770e+01;31;1;1;1.00000e+00;1.00000e+00;1.00000e+00;40;3.40730e-01;3.51012e-01;4.61003e-01
nav-lives;me-hebbian-neuron;2;[8];54;5400;5400;7.83660e+01;30;1;1;1.00000e+00;1.00000e+00;1.00000e+00;40;3.25005e-01;3.30114e-01;4.65933e-01
nav-lives;me-hebbian-neuron;1;[8];54;5400;5400;7.91600e+01;31;1;1;1.00000e+00;1.00000e+00;1.00000e+00;40;3.40730e-01;3.51012e-01;4.61003e-01
nav-lives;me-hebbian-neuron;2;[8];55;5500;5500;7.97240e+01;30;1;1;1.00000e+00;1.00000e+00;1.00000e+00;40;3.25005e-01;3.30114e-01;4.65933e-01
nav-lives;me-hebbian-neuron;1;[8];55;5500;5500;8.04950e+01;33;1;1;1.00000e+00;1.00000e+00;1.00000e+00;40;3.75061e-01;3.79584e-01;2.17369e-01
nav-lives;me-hebbian-neuron;2;[8];56;5600;5600;8.11700e+01;30;1;1;1.00000e+00;1.00000e+00;1.00000e+00;40;3.25005e-01;3.30114e-01;4.65933e-01
nav-lives;me-hebbian-neuron;1;[8];56;5600;5600;8.19510e+01;33;1;1;1.00000e+00;1.00000e+00;1.00000e+00;40;3.99424e-01;4.05904e-01;4.77396e-01
nav-lives;me-hebbian-neuron;2;[8];57;5700;5700;8.26180e+01;30;1;1;1.00000e+00;1.00000e+00;1.00000e+00;40;3.25005e-01;3.30114e-01;4.65933e-01
nav-lives;me-hebbian-neuron;1;[8];57;5700;5700;8.32990e+01;34;1;1;1.00000e+00;1.00000e+00;1.00000e+00;40;6.34591e-01;6.39644e-01;4.82428e-01
nav-lives;me-hebbian-neuron;2;[8];58;5800;5800;8.40070e+01;30;1;1;1.00000e+00;1.00000e+00;1.00000e+00;40;3.25005e-01;3.30114e-01;4.65933e-01
nav-lives;me-hebbian-neuron;1;[8];58;5800;5800;8.47450e+01;34;1;1;1.00000e+00;1.00000e+00;1.00000e+00;40;6.34591e-01;6.39644e-01;4.82428e-01
nav-lives;me-hebbian-neuron;2;[8];59;5900;5900;8.54790e+01;30;1;1;1.00000e+00;1.00000e+00;1.00000e+00;40;3.25005e-01;3.30114e-01;4.65933e-01
nav-lives;me-hebbian-neuron;1;[8];59;5900;5900;8.61870e+01;34;1;1;1.00000e+00;1.00000e+00;1.00000e+00;40;6.34591e-01;6.39644e-01;4.82428e-01
nav-lives;me-hebbian-neuron;2;[8];60;6000;6000;8.68320e+01;30;1;1;1.00000e+00;1.00000e+00;1.00000e+00;40;3.25005e-01;3.30114e-01;4.65933e-01
nav-lives;me-hebbian-neuron;1;[8];60;6000;6000;8.77380e+01;34;1;1;1.00000e+00;1.00000e+00;1.00000e+00;40;6.34591e-01;6.39644e-01;4.82428e-01
nav-lives;me-hebbian-neuron;2;[8];61;6100;6100;8.83160e+01;30;1;1;1.00000e+00;1.00000e+00;1.00000e+00;40;3.25005e-01;3.30114e-01;4.65933e-01
nav-lives;me-hebbian-neuron;1;[8];61;6100;6100;8.89920e+01;35;1;1;1.00000e+00;1.00000e+00;1.00000e+00;40;6.34591e-01;6.39644e-01;4.82428e-01
nav-lives;me-hebbian-neuron;2;[8];62;6200;6200;8.97150e+01;30;1;1;1.00000e+00;1.00000e+00;1.00000e+00;40;3.25005e-01;3.30114e-01;4.65933e-01
nav-lives;me-hebbian-neuron;1;[8];62;6200;6200;9.04690e+01;35;1;1;1.00000e+00;1.00000e+00;1.00000e+00;40;6.34591e-01;6.39644e-01;4.82428e-01
nav-lives;me-hebbian-neuron;2;[8];63;6300;6300;9.11560e+01;30;1;1;1.00000e+00;1.00000e+00;1.00000e+00;40;3.25005e-01;3.30114e-01;4.65933e-01
nav-lives;me-hebbian-neuron;1;[8];63;6300;6300;9.19070e+01;35;1;1;1.00000e+00;1.00000e+00;1.00000e+00;40;6.34591e-01;6.39644e-01;4.82428e-01
nav-lives;me-hebbian-neuron;2;[8];64;6400;6400;9.26120e+01;30;1;1;1.00000e+00;1.00000e+00;1.00000e+00;40;3.25005e-01;3.30114e-01;4.65933e-01
nav-lives;me-hebbian-neuron;1;[8];64;6400;6400;9.32900e+01;35;1;1;1.00000e+00;1.00000e+00;1.00000e+00;40;6.34591e-01;6.39644e-01;4.82428e-01
nav-lives;me-hebbian-neuron;2;[8];65;6500;6500;9.39730e+01;30;1;1;1.00000e+00;1.00000e+00;1.00000e+00;40;3.25005e-01;3.30114e-01;4.65933e-01
nav-lives;me-hebbian-neuron;1;[8];65;6500;6500;9.47210e+01;35;1;1;1.00000e+00;1.00000e+00;1.00000e+00;40;6.34591e-01;6.39644e-01;4.82428e-01
nav-lives;me-hebbian-neuron;2;[8];66;6600;6600;9.54430e+01;30;1;1;1.00000e+00;1.00000e+00;1.00000e+00;40;3.25005e-01;3.30114e-01;4.65933e-01
nav-lives;me-hebbian-neuron;1;[8];66;6600;6600;9.61130e+01;35;1;1;1.00000e+00;1.00000e+00;1.00000e+00;40;6.34591e-01;6.39644e-01;4.82428e-01
nav-lives;me-hebbian-neuron;2;[8];67;6700;6700;9.68510e+01;30;1;1;1.00000e+00;1.00000e+00;1.00000e+00;40;3.25005e-01;3.30114e-01;4.65933e-01
nav-lives;me-hebbian-neuron;1;[8];67;6700;6700;9.75650e+01;35;1;1;1.00000e+00;1.00000e+00;1.00000e+00;40;6.34591e-01;6.39644e-01;4.82428e-01
nav-lives;me-hebbian-neuron;2;[8];68;6800;6800;9.82430e+01;30;1;1;1.00000e+00;1.00000e+00;1.00000e+00;40;3.25005e-01;3.30114e-01;4.65933e-01
nav-lives;me-hebbian-neuron;1;[8];68;6800;6800;9.89590e+01;35;1;1;1.00000e+00;1.00000e+00;1.00000e+00;40;6.34591e-01;6.39644e-01;4.82428e-01
nav-lives;me-hebbian-neuron;2;[8];69;6900;6900;9.96710e+01;30;1;1;1.00000e+00;1.00000e+00;1.00000e+00;40;3.25005e-01;3.30114e-01;4.65933e-01
nav-lives;me-hebbian-neuron;1;[8];69;6900;6900;1.00408e+02;36;1;1;1.00000e+00;1.00000e+00;1.00000e+00;40;6.34591e-01;6.39644e-01;4.82428e-01
nav-lives;me-hebbian-neuron;2;[8];70;7000;7000;1.01166e+02;30;1;1;1.00000e+00;1.00000e+00;1.00000e+00;40;3.25005e-01;3.30114e-01;4.65933e-01
nav-lives;me-hebbian-neuron;1;[8];70;7000;7000;1.01811e+02;36;1;1;1.00000e+00;1.00000e+00;1.00000e+00;40;6.34591e-01;6.39644e-01;4.82428e-01
nav-lives;me-hebbian-neuron;2;[8];71;7100;7100;1.02542e+02;30;1;1;1.00000e+00;1.00000e+00;1.00000e+00;40;3.25005e-01;3.30114e-01;4.65933e-01
nav-lives;me-hebbian-neuron;1;[8];71;7100;7100;1.03245e+02;36;1;1;1.00000e+00;1.00000e+00;1.00000e+00;40;6.34591e-01;6.39644e-01;4.82428e-01
nav-lives;me-hebbian-neuron;2;[8];72;7200;7200;1.03956e+02;30;1;1;1.00000e+00;1.00000e+00;1.00000e+00;40;3.25005e-01;3.30114e-01;4.65933e-01
nav-lives;me-hebbian-neuron;1;[8];72;7200;7200;1.04655e+02;36;1;1;1.00000e+00;1.00000e+00;1.00000e+00;40;6.34591e-01;6.39644e-01;4.82428e-01
nav-lives;me-hebbian-neuron;2;[8];73;7300;7300;1.05361e+02;30;1;1;1.00000e+00;1.00000e+00;1.00000e+00;40;3.25005e-01;3.30114e-01;4.65933e-01
nav-lives;me-hebbian-neuron;1;[8];73;7300;7300;1.06107e+02;36;1;1;1.00000e+00;1.00000e+00;1.00000e+00;40;6.34591e-01;6.39644e-01;4.82428e-01
nav-lives;me-hebbian-neuron;2;[8];74;7400;7400;1.06819e+02;30;1;1;1.00000e+00;1.00000e+00;1.00000e+00;40;3.25005e-01;3.30114e-01;4.65933e-01
nav-lives;me-hebbian-neuron;1;[8];74;7400;7400;1.07533e+02;36;1;1;1.00000e+00;1.00000e+00;1.00000e+00;40;6.34591e-01;6.39644e-01;4.82428e-01
nav-lives;me-hebbian-neuron;2;[8];75;7500;7500;1.08237e+02;30;1;1;1.00000e+00;1.00000e+00;1.00000e+00;40;3.25005e-01;3.30114e-01;4.65933e-01
nav-lives;me-hebbian-neuron;1;[8];75;7500;7500;1.09056e+02;36;1;1;1.00000e+00;1.00000e+00;1.00000e+00;40;6.34591e-01;6.39644e-01;4.82428e-01
nav-lives;me-hebbian-neuron;2;[8];76;7600;7600;1.09631e+02;30;1;1;1.00000e+00;1.00000e+00;1.00000e+00;40;3.25005e-01;3.30114e-01;4.65933e-01
nav-lives;me-hebbian-neuron;1;[8];76;7600;7600;1.10387e+02;36;1;1;1.00000e+00;1.00000e+00;1.00000e+00;40;6.34591e-01;6.39644e-01;4.82428e-01
nav-lives;me-hebbian-neuron;2;[8];77;7700;7700;1.11114e+02;31;1;1;1.00000e+00;1.00000e+00;1.00000e+00;40;3.25005e-01;3.30114e-01;4.65933e-01
nav-lives;me-hebbian-neuron;1;[8];77;7700;7700;1.11753e+02;36;1;1;1.00000e+00;1.00000e+00;1.00000e+00;40;6.34591e-01;6.39644e-01;4.82428e-01
nav-lives;me-hebbian-neuron;2;[8];78;7800;7800;1.12497e+02;31;1;1;1.00000e+00;1.00000e+00;1.00000e+00;40;3.25005e-01;3.30114e-01;4.65933e-01
nav-lives;me-hebbian-neuron;1;[8];78;7800;7800;1.13220e+02;36;1;1;1.00000e+00;1.00000e+00;1.00000e+00;40;6.34591e-01;6.39644e-01;4.82428e-01
nav-lives;me-hebbian-neuron;2;[8];79;7900;7900;1.13930e+02;31;1;1;1.00000e+00;1.00000e+00;1.00000e+00;40;3.25005e-01;3.30114e-01;4.65933e-01
nav-lives;me-hebbian-neuron;1;[8];79;7900;7900;1.14602e+02;36;1;1;1.00000e+00;1.00000e+00;1.00000e+00;40;6.34591e-01;6.39644e-01;4.82428e-01
nav-lives;me-hebbian-neuron;2;[8];80;8000;8000;1.15383e+02;31;1;1;1.00000e+00;1.00000e+00;1.00000e+00;40;3.25005e-01;3.30114e-01;4.65933e-01
nav-lives;me-hebbian-neuron;1;[8];80;8000;8000;1.16072e+02;36;1;1;1.00000e+00;1.00000e+00;1.00000e+00;40;6.34591e-01;6.39644e-01;4.82428e-01
nav-lives;me-hebbian-neuron;2;[8];81;8100;8100;1.16727e+02;31;1;1;1.00000e+00;1.00000e+00;1.00000e+00;40;3.25005e-01;3.30114e-01;4.65933e-01
nav-lives;me-hebbian-neuron;1;[8];81;8100;8100;1.17497e+02;36;1;1;1.00000e+00;1.00000e+00;1.00000e+00;40;6.34591e-01;6.39644e-01;4.82428e-01
nav-lives;me-hebbian-neuron;2;[8];82;8200;8200;1.18226e+02;31;1;1;1.00000e+00;1.00000e+00;1.00000e+00;40;3.25005e-01;3.30114e-01;4.65933e-01
nav-lives;me-hebbian-neuron;1;[8];82;8200;8200;1.18955e+02;36;1;1;1.00000e+00;1.00000e+00;1.00000e+00;40;6.34591e-01;6.39644e-01;4.82428e-01
nav-lives;me-hebbian-neuron;2;[8];83;8300;8300;1.19666e+02;31;1;1;1.00000e+00;1.00000e+00;1.00000e+00;40;3.25005e-01;3.30114e-01;4.65933e-01
nav-lives;me-hebbian-neuron;1;[8];83;8300;8300;1.20329e+02;36;1;1;1.00000e+00;1.00000e+00;1.00000e+00;40;6.34591e-01;6.39644e-01;4.82428e-01
nav-lives;me-hebbian-neuron;2;[8];84;8400;8400;1.21080e+02;31;1;1;1.00000e+00;1.00000e+00;1.00000e+00;40;3.25005e-01;3.30114e-01;4.65933e-01
nav-lives;me-hebbian-neuron;1;[8];84;8400;8400;1.21767e+02;36;1;1;1.00000e+00;1.00000e+00;1.00000e+00;40;6.34591e-01;6.39644e-01;4.82428e-01
nav-lives;me-hebbian-neuron;2;[8];85;8500;8500;1.22470e+02;31;1;1;1.00000e+00;1.00000e+00;1.00000e+00;40;3.25005e-01;3.30114e-01;4.65933e-01
nav-lives;me-hebbian-neuron;1;[8];85;8500;8500;1.23159e+02;36;1;1;1.00000e+00;1.00000e+00;1.00000e+00;40;6.34591e-01;6.39644e-01;4.82428e-01
nav-lives;me-hebbian-neuron;2;[8];86;8600;8600;1.23828e+02;31;1;1;1.00000e+00;1.00000e+00;1.00000e+00;40;3.25005e-01;3.30114e-01;4.65933e-01
nav-lives;me-hebbian-neuron;1;[8];86;8600;8600;1.24607e+02;36;1;1;1.00000e+00;1.00000e+00;1.00000e+00;40;6.34591e-01;6.39644e-01;4.82428e-01
nav-lives;me-hebbian-neuron;2;[8];87;8700;8700;1.25281e+02;31;1;1;1.00000e+00;1.00000e+00;1.00000e+00;40;3.25005e-01;3.30114e-01;4.65933e-01
nav-lives;me-hebbian-neuron;1;[8];87;8700;8700;1.25982e+02;36;1;1;1.00000e+00;1.00000e+00;1.00000e+00;40;6.34591e-01;6.39644e-01;4.82428e-01
nav-lives;me-hebbian-neuron;2;[8];88;8800;8800;1.26716e+02;31;1;1;1.00000e+00;1.00000e+00;1.00000e+00;40;3.25005e-01;3.30114e-01;4.65933e-01
nav-lives;me-hebbian-neuron;1;[8];88;8800;8800;1.27442e+02;36;1;1;1.00000e+00;1.00000e+00;1.00000e+00;40;6.34591e-01;6.39644e-01;4.82428e-01
nav-lives;me-hebbian-neuron;2;[8];89;8900;8900;1.28214e+02;31;1;1;1.00000e+00;1.00000e+00;1.00000e+00;40;3.25005e-01;3.30114e-01;4.65933e-01
nav-lives;me-hebbian-neuron;1;[8];89;8900;8900;1.28813e+02;36;1;1;1.00000e+00;1.00000e+00;1.00000e+00;40;6.95010e-01;6.99429e-01;4.59986e-01
nav-lives;me-hebbian-neuron;2;[8];90;9000;9000;1.29522e+02;31;1;1;1.00000e+00;1.00000e+00;1.00000e+00;40;3.25005e-01;3.30114e-01;4.65933e-01
nav-lives;me-hebbian-neuron;1;[8];90;9000;9000;1.30240e+02;36;1;1;1.00000e+00;1.00000e+00;1.00000e+00;40;6.95010e-01;6.99429e-01;4.59986e-01
nav-lives;me-hebbian-neuron;2;[8];91;9100;9100;1.30964e+02;31;1;1;1.00000e+00;1.00000e+00;1.00000e+00;40;3.25005e-01;3.30114e-01;4.65933e-01
nav-lives;me-hebbian-neuron;1;[8];91;9100;9100;1.31636e+02;36;1;1;1.00000e+00;1.00000e+00;1.00000e+00;40;6.95010e-01;6.99429e-01;4.59986e-01
nav-lives;me-hebbian-neuron;2;[8];92;9200;9200;1.32341e+02;31;1;1;1.00000e+00;1.00000e+00;1.00000e+00;40;3.25005e-01;3.30114e-01;4.65933e-01
nav-lives;me-hebbian-neuron;1;[8];92;9200;9200;1.33072e+02;36;1;1;1.00000e+00;1.00000e+00;1.00000e+00;40;6.95010e-01;6.99429e-01;4.59986e-01
nav-lives;me-hebbian-neuron;2;[8];93;9300;9300;1.33863e+02;31;1;1;1.00000e+00;1.00000e+00;1.00000e+00;40;3.25005e-01;3.30114e-01;4.65933e-01
nav-lives;me-hebbian-neuron;1;[8];93;9300;9300;1.34547e+02;36;1;1;1.00000e+00;1.00000e+00;1.00000e+00;40;6.95010e-01;6.99429e-01;4.59986e-01
nav-lives;me-hebbian-neuron;2;[8];94;9400;9400;1.35285e+02;31;1;1;1.00000e+00;1.00000e+00;1.00000e+00;40;3.25005e-01;3.30114e-01;4.65933e-01
nav-lives;me-hebbian-neuron;1;[8];94;9400;9400;1.35945e+02;36;1;1;1.00000e+00;1.00000e+00;1.00000e+00;40;6.95010e-01;6.99429e-01;4.59986e-01
nav-lives;me-hebbian-neuron;2;[8];95;9500;9500;1.36719e+02;31;1;1;1.00000e+00;1.00000e+00;1.00000e+00;40;3.25005e-01;3.30114e-01;4.65933e-01
nav-lives;me-hebbian-neuron;1;[8];95;9500;9500;1.37354e+02;36;1;1;1.00000e+00;1.00000e+00;1.00000e+00;40;6.95010e-01;6.99429e-01;4.59986e-01
nav-lives;me-hebbian-neuron;2;[8];96;9600;9600;1.38059e+02;31;1;1;1.00000e+00;1.00000e+00;1.00000e+00;40;3.25005e-01;3.30114e-01;4.65933e-01
nav-lives;me-hebbian-neuron;1;[8];96;9600;9600;1.38788e+02;36;1;1;1.00000e+00;1.00000e+00;1.00000e+00;40;6.95010e-01;6.99429e-01;4.59986e-01
nav-lives;me-hebbian-neuron;2;[8];97;9700;9700;1.39527e+02;31;1;1;1.00000e+00;1.00000e+00;1.00000e+00;40;3.25005e-01;3.30114e-01;4.65933e-01
nav-lives;me-hebbian-neuron;1;[8];97;9700;9700;1.40221e+02;36;1;1;1.00000e+00;1.00000e+00;1.00000e+00;40;6.95010e-01;6.99429e-01;4.59986e-01
nav-lives;me-hebbian-neuron;2;[8];98;9800;9800;1.40971e+02;31;1;1;1.00000e+00;1.00000e+00;1.00000e+00;40;3.25005e-01;3.30114e-01;4.65933e-01
nav-lives;me-hebbian-neuron;1;[8];98;9800;9800;1.41678e+02;36;1;1;1.00000e+00;1.00000e+00;1.00000e+00;40;6.95010e-01;6.99429e-01;4.59986e-01
nav-lives;me-hebbian-neuron;2;[8];99;9900;9900;1.42328e+02;31;1;1;1.00000e+00;1.00000e+00;1.00000e+00;40;3.25005e-01;3.30114e-01;4.65933e-01
nav-lives;me-hebbian-neuron;1;[8];99;9900;9900;1.43047e+02;36;1;1;1.00000e+00;1.00000e+00;1.00000e+00;40;6.95010e-01;6.99429e-01;4.59986e-01
nav-lives;me-hebbian-neuron;2;[8];100;10000;10000;1.43862e+02;31;1;1;1.00000e+00;1.00000e+00;1.00000e+00;40;3.25005e-01;3.30114e-01;4.65933e-01
nav-lives;me-hebbian-neuron;1;[8];100;10000;10000;1.44469e+02;36;1;1;1.00000e+00;1.00000e+00;1.00000e+00;40;6.95010e-01;6.99429e-01;4.59986e-01
nav-lives;me-hebbian-neuron;2;[8];101;10100;10100;1.45197e+02;31;1;1;1.00000e+00;1.00000e+00;1.00000e+00;40;3.25005e-01;3.30114e-01;4.65933e-01
nav-lives;me-hebbian-neuron;1;[8];101;10100;10100;1.45977e+02;36;1;1;1.00000e+00;1.00000e+00;1.00000e+00;40;6.95010e-01;6.99429e-01;4.59986e-01
nav-lives;me-hebbian-neuron;2;[8];102;10200;10200;1.46644e+02;31;1;1;1.00000e+00;1.00000e+00;1.00000e+00;40;3.25005e-01;3.30114e-01;4.65933e-01
nav-lives;me-hebbian-neuron;1;[8];102;10200;10200;1.47335e+02;36;1;1;1.00000e+00;1.00000e+00;1.00000e+00;40;6.95010e-01;6.99429e-01;4.59986e-01
nav-lives;me-hebbian-neuron;2;[8];103;10300;10300;1.48073e+02;31;1;1;1.00000e+00;1.00000e+00;1.00000e+00;40;3.25005e-01;3.30114e-01;4.65933e-01
nav-lives;me-hebbian-neuron;1;[8];103;10300;10300;1.48779e+02;36;1;1;1.00000e+00;1.00000e+00;1.00000e+00;40;6.95010e-01;6.99429e-01;4.59986e-01
nav-lives;me-hebbian-neuron;2;[8];104;10400;10400;1.49492e+02;31;1;1;1.00000e+00;1.00000e+00;1.00000e+00;40;3.25005e-01;3.30114e-01;4.65933e-01
nav-lives;me-hebbian-neuron;1;[8];104;10400;10400;1.50179e+02;36;1;1;1.00000e+00;1.00000e+00;1.00000e+00;40;6.95010e-01;6.99429e-01;4.59986e-01
nav-lives;me-hebbian-neuron;2;[8];105;10500;10500;1.50885e+02;31;1;1;1.00000e+00;1.00000e+00;1.00000e+00;40;3.25005e-01;3.30114e-01;4.65933e-01
nav-lives;me-hebbian-neuron;1;[8];105;10500;10500;1.51605e+02;36;1;1;1.00000e+00;1.00000e+00;1.00000e+00;40;6.95010e-01;6.99429e-01;4.59986e-01
nav-lives;me-hebbian-neuron;2;[8];106;10600;10600;1.52300e+02;31;1;1;1.00000e+00;1.00000e+00;1.00000e+00;40;3.25005e-01;3.30114e-01;4.65933e-01
nav-lives;me-hebbian-neuron;1;[8];106;10600;10600;1.52995e+02;36;1;1;1.00000e+00;1.00000e+00;1.00000e+00;40;6.95010e-01;6.99429e-01;4.59986e-01
nav-lives;me-hebbian-neuron;2;[8];107;10700;10700;1.53780e+02;31;1;1;1.00000e+00;1.00000e+00;1.00000e+00;40;3.25005e-01;3.30114e-01;4.65933e-01
nav-lives;me-hebbian-neuron;1;[8];107;10700;10700;1.54393e+02;36;1;1;1.00000e+00;1.00000e+00;1.00000e+00;40;6.95010e-01;6.99429e-01;4.59986e-01
nav-lives;me-hebbian-neuron;2;[8];108;10800;10800;1.55098e+02;31;1;1;1.00000e+00;1.00000e+00;1.00000e+00;40;3.25005e-01;3.30114e-01;4.65933e-01
nav-lives;me-hebbian-neuron;1;[8];108;10800;10800;1.55865e+02;36;1;1;1.00000e+00;1.00000e+00;1.00000e+00;40;6.95010e-01;6.99429e-01;4.59986e-01
nav-lives;me-hebbian-neuron;2;[8];109;10900;10900;1.56579e+02;31;1;1;1.00000e+00;1.00000e+00;1.00000e+00;40;3.25005e-01;3.30114e-01;4.65933e-01
nav-lives;me-hebbian-neuron;1;[8];109;10900;10900;1.57296e+02;36;1;1;1.00000e+00;1.00000e+00;1.00000e+00;40;6.95010e-01;6.99429e-01;4.59986e-01
nav-lives;me-hebbian-neuron;2;[8];110;11000;11000;1.58000e+02;31;1;1;1.00000e+00;1.00000e+00;1.00000e+00;40;3.25005e-01;3.30114e-01;4.65933e-01
nav-lives;me-hebbian-neuron;1;[8];110;11000;11000;1.58774e+02;36;1;1;1.00000e+00;1.00000e+00;1.00000e+00;40;6.95010e-01;6.99429e-01;4.59986e-01
nav-lives;me-hebbian-neuron;2;[8];111;11100;11100;1.59395e+02;31;1;1;1.00000e+00;1.00000e+00;1.00000e+00;40;3.25005e-01;3.30114e-01;4.65933e-01
nav-lives;me-hebbian-neuron;1;[8];111;11100;11100;1.60123e+02;36;1;1;1.00000e+00;1.00000e+00;1.00000e+00;40;6.95010e-01;6.99429e-01;4.59986e-01
nav-lives;me-hebbian-neuron;2;[8];112;11200;11200;1.60828e+02;31;1;1;1.00000e+00;1.00000e+00;1.00000e+00;40;3.25005e-01;3.30114e-01;4.65933e-01
nav-lives;me-hebbian-neuron;1;[8];112;11200;11200;1.61523e+02;36;1;1;1.00000e+00;1.00000e+00;1.00000e+00;40;6.95010e-01;6.99429e-01;4.59986e-01
nav-lives;me-hebbian-neuron;2;[8];113;11300;11300;1.62228e+02;31;1;1;1.00000e+00;1.00000e+00;1.00000e+00;40;3.25005e-01;3.30114e-01;4.65933e-01
nav-lives;me-hebbian-neuron;1;[8];113;11300;11300;1.63012e+02;36;1;1;1.00000e+00;1.00000e+00;1.00000e+00;40;6.95010e-01;6.99429e-01;4.59986e-01
nav-lives;me-hebbian-neuron;2;[8];114;11400;11400;1.63692e+02;31;1;1;1.00000e+00;1.00000e+00;1.00000e+00;40;3.25005e-01;3.30114e-01;4.65933e-01
nav-lives;me-hebbian-neuron;1;[8];114;11400;11400;1.64402e+02;36;1;1;1.00000e+00;1.00000e+00;1.00000e+00;40;6.95010e-01;6.99429e-01;4.59986e-01
nav-lives;me-hebbian-neuron;2;[8];115;11500;11500;1.65182e+02;31;1;1;1.00000e+00;1.00000e+00;1.00000e+00;40;3.25005e-01;3.30114e-01;4.65933e-01
nav-lives;me-hebbian-neuron;1;[8];115;11500;11500;1.65881e+02;36;1;1;1.00000e+00;1.00000e+00;1.00000e+00;40;6.95010e-01;6.99429e-01;4.59986e-01
nav-lives;me-hebbian-neuron;2;[8];116;11600;11600;1.66529e+02;31;1;1;1.00000e+00;1.00000e+00;1.00000e+00;40;3.25005e-01;3.30114e-01;4.65933e-01
nav-lives;me-hebbian-neuron;1;[8];116;11600;11600;1.67235e+02;36;1;1;1.00000e+00;1.00000e+00;1.00000e+00;40;6.95010e-01;6.99429e-01;4.59986e-01
nav-lives;me-hebbian-neuron;2;[8];117;11700;11700;1.67946e+02;32;1;1;1.00000e+00;1.00000e+00;1.00000e+00;40;3.25005e-01;3.30114e-01;4.65933e-01
nav-lives;me-hebbian-neuron;1;[8];117;11700;11700;1.68703e+02;36;1;1;1.00000e+00;1.00000e+00;1.00000e+00;40;6.95010e-01;6.99429e-01;4.59986e-01
nav-lives;me-hebbian-neuron;2;[8];118;11800;11800;1.69398e+02;32;1;1;1.00000e+00;1.00000e+00;1.00000e+00;40;3.25005e-01;3.30114e-01;4.65933e-01
nav-lives;me-hebbian-neuron;1;[8];118;11800;11800;1.70077e+02;36;1;1;1.00000e+00;1.00000e+00;1.00000e+00;40;6.95010e-01;6.99429e-01;4.59986e-01
nav-lives;me-hebbian-neuron;2;[8];119;11900;11900;1.70823e+02;32;1;1;1.00000e+00;1.00000e+00;1.00000e+00;40;3.25005e-01;3.30114e-01;4.65933e-01
nav-lives;me-hebbian-neuron;1;[8];119;11900;11900;1.71490e+02;36;1;1;1.00000e+00;1.00000e+00;1.00000e+00;40;6.95010e-01;6.99429e-01;4.59986e-01
nav-lives;me-hebbian-neuron;2;[8];120;12000;12000;1.72197e+02;32;1;1;1.00000e+00;1.00000e+00;1.00000e+00;40;3.25005e-01;3.30114e-01;4.65933e-01
nav-lives;me-hebbian-neuron;1;[8];120;12000;12000;1.72917e+02;36;1;1;1.00000e+00;1.00000e+00;1.00000e+00;40;6.95010e-01;6.99429e-01;4.59986e-01
nav-lives;me-hebbian-neuron;2;[8];121;12100;12100;1.73627e+02;32;1;1;1.00000e+00;1.00000e+00;1.00000e+00;40;3.25005e-01;3.30114e-01;4.65933e-01
nav-lives;me-hebbian-neuron;1;[8];121;12100;12100;1.74297e+02;36;1;1;1.00000e+00;1.00000e+00;1.00000e+00;40;6.95010e-01;6.99429e-01;4.59986e-01
nav-lives;me-hebbian-neuron;2;[8];122;12200;12200;1.75035e+02;32;1;1;1.00000e+00;1.00000e+00;1.00000e+00;40;3.25005e-01;3.30114e-01;4.65933e-01
nav-lives;me-hebbian-neuron;1;[8];122;12200;12200;1.75790e+02;36;1;1;1.00000e+00;1.00000e+00;1.00000e+00;40;6.95010e-01;6.99429e-01;4.59986e-01
nav-lives;me-hebbian-neuron;2;[8];123;12300;12300;1.76479e+02;32;1;1;1.00000e+00;1.00000e+00;1.00000e+00;40;3.25005e-01;3.30114e-01;4.65933e-01
nav-lives;me-hebbian-neuron;1;[8];123;12300;12300;1.77183e+02;36;1;1;1.00000e+00;1.00000e+00;1.00000e+00;40;6.95010e-01;6.99429e-01;4.59986e-01
nav-lives;me-hebbian-neuron;2;[8];124;12400;12400;1.77916e+02;32;1;1;1.00000e+00;1.00000e+00;1.00000e+00;40;3.25005e-01;3.30114e-01;4.65933e-01
nav-lives;me-hebbian-neuron;1;[8];124;12400;12400;1.78649e+02;36;1;1;1.00000e+00;1.00000e+00;1.00000e+00;40;6.95010e-01;6.99429e-01;4.59986e-01
nav-lives;me-hebbian-neuron;2;[8];125;12500;12500;1.79339e+02;32;1;1;1.00000e+00;1.00000e+00;1.00000e+00;40;3.25005e-01;3.30114e-01;4.65933e-01
nav-lives;me-hebbian-neuron;1;[8];125;12500;12500;1.80037e+02;36;1;1;1.00000e+00;1.00000e+00;1.00000e+00;40;6.95010e-01;6.99429e-01;4.59986e-01
nav-lives;me-hebbian-neuron;2;[8];126;12600;12600;1.80758e+02;32;1;1;1.00000e+00;1.00000e+00;1.00000e+00;40;3.25005e-01;3.30114e-01;4.65933e-01
nav-lives;me-hebbian-neuron;1;[8];126;12600;12600;1.81544e+02;36;1;1;1.00000e+00;1.00000e+00;1.00000e+00;40;6.95010e-01;6.99429e-01;4.59986e-01
nav-lives;me-hebbian-neuron;2;[8];127;12700;12700;1.82193e+02;32;1;1;1.00000e+00;1.00000e+00;1.00000e+00;40;3.25005e-01;3.30114e-01;4.65933e-01
nav-lives;me-hebbian-neuron;1;[8];127;12700;12700;1.83009e+02;36;1;1;1.00000e+00;1.00000e+00;1.00000e+00;40;6.95010e-01;6.99429e-01;4.59986e-01
nav-lives;me-hebbian-neuron;2;[8];128;12800;12800;1.83655e+02;32;1;1;1.00000e+00;1.00000e+00;1.00000e+00;40;3.25005e-01;3.30114e-01;4.65933e-01
nav-lives;me-hebbian-neuron;1;[8];128;12800;12800;1.84363e+02;36;1;1;1.00000e+00;1.00000e+00;1.00000e+00;40;6.95010e-01;6.99429e-01;4.59986e-01
nav-lives;me-hebbian-neuron;2;[8];129;12900;12900;1.85005e+02;32;1;1;1.00000e+00;1.00000e+00;1.00000e+00;40;3.25005e-01;3.30114e-01;4.65933e-01
nav-lives;me-hebbian-neuron;1;[8];129;12900;12900;1.85789e+02;36;1;1;1.00000e+00;1.00000e+00;1.00000e+00;40;6.95010e-01;6.99429e-01;4.59986e-01
nav-lives;me-hebbian-neuron;2;[8];130;13000;13000;1.86424e+02;32;1;1;1.00000e+00;1.00000e+00;1.00000e+00;40;3.25005e-01;3.30114e-01;4.65933e-01
nav-lives;me-hebbian-neuron;1;[8];130;13000;13000;1.87153e+02;36;1;1;1.00000e+00;1.00000e+00;1.00000e+00;40;6.95010e-01;6.99429e-01;4.59986e-01
nav-lives;me-hebbian-neuron;2;[8];131;13100;13100;1.87865e+02;32;1;1;1.00000e+00;1.00000e+00;1.00000e+00;40;3.25005e-01;3.30114e-01;4.65933e-01
nav-lives;me-hebbian-neuron;1;[8];131;13100;13100;1.88551e+02;36;1;1;1.00000e+00;1.00000e+00;1.00000e+00;40;6.95010e-01;6.99429e-01;4.59986e-01
nav-lives;me-hebbian-neuron;2;[8];132;13200;13200;1.89289e+02;32;1;1;1.00000e+00;1.00000e+00;1.00000e+00;40;3.25005e-01;3.30114e-01;4.65933e-01
nav-lives;me-hebbian-neuron;1;[8];132;13200;13200;1.90003e+02;36;1;1;1.00000e+00;1.00000e+00;1.00000e+00;40;6.95010e-01;6.99429e-01;4.59986e-01
nav-lives;me-hebbian-neuron;2;[8];133;13300;13300;1.90701e+02;32;1;1;1.00000e+00;1.00000e+00;1.00000e+00;40;3.25005e-01;3.30114e-01;4.65933e-01
nav-lives;me-hebbian-neuron;1;[8];133;13300;13300;1.91508e+02;36;1;1;1.00000e+00;1.00000e+00;1.00000e+00;40;6.95010e-01;6.99429e-01;4.59986e-01
nav-lives;me-hebbian-neuron;2;[8];134;13400;13400;1.92150e+02;32;1;1;1.00000e+00;1.00000e+00;1.00000e+00;40;3.25005e-01;3.30114e-01;4.65933e-01
nav-lives;me-hebbian-neuron;1;[8];134;13400;13400;1.92824e+02;36;1;1;1.00000e+00;1.00000e+00;1.00000e+00;40;6.95010e-01;6.99429e-01;4.59986e-01
nav-lives;me-hebbian-neuron;2;[8];135;13500;13500;1.93663e+02;32;1;1;1.00000e+00;1.00000e+00;1.00000e+00;40;3.25005e-01;3.30114e-01;4.65933e-01
nav-lives;me-hebbian-neuron;1;[8];135;13500;13500;1.94277e+02;36;1;1;1.00000e+00;1.00000e+00;1.00000e+00;40;6.95010e-01;6.99429e-01;4.59986e-01
nav-lives;me-hebbian-neuron;2;[8];136;13600;13600;1.94972e+02;32;1;1;1.00000e+00;1.00000e+00;1.00000e+00;40;3.25005e-01;3.30114e-01;4.65933e-01
nav-lives;me-hebbian-neuron;1;[8];136;13600;13600;1.95702e+02;36;1;1;1.00000e+00;1.00000e+00;1.00000e+00;40;6.95010e-01;6.99429e-01;4.59986e-01
nav-lives;me-hebbian-neuron;2;[8];137;13700;13700;1.96429e+02;32;1;1;1.00000e+00;1.00000e+00;1.00000e+00;40;3.25005e-01;3.30114e-01;4.65933e-01
nav-lives;me-hebbian-neuron;1;[8];137;13700;13700;1.97149e+02;36;1;1;1.00000e+00;1.00000e+00;1.00000e+00;40;6.95010e-01;6.99429e-01;4.59986e-01
nav-lives;me-hebbian-neuron;2;[8];138;13800;13800;1.97842e+02;33;1;1;1.00000e+00;1.00000e+00;1.00000e+00;40;3.25005e-01;3.30114e-01;4.65933e-01
nav-lives;me-hebbian-neuron;1;[8];138;13800;13800;1.98526e+02;36;1;1;1.00000e+00;1.00000e+00;1.00000e+00;40;6.95010e-01;6.99429e-01;4.59986e-01
nav-lives;me-hebbian-neuron;2;[8];139;13900;13900;1.99259e+02;33;1;1;1.00000e+00;1.00000e+00;1.00000e+00;40;3.25005e-01;3.30114e-01;4.65933e-01
nav-lives;me-hebbian-neuron;1;[8];139;13900;13900;1.99976e+02;36;1;1;1.00000e+00;1.00000e+00;1.00000e+00;40;6.95010e-01;6.99429e-01;4.59986e-01
nav-lives;me-hebbian-neuron;2;[8];140;14000;14000;2.00696e+02;33;1;1;1.00000e+00;1.00000e+00;1.00000e+00;40;3.25005e-01;3.30114e-01;4.65933e-01
nav-lives;me-hebbian-neuron;1;[8];140;14000;14000;2.01380e+02;36;1;1;1.00000e+00;1.00000e+00;1.00000e+00;40;6.95010e-01;6.99429e-01;4.59986e-01
nav-lives;me-hebbian-neuron;2;[8];141;14100;14100;2.02067e+02;33;1;1;1.00000e+00;1.00000e+00;1.00000e+00;40;3.25005e-01;3.30114e-01;4.65933e-01
nav-lives;me-hebbian-neuron;1;[8];141;14100;14100;2.02778e+02;36;1;1;1.00000e+00;1.00000e+00;1.00000e+00;40;6.95010e-01;6.99429e-01;4.59986e-01
nav-lives;me-hebbian-neuron;2;[8];142;14200;14200;2.03606e+02;33;1;1;1.00000e+00;1.00000e+00;1.00000e+00;40;3.25005e-01;3.30114e-01;4.65933e-01
nav-lives;me-hebbian-neuron;1;[8];142;14200;14200;2.04320e+02;36;1;1;1.00000e+00;1.00000e+00;1.00000e+00;40;6.95010e-01;6.99429e-01;4.59986e-01
nav-lives;me-hebbian-neuron;2;[8];143;14300;14300;2.04947e+02;33;1;1;1.00000e+00;1.00000e+00;1.00000e+00;40;3.25005e-01;3.30114e-01;4.65933e-01
nav-lives;me-hebbian-neuron;1;[8];143;14300;14300;2.05674e+02;36;1;1;1.00000e+00;1.00000e+00;1.00000e+00;40;6.95010e-01;6.99429e-01;4.59986e-01
nav-lives;me-hebbian-neuron;2;[8];144;14400;14400;2.06302e+02;33;1;1;1.00000e+00;1.00000e+00;1.00000e+00;40;3.25005e-01;3.30114e-01;4.65933e-01
nav-lives;me-hebbian-neuron;1;[8];144;14400;14400;2.07008e+02;36;1;1;1.00000e+00;1.00000e+00;1.00000e+00;40;6.95010e-01;6.99429e-01;4.59986e-01
nav-lives;me-hebbian-neuron;2;[8];145;14500;14500;2.07769e+02;33;1;1;1.00000e+00;1.00000e+00;1.00000e+00;40;3.25005e-01;3.30114e-01;4.65933e-01
nav-lives;me-hebbian-neuron;1;[8];145;14500;14500;2.08460e+02;36;1;1;1.00000e+00;1.00000e+00;1.00000e+00;40;6.95010e-01;6.99429e-01;4.59986e-01
nav-lives;me-hebbian-neuron;2;[8];146;14600;14600;2.09175e+02;33;1;1;1.00000e+00;1.00000e+00;1.00000e+00;40;3.25005e-01;3.30114e-01;4.65933e-01
nav-lives;me-hebbian-neuron;1;[8];146;14600;14600;2.09926e+02;36;1;1;1.00000e+00;1.00000e+00;1.00000e+00;40;6.95010e-01;6.99429e-01;4.59986e-01
nav-lives;me-hebbian-neuron;2;[8];147;14700;14700;2.10611e+02;33;1;1;1.00000e+00;1.00000e+00;1.00000e+00;40;3.25005e-01;3.30114e-01;4.65933e-01
nav-lives;me-hebbian-neuron;1;[8];147;14700;14700;2.11305e+02;36;1;1;1.00000e+00;1.00000e+00;1.00000e+00;40;6.95010e-01;6.99429e-01;4.59986e-01
nav-lives;me-hebbian-neuron;2;[8];148;14800;14800;2.11988e+02;33;1;1;1.00000e+00;1.00000e+00;1.00000e+00;40;3.25005e-01;3.30114e-01;4.65933e-01
nav-lives;me-hebbian-neuron;1;[8];148;14800;14800;2.12688e+02;36;1;1;1.00000e+00;1.00000e+00;1.00000e+00;40;6.95010e-01;6.99429e-01;4.59986e-01
nav-lives;me-hebbian-neuron;2;[8];149;14900;14900;2.13464e+02;33;1;1;1.00000e+00;1.00000e+00;1.00000e+00;40;3.25005e-01;3.30114e-01;4.65933e-01
nav-lives;me-hebbian-neuron;1;[8];149;14900;14900;2.14281e+02;36;1;1;1.00000e+00;1.00000e+00;1.00000e+00;40;6.95010e-01;6.99429e-01;4.59986e-01
nav-lives;me-hebbian-neuron;2;[8];150;15000;15000;2.14821e+02;33;1;1;1.00000e+00;1.00000e+00;1.00000e+00;40;3.25005e-01;3.30114e-01;4.65933e-01
nav-lives;me-hebbian-neuron;1;[8];150;15000;15000;2.15635e+02;36;1;1;1.00000e+00;1.00000e+00;1.00000e+00;40;6.95010e-01;6.99429e-01;4.59986e-01
nav-lives;me-hebbian-neuron;2;[8];151;15100;15100;2.16348e+02;33;1;1;1.00000e+00;1.00000e+00;1.00000e+00;40;3.25005e-01;3.30114e-01;4.65933e-01
nav-lives;me-hebbian-neuron;1;[8];151;15100;15100;2.16996e+02;36;1;1;1.00000e+00;1.00000e+00;1.00000e+00;40;6.95010e-01;6.99429e-01;4.59986e-01
nav-lives;me-hebbian-neuron;2;[8];152;15200;15200;2.17701e+02;33;1;1;1.00000e+00;1.00000e+00;1.00000e+00;40;3.25005e-01;3.30114e-01;4.65933e-01
nav-lives;me-hebbian-neuron;1;[8];152;15200;15200;2.18560e+02;36;1;1;1.00000e+00;1.00000e+00;1.00000e+00;40;6.95010e-01;6.99429e-01;4.59986e-01
nav-lives;me-hebbian-neuron;2;[8];153;15300;15300;2.19160e+02;33;1;1;1.00000e+00;1.00000e+00;1.00000e+00;40;3.25005e-01;3.30114e-01;4.65933e-01
nav-lives;me-hebbian-neuron;1;[8];153;15300;15300;2.19887e+02;36;1;1;1.00000e+00;1.00000e+00;1.00000e+00;40;6.95010e-01;6.99429e-01;4.59986e-01
nav-lives;me-hebbian-neuron;2;[8];154;15400;15400;2.20520e+02;33;1;1;1.00000e+00;1.00000e+00;1.00000e+00;40;3.25005e-01;3.30114e-01;4.65933e-01
nav-lives;me-hebbian-neuron;1;[8];154;15400;15400;2.21266e+02;36;1;1;1.00000e+00;1.00000e+00;1.00000e+00;40;6.95010e-01;6.99429e-01;4.59986e-01
nav-lives;me-hebbian-neuron;2;[8];155;15500;15500;2.22048e+02;33;1;1;1.00000e+00;1.00000e+00;1.00000e+00;40;3.25005e-01;3.30114e-01;4.65933e-01
nav-lives;me-hebbian-neuron;1;[8];155;15500;15500;2.22735e+02;36;1;1;1.00000e+00;1.00000e+00;1.00000e+00;40;6.95010e-01;6.99429e-01;4.59986e-01
nav-lives;me-hebbian-neuron;2;[8];156;15600;15600;2.23421e+02;33;1;1;1.00000e+00;1.00000e+00;1.00000e+00;40;3.25005e-01;3.30114e-01;4.65933e-01
nav-lives;me-hebbian-neuron;1;[8];156;15600;15600;2.24154e+02;36;1;1;1.00000e+00;1.00000e+00;1.00000e+00;40;6.95010e-01;6.99429e-01;4.59986e-01
nav-lives;me-hebbian-neuron;2;[8];157;15700;15700;2.24865e+02;33;1;1;1.00000e+00;1.00000e+00;1.00000e+00;40;3.25005e-01;3.30114e-01;4.65933e-01
nav-lives;me-hebbian-neuron;1;[8];157;15700;15700;2.25545e+02;36;1;1;1.00000e+00;1.00000e+00;1.00000e+00;40;6.95010e-01;6.99429e-01;4.59986e-01
nav-lives;me-hebbian-neuron;2;[8];158;15800;15800;2.26264e+02;33;1;1;1.00000e+00;1.00000e+00;1.00000e+00;40;3.25005e-01;3.30114e-01;4.65933e-01
nav-lives;me-hebbian-neuron;1;[8];158;15800;15800;2.26936e+02;36;1;1;1.00000e+00;1.00000e+00;1.00000e+00;40;6.95010e-01;6.99429e-01;4.59986e-01
nav-lives;me-hebbian-neuron;2;[8];159;15900;15900;2.27646e+02;33;1;1;1.00000e+00;1.00000e+00;1.00000e+00;40;3.25005e-01;3.30114e-01;4.65933e-01
nav-lives;me-hebbian-neuron;1;[8];159;15900;15900;2.28393e+02;36;1;1;1.00000e+00;1.00000e+00;1.00000e+00;40;6.95010e-01;6.99429e-01;4.59986e-01
nav-lives;me-hebbian-neuron;2;[8];160;16000;16000;2.29012e+02;33;1;1;1.00000e+00;1.00000e+00;1.00000e+00;40;3.25005e-01;3.30114e-01;4.65933e-01
nav-lives;me-hebbian-neuron;1;[8];160;16000;16000;2.29818e+02;36;1;1;1.00000e+00;1.00000e+00;1.00000e+00;40;6.95010e-01;6.99429e-01;4.59986e-01
nav-lives;me-hebbian-neuron;2;[8];161;16100;16100;2.30525e+02;33;1;1;1.00000e+00;1.00000e+00;1.00000e+00;40;4.17910e-01;4.29183e-01;4.83912e-01
nav-lives;me-hebbian-neuron;1;[8];161;16100;16100;2.31203e+02;36;1;1;1.00000e+00;1.00000e+00;1.00000e+00;40;6.95010e-01;6.99429e-01;4.59986e-01
nav-lives;me-hebbian-neuron;2;[8];162;16200;16200;2.31963e+02;33;1;1;1.00000e+00;1.00000e+00;1.00000e+00;40;4.17910e-01;4.29183e-01;4.83912e-01
nav-lives;me-hebbian-neuron;1;[8];162;16200;16200;2.32704e+02;36;1;1;1.00000e+00;1.00000e+00;1.00000e+00;40;6.95010e-01;6.99429e-01;4.59986e-01
nav-lives;me-hebbian-neuron;2;[8];163;16300;16300;2.33326e+02;33;1;1;1.00000e+00;1.00000e+00;1.00000e+00;40;4.17910e-01;4.29183e-01;4.83912e-01
nav-lives;me-hebbian-neuron;1;[8];163;16300;16300;2.34125e+02;36;1;1;1.00000e+00;1.00000e+00;1.00000e+00;40;6.95010e-01;6.99429e-01;4.59986e-01
nav-lives;me-hebbian-neuron;2;[8];164;16400;16400;2.34799e+02;33;1;1;1.00000e+00;1.00000e+00;1.00000e+00;40;4.17910e-01;4.29183e-01;4.83912e-01
nav-lives;me-hebbian-neuron;1;[8];164;16400;16400;2.35497e+02;36;1;1;1.00000e+00;1.00000e+00;1.00000e+00;40;6.95010e-01;6.99429e-01;4.59986e-01
nav-lives;me-hebbian-neuron;2;[8];165;16500;16500;2.36179e+02;33;1;1;1.00000e+00;1.00000e+00;1.00000e+00;40;4.17910e-01;4.29183e-01;4.83912e-01
nav-lives;me-hebbian-neuron;1;[8];165;16500;16500;2.37030e+02;36;1;1;1.00000e+00;1.00000e+00;1.00000e+00;40;6.95010e-01;6.99429e-01;4.59986e-01
nav-lives;me-hebbian-neuron;2;[8];166;16600;16600;2.37678e+02;33;1;1;1.00000e+00;1.00000e+00;1.00000e+00;40;4.17910e-01;4.29183e-01;4.83912e-01
nav-lives;me-hebbian-neuron;1;[8];166;16600;16600;2.38382e+02;36;1;1;1.00000e+00;1.00000e+00;1.00000e+00;40;6.95010e-01;6.99429e-01;4.59986e-01
nav-lives;me-hebbian-neuron;2;[8];167;16700;16700;2.39067e+02;33;1;1;1.00000e+00;1.00000e+00;1.00000e+00;40;4.17910e-01;4.29183e-01;4.83912e-01
nav-lives;me-hebbian-neuron;1;[8];167;16700;16700;2.39776e+02;36;1;1;1.00000e+00;1.00000e+00;1.00000e+00;40;6.95010e-01;6.99429e-01;4.59986e-01
nav-lives;me-hebbian-neuron;2;[8];168;16800;16800;2.40504e+02;33;1;1;1.00000e+00;1.00000e+00;1.00000e+00;40;4.17910e-01;4.29183e-01;4.83912e-01
nav-lives;me-hebbian-neuron;1;[8];168;16800;16800;2.41201e+02;36;1;1;1.00000e+00;1.00000e+00;1.00000e+00;40;6.95010e-01;6.99429e-01;4.59986e-01
nav-lives;me-hebbian-neuron;2;[8];169;16900;16900;2.41824e+02;33;1;1;1.00000e+00;1.00000e+00;1.00000e+00;40;4.17910e-01;4.29183e-01;4.83912e-01
nav-lives;me-hebbian-neuron;1;[8];169;16900;16900;2.42598e+02;36;1;1;1.00000e+00;1.00000e+00;1.00000e+00;40;6.95010e-01;6.99429e-01;4.59986e-01
nav-lives;me-hebbian-neuron;2;[8];170;17000;17000;2.43393e+02;33;1;1;1.00000e+00;1.00000e+00;1.00000e+00;40;4.17910e-01;4.29183e-01;4.83912e-01
nav-lives;me-hebbian-neuron;1;[8];170;17000;17000;2.44055e+02;36;1;1;1.00000e+00;1.00000e+00;1.00000e+00;40;6.95010e-01;6.99429e-01;4.59986e-01
nav-lives;me-hebbian-neuron;2;[8];171;17100;17100;2.44768e+02;33;1;1;1.00000e+00;1.00000e+00;1.00000e+00;40;4.17910e-01;4.29183e-01;4.83912e-01
nav-lives;me-hebbian-neuron;1;[8];171;17100;17100;2.45471e+02;36;1;1;1.00000e+00;1.00000e+00;1.00000e+00;40;6.95010e-01;6.99429e-01;4.59986e-01
nav-lives;me-hebbian-neuron;2;[8];172;17200;17200;2.46111e+02;33;1;1;1.00000e+00;1.00000e+00;1.00000e+00;40;4.17910e-01;4.29183e-01;4.83912e-01
nav-lives;me-hebbian-neuron;1;[8];172;17200;17200;2.46865e+02;36;1;1;1.00000e+00;1.00000e+00;1.00000e+00;40;6.95010e-01;6.99429e-01;4.59986e-01
nav-lives;me-hebbian-neuron;2;[8];173;17300;17300;2.47570e+02;33;1;1;1.00000e+00;1.00000e+00;1.00000e+00;40;4.17910e-01;4.29183e-01;4.83912e-01
nav-lives;me-hebbian-neuron;1;[8];173;17300;17300;2.48257e+02;36;1;1;1.00000e+00;1.00000e+00;1.00000e+00;40;6.95010e-01;6.99429e-01;4.59986e-01
nav-lives;me-hebbian-neuron;2;[8];174;17400;17400;2.48945e+02;33;1;1;1.00000e+00;1.00000e+00;1.00000e+00;40;4.17910e-01;4.29183e-01;4.83912e-01
nav-lives;me-hebbian-neuron;1;[8];174;17400;17400;2.49701e+02;36;1;1;1.00000e+00;1.00000e+00;1.00000e+00;40;6.95010e-01;6.99429e-01;4.59986e-01
nav-lives;me-hebbian-neuron;2;[8];175;17500;17500;2.50416e+02;33;1;1;1.00000e+00;1.00000e+00;1.00000e+00;40;4.17910e-01;4.29183e-01;4.83912e-01
nav-lives;me-hebbian-neuron;1;[8];175;17500;17500;2.51126e+02;36;1;1;1.00000e+00;1.00000e+00;1.00000e+00;40;6.95010e-01;6.99429e-01;4.59986e-01
nav-lives;me-hebbian-neuron;2;[8];176;17600;17600;2.51851e+02;33;1;1;1.00000e+00;1.00000e+00;1.00000e+00;40;4.17910e-01;4.29183e-01;4.83912e-01
nav-lives;me-hebbian-neuron;1;[8];176;17600;17600;2.52553e+02;36;1;1;1.00000e+00;1.00000e+00;1.00000e+00;40;6.95010e-01;6.99429e-01;4.59986e-01
nav-lives;me-hebbian-neuron;2;[8];177;17700;17700;2.53216e+02;33;1;1;1.00000e+00;1.00000e+00;1.00000e+00;40;4.17910e-01;4.29183e-01;4.83912e-01
nav-lives;me-hebbian-neuron;1;[8];177;17700;17700;2.53940e+02;36;1;1;1.00000e+00;1.00000e+00;1.00000e+00;40;6.95010e-01;6.99429e-01;4.59986e-01
nav-lives;me-hebbian-neuron;2;[8];178;17800;17800;2.54665e+02;33;1;1;1.00000e+00;1.00000e+00;1.00000e+00;40;4.17910e-01;4.29183e-01;4.83912e-01
nav-lives;me-hebbian-neuron;1;[8];178;17800;17800;2.55492e+02;36;1;1;1.00000e+00;1.00000e+00;1.00000e+00;40;6.95010e-01;6.99429e-01;4.59986e-01
nav-lives;me-hebbian-neuron;2;[8];179;17900;17900;2.56049e+02;33;1;1;1.00000e+00;1.00000e+00;1.00000e+00;40;4.17910e-01;4.29183e-01;4.83912e-01
nav-lives;me-hebbian-neuron;1;[8];179;17900;17900;2.56775e+02;36;1;1;1.00000e+00;1.00000e+00;1.00000e+00;40;6.95010e-01;6.99429e-01;4.59986e-01
nav-lives;me-hebbian-neuron;2;[8];180;18000;18000;2.57499e+02;33;1;1;1.00000e+00;1.00000e+00;1.00000e+00;40;4.17910e-01;4.29183e-01;4.83912e-01
nav-lives;me-hebbian-neuron;1;[8];180;18000;18000;2.58263e+02;36;1;1;1.00000e+00;1.00000e+00;1.00000e+00;40;6.95010e-01;6.99429e-01;4.59986e-01
nav-lives;me-hebbian-neuron;2;[8];181;18100;18100;2.58928e+02;33;1;1;1.00000e+00;1.00000e+00;1.00000e+00;40;4.17910e-01;4.29183e-01;4.83912e-01
nav-lives;me-hebbian-neuron;1;[8];181;18100;18100;2.59699e+02;36;1;1;1.00000e+00;1.00000e+00;1.00000e+00;40;6.95010e-01;6.99429e-01;4.59986e-01
nav-lives;me-hebbian-neuron;2;[8];182;18200;18200;2.60365e+02;33;1;1;1.00000e+00;1.00000e+00;1.00000e+00;40;4.17910e-01;4.29183e-01;4.83912e-01
nav-lives;me-hebbian-neuron;1;[8];182;18200;18200;2.61053e+02;36;1;1;1.00000e+00;1.00000e+00;1.00000e+00;40;6.95010e-01;6.99429e-01;4.59986e-01
nav-lives;me-hebbian-neuron;2;[8];183;18300;18300;2.61794e+02;33;1;1;1.00000e+00;1.00000e+00;1.00000e+00;40;4.17910e-01;4.29183e-01;4.83912e-01
nav-lives;me-hebbian-neuron;1;[8];183;18300;18300;2.62519e+02;36;1;1;1.00000e+00;1.00000e+00;1.00000e+00;40;6.95010e-01;6.99429e-01;4.59986e-01
nav-lives;me-hebbian-neuron;2;[8];184;18400;18400;2.63347e+02;33;1;1;1.00000e+00;1.00000e+00;1.00000e+00;40;4.17910e-01;4.29183e-01;4.83912e-01
nav-lives;me-hebbian-neuron;1;[8];184;18400;18400;2.63881e+02;36;1;1;1.00000e+00;1.00000e+00;1.00000e+00;40;6.95010e-01;6.99429e-01;4.59986e-01
nav-lives;me-hebbian-neuron;2;[8];185;18500;18500;2.64618e+02;33;1;1;1.00000e+00;1.00000e+00;1.00000e+00;40;4.17910e-01;4.29183e-01;4.83912e-01
nav-lives;me-hebbian-neuron;1;[8];185;18500;18500;2.65352e+02;36;1;1;1.00000e+00;1.00000e+00;1.00000e+00;40;6.95010e-01;6.99429e-01;4.59986e-01
nav-lives;me-hebbian-neuron;2;[8];186;18600;18600;2.66066e+02;33;1;1;1.00000e+00;1.00000e+00;1.00000e+00;40;4.17910e-01;4.29183e-01;4.83912e-01
nav-lives;me-hebbian-neuron;1;[8];186;18600;18600;2.66908e+02;36;1;1;1.00000e+00;1.00000e+00;1.00000e+00;40;6.95010e-01;6.99429e-01;4.59986e-01
nav-lives;me-hebbian-neuron;2;[8];187;18700;18700;2.67422e+02;33;1;1;1.00000e+00;1.00000e+00;1.00000e+00;40;4.17910e-01;4.29183e-01;4.83912e-01
nav-lives;me-hebbian-neuron;1;[8];187;18700;18700;2.68189e+02;36;1;1;1.00000e+00;1.00000e+00;1.00000e+00;40;6.95010e-01;6.99429e-01;4.59986e-01
nav-lives;me-hebbian-neuron;2;[8];188;18800;18800;2.68909e+02;33;1;1;1.00000e+00;1.00000e+00;1.00000e+00;40;4.17910e-01;4.29183e-01;4.83912e-01
nav-lives;me-hebbian-neuron;1;[8];188;18800;18800;2.69645e+02;36;1;1;1.00000e+00;1.00000e+00;1.00000e+00;40;6.95010e-01;6.99429e-01;4.59986e-01
nav-lives;me-hebbian-neuron;2;[8];189;18900;18900;2.70349e+02;33;1;1;1.00000e+00;1.00000e+00;1.00000e+00;40;4.17910e-01;4.29183e-01;4.83912e-01
nav-lives;me-hebbian-neuron;1;[8];189;18900;18900;2.71038e+02;36;1;1;1.00000e+00;1.00000e+00;1.00000e+00;40;6.95010e-01;6.99429e-01;4.59986e-01
nav-lives;me-hebbian-neuron;2;[8];190;19000;19000;2.71726e+02;33;1;1;1.00000e+00;1.00000e+00;1.00000e+00;40;4.17910e-01;4.29183e-01;4.83912e-01
nav-lives;me-hebbian-neuron;1;[8];190;19000;19000;2.72425e+02;36;1;1;1.00000e+00;1.00000e+00;1.00000e+00;40;6.95010e-01;6.99429e-01;4.59986e-01
nav-lives;me-hebbian-neuron;2;[8];191;19100;19100;2.73131e+02;34;1;1;1.00000e+00;1.00000e+00;1.00000e+00;40;4.17910e-01;4.29183e-01;4.83912e-01
nav-lives;me-hebbian-neuron;1;[8];191;19100;19100;2.73902e+02;36;1;1;1.00000e+00;1.00000e+00;1.00000e+00;40;6.95010e-01;6.99429e-01;4.59986e-01
nav-lives;me-hebbian-neuron;2;[8];192;19200;19200;2.74630e+02;34;1;1;1.00000e+00;1.00000e+00;1.00000e+00;40;4.17910e-01;4.29183e-01;4.83912e-01
nav-lives;me-hebbian-neuron;1;[8];192;19200;19200;2.75308e+02;36;1;1;1.00000e+00;1.00000e+00;1.00000e+00;40;6.95010e-01;6.99429e-01;4.59986e-01
nav-lives;me-hebbian-neuron;2;[8];193;19300;19300;2.76019e+02;34;1;1;1.00000e+00;1.00000e+00;1.00000e+00;40;4.17910e-01;4.29183e-01;4.83912e-01
nav-lives;me-hebbian-neuron;1;[8];193;19300;19300;2.76763e+02;36;1;1;1.00000e+00;1.00000e+00;1.00000e+00;40;6.95010e-01;6.99429e-01;4.59986e-01
nav-lives;me-hebbian-neuron;2;[8];194;19400;19400;2.77428e+02;34;1;1;1.00000e+00;1.00000e+00;1.00000e+00;40;4.17910e-01;4.29183e-01;4.83912e-01
nav-lives;me-hebbian-neuron;1;[8];194;19400;19400;2.78137e+02;36;1;1;1.00000e+00;1.00000e+00;1.00000e+00;40;6.95010e-01;6.99429e-01;4.59986e-01
nav-lives;me-hebbian-neuron;2;[8];195;19500;19500;2.78854e+02;34;1;1;1.00000e+00;1.00000e+00;1.00000e+00;40;4.17910e-01;4.29183e-01;4.83912e-01
nav-lives;me-hebbian-neuron;1;[8];195;19500;19500;2.79581e+02;36;1;1;1.00000e+00;1.00000e+00;1.00000e+00;40;6.95010e-01;6.99429e-01;4.59986e-01
nav-lives;me-hebbian-neuron;2;[8];196;19600;19600;2.80192e+02;34;1;1;1.00000e+00;1.00000e+00;1.00000e+00;40;4.17910e-01;4.29183e-01;4.83912e-01
nav-lives;me-hebbian-neuron;1;[8];196;19600;19600;2.81085e+02;36;1;1;1.00000e+00;1.00000e+00;1.00000e+00;40;6.95010e-01;6.99429e-01;4.59986e-01
nav-lives;me-hebbian-neuron;2;[8];197;19700;19700;2.81629e+02;34;1;1;1.00000e+00;1.00000e+00;1.00000e+00;40;4.17910e-01;4.29183e-01;4.83912e-01
nav-lives;me-hebbian-neuron;1;[8];197;19700;19700;2.82355e+02;36;1;1;1.00000e+00;1.00000e+00;1.00000e+00;40;6.95010e-01;6.99429e-01;4.59986e-01
nav-lives;me-hebbian-neuron;2;[8];198;19800;19800;2.83166e+02;34;1;1;1.00000e+00;1.00000e+00;1.00000e+00;40;4.17910e-01;4.29183e-01;4.83912e-01
nav-lives;me-hebbian-neuron;1;[8];198;19800;19800;2.83754e+02;36;1;1;1.00000e+00;1.00000e+00;1.00000e+00;40;6.95010e-01;6.99429e-01;4.59986e-01
nav-lives;me-hebbian-neuron;2;[8];199;19900;19900;2.84455e+02;34;1;1;1.00000e+00;1.00000e+00;1.00000e+00;40;4.17910e-01;4.29183e-01;4.83912e-01
nav-lives;me-hebbian-neuron;1;[8];199;19900;19900;2.85214e+02;36;1;1;1.00000e+00;1.00000e+00;1.00000e+00;40;6.95010e-01;6.99429e-01;4.59986e-01
nav-lives;me-hebbian-neuron;2;[8];200;20000;20000;2.85898e+02;34;1;1;1.00000e+00;1.00000e+00;1.00000e+00;40;4.17910e-01;4.29183e-01;4.83912e-01
nav-lives;me-hebbian-neuron;1;[8];200;20000;20000;2.86618e+02;36;1;1;1.00000e+00;1.00000e+00;1.00000e+00;40;6.95010e-01;6.99429e-01;4.59986e-01
nav-lives;me-hebbian-neuron;2;[8];201;20100;20100;2.87424e+02;34;1;1;1.00000e+00;1.00000e+00;1.00000e+00;40;4.17910e-01;4.29183e-01;4.83912e-01
nav-lives;me-hebbian-neuron;1;[8];201;20100;20100;2.88099e+02;36;1;1;1.00000e+00;1.00000e+00;1.00000e+00;40;6.95010e-01;6.99429e-01;4.59986e-01
nav-lives;me-hebbian-neuron;2;[8];202;20200;20200;2.88836e+02;34;1;1;1.00000e+00;1.00000e+00;1.00000e+00;40;4.17910e-01;4.29183e-01;4.83912e-01
nav-lives;me-hebbian-neuron;1;[8];202;20200;20200;2.89568e+02;36;1;1;1.00000e+00;1.00000e+00;1.00000e+00;40;6.95010e-01;6.99429e-01;4.59986e-01
nav-lives;me-hebbian-neuron;2;[8];203;20300;20300;2.90182e+02;34;1;1;1.00000e+00;1.00000e+00;1.00000e+00;40;4.17910e-01;4.29183e-01;4.83912e-01
nav-lives;me-hebbian-neuron;1;[8];203;20300;20300;2.90948e+02;36;1;1;1.00000e+00;1.00000e+00;1.00000e+00;40;6.95010e-01;6.99429e-01;4.59986e-01
nav-lives;me-hebbian-neuron;2;[8];204;20400;20400;2.91637e+02;34;1;1;1.00000e+00;1.00000e+00;1.00000e+00;40;4.17910e-01;4.29183e-01;4.83912e-01
nav-lives;me-hebbian-neuron;1;[8];204;20400;20400;2.92368e+02;36;1;1;1.00000e+00;1.00000e+00;1.00000e+00;40;6.95010e-01;6.99429e-01;4.59986e-01
nav-lives;me-hebbian-neuron;2;[8];205;20500;20500;2.93106e+02;34;1;1;1.00000e+00;1.00000e+00;1.00000e+00;40;4.17910e-01;4.29183e-01;4.83912e-01
nav-lives;me-hebbian-neuron;1;[8];205;20500;20500;2.93818e+02;36;1;1;1.00000e+00;1.00000e+00;1.00000e+00;40;6.95010e-01;6.99429e-01;4.59986e-01
nav-lives;me-hebbian-neuron;2;[8];206;20600;20600;2.94475e+02;34;1;1;1.00000e+00;1.00000e+00;1.00000e+00;40;4.17910e-01;4.29183e-01;4.83912e-01
nav-lives;me-hebbian-neuron;1;[8];206;20600;20600;2.95179e+02;36;1;1;1.00000e+00;1.00000e+00;1.00000e+00;40;6.95010e-01;6.99429e-01;4.59986e-01
nav-lives;me-hebbian-neuron;2;[8];207;20700;20700;2.95893e+02;34;1;1;1.00000e+00;1.00000e+00;1.00000e+00;40;4.17910e-01;4.29183e-01;4.83912e-01
nav-lives;me-hebbian-neuron;1;[8];207;20700;20700;2.96689e+02;36;1;1;1.00000e+00;1.00000e+00;1.00000e+00;40;6.95010e-01;6.99429e-01;4.59986e-01
nav-lives;me-hebbian-neuron;2;[8];208;20800;20800;2.97253e+02;34;1;1;1.00000e+00;1.00000e+00;1.00000e+00;40;4.17910e-01;4.29183e-01;4.83912e-01
nav-lives;me-hebbian-neuron;1;[8];208;20800;20800;2.98054e+02;36;1;1;1.00000e+00;1.00000e+00;1.00000e+00;40;6.95010e-01;6.99429e-01;4.59986e-01
nav-lives;me-hebbian-neuron;2;[8];209;20900;20900;2.98783e+02;34;1;1;1.00000e+00;1.00000e+00;1.00000e+00;40;4.17910e-01;4.29183e-01;4.83912e-01
nav-lives;me-hebbian-neuron;1;[8];209;20900;20900;2.99440e+02;36;1;1;1.00000e+00;1.00000e+00;1.00000e+00;40;6.95010e-01;6.99429e-01;4.59986e-01
nav-lives;me-hebbian-neuron;2;[8];210;21000;21000;3.00143e+02;34;1;1;1.00000e+00;1.00000e+00;1.00000e+00;40;4.17910e-01;4.29183e-01;4.83912e-01
nav-lives;me-hebbian-neuron;1;[8];210;21000;21000;3.00850e+02;36;1;1;1.00000e+00;1.00000e+00;1.00000e+00;40;6.95010e-01;6.99429e-01;4.59986e-01
nav-lives;me-hebbian-neuron;2;[8];211;21100;21100;3.01587e+02;34;1;1;1.00000e+00;1.00000e+00;1.00000e+00;40;4.17910e-01;4.29183e-01;4.83912e-01
nav-lives;me-hebbian-neuron;1;[8];211;21100;21100;3.02242e+02;36;1;1;1.00000e+00;1.00000e+00;1.00000e+00;40;6.95010e-01;6.99429e-01;4.59986e-01
nav-lives;me-hebbian-neuron;2;[8];212;21200;21200;3.03004e+02;34;1;1;1.00000e+00;1.00000e+00;1.00000e+00;40;4.17910e-01;4.29183e-01;4.83912e-01
nav-lives;me-hebbian-neuron;1;[8];212;21200;21200;3.03677e+02;36;1;1;1.00000e+00;1.00000e+00;1.00000e+00;40;6.95010e-01;6.99429e-01;4.59986e-01
nav-lives;me-hebbian-neuron;2;[8];213;21300;21300;3.04445e+02;34;1;1;1.00000e+00;1.00000e+00;1.00000e+00;40;4.17910e-01;4.29183e-01;4.83912e-01
nav-lives;me-hebbian-neuron;1;[8];213;21300;21300;3.05111e+02;36;1;1;1.00000e+00;1.00000e+00;1.00000e+00;40;6.95010e-01;6.99429e-01;4.59986e-01
nav-lives;me-hebbian-neuron;2;[8];214;21400;21400;3.05825e+02;34;1;1;1.00000e+00;1.00000e+00;1.00000e+00;40;4.17910e-01;4.29183e-01;4.83912e-01
nav-lives;me-hebbian-neuron;1;[8];214;21400;21400;3.06508e+02;36;1;1;1.00000e+00;1.00000e+00;1.00000e+00;40;6.95010e-01;6.99429e-01;4.59986e-01
nav-lives;me-hebbian-neuron;2;[8];215;21500;21500;3.07227e+02;34;1;1;1.00000e+00;1.00000e+00;1.00000e+00;40;4.17910e-01;4.29183e-01;4.83912e-01
nav-lives;me-hebbian-neuron;1;[8];215;21500;21500;3.08031e+02;36;1;1;1.00000e+00;1.00000e+00;1.00000e+00;40;6.95010e-01;6.99429e-01;4.59986e-01
nav-lives;me-hebbian-neuron;2;[8];216;21600;21600;3.08770e+02;34;1;1;1.00000e+00;1.00000e+00;1.00000e+00;40;4.30655e-01;3.88720e-01;4.98324e-01
nav-lives;me-hebbian-neuron;1;[8];216;21600;21600;3.09409e+02;36;1;1;1.00000e+00;1.00000e+00;1.00000e+00;40;6.95010e-01;6.99429e-01;4.59986e-01
nav-lives;me-hebbian-neuron;2;[8];217;21700;21700;3.10151e+02;34;1;1;1.00000e+00;1.00000e+00;1.00000e+00;40;4.30655e-01;3.88720e-01;4.98324e-01
nav-lives;me-hebbian-neuron;1;[8];217;21700;21700;3.10779e+02;36;1;1;1.00000e+00;1.00000e+00;1.00000e+00;40;6.95010e-01;6.99429e-01;4.59986e-01
nav-lives;me-hebbian-neuron;2;[8];218;21800;21800;3.11556e+02;34;1;1;1.00000e+00;1.00000e+00;1.00000e+00;40;4.30655e-01;3.88720e-01;4.98324e-01
nav-lives;me-hebbian-neuron;1;[8];218;21800;21800;3.12274e+02;36;1;1;1.00000e+00;1.00000e+00;1.00000e+00;40;6.95010e-01;6.99429e-01;4.59986e-01
nav-lives;me-hebbian-neuron;2;[8];219;21900;21900;3.12939e+02;34;1;1;1.00000e+00;1.00000e+00;1.00000e+00;40;4.30655e-01;3.88720e-01;4.98324e-01
nav-lives;me-hebbian-neuron;1;[8];219;21900;21900;3.13617e+02;36;1;1;1.00000e+00;1.00000e+00;1.00000e+00;40;6.95010e-01;6.99429e-01;4.59986e-01
nav-lives;me-hebbian-neuron;2;[8];220;22000;22000;3.14380e+02;34;1;1;1.00000e+00;1.00000e+00;1.00000e+00;40;4.30655e-01;3.88720e-01;4.98324e-01
nav-lives;me-hebbian-neuron;1;[8];220;22000;22000;3.15084e+02;36;1;1;1.00000e+00;1.00000e+00;1.00000e+00;40;6.95010e-01;6.99429e-01;4.59986e-01
nav-lives;me-hebbian-neuron;2;[8];221;22100;22100;3.15768e+02;34;1;1;1.00000e+00;1.00000e+00;1.00000e+00;40;4.30655e-01;3.88720e-01;4.98324e-01
nav-lives;me-hebbian-neuron;1;[8];221;22100;22100;3.16485e+02;36;1;1;1.00000e+00;1.00000e+00;1.00000e+00;40;6.95010e-01;6.99429e-01;4.59986e-01
nav-lives;me-hebbian-neuron;2;[8];222;22200;22200;3.17249e+02;34;1;1;1.00000e+00;1.00000e+00;1.00000e+00;40;4.30655e-01;3.88720e-01;4.98324e-01
nav-lives;me-hebbian-neuron;1;[8];222;22200;22200;3.17909e+02;36;1;1;1.00000e+00;1.00000e+00;1.00000e+00;40;6.95010e-01;6.99429e-01;4.59986e-01
nav-lives;me-hebbian-neuron;2;[8];223;22300;22300;3.18645e+02;34;1;1;1.00000e+00;1.00000e+00;1.00000e+00;40;4.30655e-01;3.88720e-01;4.98324e-01
nav-lives;me-hebbian-neuron;1;[8];223;22300;22300;3.19355e+02;36;1;1;1.00000e+00;1.00000e+00;1.00000e+00;40;6.95010e-01;6.99429e-01;4.59986e-01
nav-lives;me-hebbian-neuron;2;[8];224;22400;22400;3.20042e+02;34;1;1;1.00000e+00;1.00000e+00;1.00000e+00;40;4.30655e-01;3.88720e-01;4.98324e-01
nav-lives;me-hebbian-neuron;1;[8];224;22400;22400;3.20760e+02;36;1;1;1.00000e+00;1.00000e+00;1.00000e+00;40;6.95010e-01;6.99429e-01;4.59986e-01
nav-lives;me-hebbian-neuron;2;[8];225;22500;22500;3.21462e+02;34;1;1;1.00000e+00;1.00000e+00;1.00000e+00;40;4.30655e-01;3.88720e-01;4.98324e-01
nav-lives;me-hebbian-neuron;1;[8];225;22500;22500;3.22174e+02;36;1;1;1.00000e+00;1.00000e+00;1.00000e+00;40;6.95010e-01;6.99429e-01;4.59986e-01
nav-lives;me-hebbian-neuron;2;[8];226;22600;22600;3.22879e+02;34;1;1;1.00000e+00;1.00000e+00;1.00000e+00;40;4.30655e-01;3.88720e-01;4.98324e-01
nav-lives;me-hebbian-neuron;1;[8];226;22600;22600;3.23614e+02;36;1;1;1.00000e+00;1.00000e+00;1.00000e+00;40;6.95010e-01;6.99429e-01;4.59986e-01
nav-lives;me-hebbian-neuron;2;[8];227;22700;22700;3.24319e+02;34;1;1;1.00000e+00;1.00000e+00;1.00000e+00;40;4.30655e-01;3.88720e-01;4.98324e-01
nav-lives;me-hebbian-neuron;1;[8];227;22700;22700;3.25054e+02;36;1;1;1.00000e+00;1.00000e+00;1.00000e+00;40;6.95010e-01;6.99429e-01;4.59986e-01
nav-lives;me-hebbian-neuron;2;[8];228;22800;22800;3.25723e+02;34;1;1;1.00000e+00;1.00000e+00;1.00000e+00;40;4.30655e-01;3.88720e-01;4.98324e-01
nav-lives;me-hebbian-neuron;1;[8];228;22800;22800;3.26421e+02;36;1;1;1.00000e+00;1.00000e+00;1.00000e+00;40;6.95010e-01;6.99429e-01;4.59986e-01
nav-lives;me-hebbian-neuron;2;[8];229;22900;22900;3.27154e+02;34;1;1;1.00000e+00;1.00000e+00;1.00000e+00;40;4.30655e-01;3.88720e-01;4.98324e-01
nav-lives;me-hebbian-neuron;1;[8];229;22900;22900;3.27846e+02;36;1;1;1.00000e+00;1.00000e+00;1.00000e+00;40;6.95010e-01;6.99429e-01;4.59986e-01
nav-lives;me-hebbian-neuron;2;[8];230;23000;23000;3.28615e+02;34;1;1;1.00000e+00;1.00000e+00;1.00000e+00;40;4.30655e-01;3.88720e-01;4.98324e-01
nav-lives;me-hebbian-neuron;1;[8];230;23000;23000;3.29396e+02;36;1;1;1.00000e+00;1.00000e+00;1.00000e+00;40;6.95010e-01;6.99429e-01;4.59986e-01
nav-lives;me-hebbian-neuron;2;[8];231;23100;23100;3.29951e+02;34;1;1;1.00000e+00;1.00000e+00;1.00000e+00;40;4.30655e-01;3.88720e-01;4.98324e-01
nav-lives;me-hebbian-neuron;1;[8];231;23100;23100;3.30806e+02;36;1;1;1.00000e+00;1.00000e+00;1.00000e+00;40;6.95010e-01;6.99429e-01;4.59986e-01
nav-lives;me-hebbian-neuron;2;[8];232;23200;23200;3.31426e+02;34;1;1;1.00000e+00;1.00000e+00;1.00000e+00;40;4.30655e-01;3.88720e-01;4.98324e-01
nav-lives;me-hebbian-neuron;1;[8];232;23200;23200;3.32164e+02;36;1;1;1.00000e+00;1.00000e+00;1.00000e+00;40;6.95010e-01;6.99429e-01;4.59986e-01
nav-lives;me-hebbian-neuron;2;[8];233;23300;23300;3.32931e+02;34;1;1;1.00000e+00;1.00000e+00;1.00000e+00;40;4.30655e-01;3.88720e-01;4.98324e-01
nav-lives;me-hebbian-neuron;1;[8];233;23300;23300;3.33570e+02;36;1;1;1.00000e+00;1.00000e+00;1.00000e+00;40;6.95010e-01;6.99429e-01;4.59986e-01
nav-lives;me-hebbian-neuron;2;[8];234;23400;23400;3.34254e+02;34;1;1;1.00000e+00;1.00000e+00;1.00000e+00;40;4.30655e-01;3.88720e-01;4.98324e-01
nav-lives;me-hebbian-neuron;1;[8];234;23400;23400;3.34970e+02;36;1;1;1.00000e+00;1.00000e+00;1.00000e+00;40;6.95010e-01;6.99429e-01;4.59986e-01
nav-lives;me-hebbian-neuron;2;[8];235;23500;23500;3.35733e+02;34;1;1;1.00000e+00;1.00000e+00;1.00000e+00;40;4.30655e-01;3.88720e-01;4.98324e-01
nav-lives;me-hebbian-neuron;1;[8];235;23500;23500;3.36379e+02;36;1;1;1.00000e+00;1.00000e+00;1.00000e+00;40;6.95010e-01;6.99429e-01;4.59986e-01
nav-lives;me-hebbian-neuron;2;[8];236;23600;23600;3.37145e+02;34;1;1;1.00000e+00;1.00000e+00;1.00000e+00;40;4.30655e-01;3.88720e-01;4.98324e-01
nav-lives;me-hebbian-neuron;1;[8];236;23600;23600;3.37860e+02;36;1;1;1.00000e+00;1.00000e+00;1.00000e+00;40;6.95010e-01;6.99429e-01;4.59986e-01
nav-lives;me-hebbian-neuron;2;[8];237;23700;23700;3.38571e+02;34;1;1;1.00000e+00;1.00000e+00;1.00000e+00;40;4.30655e-01;3.88720e-01;4.98324e-01
nav-lives;me-hebbian-neuron;1;[8];237;23700;23700;3.39313e+02;36;1;1;1.00000e+00;1.00000e+00;1.00000e+00;40;6.95010e-01;6.99429e-01;4.59986e-01
nav-lives;me-hebbian-neuron;2;[8];238;23800;23800;3.39980e+02;34;1;1;1.00000e+00;1.00000e+00;1.00000e+00;40;4.30655e-01;3.88720e-01;4.98324e-01
nav-lives;me-hebbian-neuron;1;[8];238;23800;23800;3.40784e+02;36;1;1;1.00000e+00;1.00000e+00;1.00000e+00;40;6.95010e-01;6.99429e-01;4.59986e-01
nav-lives;me-hebbian-neuron;2;[8];239;23900;23900;3.41398e+02;34;1;1;1.00000e+00;1.00000e+00;1.00000e+00;40;4.30655e-01;3.88720e-01;4.98324e-01
nav-lives;me-hebbian-neuron;1;[8];239;23900;23900;3.42127e+02;36;1;1;1.00000e+00;1.00000e+00;1.00000e+00;40;6.95010e-01;6.99429e-01;4.59986e-01
nav-lives;me-hebbian-neuron;2;[8];240;24000;24000;3.42811e+02;34;1;1;1.00000e+00;1.00000e+00;1.00000e+00;40;4.30655e-01;3.88720e-01;4.98324e-01
nav-lives;me-hebbian-neuron;1;[8];240;24000;24000;3.43522e+02;36;1;1;1.00000e+00;1.00000e+00;1.00000e+00;40;6.95010e-01;6.99429e-01;4.59986e-01
nav-lives;me-hebbian-neuron;2;[8];241;24100;24100;3.44216e+02;34;1;1;1.00000e+00;1.00000e+00;1.00000e+00;40;6.38223e-01;6.28727e-01;4.81581e-01
nav-lives;me-hebbian-neuron;1;[8];241;24100;24100;3.44923e+02;36;1;1;1.00000e+00;1.00000e+00;1.00000e+00;40;6.95010e-01;6.99429e-01;4.59986e-01
nav-lives;me-hebbian-neuron;2;[8];242;24200;24200;3.45687e+02;34;1;1;1.00000e+00;1.00000e+00;1.00000e+00;40;6.38223e-01;6.28727e-01;4.81581e-01
nav-lives;me-hebbian-neuron;1;[8];242;24200;24200;3.46350e+02;36;1;1;1.00000e+00;1.00000e+00;1.00000e+00;40;6.95010e-01;6.99429e-01;4.59986e-01
nav-lives;me-hebbian-neuron;2;[8];243;24300;24300;3.47079e+02;34;1;1;1.00000e+00;1.00000e+00;1.00000e+00;40;6.38223e-01;6.28727e-01;4.81581e-01
nav-lives;me-hebbian-neuron;1;[8];243;24300;24300;3.47787e+02;36;1;1;1.00000e+00;1.00000e+00;1.00000e+00;40;6.95010e-01;6.99429e-01;4.59986e-01
nav-lives;me-hebbian-neuron;2;[8];244;24400;24400;3.48466e+02;34;1;1;1.00000e+00;1.00000e+00;1.00000e+00;40;6.38223e-01;6.28727e-01;4.81581e-01
nav-lives;me-hebbian-neuron;1;[8];244;24400;24400;3.49209e+02;36;1;1;1.00000e+00;1.00000e+00;1.00000e+00;40;6.95010e-01;6.99429e-01;4.59986e-01
nav-lives;me-hebbian-neuron;2;[8];245;24500;24500;3.49955e+02;34;1;1;1.00000e+00;1.00000e+00;1.00000e+00;40;6.38223e-01;6.28727e-01;4.81581e-01
nav-lives;me-hebbian-neuron;1;[8];245;24500;24500;3.50671e+02;36;1;1;1.00000e+00;1.00000e+00;1.00000e+00;40;6.95010e-01;6.99429e-01;4.59986e-01
nav-lives;me-hebbian-neuron;2;[8];246;24600;24600;3.51362e+02;34;1;1;1.00000e+00;1.00000e+00;1.00000e+00;40;6.38223e-01;6.28727e-01;4.81581e-01
nav-lives;me-hebbian-neuron;1;[8];246;24600;24600;3.52057e+02;36;1;1;1.00000e+00;1.00000e+00;1.00000e+00;40;6.95010e-01;6.99429e-01;4.59986e-01
nav-lives;me-hebbian-neuron;2;[8];247;24700;24700;3.52785e+02;34;1;1;1.00000e+00;1.00000e+00;1.00000e+00;40;6.38223e-01;6.28727e-01;4.81581e-01
nav-lives;me-hebbian-neuron;1;[8];247;24700;24700;3.53527e+02;36;1;1;1.00000e+00;1.00000e+00;1.00000e+00;40;6.95010e-01;6.99429e-01;4.59986e-01
nav-lives;me-hebbian-neuron;2;[8];248;24800;24800;3.54270e+02;34;1;1;1.00000e+00;1.00000e+00;1.00000e+00;40;6.38223e-01;6.28727e-01;4.81581e-01
nav-lives;me-hebbian-neuron;1;[8];248;24800;24800;3.54893e+02;36;1;1;1.00000e+00;1.00000e+00;1.00000e+00;40;6.95010e-01;6.99429e-01;4.59986e-01
nav-lives;me-hebbian-neuron;2;[8];249;24900;24900;3.55639e+02;34;1;1;1.00000e+00;1.00000e+00;1.00000e+00;40;6.38223e-01;6.28727e-01;4.81581e-01
nav-lives;me-hebbian-neuron;1;[8];249;24900;24900;3.56289e+02;36;1;1;1.00000e+00;1.00000e+00;1.00000e+00;40;6.95010e-01;6.99429e-01;4.59986e-01
nav-lives;me-hebbian-neuron;2;[8];250;25000;25000;3.57045e+02;34;1;1;1.00000e+00;1.00000e+00;1.00000e+00;40;6.38223e-01;6.28727e-01;4.81581e-01
nav-lives;me-hebbian-neuron;1;[8];250;25000;25000;3.57704e+02;36;1;1;1.00000e+00;1.00000e+00;1.00000e+00;40;6.95010e-01;6.99429e-01;4.59986e-01
nav-lives;me-hebbian-neuron;2;[8];251;25100;25100;3.58460e+02;34;1;1;1.00000e+00;1.00000e+00;1.00000e+00;40;6.38223e-01;6.28727e-01;4.81581e-01
nav-lives;me-hebbian-neuron;1;[8];251;25100;25100;3.59159e+02;36;1;1;1.00000e+00;1.00000e+00;1.00000e+00;40;6.95010e-01;6.99429e-01;4.59986e-01
nav-lives;me-hebbian-neuron;2;[8];252;25200;25200;3.59917e+02;34;1;1;1.00000e+00;1.00000e+00;1.00000e+00;40;6.38223e-01;6.28727e-01;4.81581e-01
nav-lives;me-hebbian-neuron;1;[8];252;25200;25200;3.60574e+02;36;1;1;1.00000e+00;1.00000e+00;1.00000e+00;40;6.95010e-01;6.99429e-01;4.59986e-01
nav-lives;me-hebbian-neuron;2;[8];253;25300;25300;3.61369e+02;34;1;1;1.00000e+00;1.00000e+00;1.00000e+00;40;6.38223e-01;6.28727e-01;4.81581e-01
nav-lives;me-hebbian-neuron;1;[8];253;25300;25300;3.62054e+02;36;1;1;1.00000e+00;1.00000e+00;1.00000e+00;40;6.95010e-01;6.99429e-01;4.59986e-01
nav-lives;me-hebbian-neuron;2;[8];254;25400;25400;3.62775e+02;34;1;1;1.00000e+00;1.00000e+00;1.00000e+00;40;6.38223e-01;6.28727e-01;4.81581e-01
nav-lives;me-hebbian-neuron;1;[8];254;25400;25400;3.63525e+02;36;1;1;1.00000e+00;1.00000e+00;1.00000e+00;40;6.95010e-01;6.99429e-01;4.59986e-01
nav-lives;me-hebbian-neuron;2;[8];255;25500;25500;3.64102e+02;34;1;1;1.00000e+00;1.00000e+00;1.00000e+00;40;6.38223e-01;6.28727e-01;4.81581e-01
nav-lives;me-hebbian-neuron;1;[8];255;25500;25500;3.64826e+02;36;1;1;1.00000e+00;1.00000e+00;1.00000e+00;40;6.95010e-01;6.99429e-01;4.59986e-01
nav-lives;me-hebbian-neuron;2;[8];256;25600;25600;3.65663e+02;34;1;1;1.00000e+00;1.00000e+00;1.00000e+00;40;6.38223e-01;6.28727e-01;4.81581e-01
nav-lives;me-hebbian-neuron;1;[8];256;25600;25600;3.66324e+02;36;1;1;1.00000e+00;1.00000e+00;1.00000e+00;40;6.95010e-01;6.99429e-01;4.59986e-01
nav-lives;me-hebbian-neuron;2;[8];257;25700;25700;3.66996e+02;34;1;1;1.00000e+00;1.00000e+00;1.00000e+00;40;6.38223e-01;6.28727e-01;4.81581e-01
nav-lives;me-hebbian-neuron;1;[8];257;25700;25700;3.67671e+02;36;1;1;1.00000e+00;1.00000e+00;1.00000e+00;40;6.95010e-01;6.99429e-01;4.59986e-01
nav-lives;me-hebbian-neuron;2;[8];258;25800;25800;3.68368e+02;34;1;1;1.00000e+00;1.00000e+00;1.00000e+00;40;6.38223e-01;6.28727e-01;4.81581e-01
nav-lives;me-hebbian-neuron;1;[8];258;25800;25800;3.69074e+02;36;1;1;1.00000e+00;1.00000e+00;1.00000e+00;40;6.95010e-01;6.99429e-01;4.59986e-01
nav-lives;me-hebbian-neuron;2;[8];259;25900;25900;3.69814e+02;34;1;1;1.00000e+00;1.00000e+00;1.00000e+00;40;6.38223e-01;6.28727e-01;4.81581e-01
nav-lives;me-hebbian-neuron;1;[8];259;25900;25900;3.70527e+02;36;1;1;1.00000e+00;1.00000e+00;1.00000e+00;40;6.95010e-01;6.99429e-01;4.59986e-01
nav-lives;me-hebbian-neuron;2;[8];260;26000;26000;3.71253e+02;34;1;1;1.00000e+00;1.00000e+00;1.00000e+00;40;6.38223e-01;6.28727e-01;4.81581e-01
nav-lives;me-hebbian-neuron;1;[8];260;26000;26000;3.71949e+02;36;1;1;1.00000e+00;1.00000e+00;1.00000e+00;40;6.95010e-01;6.99429e-01;4.59986e-01
nav-lives;me-hebbian-neuron;2;[8];261;26100;26100;3.72680e+02;34;1;1;1.00000e+00;1.00000e+00;1.00000e+00;40;6.38223e-01;6.28727e-01;4.81581e-01
nav-lives;me-hebbian-neuron;1;[8];261;26100;26100;3.73389e+02;36;1;1;1.00000e+00;1.00000e+00;1.00000e+00;40;6.95010e-01;6.99429e-01;4.59986e-01
nav-lives;me-hebbian-neuron;2;[8];262;26200;26200;3.74081e+02;34;1;1;1.00000e+00;1.00000e+00;1.00000e+00;40;6.38223e-01;6.28727e-01;4.81581e-01
nav-lives;me-hebbian-neuron;1;[8];262;26200;26200;3.74808e+02;36;1;1;1.00000e+00;1.00000e+00;1.00000e+00;40;6.95010e-01;6.99429e-01;4.59986e-01
nav-lives;me-hebbian-neuron;2;[8];263;26300;26300;3.75479e+02;34;1;1;1.00000e+00;1.00000e+00;1.00000e+00;40;6.38223e-01;6.28727e-01;4.81581e-01
nav-lives;me-hebbian-neuron;1;[8];263;26300;26300;3.76192e+02;36;1;1;1.00000e+00;1.00000e+00;1.00000e+00;40;6.95010e-01;6.99429e-01;4.59986e-01
nav-lives;me-hebbian-neuron;2;[8];264;26400;26400;3.76917e+02;34;1;1;1.00000e+00;1.00000e+00;1.00000e+00;40;6.38223e-01;6.28727e-01;4.81581e-01
nav-lives;me-hebbian-neuron;1;[8];264;26400;26400;3.77564e+02;36;1;1;1.00000e+00;1.00000e+00;1.00000e+00;40;6.95010e-01;6.99429e-01;4.59986e-01
nav-lives;me-hebbian-neuron;2;[8];265;26500;26500;3.78341e+02;34;1;1;1.00000e+00;1.00000e+00;1.00000e+00;40;6.38223e-01;6.28727e-01;4.81581e-01
nav-lives;me-hebbian-neuron;1;[8];265;26500;26500;3.79046e+02;36;1;1;1.00000e+00;1.00000e+00;1.00000e+00;40;6.95010e-01;6.99429e-01;4.59986e-01
nav-lives;me-hebbian-neuron;2;[8];266;26600;26600;3.79769e+02;34;1;1;1.00000e+00;1.00000e+00;1.00000e+00;40;6.38223e-01;6.28727e-01;4.81581e-01
nav-lives;me-hebbian-neuron;1;[8];266;26600;26600;3.80498e+02;36;1;1;1.00000e+00;1.00000e+00;1.00000e+00;40;6.95010e-01;6.99429e-01;4.59986e-01
nav-lives;me-hebbian-neuron;2;[8];267;26700;26700;3.81182e+02;34;1;1;1.00000e+00;1.00000e+00;1.00000e+00;40;6.38223e-01;6.28727e-01;4.81581e-01
nav-lives;me-hebbian-neuron;1;[8];267;26700;26700;3.81917e+02;36;1;1;1.00000e+00;1.00000e+00;1.00000e+00;40;6.95010e-01;6.99429e-01;4.59986e-01
nav-lives;me-hebbian-neuron;2;[8];268;26800;26800;3.82621e+02;34;1;1;1.00000e+00;1.00000e+00;1.00000e+00;40;6.38223e-01;6.28727e-01;4.81581e-01
nav-lives;me-hebbian-neuron;1;[8];268;26800;26800;3.83314e+02;36;1;1;1.00000e+00;1.00000e+00;1.00000e+00;40;6.95010e-01;6.99429e-01;4.59986e-01
nav-lives;me-hebbian-neuron;2;[8];269;26900;26900;3.84072e+02;34;1;1;1.00000e+00;1.00000e+00;1.00000e+00;40;6.38223e-01;6.28727e-01;4.81581e-01
nav-lives;me-hebbian-neuron;1;[8];269;26900;26900;3.84714e+02;36;1;1;1.00000e+00;1.00000e+00;1.00000e+00;40;6.95010e-01;6.99429e-01;4.59986e-01
nav-lives;me-hebbian-neuron;2;[8];270;27000;27000;3.85420e+02;34;1;1;1.00000e+00;1.00000e+00;1.00000e+00;40;6.38223e-01;6.28727e-01;4.81581e-01
nav-lives;me-hebbian-neuron;1;[8];270;27000;27000;3.86164e+02;36;1;1;1.00000e+00;1.00000e+00;1.00000e+00;40;6.95010e-01;6.99429e-01;4.59986e-01
nav-lives;me-hebbian-neuron;2;[8];271;27100;27100;3.86896e+02;34;1;1;1.00000e+00;1.00000e+00;1.00000e+00;40;6.38223e-01;6.28727e-01;4.81581e-01
nav-lives;me-hebbian-neuron;1;[8];271;27100;27100;3.87593e+02;36;1;1;1.00000e+00;1.00000e+00;1.00000e+00;40;6.95010e-01;6.99429e-01;4.59986e-01
nav-lives;me-hebbian-neuron;2;[8];272;27200;27200;3.88328e+02;34;1;1;1.00000e+00;1.00000e+00;1.00000e+00;40;6.38223e-01;6.28727e-01;4.81581e-01
nav-lives;me-hebbian-neuron;1;[8];272;27200;27200;3.89034e+02;36;1;1;1.00000e+00;1.00000e+00;1.00000e+00;40;6.95010e-01;6.99429e-01;4.59986e-01
nav-lives;me-hebbian-neuron;2;[8];273;27300;27300;3.89761e+02;34;1;1;1.00000e+00;1.00000e+00;1.00000e+00;40;6.38223e-01;6.28727e-01;4.81581e-01
nav-lives;me-hebbian-neuron;1;[8];273;27300;27300;3.90392e+02;36;1;1;1.00000e+00;1.00000e+00;1.00000e+00;40;6.95010e-01;6.99429e-01;4.59986e-01
nav-lives;me-hebbian-neuron;2;[8];274;27400;27400;3.91135e+02;34;1;1;1.00000e+00;1.00000e+00;1.00000e+00;40;6.38223e-01;6.28727e-01;4.81581e-01
nav-lives;me-hebbian-neuron;1;[8];274;27400;27400;3.91836e+02;36;1;1;1.00000e+00;1.00000e+00;1.00000e+00;40;6.95010e-01;6.99429e-01;4.59986e-01
nav-lives;me-hebbian-neuron;2;[8];275;27500;27500;3.92566e+02;34;1;1;1.00000e+00;1.00000e+00;1.00000e+00;40;6.38223e-01;6.28727e-01;4.81581e-01
nav-lives;me-hebbian-neuron;1;[8];275;27500;27500;3.93248e+02;36;1;1;1.00000e+00;1.00000e+00;1.00000e+00;40;6.95010e-01;6.99429e-01;4.59986e-01
nav-lives;me-hebbian-neuron;2;[8];276;27600;27600;3.94002e+02;35;1;1;1.00000e+00;1.00000e+00;1.00000e+00;40;6.38223e-01;6.28727e-01;4.81581e-01
nav-lives;me-hebbian-neuron;1;[8];276;27600;27600;3.94678e+02;36;1;1;1.00000e+00;1.00000e+00;1.00000e+00;40;6.95010e-01;6.99429e-01;4.59986e-01
nav-lives;me-hebbian-neuron;2;[8];277;27700;27700;3.95385e+02;35;1;1;1.00000e+00;1.00000e+00;1.00000e+00;40;6.38223e-01;6.28727e-01;4.81581e-01
nav-lives;me-hebbian-neuron;1;[8];277;27700;27700;3.96120e+02;36;1;1;1.00000e+00;1.00000e+00;1.00000e+00;40;6.95010e-01;6.99429e-01;4.59986e-01
nav-lives;me-hebbian-neuron;2;[8];278;27800;27800;3.96780e+02;35;1;1;1.00000e+00;1.00000e+00;1.00000e+00;40;6.38223e-01;6.28727e-01;4.81581e-01
nav-lives;me-hebbian-neuron;1;[8];278;27800;27800;3.97560e+02;36;1;1;1.00000e+00;1.00000e+00;1.00000e+00;40;6.95010e-01;6.99429e-01;4.59986e-01
nav-lives;me-hebbian-neuron;2;[8];279;27900;27900;3.98294e+02;35;1;1;1.00000e+00;1.00000e+00;1.00000e+00;40;6.38223e-01;6.28727e-01;4.81581e-01
nav-lives;me-hebbian-neuron;1;[8];279;27900;27900;3.99022e+02;36;1;1;1.00000e+00;1.00000e+00;1.00000e+00;40;6.95010e-01;6.99429e-01;4.59986e-01
nav-lives;me-hebbian-neuron;2;[8];280;28000;28000;3.99666e+02;35;1;1;1.00000e+00;1.00000e+00;1.00000e+00;40;6.38223e-01;6.28727e-01;4.81581e-01
nav-lives;me-hebbian-neuron;1;[8];280;28000;28000;4.00369e+02;36;1;1;1.00000e+00;1.00000e+00;1.00000e+00;40;6.95010e-01;6.99429e-01;4.59986e-01
nav-lives;me-hebbian-neuron;2;[8];281;28100;28100;4.01107e+02;35;1;1;1.00000e+00;1.00000e+00;1.00000e+00;40;6.38223e-01;6.28727e-01;4.81581e-01
nav-lives;me-hebbian-neuron;1;[8];281;28100;28100;4.01807e+02;36;1;1;1.00000e+00;1.00000e+00;1.00000e+00;40;6.95010e-01;6.99429e-01;4.59986e-01
nav-lives;me-hebbian-neuron;2;[8];282;28200;28200;4.02564e+02;35;1;1;1.00000e+00;1.00000e+00;1.00000e+00;40;6.38223e-01;6.28727e-01;4.81581e-01
nav-lives;me-hebbian-neuron;1;[8];282;28200;28200;4.03258e+02;36;1;1;1.00000e+00;1.00000e+00;1.00000e+00;40;6.95010e-01;6.99429e-01;4.59986e-01
nav-lives;me-hebbian-neuron;2;[8];283;28300;28300;4.03958e+02;35;1;1;1.00000e+00;1.00000e+00;1.00000e+00;40;6.38223e-01;6.28727e-01;4.81581e-01
nav-lives;me-hebbian-neuron;1;[8];283;28300;28300;4.04725e+02;36;1;1;1.00000e+00;1.00000e+00;1.00000e+00;40;6.95010e-01;6.99429e-01;4.59986e-01
nav-lives;me-hebbian-neuron;2;[8];284;28400;28400;4.05518e+02;35;1;1;1.00000e+00;1.00000e+00;1.00000e+00;40;6.38223e-01;6.28727e-01;4.81581e-01
nav-lives;me-hebbian-neuron;1;[8];284;28400;28400;4.06092e+02;36;1;1;1.00000e+00;1.00000e+00;1.00000e+00;40;6.95010e-01;6.99429e-01;4.59986e-01
nav-lives;me-hebbian-neuron;2;[8];285;28500;28500;4.06831e+02;35;1;1;1.00000e+00;1.00000e+00;1.00000e+00;40;6.38223e-01;6.28727e-01;4.81581e-01
nav-lives;me-hebbian-neuron;1;[8];285;28500;28500;4.07549e+02;36;1;1;1.00000e+00;1.00000e+00;1.00000e+00;40;6.95010e-01;6.99429e-01;4.59986e-01
nav-lives;me-hebbian-neuron;2;[8];286;28600;28600;4.08247e+02;35;1;1;1.00000e+00;1.00000e+00;1.00000e+00;40;6.38223e-01;6.28727e-01;4.81581e-01
nav-lives;me-hebbian-neuron;1;[8];286;28600;28600;4.08934e+02;36;1;1;1.00000e+00;1.00000e+00;1.00000e+00;40;6.95010e-01;6.99429e-01;4.59986e-01
nav-lives;me-hebbian-neuron;2;[8];287;28700;28700;4.09682e+02;35;1;1;1.00000e+00;1.00000e+00;1.00000e+00;40;6.38223e-01;6.28727e-01;4.81581e-01
nav-lives;me-hebbian-neuron;1;[8];287;28700;28700;4.10312e+02;36;1;1;1.00000e+00;1.00000e+00;1.00000e+00;40;6.95010e-01;6.99429e-01;4.59986e-01
nav-lives;me-hebbian-neuron;2;[8];288;28800;28800;4.11088e+02;35;1;1;1.00000e+00;1.00000e+00;1.00000e+00;40;6.38223e-01;6.28727e-01;4.81581e-01
nav-lives;me-hebbian-neuron;1;[8];288;28800;28800;4.11809e+02;36;1;1;1.00000e+00;1.00000e+00;1.00000e+00;40;6.95010e-01;6.99429e-01;4.59986e-01
nav-lives;me-hebbian-neuron;2;[8];289;28900;28900;4.12529e+02;35;1;1;1.00000e+00;1.00000e+00;1.00000e+00;40;6.38223e-01;6.28727e-01;4.81581e-01
nav-lives;me-hebbian-neuron;1;[8];289;28900;28900;4.13183e+02;36;1;1;1.00000e+00;1.00000e+00;1.00000e+00;40;6.95010e-01;6.99429e-01;4.59986e-01
nav-lives;me-hebbian-neuron;2;[8];290;29000;29000;4.13977e+02;35;1;1;1.00000e+00;1.00000e+00;1.00000e+00;40;6.44678e-01;6.53347e-01;4.79798e-01
nav-lives;me-hebbian-neuron;1;[8];290;29000;29000;4.14670e+02;36;1;1;1.00000e+00;1.00000e+00;1.00000e+00;40;6.95010e-01;6.99429e-01;4.59986e-01
nav-lives;me-hebbian-neuron;2;[8];291;29100;29100;4.15355e+02;35;1;1;1.00000e+00;1.00000e+00;1.00000e+00;40;6.44678e-01;6.53347e-01;4.79798e-01
nav-lives;me-hebbian-neuron;1;[8];291;29100;29100;4.16027e+02;36;1;1;1.00000e+00;1.00000e+00;1.00000e+00;40;6.95010e-01;6.99429e-01;4.59986e-01
nav-lives;me-hebbian-neuron;2;[8];292;29200;29200;4.16819e+02;35;1;1;1.00000e+00;1.00000e+00;1.00000e+00;40;6.44678e-01;6.53347e-01;4.79798e-01
nav-lives;me-hebbian-neuron;1;[8];292;29200;29200;4.17443e+02;36;1;1;1.00000e+00;1.00000e+00;1.00000e+00;40;6.95010e-01;6.99429e-01;4.59986e-01
nav-lives;me-hebbian-neuron;2;[8];293;29300;29300;4.18211e+02;35;1;1;1.00000e+00;1.00000e+00;1.00000e+00;40;6.44678e-01;6.53347e-01;4.79798e-01
nav-lives;me-hebbian-neuron;1;[8];293;29300;29300;4.18875e+02;36;1;1;1.00000e+00;1.00000e+00;1.00000e+00;40;6.95010e-01;6.99429e-01;4.59986e-01
nav-lives;me-hebbian-neuron;2;[8];294;29400;29400;4.19649e+02;35;1;1;1.00000e+00;1.00000e+00;1.00000e+00;40;6.44678e-01;6.53347e-01;4.79798e-01
nav-lives;me-hebbian-neuron;1;[8];294;29400;29400;4.20321e+02;36;1;1;1.00000e+00;1.00000e+00;1.00000e+00;40;6.95010e-01;6.99429e-01;4.59986e-01
nav-lives;me-hebbian-neuron;2;[8];295;29500;29500;4.21038e+02;35;1;1;1.00000e+00;1.00000e+00;1.00000e+00;40;6.44678e-01;6.53347e-01;4.79798e-01
nav-lives;me-hebbian-neuron;1;[8];295;29500;29500;4.21728e+02;36;1;1;1.00000e+00;1.00000e+00;1.00000e+00;40;6.95010e-01;6.99429e-01;4.59986e-01
nav-lives;me-hebbian-neuron;2;[8];296;29600;29600;4.22450e+02;35;1;1;1.00000e+00;1.00000e+00;1.00000e+00;40;6.44678e-01;6.53347e-01;4.79798e-01
nav-lives;me-hebbian-neuron;1;[8];296;29600;29600;4.23176e+02;36;1;1;1.00000e+00;1.00000e+00;1.00000e+00;40;6.95010e-01;6.99429e-01;4.59986e-01
nav-lives;me-hebbian-neuron;2;[8];297;29700;29700;4.23946e+02;35;1;1;1.00000e+00;1.00000e+00;1.00000e+00;40;6.44678e-01;6.53347e-01;4.79798e-01
nav-lives;me-hebbian-neuron;1;[8];297;29700;29700;4.24598e+02;36;1;1;1.00000e+00;1.00000e+00;1.00000e+00;40;6.95010e-01;6.99429e-01;4.59986e-01
nav-lives;me-hebbian-neuron;2;[8];298;29800;29800;4.25295e+02;35;1;1;1.00000e+00;1.00000e+00;1.00000e+00;40;6.44678e-01;6.53347e-01;4.79798e-01
nav-lives;me-hebbian-neuron;1;[8];298;29800;29800;4.26003e+02;36;1;1;1.00000e+00;1.00000e+00;1.00000e+00;40;6.95010e-01;6.99429e-01;4.59986e-01
nav-lives;me-hebbian-neuron;2;[8];299;29900;29900;4.26688e+02;35;1;1;1.00000e+00;1.00000e+00;1.00000e+00;40;6.44678e-01;6.53347e-01;4.79798e-01
nav-lives;me-hebbian-neuron;1;[8];299;29900;29900;4.27433e+02;36;1;1;1.00000e+00;1.00000e+00;1.00000e+00;40;6.95010e-01;6.99429e-01;4.59986e-01
nav-lives;me-hebbian-neuron;2;[8];300;30000;30000;4.28151e+02;35;1;1;1.00000e+00;1.00000e+00;1.00000e+00;40;6.44678e-01;6.53347e-01;4.79798e-01
nav-lives;me-hebbian-neuron;1;[8];300;30000;30000;4.28860e+02;36;1;1;1.00000e+00;1.00000e+00;1.00000e+00;40;6.95010e-01;6.99429e-01;4.59986e-01
nav-lives;me-hebbian-neuron;2;[8];301;30100;30100;4.29605e+02;35;1;1;1.00000e+00;1.00000e+00;1.00000e+00;40;6.44678e-01;6.53347e-01;4.79798e-01
nav-lives;me-hebbian-neuron;1;[8];301;30100;30100;4.30294e+02;36;1;1;1.00000e+00;1.00000e+00;1.00000e+00;40;6.95010e-01;6.99429e-01;4.59986e-01
nav-lives;me-hebbian-neuron;2;[8];302;30200;30200;4.31094e+02;35;1;1;1.00000e+00;1.00000e+00;1.00000e+00;40;6.44678e-01;6.53347e-01;4.79798e-01
nav-lives;me-hebbian-neuron;1;[8];302;30200;30200;4.31747e+02;36;1;1;1.00000e+00;1.00000e+00;1.00000e+00;40;6.95010e-01;6.99429e-01;4.59986e-01
nav-lives;me-hebbian-neuron;2;[8];303;30300;30300;4.32422e+02;35;1;1;1.00000e+00;1.00000e+00;1.00000e+00;40;6.44678e-01;6.53347e-01;4.79798e-01
nav-lives;me-hebbian-neuron;1;[8];303;30300;30300;4.33115e+02;36;1;1;1.00000e+00;1.00000e+00;1.00000e+00;40;6.95010e-01;6.99429e-01;4.59986e-01
nav-lives;me-hebbian-neuron;2;[8];304;30400;30400;4.33847e+02;35;1;1;1.00000e+00;1.00000e+00;1.00000e+00;40;6.44678e-01;6.53347e-01;4.79798e-01
nav-lives;me-hebbian-neuron;1;[8];304;30400;30400;4.34552e+02;36;1;1;1.00000e+00;1.00000e+00;1.00000e+00;40;6.95010e-01;6.99429e-01;4.59986e-01
nav-lives;me-hebbian-neuron;2;[8];305;30500;30500;4.35285e+02;35;1;1;1.00000e+00;1.00000e+00;1.00000e+00;40;6.44678e-01;6.53347e-01;4.79798e-01
nav-lives;me-hebbian-neuron;1;[8];305;30500;30500;4.35944e+02;36;1;1;1.00000e+00;1.00000e+00;1.00000e+00;40;6.95010e-01;6.99429e-01;4.59986e-01
nav-lives;me-hebbian-neuron;2;[8];306;30600;30600;4.36691e+02;35;1;1;1.00000e+00;1.00000e+00;1.00000e+00;40;6.44678e-01;6.53347e-01;4.79798e-01
nav-lives;me-hebbian-neuron;1;[8];306;30600;30600;4.37410e+02;36;1;1;1.00000e+00;1.00000e+00;1.00000e+00;40;6.95010e-01;6.99429e-01;4.59986e-01
nav-lives;me-hebbian-neuron;2;[8];307;30700;30700;4.38052e+02;35;1;1;1.00000e+00;1.00000e+00;1.00000e+00;40;6.44678e-01;6.53347e-01;4.79798e-01
nav-lives;me-hebbian-neuron;1;[8];307;30700;30700;4.38783e+02;36;1;1;1.00000e+00;1.00000e+00;1.00000e+00;40;6.95010e-01;6.99429e-01;4.59986e-01
nav-lives;me-hebbian-neuron;2;[8];308;30800;30800;4.39532e+02;35;1;1;1.00000e+00;1.00000e+00;1.00000e+00;40;6.44678e-01;6.53347e-01;4.79798e-01
nav-lives;me-hebbian-neuron;1;[8];308;30800;30800;4.40311e+02;36;1;1;1.00000e+00;1.00000e+00;1.00000e+00;40;6.95010e-01;6.99429e-01;4.59986e-01
nav-lives;me-hebbian-neuron;2;[8];309;30900;30900;4.40898e+02;35;1;1;1.00000e+00;1.00000e+00;1.00000e+00;40;6.44678e-01;6.53347e-01;4.79798e-01
nav-lives;me-hebbian-neuron;1;[8];309;30900;30900;4.41731e+02;36;1;1;1.00000e+00;1.00000e+00;1.00000e+00;40;6.95010e-01;6.99429e-01;4.59986e-01
nav-lives;me-hebbian-neuron;2;[8];310;31000;31000;4.42401e+02;35;1;1;1.00000e+00;1.00000e+00;1.00000e+00;40;6.44678e-01;6.53347e-01;4.79798e-01
nav-lives;me-hebbian-neuron;1;[8];310;31000;31000;4.43162e+02;36;1;1;1.00000e+00;1.00000e+00;1.00000e+00;40;6.95010e-01;6.99429e-01;4.59986e-01
nav-lives;me-hebbian-neuron;2;[8];311;31100;31100;4.43830e+02;35;1;1;1.00000e+00;1.00000e+00;1.00000e+00;40;6.44678e-01;6.53347e-01;4.79798e-01
nav-lives;me-hebbian-neuron;1;[8];311;31100;31100;4.44586e+02;36;1;1;1.00000e+00;1.00000e+00;1.00000e+00;40;6.95010e-01;6.99429e-01;4.59986e-01
nav-lives;me-hebbian-neuron;2;[8];312;31200;31200;4.45289e+02;35;1;1;1.00000e+00;1.00000e+00;1.00000e+00;40;6.44678e-01;6.53347e-01;4.79798e-01
nav-lives;me-hebbian-neuron;1;[8];312;31200;31200;4.46081e+02;36;1;1;1.00000e+00;1.00000e+00;1.00000e+00;40;6.95010e-01;6.99429e-01;4.59986e-01
nav-lives;me-hebbian-neuron;2;[8];313;31300;31300;4.46745e+02;35;1;1;1.00000e+00;1.00000e+00;1.00000e+00;40;6.44678e-01;6.53347e-01;4.79798e-01
nav-lives;me-hebbian-neuron;1;[8];313;31300;31300;4.47423e+02;36;1;1;1.00000e+00;1.00000e+00;1.00000e+00;40;6.95010e-01;6.99429e-01;4.59986e-01
nav-lives;me-hebbian-neuron;2;[8];314;31400;31400;4.48144e+02;35;1;1;1.00000e+00;1.00000e+00;1.00000e+00;40;6.44678e-01;6.53347e-01;4.79798e-01
nav-lives;me-hebbian-neuron;1;[8];314;31400;31400;4.48918e+02;36;1;1;1.00000e+00;1.00000e+00;1.00000e+00;40;6.95010e-01;6.99429e-01;4.59986e-01
nav-lives;me-hebbian-neuron;2;[8];315;31500;31500;4.49579e+02;35;1;1;1.00000e+00;1.00000e+00;1.00000e+00;40;6.44678e-01;6.53347e-01;4.79798e-01
nav-lives;me-hebbian-neuron;1;[8];315;31500;31500;4.50333e+02;36;1;1;1.00000e+00;1.00000e+00;1.00000e+00;40;6.95010e-01;6.99429e-01;4.59986e-01
nav-lives;me-hebbian-neuron;2;[8];316;31600;31600;4.50927e+02;35;1;1;1.00000e+00;1.00000e+00;1.00000e+00;40;6.44678e-01;6.53347e-01;4.79798e-01
nav-lives;me-hebbian-neuron;1;[8];316;31600;31600;4.51676e+02;36;1;1;1.00000e+00;1.00000e+00;1.00000e+00;40;6.95010e-01;6.99429e-01;4.59986e-01
nav-lives;me-hebbian-neuron;2;[8];317;31700;31700;4.52334e+02;35;1;1;1.00000e+00;1.00000e+00;1.00000e+00;40;6.44678e-01;6.53347e-01;4.79798e-01
nav-lives;me-hebbian-neuron;1;[8];317;31700;31700;4.53059e+02;36;1;1;1.00000e+00;1.00000e+00;1.00000e+00;40;6.95010e-01;6.99429e-01;4.59986e-01
nav-lives;me-hebbian-neuron;2;[8];318;31800;31800;4.53795e+02;35;1;1;1.00000e+00;1.00000e+00;1.00000e+00;40;6.44678e-01;6.53347e-01;4.79798e-01
nav-lives;me-hebbian-neuron;1;[8];318;31800;31800;4.54499e+02;36;1;1;1.00000e+00;1.00000e+00;1.00000e+00;40;6.95010e-01;6.99429e-01;4.59986e-01
nav-lives;me-hebbian-neuron;2;[8];319;31900;31900;4.55225e+02;35;1;1;1.00000e+00;1.00000e+00;1.00000e+00;40;6.44678e-01;6.53347e-01;4.79798e-01
nav-lives;me-hebbian-neuron;1;[8];319;31900;31900;4.55970e+02;36;1;1;1.00000e+00;1.00000e+00;1.00000e+00;40;6.95010e-01;6.99429e-01;4.59986e-01
nav-lives;me-hebbian-neuron;2;[8];320;32000;32000;4.56619e+02;35;1;1;1.00000e+00;1.00000e+00;1.00000e+00;40;6.44678e-01;6.53347e-01;4.79798e-01
nav-lives;me-hebbian-neuron;1;[8];320;32000;32000;4.57333e+02;36;1;1;1.00000e+00;1.00000e+00;1.00000e+00;40;6.95010e-01;6.99429e-01;4.59986e-01
nav-lives;me-hebbian-neuron;2;[8];321;32100;32100;4.58015e+02;35;1;1;1.00000e+00;1.00000e+00;1.00000e+00;40;6.44678e-01;6.53347e-01;4.79798e-01
nav-lives;me-hebbian-neuron;1;[8];321;32100;32100;4.58710e+02;36;1;1;1.00000e+00;1.00000e+00;1.00000e+00;40;6.95010e-01;6.99429e-01;4.59986e-01
nav-lives;me-hebbian-neuron;2;[8];322;32200;32200;4.59476e+02;35;1;1;1.00000e+00;1.00000e+00;1.00000e+00;40;6.44678e-01;6.53347e-01;4.79798e-01
nav-lives;me-hebbian-neuron;1;[8];322;32200;32200;4.60120e+02;36;1;1;1.00000e+00;1.00000e+00;1.00000e+00;40;6.95010e-01;6.99429e-01;4.59986e-01
nav-lives;me-hebbian-neuron;2;[8];323;32300;32300;4.60964e+02;35;1;1;1.00000e+00;1.00000e+00;1.00000e+00;40;6.44678e-01;6.53347e-01;4.79798e-01
nav-lives;me-hebbian-neuron;1;[8];323;32300;32300;4.61732e+02;36;1;1;1.00000e+00;1.00000e+00;1.00000e+00;40;6.95010e-01;6.99429e-01;4.59986e-01
nav-lives;me-hebbian-neuron;2;[8];324;32400;32400;4.62321e+02;35;1;1;1.00000e+00;1.00000e+00;1.00000e+00;40;6.44678e-01;6.53347e-01;4.79798e-01
nav-lives;me-hebbian-neuron;1;[8];324;32400;32400;4.63059e+02;36;1;1;1.00000e+00;1.00000e+00;1.00000e+00;40;6.95010e-01;6.99429e-01;4.59986e-01
nav-lives;me-hebbian-neuron;2;[8];325;32500;32500;4.63806e+02;35;1;1;1.00000e+00;1.00000e+00;1.00000e+00;40;6.44678e-01;6.53347e-01;4.79798e-01
nav-lives;me-hebbian-neuron;1;[8];325;32500;32500;4.64497e+02;36;1;1;1.00000e+00;1.00000e+00;1.00000e+00;40;6.95010e-01;6.99429e-01;4.59986e-01
nav-lives;me-hebbian-neuron;2;[8];326;32600;32600;4.65141e+02;35;1;1;1.00000e+00;1.00000e+00;1.00000e+00;40;6.44678e-01;6.53347e-01;4.79798e-01
nav-lives;me-hebbian-neuron;1;[8];326;32600;32600;4.65894e+02;36;1;1;1.00000e+00;1.00000e+00;1.00000e+00;40;6.95010e-01;6.99429e-01;4.59986e-01
nav-lives;me-hebbian-neuron;2;[8];327;32700;32700;4.66593e+02;35;1;1;1.00000e+00;1.00000e+00;1.00000e+00;40;6.44678e-01;6.53347e-01;4.79798e-01
nav-lives;me-hebbian-neuron;1;[8];327;32700;32700;4.67332e+02;36;1;1;1.00000e+00;1.00000e+00;1.00000e+00;40;6.95010e-01;6.99429e-01;4.59986e-01
nav-lives;me-hebbian-neuron;2;[8];328;32800;32800;4.68131e+02;35;1;1;1.00000e+00;1.00000e+00;1.00000e+00;40;6.44678e-01;6.53347e-01;4.79798e-01
nav-lives;me-hebbian-neuron;1;[8];328;32800;32800;4.68705e+02;36;1;1;1.00000e+00;1.00000e+00;1.00000e+00;40;6.95010e-01;6.99429e-01;4.59986e-01
nav-lives;me-hebbian-neuron;2;[8];329;32900;32900;4.69424e+02;35;1;1;1.00000e+00;1.00000e+00;1.00000e+00;40;6.44678e-01;6.53347e-01;4.79798e-01
nav-lives;me-hebbian-neuron;1;[8];329;32900;32900;4.70128e+02;36;1;1;1.00000e+00;1.00000e+00;1.00000e+00;40;6.95010e-01;6.99429e-01;4.59986e-01
nav-lives;me-hebbian-neuron;2;[8];330;33000;33000;4.70864e+02;35;1;1;1.00000e+00;1.00000e+00;1.00000e+00;40;6.44678e-01;6.53347e-01;4.79798e-01
nav-lives;me-hebbian-neuron;1;[8];330;33000;33000;4.71552e+02;36;1;1;1.00000e+00;1.00000e+00;1.00000e+00;40;6.95010e-01;6.99429e-01;4.59986e-01
nav-lives;me-hebbian-neuron;2;[8];331;33100;33100;4.72256e+02;35;1;1;1.00000e+00;1.00000e+00;1.00000e+00;40;6.44678e-01;6.53347e-01;4.79798e-01
nav-lives;me-hebbian-neuron;1;[8];331;33100;33100;4.73001e+02;36;1;1;1.00000e+00;1.00000e+00;1.00000e+00;40;6.95010e-01;6.99429e-01;4.59986e-01
nav-lives;me-hebbian-neuron;2;[8];332;33200;33200;4.73709e+02;35;1;1;1.00000e+00;1.00000e+00;1.00000e+00;40;6.44678e-01;6.53347e-01;4.79798e-01
nav-lives;me-hebbian-neuron;1;[8];332;33200;33200;4.74371e+02;36;1;1;1.00000e+00;1.00000e+00;1.00000e+00;40;6.95010e-01;6.99429e-01;4.59986e-01
nav-lives;me-hebbian-neuron;2;[8];333;33300;33300;4.75174e+02;35;1;1;1.00000e+00;1.00000e+00;1.00000e+00;40;6.44678e-01;6.53347e-01;4.79798e-01
nav-lives;me-hebbian-neuron;1;[8];333;33300;33300;4.75801e+02;36;1;1;1.00000e+00;1.00000e+00;1.00000e+00;40;6.95010e-01;6.99429e-01;4.59986e-01
nav-lives;me-hebbian-neuron;2;[8];334;33400;33400;4.76585e+02;35;1;1;1.00000e+00;1.00000e+00;1.00000e+00;40;6.44678e-01;6.53347e-01;4.79798e-01
nav-lives;me-hebbian-neuron;1;[8];334;33400;33400;4.77339e+02;36;1;1;1.00000e+00;1.00000e+00;1.00000e+00;40;6.95010e-01;6.99429e-01;4.59986e-01
nav-lives;me-hebbian-neuron;2;[8];335;33500;33500;4.78076e+02;35;1;1;1.00000e+00;1.00000e+00;1.00000e+00;40;6.44678e-01;6.53347e-01;4.79798e-01
nav-lives;me-hebbian-neuron;1;[8];335;33500;33500;4.78653e+02;36;1;1;1.00000e+00;1.00000e+00;1.00000e+00;40;6.95010e-01;6.99429e-01;4.59986e-01
nav-lives;me-hebbian-neuron;2;[8];336;33600;33600;4.79357e+02;35;1;1;1.00000e+00;1.00000e+00;1.00000e+00;40;6.44678e-01;6.53347e-01;4.79798e-01
nav-lives;me-hebbian-neuron;1;[8];336;33600;33600;4.80118e+02;36;1;1;1.00000e+00;1.00000e+00;1.00000e+00;40;6.95010e-01;6.99429e-01;4.59986e-01
nav-lives;me-hebbian-neuron;2;[8];337;33700;33700;4.80835e+02;35;1;1;1.00000e+00;1.00000e+00;1.00000e+00;40;6.44678e-01;6.53347e-01;4.79798e-01
nav-lives;me-hebbian-neuron;1;[8];337;33700;33700;4.81511e+02;36;1;1;1.00000e+00;1.00000e+00;1.00000e+00;40;6.95010e-01;6.99429e-01;4.59986e-01
nav-lives;me-hebbian-neuron;2;[8];338;33800;33800;4.82258e+02;35;1;1;1.00000e+00;1.00000e+00;1.00000e+00;40;6.44678e-01;6.53347e-01;4.79798e-01
nav-lives;me-hebbian-neuron;1;[8];338;33800;33800;4.83025e+02;36;1;1;1.00000e+00;1.00000e+00;1.00000e+00;40;6.95010e-01;6.99429e-01;4.59986e-01
nav-lives;me-hebbian-neuron;2;[8];339;33900;33900;4.83633e+02;35;1;1;1.00000e+00;1.00000e+00;1.00000e+00;40;6.44678e-01;6.53347e-01;4.79798e-01
nav-lives;me-hebbian-neuron;1;[8];339;33900;33900;4.84335e+02;36;1;1;1.00000e+00;1.00000e+00;1.00000e+00;40;6.95010e-01;6.99429e-01;4.59986e-01
nav-lives;me-hebbian-neuron;2;[8];340;34000;34000;4.85114e+02;35;1;1;1.00000e+00;1.00000e+00;1.00000e+00;40;6.44678e-01;6.53347e-01;4.79798e-01
nav-lives;me-hebbian-neuron;1;[8];340;34000;34000;4.85810e+02;36;1;1;1.00000e+00;1.00000e+00;1.00000e+00;40;6.95010e-01;6.99429e-01;4.59986e-01
nav-lives;me-hebbian-neuron;2;[8];341;34100;34100;4.86482e+02;35;1;1;1.00000e+00;1.00000e+00;1.00000e+00;40;6.44678e-01;6.53347e-01;4.79798e-01
nav-lives;me-hebbian-neuron;1;[8];341;34100;34100;4.87188e+02;36;1;1;1.00000e+00;1.00000e+00;1.00000e+00;40;6.95010e-01;6.99429e-01;4.59986e-01
nav-lives;me-hebbian-neuron;2;[8];342;34200;34200;4.87942e+02;35;1;1;1.00000e+00;1.00000e+00;1.00000e+00;40;6.44678e-01;6.53347e-01;4.79798e-01
nav-lives;me-hebbian-neuron;1;[8];342;34200;34200;4.88619e+02;36;1;1;1.00000e+00;1.00000e+00;1.00000e+00;40;6.95010e-01;6.99429e-01;4.59986e-01
nav-lives;me-hebbian-neuron;2;[8];343;34300;34300;4.89370e+02;35;1;1;1.00000e+00;1.00000e+00;1.00000e+00;40;6.44678e-01;6.53347e-01;4.79798e-01
nav-lives;me-hebbian-neuron;1;[8];343;34300;34300;4.90072e+02;36;1;1;1.00000e+00;1.00000e+00;1.00000e+00;40;6.95010e-01;6.99429e-01;4.59986e-01
nav-lives;me-hebbian-neuron;2;[8];344;34400;34400;4.90735e+02;35;1;1;1.00000e+00;1.00000e+00;1.00000e+00;40;6.44678e-01;6.53347e-01;4.79798e-01
nav-lives;me-hebbian-neuron;1;[8];344;34400;34400;4.91504e+02;36;1;1;1.00000e+00;1.00000e+00;1.00000e+00;40;6.95010e-01;6.99429e-01;4.59986e-01
nav-lives;me-hebbian-neuron;2;[8];345;34500;34500;4.92225e+02;35;1;1;1.00000e+00;1.00000e+00;1.00000e+00;40;6.44678e-01;6.53347e-01;4.79798e-01
nav-lives;me-hebbian-neuron;1;[8];345;34500;34500;4.92882e+02;36;1;1;1.00000e+00;1.00000e+00;1.00000e+00;40;6.95010e-01;6.99429e-01;4.59986e-01
nav-lives;me-hebbian-neuron;2;[8];346;34600;34600;4.93690e+02;35;1;1;1.00000e+00;1.00000e+00;1.00000e+00;40;6.44678e-01;6.53347e-01;4.79798e-01
nav-lives;me-hebbian-neuron;1;[8];346;34600;34600;4.94322e+02;36;1;1;1.00000e+00;1.00000e+00;1.00000e+00;40;6.95010e-01;6.99429e-01;4.59986e-01
nav-lives;me-hebbian-neuron;2;[8];347;34700;34700;4.95010e+02;35;1;1;1.00000e+00;1.00000e+00;1.00000e+00;40;6.44678e-01;6.53347e-01;4.79798e-01
nav-lives;me-hebbian-neuron;1;[8];347;34700;34700;4.95701e+02;36;1;1;1.00000e+00;1.00000e+00;1.00000e+00;40;6.95010e-01;6.99429e-01;4.59986e-01
nav-lives;me-hebbian-neuron;2;[8];348;34800;34800;4.96416e+02;35;1;1;1.00000e+00;1.00000e+00;1.00000e+00;40;6.44678e-01;6.53347e-01;4.79798e-01
nav-lives;me-hebbian-neuron;1;[8];348;34800;34800;4.97215e+02;36;1;1;1.00000e+00;1.00000e+00;1.00000e+00;40;6.95010e-01;6.99429e-01;4.59986e-01
nav-lives;me-hebbian-neuron;2;[8];349;34900;34900;4.97904e+02;35;1;1;1.00000e+00;1.00000e+00;1.00000e+00;40;6.44678e-01;6.53347e-01;4.79798e-01
nav-lives;me-hebbian-neuron;1;[8];349;34900;34900;4.98524e+02;36;1;1;1.00000e+00;1.00000e+00;1.00000e+00;40;6.95010e-01;6.99429e-01;4.59986e-01
nav-lives;me-hebbian-neuron;2;[8];350;35000;35000;4.99315e+02;35;1;1;1.00000e+00;1.00000e+00;1.00000e+00;40;6.44678e-01;6.53347e-01;4.79798e-01
nav-lives;me-hebbian-neuron;1;[8];350;35000;35000;5.00058e+02;36;1;1;1.00000e+00;1.00000e+00;1.00000e+00;40;6.95010e-01;6.99429e-01;4.59986e-01
nav-lives;me-hebbian-neuron;2;[8];351;35100;35100;5.00736e+02;35;1;1;1.00000e+00;1.00000e+00;1.00000e+00;40;6.44678e-01;6.53347e-01;4.79798e-01
nav-lives;me-hebbian-neuron;1;[8];351;35100;35100;5.01440e+02;36;1;1;1.00000e+00;1.00000e+00;1.00000e+00;40;6.95010e-01;6.99429e-01;4.59986e-01
nav-lives;me-hebbian-neuron;2;[8];352;35200;35200;5.02203e+02;35;1;1;1.00000e+00;1.00000e+00;1.00000e+00;40;6.44678e-01;6.53347e-01;4.79798e-01
nav-lives;me-hebbian-neuron;1;[8];352;35200;35200;5.02899e+02;36;1;1;1.00000e+00;1.00000e+00;1.00000e+00;40;6.95010e-01;6.99429e-01;4.59986e-01
nav-lives;me-hebbian-neuron;2;[8];353;35300;35300;5.03640e+02;35;1;1;1.00000e+00;1.00000e+00;1.00000e+00;40;6.44678e-01;6.53347e-01;4.79798e-01
nav-lives;me-hebbian-neuron;1;[8];353;35300;35300;5.04332e+02;36;1;1;1.00000e+00;1.00000e+00;1.00000e+00;40;6.95010e-01;6.99429e-01;4.59986e-01
nav-lives;me-hebbian-neuron;2;[8];354;35400;35400;5.05007e+02;35;1;1;1.00000e+00;1.00000e+00;1.00000e+00;40;6.44678e-01;6.53347e-01;4.79798e-01
nav-lives;me-hebbian-neuron;1;[8];354;35400;35400;5.05764e+02;36;1;1;1.00000e+00;1.00000e+00;1.00000e+00;40;6.95010e-01;6.99429e-01;4.59986e-01
nav-lives;me-hebbian-neuron;2;[8];355;35500;35500;5.06522e+02;35;1;1;1.00000e+00;1.00000e+00;1.00000e+00;40;6.44678e-01;6.53347e-01;4.79798e-01
nav-lives;me-hebbian-neuron;1;[8];355;35500;35500;5.07136e+02;36;1;1;1.00000e+00;1.00000e+00;1.00000e+00;40;6.95010e-01;6.99429e-01;4.59986e-01
nav-lives;me-hebbian-neuron;2;[8];356;35600;35600;5.07866e+02;35;1;1;1.00000e+00;1.00000e+00;1.00000e+00;40;6.44678e-01;6.53347e-01;4.79798e-01
nav-lives;me-hebbian-neuron;1;[8];356;35600;35600;5.08549e+02;36;1;1;1.00000e+00;1.00000e+00;1.00000e+00;40;6.95010e-01;6.99429e-01;4.59986e-01
nav-lives;me-hebbian-neuron;2;[8];357;35700;35700;5.09290e+02;35;1;1;1.00000e+00;1.00000e+00;1.00000e+00;40;6.44678e-01;6.53347e-01;4.79798e-01
nav-lives;me-hebbian-neuron;1;[8];357;35700;35700;5.09997e+02;36;1;1;1.00000e+00;1.00000e+00;1.00000e+00;40;6.95010e-01;6.99429e-01;4.59986e-01
nav-lives;me-hebbian-neuron;2;[8];358;35800;35800;5.10713e+02;35;1;1;1.00000e+00;1.00000e+00;1.00000e+00;40;6.44678e-01;6.53347e-01;4.79798e-01
nav-lives;me-hebbian-neuron;1;[8];358;35800;35800;5.11383e+02;36;1;1;1.00000e+00;1.00000e+00;1.00000e+00;40;6.95010e-01;6.99429e-01;4.59986e-01
nav-lives;me-hebbian-neuron;2;[8];359;35900;35900;5.12163e+02;35;1;1;1.00000e+00;1.00000e+00;1.00000e+00;40;6.44678e-01;6.53347e-01;4.79798e-01
nav-lives;me-hebbian-neuron;1;[8];359;35900;35900;5.12808e+02;36;1;1;1.00000e+00;1.00000e+00;1.00000e+00;40;6.95010e-01;6.99429e-01;4.59986e-01
nav-lives;me-hebbian-neuron;2;[8];360;36000;36000;5.13567e+02;35;1;1;1.00000e+00;1.00000e+00;1.00000e+00;40;6.44678e-01;6.53347e-01;4.79798e-01
nav-lives;me-hebbian-neuron;1;[8];360;36000;36000;5.14254e+02;36;1;1;1.00000e+00;1.00000e+00;1.00000e+00;40;6.95010e-01;6.99429e-01;4.59986e-01
nav-lives;me-hebbian-neuron;2;[8];361;36100;36100;5.14961e+02;35;1;1;1.00000e+00;1.00000e+00;1.00000e+00;40;6.44678e-01;6.53347e-01;4.79798e-01
nav-lives;me-hebbian-neuron;1;[8];361;36100;36100;5.15614e+02;36;1;1;1.00000e+00;1.00000e+00;1.00000e+00;40;6.95010e-01;6.99429e-01;4.59986e-01
nav-lives;me-hebbian-neuron;2;[8];362;36200;36200;5.16445e+02;35;1;1;1.00000e+00;1.00000e+00;1.00000e+00;40;6.44678e-01;6.53347e-01;4.79798e-01
nav-lives;me-hebbian-neuron;1;[8];362;36200;36200;5.17108e+02;36;1;1;1.00000e+00;1.00000e+00;1.00000e+00;40;6.95010e-01;6.99429e-01;4.59986e-01
nav-lives;me-hebbian-neuron;2;[8];363;36300;36300;5.17846e+02;35;1;1;1.00000e+00;1.00000e+00;1.00000e+00;40;6.44678e-01;6.53347e-01;4.79798e-01
nav-lives;me-hebbian-neuron;1;[8];363;36300;36300;5.18531e+02;36;1;1;1.00000e+00;1.00000e+00;1.00000e+00;40;6.95010e-01;6.99429e-01;4.59986e-01
nav-lives;me-hebbian-neuron;2;[8];364;36400;36400;5.19257e+02;35;1;1;1.00000e+00;1.00000e+00;1.00000e+00;40;6.44678e-01;6.53347e-01;4.79798e-01
nav-lives;me-hebbian-neuron;1;[8];364;36400;36400;5.19952e+02;36;1;1;1.00000e+00;1.00000e+00;1.00000e+00;40;6.95010e-01;6.99429e-01;4.59986e-01
nav-lives;me-hebbian-neuron;2;[8];365;36500;36500;5.20649e+02;35;1;1;1.00000e+00;1.00000e+00;1.00000e+00;40;6.44678e-01;6.53347e-01;4.79798e-01
nav-lives;me-hebbian-neuron;1;[8];365;36500;36500;5.21345e+02;36;1;1;1.00000e+00;1.00000e+00;1.00000e+00;40;6.95010e-01;6.99429e-01;4.59986e-01
nav-lives;me-hebbian-neuron;2;[8];366;36600;36600;5.22071e+02;35;1;1;1.00000e+00;1.00000e+00;1.00000e+00;40;6.44678e-01;6.53347e-01;4.79798e-01
nav-lives;me-hebbian-neuron;1;[8];366;36600;36600;5.22757e+02;36;1;1;1.00000e+00;1.00000e+00;1.00000e+00;40;6.95010e-01;6.99429e-01;4.59986e-01
nav-lives;me-hebbian-neuron;2;[8];367;36700;36700;5.23465e+02;35;1;1;1.00000e+00;1.00000e+00;1.00000e+00;40;6.44678e-01;6.53347e-01;4.79798e-01
nav-lives;me-hebbian-neuron;1;[8];367;36700;36700;5.24208e+02;36;1;1;1.00000e+00;1.00000e+00;1.00000e+00;40;6.95010e-01;6.99429e-01;4.59986e-01
nav-lives;me-hebbian-neuron;2;[8];368;36800;36800;5.24932e+02;35;1;1;1.00000e+00;1.00000e+00;1.00000e+00;40;6.44678e-01;6.53347e-01;4.79798e-01
nav-lives;me-hebbian-neuron;1;[8];368;36800;36800;5.25682e+02;36;1;1;1.00000e+00;1.00000e+00;1.00000e+00;40;6.95010e-01;6.99429e-01;4.59986e-01
nav-lives;me-hebbian-neuron;2;[8];369;36900;36900;5.26338e+02;35;1;1;1.00000e+00;1.00000e+00;1.00000e+00;40;6.44678e-01;6.53347e-01;4.79798e-01
nav-lives;me-hebbian-neuron;1;[8];369;36900;36900;5.27118e+02;36;1;1;1.00000e+00;1.00000e+00;1.00000e+00;40;6.95010e-01;6.99429e-01;4.59986e-01
nav-lives;me-hebbian-neuron;2;[8];370;37000;37000;5.27799e+02;35;1;1;1.00000e+00;1.00000e+00;1.00000e+00;40;6.44678e-01;6.53347e-01;4.79798e-01
nav-lives;me-hebbian-neuron;1;[8];370;37000;37000;5.28487e+02;36;1;1;1.00000e+00;1.00000e+00;1.00000e+00;40;6.95010e-01;6.99429e-01;4.59986e-01
nav-lives;me-hebbian-neuron;2;[8];371;37100;37100;5.29198e+02;35;1;1;1.00000e+00;1.00000e+00;1.00000e+00;40;6.44678e-01;6.53347e-01;4.79798e-01
nav-lives;me-hebbian-neuron;1;[8];371;37100;37100;5.29945e+02;36;1;1;1.00000e+00;1.00000e+00;1.00000e+00;40;6.95010e-01;6.99429e-01;4.59986e-01
nav-lives;me-hebbian-neuron;2;[8];372;37200;37200;5.30620e+02;35;1;1;1.00000e+00;1.00000e+00;1.00000e+00;40;6.44678e-01;6.53347e-01;4.79798e-01
nav-lives;me-hebbian-neuron;1;[8];372;37200;37200;5.31307e+02;36;1;1;1.00000e+00;1.00000e+00;1.00000e+00;40;6.95010e-01;6.99429e-01;4.59986e-01
nav-lives;me-hebbian-neuron;2;[8];373;37300;37300;5.32013e+02;35;1;1;1.00000e+00;1.00000e+00;1.00000e+00;40;6.44678e-01;6.53347e-01;4.79798e-01
nav-lives;me-hebbian-neuron;1;[8];373;37300;37300;5.32764e+02;36;1;1;1.00000e+00;1.00000e+00;1.00000e+00;40;6.95010e-01;6.99429e-01;4.59986e-01
nav-lives;me-hebbian-neuron;2;[8];374;37400;37400;5.33517e+02;35;1;1;1.00000e+00;1.00000e+00;1.00000e+00;40;6.44678e-01;6.53347e-01;4.79798e-01
nav-lives;me-hebbian-neuron;1;[8];374;37400;37400;5.34150e+02;36;1;1;1.00000e+00;1.00000e+00;1.00000e+00;40;6.95010e-01;6.99429e-01;4.59986e-01
nav-lives;me-hebbian-neuron;2;[8];375;37500;37500;5.34891e+02;35;1;1;1.00000e+00;1.00000e+00;1.00000e+00;40;6.44678e-01;6.53347e-01;4.79798e-01
nav-lives;me-hebbian-neuron;1;[8];375;37500;37500;5.35595e+02;36;1;1;1.00000e+00;1.00000e+00;1.00000e+00;40;6.95010e-01;6.99429e-01;4.59986e-01
nav-lives;me-hebbian-neuron;2;[8];376;37600;37600;5.36287e+02;35;1;1;1.00000e+00;1.00000e+00;1.00000e+00;40;6.44678e-01;6.53347e-01;4.79798e-01
nav-lives;me-hebbian-neuron;1;[8];376;37600;37600;5.37036e+02;36;1;1;1.00000e+00;1.00000e+00;1.00000e+00;40;6.95010e-01;6.99429e-01;4.59986e-01
nav-lives;me-hebbian-neuron;2;[8];377;37700;37700;5.37762e+02;35;1;1;1.00000e+00;1.00000e+00;1.00000e+00;40;6.44678e-01;6.53347e-01;4.79798e-01
nav-lives;me-hebbian-neuron;1;[8];377;37700;37700;5.38467e+02;36;1;1;1.00000e+00;1.00000e+00;1.00000e+00;40;6.95010e-01;6.99429e-01;4.59986e-01
nav-lives;me-hebbian-neuron;2;[8];378;37800;37800;5.39154e+02;35;1;1;1.00000e+00;1.00000e+00;1.00000e+00;40;6.44678e-01;6.53347e-01;4.79798e-01
nav-lives;me-hebbian-neuron;1;[8];378;37800;37800;5.39976e+02;36;1;1;1.00000e+00;1.00000e+00;1.00000e+00;40;6.95010e-01;6.99429e-01;4.59986e-01
nav-lives;me-hebbian-neuron;2;[8];379;37900;37900;5.40544e+02;35;1;1;1.00000e+00;1.00000e+00;1.00000e+00;40;6.44678e-01;6.53347e-01;4.79798e-01
nav-lives;me-hebbian-neuron;1;[8];379;37900;37900;5.41232e+02;36;1;1;1.00000e+00;1.00000e+00;1.00000e+00;40;6.95010e-01;6.99429e-01;4.59986e-01
nav-lives;me-hebbian-neuron;2;[8];380;38000;38000;5.41916e+02;35;1;1;1.00000e+00;1.00000e+00;1.00000e+00;40;6.44678e-01;6.53347e-01;4.79798e-01
nav-lives;me-hebbian-neuron;1;[8];380;38000;38000;5.42654e+02;36;1;1;1.00000e+00;1.00000e+00;1.00000e+00;40;6.95010e-01;6.99429e-01;4.59986e-01
nav-lives;me-hebbian-neuron;2;[8];381;38100;38100;5.43420e+02;35;1;1;1.00000e+00;1.00000e+00;1.00000e+00;40;6.44678e-01;6.53347e-01;4.79798e-01
nav-lives;me-hebbian-neuron;1;[8];381;38100;38100;5.44140e+02;36;1;1;1.00000e+00;1.00000e+00;1.00000e+00;40;6.95010e-01;6.99429e-01;4.59986e-01
nav-lives;me-hebbian-neuron;2;[8];382;38200;38200;5.44776e+02;35;1;1;1.00000e+00;1.00000e+00;1.00000e+00;40;6.44678e-01;6.53347e-01;4.79798e-01
nav-lives;me-hebbian-neuron;1;[8];382;38200;38200;5.45459e+02;36;1;1;1.00000e+00;1.00000e+00;1.00000e+00;40;6.95010e-01;6.99429e-01;4.59986e-01
nav-lives;me-hebbian-neuron;2;[8];383;38300;38300;5.46251e+02;35;1;1;1.00000e+00;1.00000e+00;1.00000e+00;40;6.44678e-01;6.53347e-01;4.79798e-01
nav-lives;me-hebbian-neuron;1;[8];383;38300;38300;5.46990e+02;36;1;1;1.00000e+00;1.00000e+00;1.00000e+00;40;6.95010e-01;6.99429e-01;4.59986e-01
nav-lives;me-hebbian-neuron;2;[8];384;38400;38400;5.47727e+02;35;1;1;1.00000e+00;1.00000e+00;1.00000e+00;40;6.44678e-01;6.53347e-01;4.79798e-01
nav-lives;me-hebbian-neuron;1;[8];384;38400;38400;5.48467e+02;36;1;1;1.00000e+00;1.00000e+00;1.00000e+00;40;6.95010e-01;6.99429e-01;4.59986e-01
nav-lives;me-hebbian-neuron;2;[8];385;38500;38500;5.49090e+02;35;1;1;1.00000e+00;1.00000e+00;1.00000e+00;40;6.44678e-01;6.53347e-01;4.79798e-01
nav-lives;me-hebbian-neuron;1;[8];385;38500;38500;5.49886e+02;36;1;1;1.00000e+00;1.00000e+00;1.00000e+00;40;6.95010e-01;6.99429e-01;4.59986e-01
nav-lives;me-hebbian-neuron;2;[8];386;38600;38600;5.50492e+02;35;1;1;1.00000e+00;1.00000e+00;1.00000e+00;40;6.44678e-01;6.53347e-01;4.79798e-01
nav-lives;me-hebbian-neuron;1;[8];386;38600;38600;5.51257e+02;36;1;1;1.00000e+00;1.00000e+00;1.00000e+00;40;6.95010e-01;6.99429e-01;4.59986e-01
nav-lives;me-hebbian-neuron;2;[8];387;38700;38700;5.51942e+02;35;1;1;1.00000e+00;1.00000e+00;1.00000e+00;40;6.44678e-01;6.53347e-01;4.79798e-01
nav-lives;me-hebbian-neuron;1;[8];387;38700;38700;5.52762e+02;36;1;1;1.00000e+00;1.00000e+00;1.00000e+00;40;6.95010e-01;6.99429e-01;4.59986e-01
nav-lives;me-hebbian-neuron;2;[8];388;38800;38800;5.53329e+02;35;1;1;1.00000e+00;1.00000e+00;1.00000e+00;40;6.44678e-01;6.53347e-01;4.79798e-01
nav-lives;me-hebbian-neuron;1;[8];388;38800;38800;5.54271e+02;36;1;1;1.00000e+00;1.00000e+00;1.00000e+00;40;6.95010e-01;6.99429e-01;4.59986e-01
nav-lives;me-hebbian-neuron;2;[8];389;38900;38900;5.54733e+02;35;1;1;1.00000e+00;1.00000e+00;1.00000e+00;40;6.44678e-01;6.53347e-01;4.79798e-01
nav-lives;me-hebbian-neuron;1;[8];389;38900;38900;5.55513e+02;36;1;1;1.00000e+00;1.00000e+00;1.00000e+00;40;6.95010e-01;6.99429e-01;4.59986e-01
nav-lives;me-hebbian-neuron;2;[8];390;39000;39000;5.56284e+02;35;1;1;1.00000e+00;1.00000e+00;1.00000e+00;40;6.44678e-01;6.53347e-01;4.79798e-01
nav-lives;me-hebbian-neuron;1;[8];390;39000;39000;5.56933e+02;36;1;1;1.00000e+00;1.00000e+00;1.00000e+00;40;6.95010e-01;6.99429e-01;4.59986e-01
nav-lives;me-hebbian-neuron;2;[8];391;39100;39100;5.57664e+02;35;1;1;1.00000e+00;1.00000e+00;1.00000e+00;40;6.44678e-01;6.53347e-01;4.79798e-01
nav-lives;me-hebbian-neuron;1;[8];391;39100;39100;5.58346e+02;36;1;1;1.00000e+00;1.00000e+00;1.00000e+00;40;6.95010e-01;6.99429e-01;4.59986e-01
nav-lives;me-hebbian-neuron;2;[8];392;39200;39200;5.59077e+02;35;1;1;1.00000e+00;1.00000e+00;1.00000e+00;40;6.44678e-01;6.53347e-01;4.79798e-01
nav-lives;me-hebbian-neuron;1;[8];392;39200;39200;5.59746e+02;36;1;1;1.00000e+00;1.00000e+00;1.00000e+00;40;6.95010e-01;6.99429e-01;4.59986e-01
nav-lives;me-hebbian-neuron;2;[8];393;39300;39300;5.60485e+02;35;1;1;1.00000e+00;1.00000e+00;1.00000e+00;40;6.44678e-01;6.53347e-01;4.79798e-01
nav-lives;me-hebbian-neuron;1;[8];393;39300;39300;5.61168e+02;36;1;1;1.00000e+00;1.00000e+00;1.00000e+00;40;6.95010e-01;6.99429e-01;4.59986e-01
nav-lives;me-hebbian-neuron;2;[8];394;39400;39400;5.61875e+02;35;1;1;1.00000e+00;1.00000e+00;1.00000e+00;40;6.44678e-01;6.53347e-01;4.79798e-01
nav-lives;me-hebbian-neuron;1;[8];394;39400;39400;5.62620e+02;36;1;1;1.00000e+00;1.00000e+00;1.00000e+00;40;6.95010e-01;6.99429e-01;4.59986e-01
nav-lives;me-hebbian-neuron;2;[8];395;39500;39500;5.63326e+02;35;1;1;1.00000e+00;1.00000e+00;1.00000e+00;40;6.44678e-01;6.53347e-01;4.79798e-01
nav-lives;me-hebbian-neuron;1;[8];395;39500;39500;5.64050e+02;36;1;1;1.00000e+00;1.00000e+00;1.00000e+00;40;6.95010e-01;6.99429e-01;4.59986e-01
nav-lives;me-hebbian-neuron;2;[8];396;39600;39600;5.64757e+02;35;1;1;1.00000e+00;1.00000e+00;1.00000e+00;40;6.44678e-01;6.53347e-01;4.79798e-01
nav-lives;me-hebbian-neuron;1;[8];396;39600;39600;5.65430e+02;36;1;1;1.00000e+00;1.00000e+00;1.00000e+00;40;6.95010e-01;6.99429e-01;4.59986e-01
nav-lives;me-hebbian-neuron;2;[8];397;39700;39700;5.66124e+02;35;1;1;1.00000e+00;1.00000e+00;1.00000e+00;40;6.44678e-01;6.53347e-01;4.79798e-01
nav-lives;me-hebbian-neuron;1;[8];397;39700;39700;5.66896e+02;36;1;1;1.00000e+00;1.00000e+00;1.00000e+00;40;6.95010e-01;6.99429e-01;4.59986e-01
nav-lives;me-hebbian-neuron;2;[8];398;39800;39800;5.67643e+02;35;1;1;1.00000e+00;1.00000e+00;1.00000e+00;40;6.44678e-01;6.53347e-01;4.79798e-01
nav-lives;me-hebbian-neuron;1;[8];398;39800;39800;5.68356e+02;36;1;1;1.00000e+00;1.00000e+00;1.00000e+00;40;6.95010e-01;6.99429e-01;4.59986e-01
nav-lives;me-hebbian-neuron;2;[8];399;39900;39900;5.68999e+02;35;1;1;1.00000e+00;1.00000e+00;1.00000e+00;40;6.44678e-01;6.53347e-01;4.79798e-01
nav-lives;me-hebbian-neuron;1;[8];399;39900;39900;5.69695e+02;36;1;1;1.00000e+00;1.00000e+00;1.00000e+00;40;6.95010e-01;6.99429e-01;4.59986e-01
nav-lives;me-hebbian-neuron;2;[8];400;40000;40000;5.70361e+02;35;1;1;1.00000e+00;1.00000e+00;1.00000e+00;40;6.44678e-01;6.53347e-01;4.79798e-01
nav-lives;me-hebbian-neuron;1;[8];400;40000;40000;5.70774e+02;36;1;1;1.00000e+00;1.00000e+00;1.00000e+00;40;6.95010e-01;6.99429e-01;4.59986e-01
nav-lives;me-hebbian-neuron;3;[8];1;100;100;1.29500e+00;1;1;1;1.00000e+00;1.00000e+00;1.00000e+00;40;-3.76144e-03;1.84635e-03;9.88819e-04
nav-lives;me-hebbian-neuron;4;[8];1;100;100;2.02100e+00;4;1;1;1.00000e+00;1.00000e+00;1.00000e+00;40;1.03806e-03;1.63698e-02;1.00093e-01
nav-lives;me-hebbian-neuron;3;[8];2;200;200;2.59300e+00;2;1;1;1.00000e+00;1.00000e+00;1.00000e+00;40;-1.18979e-03;4.25633e-03;4.78879e-02
nav-lives;me-hebbian-neuron;4;[8];2;200;200;3.30700e+00;8;1;1;1.00000e+00;1.00000e+00;1.00000e+00;40;1.12182e-01;1.27329e-01;2.56578e-01
nav-lives;me-hebbian-neuron;3;[8];3;300;300;4.07900e+00;5;1;1;1.00000e+00;1.00000e+00;1.00000e+00;40;4.81958e-02;4.82197e-02;1.62615e-01
nav-lives;me-hebbian-neuron;4;[8];3;300;300;4.73400e+00;10;1;1;1.00000e+00;1.00000e+00;1.00000e+00;40;3.16217e-01;3.26997e-01;4.66922e-01
nav-lives;me-hebbian-neuron;3;[8];4;400;400;5.39300e+00;7;1;1;1.00000e+00;1.00000e+00;1.00000e+00;40;4.81958e-02;4.82197e-02;1.62615e-01
nav-lives;me-hebbian-neuron;4;[8];4;400;400;6.11700e+00;16;1;1;1.00000e+00;1.00000e+00;1.00000e+00;40;3.16217e-01;3.26997e-01;4.66922e-01
nav-lives;me-hebbian-neuron;3;[8];5;500;500;6.79900e+00;8;1;1;1.00000e+00;1.00000e+00;1.00000e+00;40;4.81958e-02;4.82197e-02;1.62615e-01
nav-lives;me-hebbian-neuron;4;[8];5;500;500;7.56100e+00;19;1;1;1.00000e+00;1.00000e+00;1.00000e+00;40;3.16217e-01;3.26997e-01;4.66922e-01
nav-lives;me-hebbian-neuron;3;[8];6;600;600;8.23200e+00;10;1;1;1.00000e+00;1.00000e+00;1.00000e+00;40;4.81958e-02;4.82197e-02;1.62615e-01
nav-lives;me-hebbian-neuron;4;[8];6;600;600;9.00800e+00;21;1;1;1.00000e+00;1.00000e+00;1.00000e+00;40;3.16217e-01;3.26997e-01;4.66922e-01
nav-lives;me-hebbian-neuron;3;[8];7;700;700;9.66700e+00;12;1;1;1.00000e+00;1.00000e+00;1.00000e+00;40;6.37046e-02;6.90239e-02;1.75538e-01
nav-lives;me-hebbian-neuron;4;[8];7;700;700;1.03970e+01;22;1;1;1.00000e+00;1.00000e+00;1.00000e+00;40;3.16217e-01;3.26997e-01;4.66922e-01
nav-lives;me-hebbian-neuron;3;[8];8;800;800;1.10430e+01;13;1;1;1.00000e+00;1.00000e+00;1.00000e+00;40;8.96274e-02;9.65383e-02;2.02083e-01
nav-lives;me-hebbian-neuron;4;[8];8;800;800;1.17580e+01;23;1;1;1.00000e+00;1.00000e+00;1.00000e+00;40;3.16217e-01;3.26997e-01;4.66922e-01
nav-lives;me-hebbian-neuron;3;[8];9;900;900;1.24550e+01;14;1;1;1.00000e+00;1.00000e+00;1.00000e+00;40;8.96274e-02;9.65383e-02;2.02083e-01
nav-lives;me-hebbian-neuron;4;[8];9;900;900;1.31880e+01;24;1;1;1.00000e+00;1.00000e+00;1.00000e+00;40;3.16217e-01;3.26997e-01;4.66922e-01
nav-lives;me-hebbian-neuron;3;[8];10;1000;1000;1.38740e+01;14;1;1;1.00000e+00;1.00000e+00;1.00000e+00;40;8.96274e-02;9.65383e-02;2.02083e-01
nav-lives;me-hebbian-neuron;4;[8];10;1000;1000;1.47330e+01;25;1;1;1.00000e+00;1.00000e+00;1.00000e+00;40;3.16217e-01;3.26997e-01;4.66922e-01
nav-lives;me-hebbian-neuron;3;[8];11;1100;1100;1.53630e+01;15;1;1;1.00000e+00;1.00000e+00;1.00000e+00;40;1.06105e-01;1.16328e-01;2.55826e-01
nav-lives;me-hebbian-neuron;4;[8];11;1100;1100;1.60740e+01;25;1;1;1.00000e+00;1.00000e+00;1.00000e+00;40;3.16217e-01;3.26997e-01;4.66922e-01
nav-lives;me-hebbian-neuron;3;[8];12;1200;1200;1.67430e+01;16;1;1;1.00000e+00;1.00000e+00;1.00000e+00;40;1.06105e-01;1.16328e-01;2.55826e-01
nav-lives;me-hebbian-neuron;4;[8];12;1200;1200;1.74440e+01;27;1;1;1.00000e+00;1.00000e+00;1.00000e+00;40;3.16217e-01;3.26997e-01;4.66922e-01
nav-lives;me-hebbian-neuron;3;[8];13;1300;1300;1.82210e+01;16;1;1;1.00000e+00;1.00000e+00;1.00000e+00;40;1.06105e-01;1.16328e-01;2.55826e-01
nav-lives;me-hebbian-neuron;4;[8];13;1300;1300;1.88600e+01;27;1;1;1.00000e+00;1.00000e+00;1.00000e+00;40;3.16217e-01;3.26997e-01;4.66922e-01
nav-lives;me-hebbian-neuron;3;[8];14;1400;1400;1.96090e+01;17;1;1;1.00000e+00;1.00000e+00;1.00000e+00;40;1.06105e-01;1.16328e-01;2.55826e-01
nav-lives;me-hebbian-neuron;4;[8];14;1400;1400;2.02620e+01;27;1;1;1.00000e+00;1.00000e+00;1.00000e+00;40;3.16217e-01;3.26997e-01;4.66922e-01
nav-lives;me-hebbian-neuron;3;[8];15;1500;1500;2.09740e+01;17;1;1;1.00000e+00;1.00000e+00;1.00000e+00;40;1.06105e-01;1.16328e-01;2.55826e-01
nav-lives;me-hebbian-neuron;4;[8];15;1500;1500;2.16910e+01;27;1;1;1.00000e+00;1.00000e+00;1.00000e+00;40;3.16217e-01;3.26997e-01;4.66922e-01
nav-lives;me-hebbian-neuron;3;[8];16;1600;1600;2.24870e+01;17;1;1;1.00000e+00;1.00000e+00;1.00000e+00;40;1.06105e-01;1.16328e-01;2.55826e-01
nav-lives;me-hebbian-neuron;4;[8];16;1600;1600;2.33110e+01;27;1;1;1.00000e+00;1.00000e+00;1.00000e+00;40;3.16217e-01;3.26997e-01;4.66922e-01
nav-lives;me-hebbian-neuron;3;[8];17;1700;1700;2.38330e+01;18;1;1;1.00000e+00;1.00000e+00;1.00000e+00;40;1.06105e-01;1.16328e-01;2.55826e-01
nav-lives;me-hebbian-neuron;4;[8];17;1700;1700;2.46580e+01;27;1;1;1.00000e+00;1.00000e+00;1.00000e+00;40;3.16217e-01;3.26997e-01;4.66922e-01
nav-lives;me-hebbian-neuron;3;[8];18;1800;1800;2.53680e+01;19;1;1;1.00000e+00;1.00000e+00;1.00000e+00;40;1.06105e-01;1.16328e-01;2.55826e-01
nav-lives;me-hebbian-neuron;4;[8];18;1800;1800;2.59580e+01;27;1;1;1.00000e+00;1.00000e+00;1.00000e+00;40;3.16217e-01;3.26997e-01;4.66922e-01
nav-lives;me-hebbian-neuron;3;[8];19;1900;1900;2.66620e+01;19;1;1;1.00000e+00;1.00000e+00;1.00000e+00;40;1.06105e-01;1.16328e-01;2.55826e-01
nav-lives;me-hebbian-neuron;4;[8];19;1900;1900;2.73800e+01;27;1;1;1.00000e+00;1.00000e+00;1.00000e+00;40;3.16217e-01;3.26997e-01;4.66922e-01
nav-lives;me-hebbian-neuron;3;[8];20;2000;2000;2.81760e+01;20;1;1;1.00000e+00;1.00000e+00;1.00000e+00;40;2.13322e-01;2.18878e-01;3.98645e-01
nav-lives;me-hebbian-neuron;4;[8];20;2000;2000;2.89100e+01;27;1;1;1.00000e+00;1.00000e+00;1.00000e+00;40;3.16217e-01;3.26997e-01;4.66922e-01
nav-lives;me-hebbian-neuron;3;[8];21;2100;2100;2.95690e+01;20;1;1;1.00000e+00;1.00000e+00;1.00000e+00;40;2.13322e-01;2.18878e-01;3.98645e-01
nav-lives;me-hebbian-neuron;4;[8];21;2100;2100;3.02450e+01;27;1;1;1.00000e+00;1.00000e+00;1.00000e+00;40;3.16217e-01;3.26997e-01;4.66922e-01
nav-lives;me-hebbian-neuron;3;[8];22;2200;2200;3.09820e+01;22;1;1;1.00000e+00;1.00000e+00;1.00000e+00;40;2.13322e-01;2.18878e-01;3.98645e-01
nav-lives;me-hebbian-neuron;4;[8];22;2200;2200;3.16220e+01;27;1;1;1.00000e+00;1.00000e+00;1.00000e+00;40;3.16217e-01;3.26997e-01;4.66922e-01
nav-lives;me-hebbian-neuron;3;[8];23;2300;2300;3.23820e+01;22;1;1;1.00000e+00;1.00000e+00;1.00000e+00;40;2.13322e-01;2.18878e-01;3.98645e-01
nav-lives;me-hebbian-neuron;4;[8];23;2300;2300;3.31520e+01;27;1;1;1.00000e+00;1.00000e+00;1.00000e+00;40;3.16217e-01;3.26997e-01;4.66922e-01
nav-lives;me-hebbian-neuron;3;[8];24;2400;2400;3.38340e+01;22;1;1;1.00000e+00;1.00000e+00;1.00000e+00;40;2.13322e-01;2.18878e-01;3.98645e-01
nav-lives;me-hebbian-neuron;4;[8];24;2400;2400;3.45230e+01;28;1;1;1.00000e+00;1.00000e+00;1.00000e+00;40;3.16217e-01;3.26997e-01;4.66922e-01
nav-lives;me-hebbian-neuron;3;[8];25;2500;2500;3.51970e+01;22;1;1;1.00000e+00;1.00000e+00;1.00000e+00;40;2.13322e-01;2.18878e-01;3.98645e-01
nav-lives;me-hebbian-neuron;4;[8];25;2500;2500;3.59230e+01;29;1;1;1.00000e+00;1.00000e+00;1.00000e+00;40;3.16217e-01;3.26997e-01;4.66922e-01
nav-lives;me-hebbian-neuron;3;[8];26;2600;2600;3.66450e+01;22;1;1;1.00000e+00;1.00000e+00;1.00000e+00;40;2.13322e-01;2.18878e-01;3.98645e-01
nav-lives;me-hebbian-neuron;4;[8];26;2600;2600;3.73640e+01;29;1;1;1.00000e+00;1.00000e+00;1.00000e+00;40;3.16217e-01;3.26997e-01;4.66922e-01
nav-lives;me-hebbian-neuron;3;[8];27;2700;2700;3.81170e+01;22;1;1;1.00000e+00;1.00000e+00;1.00000e+00;40;2.13322e-01;2.18878e-01;3.98645e-01
nav-lives;me-hebbian-neuron;4;[8];27;2700;2700;3.89720e+01;29;1;1;1.00000e+00;1.00000e+00;1.00000e+00;40;3.16217e-01;3.26997e-01;4.66922e-01
nav-lives;me-hebbian-neuron;3;[8];28;2800;2800;3.94390e+01;22;1;1;1.00000e+00;1.00000e+00;1.00000e+00;40;2.13322e-01;2.18878e-01;3.98645e-01
nav-lives;me-hebbian-neuron;4;[8];28;2800;2800;4.02360e+01;29;1;1;1.00000e+00;1.00000e+00;1.00000e+00;40;3.16217e-01;3.26997e-01;4.66922e-01
nav-lives;me-hebbian-neuron;3;[8];29;2900;2900;4.09860e+01;23;1;1;1.00000e+00;1.00000e+00;1.00000e+00;40;2.13322e-01;2.18878e-01;3.98645e-01
nav-lives;me-hebbian-neuron;4;[8];29;2900;2900;4.16310e+01;29;1;1;1.00000e+00;1.00000e+00;1.00000e+00;40;3.16217e-01;3.26997e-01;4.66922e-01
nav-lives;me-hebbian-neuron;3;[8];30;3000;3000;4.24180e+01;23;1;1;1.00000e+00;1.00000e+00;1.00000e+00;40;2.13322e-01;2.18878e-01;3.98645e-01
nav-lives;me-hebbian-neuron;4;[8];30;3000;3000;4.31170e+01;29;1;1;1.00000e+00;1.00000e+00;1.00000e+00;40;3.16217e-01;3.26997e-01;4.66922e-01
nav-lives;me-hebbian-neuron;3;[8];31;3100;3100;4.38150e+01;23;1;1;1.00000e+00;1.00000e+00;1.00000e+00;40;2.13322e-01;2.18878e-01;3.98645e-01
nav-lives;me-hebbian-neuron;4;[8];31;3100;3100;4.45980e+01;29;1;1;1.00000e+00;1.00000e+00;1.00000e+00;40;3.16217e-01;3.26997e-01;4.66922e-01
nav-lives;me-hebbian-neuron;3;[8];32;3200;3200;4.52400e+01;23;1;1;1.00000e+00;1.00000e+00;1.00000e+00;40;2.13322e-01;2.18878e-01;3.98645e-01
nav-lives;me-hebbian-neuron;4;[8];32;3200;3200;4.59320e+01;29;1;1;1.00000e+00;1.00000e+00;1.00000e+00;40;3.16217e-01;3.26997e-01;4.66922e-01
nav-lives;me-hebbian-neuron;3;[8];33;3300;3300;4.67110e+01;23;1;1;1.00000e+00;1.00000e+00;1.00000e+00;40;2.13322e-01;2.18878e-01;3.98645e-01
nav-lives;me-hebbian-neuron;4;[8];33;3300;3300;4.73770e+01;30;1;1;1.00000e+00;1.00000e+00;1.00000e+00;40;3.16217e-01;3.26997e-01;4.66922e-01
nav-lives;me-hebbian-neuron;3;[8];34;3400;3400;4.80970e+01;24;1;1;1.00000e+00;1.00000e+00;1.00000e+00;40;2.13322e-01;2.18878e-01;3.98645e-01
nav-lives;me-hebbian-neuron;4;[8];34;3400;3400;4.87260e+01;30;1;1;1.00000e+00;1.00000e+00;1.00000e+00;40;3.16217e-01;3.26997e-01;4.66922e-01
nav-lives;me-hebbian-neuron;3;[8];35;3500;3500;4.94940e+01;25;1;1;1.00000e+00;1.00000e+00;1.00000e+00;40;2.13322e-01;2.18878e-01;3.98645e-01
nav-lives;me-hebbian-neuron;4;[8];35;3500;3500;5.02330e+01;31;1;1;1.00000e+00;1.00000e+00;1.00000e+00;40;3.16217e-01;3.26997e-01;4.66922e-01
nav-lives;me-hebbian-neuron;3;[8];36;3600;3600;5.09020e+01;25;1;1;1.00000e+00;1.00000e+00;1.00000e+00;40;2.13322e-01;2.18878e-01;3.98645e-01
nav-lives;me-hebbian-neuron;4;[8];36;3600;3600;5.16040e+01;31;1;1;1.00000e+00;1.00000e+00;1.00000e+00;40;3.16217e-01;3.26997e-01;4.66922e-01
nav-lives;me-hebbian-neuron;3;[8];37;3700;3700;5.23220e+01;25;1;1;1.00000e+00;1.00000e+00;1.00000e+00;40;2.13322e-01;2.18878e-01;3.98645e-01
nav-lives;me-hebbian-neuron;4;[8];37;3700;3700;5.30270e+01;32;1;1;1.00000e+00;1.00000e+00;1.00000e+00;40;3.16217e-01;3.26997e-01;4.66922e-01
nav-lives;me-hebbian-neuron;3;[8];38;3800;3800;5.37490e+01;26;1;1;1.00000e+00;1.00000e+00;1.00000e+00;40;2.13322e-01;2.18878e-01;3.98645e-01
nav-lives;me-hebbian-neuron;4;[8];38;3800;3800;5.44490e+01;32;1;1;1.00000e+00;1.00000e+00;1.00000e+00;40;3.16217e-01;3.26997e-01;4.66922e-01
nav-lives;me-hebbian-neuron;3;[8];39;3900;3900;5.51970e+01;27;1;1;1.00000e+00;1.00000e+00;1.00000e+00;40;2.13322e-01;2.18878e-01;3.98645e-01
nav-lives;me-hebbian-neuron;4;[8];39;3900;3900;5.58480e+01;32;1;1;1.00000e+00;1.00000e+00;1.00000e+00;40;3.16217e-01;3.26997e-01;4.66922e-01
nav-lives;me-hebbian-neuron;3;[8];40;4000;4000;5.66260e+01;27;1;1;1.00000e+00;1.00000e+00;1.00000e+00;40;2.13322e-01;2.18878e-01;3.98645e-01
nav-lives;me-hebbian-neuron;4;[8];40;4000;4000;5.72980e+01;32;1;1;1.00000e+00;1.00000e+00;1.00000e+00;40;3.16217e-01;3.26997e-01;4.66922e-01
nav-lives;me-hebbian-neuron;3;[8];41;4100;4100;5.80130e+01;27;1;1;1.00000e+00;1.00000e+00;1.00000e+00;40;2.13322e-01;2.18878e-01;3.98645e-01
nav-lives;me-hebbian-neuron;4;[8];41;4100;4100;5.87820e+01;32;1;1;1.00000e+00;1.00000e+00;1.00000e+00;40;3.16217e-01;3.26997e-01;4.66922e-01
nav-lives;me-hebbian-neuron;3;[8];42;4200;4200;5.94230e+01;27;1;1;1.00000e+00;1.00000e+00;1.00000e+00;40;2.13322e-01;2.18878e-01;3.98645e-01
nav-lives;me-hebbian-neuron;4;[8];42;4200;4200;6.01430e+01;33;1;1;1.00000e+00;1.00000e+00;1.00000e+00;40;3.16217e-01;3.26997e-01;4.66922e-01
nav-lives;me-hebbian-neuron;3;[8];43;4300;4300;6.08780e+01;27;1;1;1.00000e+00;1.00000e+00;1.00000e+00;40;2.13322e-01;2.18878e-01;3.98645e-01
nav-lives;me-hebbian-neuron;4;[8];43;4300;4300;6.15460e+01;33;1;1;1.00000e+00;1.00000e+00;1.00000e+00;40;3.30078e-01;3.37735e-01;4.66854e-01
nav-lives;me-hebbian-neuron;3;[8];44;4400;4400;6.22340e+01;27;1;1;1.00000e+00;1.00000e+00;1.00000e+00;40;2.13322e-01;2.18878e-01;3.98645e-01
nav-lives;me-hebbian-neuron;4;[8];44;4400;4400;6.31650e+01;34;1;1;1.00000e+00;1.00000e+00;1.00000e+00;40;4.58947e-01;4.65804e-01;4.99622e-01
nav-lives;me-hebbian-neuron;3;[8];45;4500;4500;6.36470e+01;28;1;1;1.00000e+00;1.00000e+00;1.00000e+00;40;2.90530e-01;2.89734e-01;4.57122e-01
nav-lives;me-hebbian-neuron;4;[8];45;4500;4500;6.44400e+01;34;1;1;1.00000e+00;1.00000e+00;1.00000e+00;40;4.58947e-01;4.65804e-01;4.99622e-01
nav-lives;me-hebbian-neuron;3;[8];46;4600;4600;6.52000e+01;29;1;1;1.00000e+00;1.00000e+00;1.00000e+00;40;2.90530e-01;2.89734e-01;4.57122e-01
nav-lives;me-hebbian-neuron;4;[8];46;4600;4600;6.57700e+01;34;1;1;1.00000e+00;1.00000e+00;1.00000e+00;40;4.58947e-01;4.65804e-01;4.99622e-01
nav-lives;me-hebbian-neuron;3;[8];47;4700;4700;6.65310e+01;29;1;1;1.00000e+00;1.00000e+00;1.00000e+00;40;3.31336e-01;3.37903e-01;4.70589e-01
nav-lives;me-hebbian-neuron;4;[8];47;4700;4700;6.72050e+01;34;1;1;1.00000e+00;1.00000e+00;1.00000e+00;40;4.58947e-01;4.65804e-01;4.99622e-01
nav-lives;me-hebbian-neuron;3;[8];48;4800;4800;6.78830e+01;29;1;1;1.00000e+00;1.00000e+00;1.00000e+00;40;3.31336e-01;3.37903e-01;4.70589e-01
nav-lives;me-hebbian-neuron;4;[8];48;4800;4800;6.86710e+01;34;1;1;1.00000e+00;1.00000e+00;1.00000e+00;40;4.58947e-01;4.65804e-01;4.99622e-01
nav-lives;me-hebbian-neuron;3;[8];49;4900;4900;6.94010e+01;29;1;1;1.00000e+00;1.00000e+00;1.00000e+00;40;5.13334e-01;5.20139e-01;5.00164e-01
nav-lives;me-hebbian-neuron;4;[8];49;4900;4900;7.00750e+01;34;1;1;1.00000e+00;1.00000e+00;1.00000e+00;40;4.58947e-01;4.65804e-01;4.99622e-01
nav-lives;me-hebbian-neuron;3;[8];50;5000;5000;7.07680e+01;29;1;1;1.00000e+00;1.00000e+00;1.00000e+00;40;5.13334e-01;5.20139e-01;5.00164e-01
nav-lives;me-hebbian-neuron;4;[8];50;5000;5000;7.15440e+01;35;1;1;1.00000e+00;1.00000e+00;1.00000e+00;40;4.58947e-01;4.65804e-01;4.99622e-01
nav-lives;me-hebbian-neuron;3;[8];51;5100;5100;7.22060e+01;29;1;1;1.00000e+00;1.00000e+00;1.00000e+00;40;5.13334e-01;5.20139e-01;5.00164e-01
nav-lives;me-hebbian-neuron;4;[8];51;5100;5100;7.31070e+01;35;1;1;1.00000e+00;1.00000e+00;1.00000e+00;40;4.58947e-01;4.65804e-01;4.99622e-01
nav-lives;me-hebbian-neuron;3;[8];52;5200;5200;7.36080e+01;29;1;1;1.00000e+00;1.00000e+00;1.00000e+00;40;5.13334e-01;5.20139e-01;5.00164e-01
nav-lives;me-hebbian-neuron;4;[8];52;5200;5200;7.44470e+01;35;1;1;1.00000e+00;1.00000e+00;1.00000e+00;40;4.58947e-01;4.65804e-01;4.99622e-01
nav-lives;me-hebbian-neuron;3;[8];53;5300;5300;7.51060e+01;29;1;1;1.00000e+00;1.00000e+00;1.00000e+00;40;5.13334e-01;5.20139e-01;5.00164e-01
nav-lives;me-hebbian-neuron;4;[8];53;5300;5300;7.58170e+01;35;1;1;1.00000e+00;1.00000e+00;1.00000e+00;40;4.58947e-01;4.65804e-01;4.99622e-01
nav-lives;me-hebbian-neuron;3;[8];54;5400;5400;7.65180e+01;29;1;1;1.00000e+00;1.00000e+00;1.00000e+00;40;5.13334e-01;5.20139e-01;5.00164e-01
nav-lives;me-hebbian-neuron;4;[8];54;5400;5400;7.72800e+01;35;1;1;1.00000e+00;1.00000e+00;1.00000e+00;40;4.58947e-01;4.65804e-01;4.99622e-01
nav-lives;me-hebbian-neuron;3;[8];55;5500;5500;7.79460e+01;29;1;1;1.00000e+00;1.00000e+00;1.00000e+00;40;5.13334e-01;5.20139e-01;5.00164e-01
nav-lives;me-hebbian-neuron;4;[8];55;5500;5500;7.86630e+01;35;1;1;1.00000e+00;1.00000e+00;1.00000e+00;40;4.58947e-01;4.65804e-01;4.99622e-01
nav-lives;me-hebbian-neuron;3;[8];56;5600;5600;7.94050e+01;29;1;1;1.00000e+00;1.00000e+00;1.00000e+00;40;5.13334e-01;5.20139e-01;5.00164e-01
nav-lives;me-hebbian-neuron;4;[8];56;5600;5600;8.00650e+01;35;1;1;1.00000e+00;1.00000e+00;1.00000e+00;40;4.58947e-01;4.65804e-01;4.99622e-01
nav-lives;me-hebbian-neuron;3;[8];57;5700;5700;8.07730e+01;29;1;1;1.00000e+00;1.00000e+00;1.00000e+00;40;5.13334e-01;5.20139e-01;5.00164e-01
nav-lives;me-hebbian-neuron;4;[8];57;5700;5700;8.14450e+01;35;1;1;1.00000e+00;1.00000e+00;1.00000e+00;40;4.58947e-01;4.65804e-01;4.99622e-01
nav-lives;me-hebbian-neuron;3;[8];58;5800;5800;8.22430e+01;29;1;1;1.00000e+00;1.00000e+00;1.00000e+00;40;5.13334e-01;5.20139e-01;5.00164e-01
nav-lives;me-hebbian-neuron;4;[8];58;5800;5800;8.28410e+01;35;1;1;1.00000e+00;1.00000e+00;1.00000e+00;40;4.58947e-01;4.65804e-01;4.99622e-01
nav-lives;me-hebbian-neuron;3;[8];59;5900;5900;8.35190e+01;29;1;1;1.00000e+00;1.00000e+00;1.00000e+00;40;5.13334e-01;5.20139e-01;5.00164e-01
nav-lives;me-hebbian-neuron;4;[8];59;5900;5900;8.43230e+01;35;1;1;1.00000e+00;1.00000e+00;1.00000e+00;40;4.58947e-01;4.65804e-01;4.99622e-01
nav-lives;me-hebbian-neuron;3;[8];60;6000;6000;8.49990e+01;29;1;1;1.00000e+00;1.00000e+00;1.00000e+00;40;5.13334e-01;5.20139e-01;5.00164e-01
nav-lives;me-hebbian-neuron;4;[8];60;6000;6000;8.57020e+01;35;1;1;1.00000e+00;1.00000e+00;1.00000e+00;40;4.58947e-01;4.65804e-01;4.99622e-01
nav-lives;me-hebbian-neuron;3;[8];61;6100;6100;8.63830e+01;29;1;1;1.00000e+00;1.00000e+00;1.00000e+00;40;5.13334e-01;5.20139e-01;5.00164e-01
nav-lives;me-hebbian-neuron;4;[8];61;6100;6100;8.71010e+01;35;1;1;1.00000e+00;1.00000e+00;1.00000e+00;40;4.58947e-01;4.65804e-01;4.99622e-01
nav-lives;me-hebbian-neuron;3;[8];62;6200;6200;8.78660e+01;29;1;1;1.00000e+00;1.00000e+00;1.00000e+00;40;5.13334e-01;5.20139e-01;5.00164e-01
nav-lives;me-hebbian-neuron;4;[8];62;6200;6200;8.86230e+01;35;1;1;1.00000e+00;1.00000e+00;1.00000e+00;40;4.58947e-01;4.65804e-01;4.99622e-01
nav-lives;me-hebbian-neuron;3;[8];63;6300;6300;8.92960e+01;29;1;1;1.00000e+00;1.00000e+00;1.00000e+00;40;5.13334e-01;5.20139e-01;5.00164e-01
nav-lives;me-hebbian-neuron;4;[8];63;6300;6300;8.99840e+01;35;1;1;1.00000e+00;1.00000e+00;1.00000e+00;40;4.58947e-01;4.65804e-01;4.99622e-01
nav-lives;me-hebbian-neuron;3;[8];64;6400;6400;9.07270e+01;29;1;1;1.00000e+00;1.00000e+00;1.00000e+00;40;5.13334e-01;5.20139e-01;5.00164e-01
nav-lives;me-hebbian-neuron;4;[8];64;6400;6400;9.14330e+01;35;1;1;1.00000e+00;1.00000e+00;1.00000e+00;40;4.58947e-01;4.65804e-01;4.99622e-01
nav-lives;me-hebbian-neuron;3;[8];65;6500;6500;9.21300e+01;29;1;1;1.00000e+00;1.00000e+00;1.00000e+00;40;5.13334e-01;5.20139e-01;5.00164e-01
nav-lives;me-hebbian-neuron;4;[8];65;6500;6500;9.28380e+01;35;1;1;1.00000e+00;1.00000e+00;1.00000e+00;40;4.58947e-01;4.65804e-01;4.99622e-01
nav-lives;me-hebbian-neuron;3;[8];66;6600;6600;9.35330e+01;29;1;1;1.00000e+00;1.00000e+00;1.00000e+00;40;5.13334e-01;5.20139e-01;5.00164e-01
nav-lives;me-hebbian-neuron;4;[8];66;6600;6600;9.42560e+01;35;1;1;1.00000e+00;1.00000e+00;1.00000e+00;40;4.58947e-01;4.65804e-01;4.99622e-01
nav-lives;me-hebbian-neuron;3;[8];67;6700;6700;9.49860e+01;29;1;1;1.00000e+00;1.00000e+00;1.00000e+00;40;5.13334e-01;5.20139e-01;5.00164e-01
nav-lives;me-hebbian-neuron;4;[8];67;6700;6700;9.56920e+01;35;1;1;1.00000e+00;1.00000e+00;1.00000e+00;40;4.58947e-01;4.65804e-01;4.99622e-01
nav-lives;me-hebbian-neuron;3;[8];68;6800;6800;9.63490e+01;30;1;1;1.00000e+00;1.00000e+00;1.00000e+00;40;5.13334e-01;5.20139e-01;5.00164e-01
nav-lives;me-hebbian-neuron;4;[8];68;6800;6800;9.70790e+01;35;1;1;1.00000e+00;1.00000e+00;1.00000e+00;40;4.58947e-01;4.65804e-01;4.99622e-01
nav-lives;me-hebbian-neuron;3;[8];69;6900;6900;9.78200e+01;30;1;1;1.00000e+00;1.00000e+00;1.00000e+00;40;5.13334e-01;5.20139e-01;5.00164e-01
nav-lives;me-hebbian-neuron;4;[8];69;6900;6900;9.85730e+01;35;1;1;1.00000e+00;1.00000e+00;1.00000e+00;40;4.58947e-01;4.65804e-01;4.99622e-01
nav-lives;me-hebbian-neuron;3;[8];70;7000;7000;9.92780e+01;31;1;1;1.00000e+00;1.00000e+00;1.00000e+00;40;5.13334e-01;5.20139e-01;5.00164e-01
nav-lives;me-hebbian-neuron;4;[8];70;7000;7000;9.99700e+01;35;1;1;1.00000e+00;1.00000e+00;1.00000e+00;40;4.58947e-01;4.65804e-01;4.99622e-01
nav-lives;me-hebbian-neuron;3;[8];71;7100;7100;1.00670e+02;31;1;1;1.00000e+00;1.00000e+00;1.00000e+00;40;5.13334e-01;5.20139e-01;5.00164e-01
nav-lives;me-hebbian-neuron;4;[8];71;7100;7100;1.01351e+02;35;1;1;1.00000e+00;1.00000e+00;1.00000e+00;40;4.58947e-01;4.65804e-01;4.99622e-01
nav-lives;me-hebbian-neuron;3;[8];72;7200;7200;1.02055e+02;31;1;1;1.00000e+00;1.00000e+00;1.00000e+00;40;5.13334e-01;5.20139e-01;5.00164e-01
nav-lives;me-hebbian-neuron;4;[8];72;7200;7200;1.02764e+02;35;1;1;1.00000e+00;1.00000e+00;1.00000e+00;40;4.58947e-01;4.65804e-01;4.99622e-01
nav-lives;me-hebbian-neuron;3;[8];73;7300;7300;1.03489e+02;31;1;1;1.00000e+00;1.00000e+00;1.00000e+00;40;5.13334e-01;5.20139e-01;5.00164e-01
nav-lives;me-hebbian-neuron;4;[8];73;7300;7300;1.04218e+02;35;1;1;1.00000e+00;1.00000e+00;1.00000e+00;40;4.58947e-01;4.65804e-01;4.99622e-01
nav-lives;me-hebbian-neuron;3;[8];74;7400;7400;1.04977e+02;31;1;1;1.00000e+00;1.00000e+00;1.00000e+00;40;5.13334e-01;5.20139e-01;5.00164e-01
nav-lives;me-hebbian-neuron;4;[8];74;7400;7400;1.05649e+02;35;1;1;1.00000e+00;1.00000e+00;1.00000e+00;40;4.58947e-01;4.65804e-01;4.99622e-01
nav-lives;me-hebbian-neuron;3;[8];75;7500;7500;1.06425e+02;31;1;1;1.00000e+00;1.00000e+00;1.00000e+00;40;5.13334e-01;5.20139e-01;5.00164e-01
nav-lives;me-hebbian-neuron;4;[8];75;7500;7500;1.07039e+02;35;1;1;1.00000e+00;1.00000e+00;1.00000e+00;40;4.58947e-01;4.65804e-01;4.99622e-01
nav-lives;me-hebbian-neuron;3;[8];76;7600;7600;1.07744e+02;31;1;1;1.00000e+00;1.00000e+00;1.00000e+00;40;5.13334e-01;5.20139e-01;5.00164e-01
nav-lives;me-hebbian-neuron;4;[8];76;7600;7600;1.08451e+02;35;1;1;1.00000e+00;1.00000e+00;1.00000e+00;40;4.58947e-01;4.65804e-01;4.99622e-01
nav-lives;me-hebbian-neuron;3;[8];77;7700;7700;1.09215e+02;32;1;1;1.00000e+00;1.00000e+00;1.00000e+00;40;5.13334e-01;5.20139e-01;5.00164e-01
nav-lives;me-hebbian-neuron;4;[8];77;7700;7700;1.09886e+02;35;1;1;1.00000e+00;1.00000e+00;1.00000e+00;40;4.58947e-01;4.65804e-01;4.99622e-01
nav-lives;me-hebbian-neuron;3;[8];78;7800;7800;1.10607e+02;32;1;1;1.00000e+00;1.00000e+00;1.00000e+00;40;5.13334e-01;5.20139e-01;5.00164e-01
nav-lives;me-hebbian-neuron;4;[8];78;7800;7800;1.11366e+02;35;1;1;1.00000e+00;1.00000e+00;1.00000e+00;40;4.58947e-01;4.65804e-01;4.99622e-01
nav-lives;me-hebbian-neuron;3;[8];79;7900;7900;1.12013e+02;32;1;1;1.00000e+00;1.00000e+00;1.00000e+00;40;5.13334e-01;5.20139e-01;5.00164e-01
nav-lives;me-hebbian-neuron;4;[8];79;7900;7900;1.12698e+02;35;1;1;1.00000e+00;1.00000e+00;1.00000e+00;40;4.58947e-01;4.65804e-01;4.99622e-01
nav-lives;me-hebbian-neuron;3;[8];80;8000;8000;1.13471e+02;32;1;1;1.00000e+00;1.00000e+00;1.00000e+00;40;5.13334e-01;5.20139e-01;5.00164e-01
nav-lives;me-hebbian-neuron;4;[8];80;8000;8000;1.14085e+02;35;1;1;1.00000e+00;1.00000e+00;1.00000e+00;40;4.58947e-01;4.65804e-01;4.99622e-01
nav-lives;me-hebbian-neuron;3;[8];81;8100;8100;1.14937e+02;32;1;1;1.00000e+00;1.00000e+00;1.00000e+00;40;5.13334e-01;5.20139e-01;5.00164e-01
nav-lives;me-hebbian-neuron;4;[8];81;8100;8100;1.15536e+02;35;1;1;1.00000e+00;1.00000e+00;1.00000e+00;40;4.58947e-01;4.65804e-01;4.99622e-01
nav-lives;me-hebbian-neuron;3;[8];82;8200;8200;1.16315e+02;32;1;1;1.00000e+00;1.00000e+00;1.00000e+00;40;5.13334e-01;5.20139e-01;5.00164e-01
nav-lives;me-hebbian-neuron;4;[8];82;8200;8200;1.17055e+02;35;1;1;1.00000e+00;1.00000e+00;1.00000e+00;40;4.58947e-01;4.65804e-01;4.99622e-01
nav-lives;me-hebbian-neuron;3;[8];83;8300;8300;1.17691e+02;32;1;1;1.00000e+00;1.00000e+00;1.00000e+00;40;5.13334e-01;5.20139e-01;5.00164e-01
nav-lives;me-hebbian-neuron;4;[8];83;8300;8300;1.18448e+02;35;1;1;1.00000e+00;1.00000e+00;1.00000e+00;40;4.58947e-01;4.65804e-01;4.99622e-01
nav-lives;me-hebbian-neuron;3;[8];84;8400;8400;1.19210e+02;32;1;1;1.00000e+00;1.00000e+00;1.00000e+00;40;5.13334e-01;5.20139e-01;5.00164e-01
nav-lives;me-hebbian-neuron;4;[8];84;8400;8400;1.19862e+02;35;1;1;1.00000e+00;1.00000e+00;1.00000e+00;40;4.58947e-01;4.65804e-01;4.99622e-01
nav-lives;me-hebbian-neuron;3;[8];85;8500;8500;1.20702e+02;32;1;1;1.00000e+00;1.00000e+00;1.00000e+00;40;5.13334e-01;5.20139e-01;5.00164e-01
nav-lives;me-hebbian-neuron;4;[8];85;8500;8500;1.21273e+02;35;1;1;1.00000e+00;1.00000e+00;1.00000e+00;40;4.58947e-01;4.65804e-01;4.99622e-01
nav-lives;me-hebbian-neuron;3;[8];86;8600;8600;1.21992e+02;32;1;1;1.00000e+00;1.00000e+00;1.00000e+00;40;5.13334e-01;5.20139e-01;5.00164e-01
nav-lives;me-hebbian-neuron;4;[8];86;8600;8600;1.22693e+02;35;1;1;1.00000e+00;1.00000e+00;1.00000e+00;40;4.58947e-01;4.65804e-01;4.99622e-01
nav-lives;me-hebbian-neuron;3;[8];87;8700;8700;1.23387e+02;32;1;1;1.00000e+00;1.00000e+00;1.00000e+00;40;5.13334e-01;5.20139e-01;5.00164e-01
nav-lives;me-hebbian-neuron;4;[8];87;8700;8700;1.24114e+02;35;1;1;1.00000e+00;1.00000e+00;1.00000e+00;40;4.58947e-01;4.65804e-01;4.99622e-01
nav-lives;me-hebbian-neuron;3;[8];88;8800;8800;1.24807e+02;32;1;1;1.00000e+00;1.00000e+00;1.00000e+00;40;5.13334e-01;5.20139e-01;5.00164e-01
nav-lives;me-hebbian-neuron;4;[8];88;8800;8800;1.25497e+02;35;1;1;1.00000e+00;1.00000e+00;1.00000e+00;40;4.58947e-01;4.65804e-01;4.99622e-01
nav-lives;me-hebbian-neuron;3;[8];89;8900;8900;1.26252e+02;32;1;1;1.00000e+00;1.00000e+00;1.00000e+00;40;5.13334e-01;5.20139e-01;5.00164e-01
nav-lives;me-hebbian-neuron;4;[8];89;8900;8900;1.26969e+02;35;1;1;1.00000e+00;1.00000e+00;1.00000e+00;40;4.58947e-01;4.65804e-01;4.99622e-01
nav-lives;me-hebbian-neuron;3;[8];90;9000;9000;1.27665e+02;33;1;1;1.00000e+00;1.00000e+00;1.00000e+00;40;5.13334e-01;5.20139e-01;5.00164e-01
nav-lives;me-hebbian-neuron;4;[8];90;9000;9000;1.28414e+02;35;1;1;1.00000e+00;1.00000e+00;1.00000e+00;40;4.58947e-01;4.65804e-01;4.99622e-01
nav-lives;me-hebbian-neuron;3;[8];91;9100;9100;1.29093e+02;33;1;1;1.00000e+00;1.00000e+00;1.00000e+00;40;5.13334e-01;5.20139e-01;5.00164e-01
nav-lives;me-hebbian-neuron;4;[8];91;9100;9100;1.29762e+02;35;1;1;1.00000e+00;1.00000e+00;1.00000e+00;40;4.58947e-01;4.65804e-01;4.99622e-01
nav-lives;me-hebbian-neuron;3;[8];92;9200;9200;1.30468e+02;33;1;1;1.00000e+00;1.00000e+00;1.00000e+00;40;5.13334e-01;5.20139e-01;5.00164e-01
nav-lives;me-hebbian-neuron;4;[8];92;9200;9200;1.31226e+02;35;1;1;1.00000e+00;1.00000e+00;1.00000e+00;40;4.58947e-01;4.65804e-01;4.99622e-01
nav-lives;me-hebbian-neuron;3;[8];93;9300;9300;1.31986e+02;33;1;1;1.00000e+00;1.00000e+00;1.00000e+00;40;5.13334e-01;5.20139e-01;5.00164e-01
nav-lives;me-hebbian-neuron;4;[8];93;9300;9300;1.32619e+02;35;1;1;1.00000e+00;1.00000e+00;1.00000e+00;40;4.98962e-01;5.09621e-01;4.99482e-01
nav-lives;me-hebbian-neuron;3;[8];94;9400;9400;1.33408e+02;33;1;1;1.00000e+00;1.00000e+00;1.00000e+00;40;5.13334e-01;5.20139e-01;5.00164e-01
nav-lives;me-hebbian-neuron;4;[8];94;9400;9400;1.34035e+02;35;1;1;1.00000e+00;1.00000e+00;1.00000e+00;40;4.98962e-01;5.09621e-01;4.99482e-01
nav-lives;me-hebbian-neuron;3;[8];95;9500;9500;1.34834e+02;33;1;1;1.00000e+00;1.00000e+00;1.00000e+00;40;5.13334e-01;5.20139e-01;5.00164e-01
nav-lives;me-hebbian-neuron;4;[8];95;9500;9500;1.35500e+02;35;1;1;1.00000e+00;1.00000e+00;1.00000e+00;40;4.98962e-01;5.09621e-01;4.99482e-01
nav-lives;me-hebbian-neuron;3;[8];96;9600;9600;1.36266e+02;33;1;1;1.00000e+00;1.00000e+00;1.00000e+00;40;5.13334e-01;5.20139e-01;5.00164e-01
nav-lives;me-hebbian-neuron;4;[8];96;9600;9600;1.37063e+02;35;1;1;1.00000e+00;1.00000e+00;1.00000e+00;40;4.98962e-01;5.09621e-01;4.99482e-01
nav-lives;me-hebbian-neuron;3;[8];97;9700;9700;1.37521e+02;33;1;1;1.00000e+00;1.00000e+00;1.00000e+00;40;5.13334e-01;5.20139e-01;5.00164e-01
nav-lives;me-hebbian-neuron;4;[8];97;9700;9700;1.38363e+02;35;1;1;1.00000e+00;1.00000e+00;1.00000e+00;40;4.98962e-01;5.09621e-01;4.99482e-01
nav-lives;me-hebbian-neuron;3;[8];98;9800;9800;1.39075e+02;33;1;1;1.00000e+00;1.00000e+00;1.00000e+00;40;5.13334e-01;5.20139e-01;5.00164e-01
nav-lives;me-hebbian-neuron;4;[8];98;9800;9800;1.39735e+02;35;1;1;1.00000e+00;1.00000e+00;1.00000e+00;40;4.98962e-01;5.09621e-01;4.99482e-01
nav-lives;me-hebbian-neuron;3;[8];99;9900;9900;1.40407e+02;33;1;1;1.00000e+00;1.00000e+00;1.00000e+00;40;5.13334e-01;5.20139e-01;5.00164e-01
nav-lives;me-hebbian-neuron;4;[8];99;9900;9900;1.41145e+02;35;1;1;1.00000e+00;1.00000e+00;1.00000e+00;40;4.98962e-01;5.09621e-01;4.99482e-01
nav-lives;me-hebbian-neuron;3;[8];100;10000;10000;1.41974e+02;33;1;1;1.00000e+00;1.00000e+00;1.00000e+00;40;5.13334e-01;5.20139e-01;5.00164e-01
nav-lives;me-hebbian-neuron;4;[8];100;10000;10000;1.42591e+02;35;1;1;1.00000e+00;1.00000e+00;1.00000e+00;40;4.98962e-01;5.09621e-01;4.99482e-01
nav-lives;me-hebbian-neuron;3;[8];101;10100;10100;1.43343e+02;33;1;1;1.00000e+00;1.00000e+00;1.00000e+00;40;5.13334e-01;5.20139e-01;5.00164e-01
nav-lives;me-hebbian-neuron;4;[8];101;10100;10100;1.44045e+02;35;1;1;1.00000e+00;1.00000e+00;1.00000e+00;40;4.98962e-01;5.09621e-01;4.99482e-01
nav-lives;me-hebbian-neuron;3;[8];102;10200;10200;1.44696e+02;33;1;1;1.00000e+00;1.00000e+00;1.00000e+00;40;5.13334e-01;5.20139e-01;5.00164e-01
nav-lives;me-hebbian-neuron;4;[8];102;10200;10200;1.45463e+02;35;1;1;1.00000e+00;1.00000e+00;1.00000e+00;40;4.98962e-01;5.09621e-01;4.99482e-01
nav-lives;me-hebbian-neuron;3;[8];103;10300;10300;1.46161e+02;33;1;1;1.00000e+00;1.00000e+00;1.00000e+00;40;5.13334e-01;5.20139e-01;5.00164e-01
nav-lives;me-hebbian-neuron;4;[8];103;10300;10300;1.46899e+02;35;1;1;1.00000e+00;1.00000e+00;1.00000e+00;40;4.98962e-01;5.09621e-01;4.99482e-01
nav-lives;me-hebbian-neuron;3;[8];104;10400;10400;1.47577e+02;33;1;1;1.00000e+00;1.00000e+00;1.00000e+00;40;5.13334e-01;5.20139e-01;5.00164e-01
nav-lives;me-hebbian-neuron;4;[8];104;10400;10400;1.48256e+02;35;1;1;1.00000e+00;1.00000e+00;1.00000e+00;40;4.98962e-01;5.09621e-01;4.99482e-01
nav-lives;me-hebbian-neuron;3;[8];105;10500;10500;1.48927e+02;33;1;1;1.00000e+00;1.00000e+00;1.00000e+00;40;5.13334e-01;5.20139e-01;5.00164e-01
nav-lives;me-hebbian-neuron;4;[8];105;10500;10500;1.49611e+02;35;1;1;1.00000e+00;1.00000e+00;1.00000e+00;40;4.98962e-01;5.09621e-01;4.99482e-01
nav-lives;me-hebbian-neuron;3;[8];106;10600;10600;1.50384e+02;33;1;1;1.00000e+00;1.00000e+00;1.00000e+00;40;5.13334e-01;5.20139e-01;5.00164e-01
nav-lives;me-hebbian-neuron;4;[8];106;10600;10600;1.51102e+02;35;1;1;1.00000e+00;1.00000e+00;1.00000e+00;40;4.98962e-01;5.09621e-01;4.99482e-01
nav-lives;me-hebbian-neuron;3;[8];107;10700;10700;1.51806e+02;33;1;1;1.00000e+00;1.00000e+00;1.00000e+00;40;5.13334e-01;5.20139e-01;5.00164e-01
nav-lives;me-hebbian-neuron;4;[8];107;10700;10700;1.52586e+02;35;1;1;1.00000e+00;1.00000e+00;1.00000e+00;40;4.98962e-01;5.09621e-01;4.99482e-01
nav-lives;me-hebbian-neuron;3;[8];108;10800;10800;1.53256e+02;33;1;1;1.00000e+00;1.00000e+00;1.00000e+00;40;5.13334e-01;5.20139e-01;5.00164e-01
nav-lives;me-hebbian-neuron;4;[8];108;10800;10800;1.53958e+02;35;1;1;1.00000e+00;1.00000e+00;1.00000e+00;40;4.98962e-01;5.09621e-01;4.99482e-01
nav-lives;me-hebbian-neuron;3;[8];109;10900;10900;1.54706e+02;33;1;1;1.00000e+00;1.00000e+00;1.00000e+00;40;5.13334e-01;5.20139e-01;5.00164e-01
nav-lives;me-hebbian-neuron;4;[8];109;10900;10900;1.55390e+02;35;1;1;1.00000e+00;1.00000e+00;1.00000e+00;40;4.98962e-01;5.09621e-01;4.99482e-01
nav-lives;me-hebbian-neuron;3;[8];110;11000;11000;1.56056e+02;33;1;1;1.00000e+00;1.00000e+00;1.00000e+00;40;5.13334e-01;5.20139e-01;5.00164e-01
nav-lives;me-hebbian-neuron;4;[8];110;11000;11000;1.56779e+02;35;1;1;1.00000e+00;1.00000e+00;1.00000e+00;40;4.98962e-01;5.09621e-01;4.99482e-01
nav-lives;me-hebbian-neuron;3;[8];111;11100;11100;1.57533e+02;33;1;1;1.00000e+00;1.00000e+00;1.00000e+00;40;5.13334e-01;5.20139e-01;5.00164e-01
nav-lives;me-hebbian-neuron;4;[8];111;11100;11100;1.58236e+02;35;1;1;1.00000e+00;1.00000e+00;1.00000e+00;40;4.98962e-01;5.09621e-01;4.99482e-01
nav-lives;me-hebbian-neuron;3;[8];112;11200;11200;1.58895e+02;33;1;1;1.00000e+00;1.00000e+00;1.00000e+00;40;5.13334e-01;5.20139e-01;5.00164e-01
nav-lives;me-hebbian-neuron;4;[8];112;11200;11200;1.59628e+02;35;1;1;1.00000e+00;1.00000e+00;1.00000e+00;40;4.98962e-01;5.09621e-01;4.99482e-01
nav-lives;me-hebbian-neuron;3;[8];113;11300;11300;1.60330e+02;33;1;1;1.00000e+00;1.00000e+00;1.00000e+00;40;5.13334e-01;5.20139e-01;5.00164e-01
nav-lives;me-hebbian-neuron;4;[8];113;11300;11300;1.61114e+02;35;1;1;1.00000e+00;1.00000e+00;1.00000e+00;40;4.98962e-01;5.09621e-01;4.99482e-01
nav-lives;me-hebbian-neuron;3;[8];114;11400;11400;1.61792e+02;33;1;1;1.00000e+00;1.00000e+00;1.00000e+00;40;5.13334e-01;5.20139e-01;5.00164e-01
nav-lives;me-hebbian-neuron;4;[8];114;11400;11400;1.62474e+02;35;1;1;1.00000e+00;1.00000e+00;1.00000e+00;40;4.98962e-01;5.09621e-01;4.99482e-01
nav-lives;me-hebbian-neuron;3;[8];115;11500;11500;1.63196e+02;33;1;1;1.00000e+00;1.00000e+00;1.00000e+00;40;5.13334e-01;5.20139e-01;5.00164e-01
nav-lives;me-hebbian-neuron;4;[8];115;11500;11500;1.63894e+02;35;1;1;1.00000e+00;1.00000e+00;1.00000e+00;40;4.98962e-01;5.09621e-01;4.99482e-01
nav-lives;me-hebbian-neuron;3;[8];116;11600;11600;1.64573e+02;33;1;1;1.00000e+00;1.00000e+00;1.00000e+00;40;5.13334e-01;5.20139e-01;5.00164e-01
nav-lives;me-hebbian-neuron;4;[8];116;11600;11600;1.65282e+02;35;1;1;1.00000e+00;1.00000e+00;1.00000e+00;40;4.98962e-01;5.09621e-01;4.99482e-01
nav-lives;me-hebbian-neuron;3;[8];117;11700;11700;1.66016e+02;33;1;1;1.00000e+00;1.00000e+00;1.00000e+00;40;5.13334e-01;5.20139e-01;5.00164e-01
nav-lives;me-hebbian-neuron;4;[8];117;11700;11700;1.66752e+02;35;1;1;1.00000e+00;1.00000e+00;1.00000e+00;40;4.98962e-01;5.09621e-01;4.99482e-01
nav-lives;me-hebbian-neuron;3;[8];118;11800;11800;1.67393e+02;33;1;1;1.00000e+00;1.00000e+00;1.00000e+00;40;5.13334e-01;5.20139e-01;5.00164e-01
nav-lives;me-hebbian-neuron;4;[8];118;11800;11800;1.68172e+02;35;1;1;1.00000e+00;1.00000e+00;1.00000e+00;40;4.98962e-01;5.09621e-01;4.99482e-01
nav-lives;me-hebbian-neuron;3;[8];119;11900;11900;1.68893e+02;33;1;1;1.00000e+00;1.00000e+00;1.00000e+00;40;5.13334e-01;5.20139e-01;5.00164e-01
nav-lives;me-hebbian-neuron;4;[8];119;11900;11900;1.69604e+02;35;1;1;1.00000e+00;1.00000e+00;1.00000e+00;40;4.98962e-01;5.09621e-01;4.99482e-01
nav-lives;me-hebbian-neuron;3;[8];120;12000;12000;1.70264e+02;33;1;1;1.00000e+00;1.00000e+00;1.00000e+00;40;5.13334e-01;5.20139e-01;5.00164e-01
nav-lives;me-hebbian-neuron;4;[8];120;12000;12000;1.70988e+02;35;1;1;1.00000e+00;1.00000e+00;1.00000e+00;40;4.98962e-01;5.09621e-01;4.99482e-01
nav-lives;me-hebbian-neuron;3;[8];121;12100;12100;1.71669e+02;33;1;1;1.00000e+00;1.00000e+00;1.00000e+00;40;5.13334e-01;5.20139e-01;5.00164e-01
nav-lives;me-hebbian-neuron;4;[8];121;12100;12100;1.72442e+02;35;1;1;1.00000e+00;1.00000e+00;1.00000e+00;40;4.98962e-01;5.09621e-01;4.99482e-01
nav-lives;me-hebbian-neuron;3;[8];122;12200;12200;1.73160e+02;33;1;1;1.00000e+00;1.00000e+00;1.00000e+00;40;5.13334e-01;5.20139e-01;5.00164e-01
nav-lives;me-hebbian-neuron;4;[8];122;12200;12200;1.73875e+02;35;1;1;1.00000e+00;1.00000e+00;1.00000e+00;40;4.98962e-01;5.09621e-01;4.99482e-01
nav-lives;me-hebbian-neuron;3;[8];123;12300;12300;1.74566e+02;33;1;1;1.00000e+00;1.00000e+00;1.00000e+00;40;5.63704e-01;4.98622e-01;4.97352e-01
nav-lives;me-hebbian-neuron;4;[8];123;12300;12300;1.75283e+02;35;1;1;1.00000e+00;1.00000e+00;1.00000e+00;40;4.98962e-01;5.09621e-01;4.99482e-01
nav-lives;me-hebbian-neuron;3;[8];124;12400;12400;1.75946e+02;34;1;1;1.00000e+00;1.00000e+00;1.00000e+00;40;5.63704e-01;4.98622e-01;4.97352e-01
nav-lives;me-hebbian-neuron;4;[8];124;12400;12400;1.76653e+02;35;1;1;1.00000e+00;1.00000e+00;1.00000e+00;40;4.98962e-01;5.09621e-01;4.99482e-01
nav-lives;me-hebbian-neuron;3;[8];125;12500;12500;1.77547e+02;34;1;1;1.00000e+00;1.00000e+00;1.00000e+00;40;5.63704e-01;4.98622e-01;4.97352e-01
nav-lives;me-hebbian-neuron;4;[8];125;12500;12500;1.78106e+02;35;1;1;1.00000e+00;1.00000e+00;1.00000e+00;40;4.98962e-01;5.09621e-01;4.99482e-01
nav-lives;me-hebbian-neuron;3;[8];126;12600;12600;1.78799e+02;35;1;1;1.00000e+00;1.00000e+00;1.00000e+00;40;5.63704e-01;4.98622e-01;4.97352e-01
nav-lives;me-hebbian-neuron;4;[8];126;12600;12600;1.79527e+02;35;1;1;1.00000e+00;1.00000e+00;1.00000e+00;40;4.98962e-01;5.09621e-01;4.99482e-01
nav-lives;me-hebbian-neuron;3;[8];127;12700;12700;1.80256e+02;35;1;1;1.00000e+00;1.00000e+00;1.00000e+00;40;5.63704e-01;4.98622e-01;4.97352e-01
nav-lives;me-hebbian-neuron;4;[8];127;12700;12700;1.80985e+02;35;1;1;1.00000e+00;1.00000e+00;1.00000e+00;40;4.98962e-01;5.09621e-01;4.99482e-01
nav-lives;me-hebbian-neuron;3;[8];128;12800;12800;1.81660e+02;35;1;1;1.00000e+00;1.00000e+00;1.00000e+00;40;5.63704e-01;4.98622e-01;4.97352e-01
nav-lives;me-hebbian-neuron;4;[8];128;12800;12800;1.82360e+02;35;1;1;1.00000e+00;1.00000e+00;1.00000e+00;40;4.98962e-01;5.09621e-01;4.99482e-01
nav-lives;me-hebbian-neuron;3;[8];129;12900;12900;1.83046e+02;35;1;1;1.00000e+00;1.00000e+00;1.00000e+00;40;5.63704e-01;4.98622e-01;4.97352e-01
nav-lives;me-hebbian-neuron;4;[8];129;12900;12900;1.83790e+02;35;1;1;1.00000e+00;1.00000e+00;1.00000e+00;40;4.98962e-01;5.09621e-01;4.99482e-01
nav-lives;me-hebbian-neuron;3;[8];130;13000;13000;1.84510e+02;35;1;1;1.00000e+00;1.00000e+00;1.00000e+00;40;5.63704e-01;4.98622e-01;4.97352e-01
nav-lives;me-hebbian-neuron;4;[8];130;13000;13000;1.85243e+02;35;1;1;1.00000e+00;1.00000e+00;1.00000e+00;40;4.98962e-01;5.09621e-01;4.99482e-01
nav-lives;me-hebbian-neuron;3;[8];131;13100;13100;1.85915e+02;35;1;1;1.00000e+00;1.00000e+00;1.00000e+00;40;6.73190e-01;6.79170e-01;4.69809e-01
nav-lives;me-hebbian-neuron;4;[8];131;13100;13100;1.86622e+02;35;1;1;1.00000e+00;1.00000e+00;1.00000e+00;40;4.98962e-01;5.09621e-01;4.99482e-01
nav-lives;me-hebbian-neuron;3;[8];132;13200;13200;1.87389e+02;35;1;1;1.00000e+00;1.00000e+00;1.00000e+00;40;6.73190e-01;6.79170e-01;4.69809e-01
nav-lives;me-hebbian-neuron;4;[8];132;13200;13200;1.88046e+02;35;1;1;1.00000e+00;1.00000e+00;1.00000e+00;40;4.98962e-01;5.09621e-01;4.99482e-01
nav-lives;me-hebbian-neuron;3;[8];133;13300;13300;1.88788e+02;35;1;1;1.00000e+00;1.00000e+00;1.00000e+00;40;6.73190e-01;6.79170e-01;4.69809e-01
nav-lives;me-hebbian-neuron;4;[8];133;13300;13300;1.89465e+02;35;1;1;1.00000e+00;1.00000e+00;1.00000e+00;40;4.98962e-01;5.09621e-01;4.99482e-01
nav-lives;me-hebbian-neuron;3;[8];134;13400;13400;1.90247e+02;35;1;1;1.00000e+00;1.00000e+00;1.00000e+00;40;6.73190e-01;6.79170e-01;4.69809e-01
nav-lives;me-hebbian-neuron;4;[8];134;13400;13400;1.90851e+02;35;1;1;1.00000e+00;1.00000e+00;1.00000e+00;40;4.98962e-01;5.09621e-01;4.99482e-01
nav-lives;me-hebbian-neuron;3;[8];135;13500;13500;1.91692e+02;35;1;1;1.00000e+00;1.00000e+00;1.00000e+00;40;6.73190e-01;6.79170e-01;4.69809e-01
nav-lives;me-hebbian-neuron;4;[8];135;13500;13500;1.92369e+02;35;1;1;1.00000e+00;1.00000e+00;1.00000e+00;40;4.98962e-01;5.09621e-01;4.99482e-01
nav-lives;me-hebbian-neuron;3;[8];136;13600;13600;1.93073e+02;35;1;1;1.00000e+00;1.00000e+00;1.00000e+00;40;6.73190e-01;6.79170e-01;4.69809e-01
nav-lives;me-hebbian-neuron;4;[8];136;13600;13600;1.93840e+02;35;1;1;1.00000e+00;1.00000e+00;1.00000e+00;40;4.98962e-01;5.09621e-01;4.99482e-01
nav-lives;me-hebbian-neuron;3;[8];137;13700;13700;1.94450e+02;35;1;1;1.00000e+00;1.00000e+00;1.00000e+00;40;6.73190e-01;6.79170e-01;4.69809e-01
nav-lives;me-hebbian-neuron;4;[8];137;13700;13700;1.95223e+02;35;1;1;1.00000e+00;1.00000e+00;1.00000e+00;40;4.98962e-01;5.09621e-01;4.99482e-01
nav-lives;me-hebbian-neuron;3;[8];138;13800;13800;1.95925e+02;35;1;1;1.00000e+00;1.00000e+00;1.00000e+00;40;6.73190e-01;6.79170e-01;4.69809e-01
nav-lives;me-hebbian-neuron;4;[8];138;13800;13800;1.96545e+02;35;1;1;1.00000e+00;1.00000e+00;1.00000e+00;40;4.98962e-01;5.09621e-01;4.99482e-01
nav-lives;me-hebbian-neuron;3;[8];139;13900;13900;1.97349e+02;35;1;1;1.00000e+00;1.00000e+00;1.00000e+00;40;6.73190e-01;6.79170e-01;4.69809e-01
nav-lives;me-hebbian-neuron;4;[8];139;13900;13900;1.98025e+02;35;1;1;1.00000e+00;1.00000e+00;1.00000e+00;40;4.98962e-01;5.09621e-01;4.99482e-01
nav-lives;me-hebbian-neuron;3;[8];140;14000;14000;1.98735e+02;35;1;1;1.00000e+00;1.00000e+00;1.00000e+00;40;6.73190e-01;6.79170e-01;4.69809e-01
nav-lives;me-hebbian-neuron;4;[8];140;14000;14000;1.99430e+02;35;1;1;1.00000e+00;1.00000e+00;1.00000e+00;40;4.98962e-01;5.09621e-01;4.99482e-01
nav-lives;me-hebbian-neuron;3;[8];141;14100;14100;2.00146e+02;35;1;1;1.00000e+00;1.00000e+00;1.00000e+00;40;6.73190e-01;6.79170e-01;4.69809e-01
nav-lives;me-hebbian-neuron;4;[8];141;14100;14100;2.00841e+02;35;1;1;1.00000e+00;1.00000e+00;1.00000e+00;40;4.98962e-01;5.09621e-01;4.99482e-01
nav-lives;me-hebbian-neuron;3;[8];142;14200;14200;2.01545e+02;35;1;1;1.00000e+00;1.00000e+00;1.00000e+00;40;6.73190e-01;6.79170e-01;4.69809e-01
nav-lives;me-hebbian-neuron;4;[8];142;14200;14200;2.02295e+02;35;1;1;1.00000e+00;1.00000e+00;1.00000e+00;40;4.98962e-01;5.09621e-01;4.99482e-01
nav-lives;me-hebbian-neuron;3;[8];143;14300;14300;2.02997e+02;35;1;1;1.00000e+00;1.00000e+00;1.00000e+00;40;6.73190e-01;6.79170e-01;4.69809e-01
nav-lives;me-hebbian-neuron;4;[8];143;14300;14300;2.03670e+02;35;1;1;1.00000e+00;1.00000e+00;1.00000e+00;40;4.98962e-01;5.09621e-01;4.99482e-01
nav-lives;me-hebbian-neuron;3;[8];144;14400;14400;2.04377e+02;35;1;1;1.00000e+00;1.00000e+00;1.00000e+00;40;6.73190e-01;6.79170e-01;4.69809e-01
nav-lives;me-hebbian-neuron;4;[8];144;14400;14400;2.05094e+02;35;1;1;1.00000e+00;1.00000e+00;1.00000e+00;40;4.98962e-01;5.09621e-01;4.99482e-01
nav-lives;me-hebbian-neuron;3;[8];145;14500;14500;2.05785e+02;35;1;1;1.00000e+00;1.00000e+00;1.00000e+00;40;6.73190e-01;6.79170e-01;4.69809e-01
nav-lives;me-hebbian-neuron;4;[8];145;14500;14500;2.06523e+02;35;1;1;1.00000e+00;1.00000e+00;1.00000e+00;40;4.98962e-01;5.09621e-01;4.99482e-01
nav-lives;me-hebbian-neuron;3;[8];146;14600;14600;2.07263e+02;35;1;1;1.00000e+00;1.00000e+00;1.00000e+00;40;6.73190e-01;6.79170e-01;4.69809e-01
nav-lives;me-hebbian-neuron;4;[8];146;14600;14600;2.07953e+02;35;1;1;1.00000e+00;1.00000e+00;1.00000e+00;40;4.98962e-01;5.09621e-01;4.99482e-01
nav-lives;me-hebbian-neuron;3;[8];147;14700;14700;2.08639e+02;35;1;1;1.00000e+00;1.00000e+00;1.00000e+00;40;6.73190e-01;6.79170e-01;4.69809e-01
nav-lives;me-hebbian-neuron;4;[8];147;14700;14700;2.09369e+02;35;1;1;1.00000e+00;1.00000e+00;1.00000e+00;40;4.98962e-01;5.09621e-01;4.99482e-01
nav-lives;me-hebbian-neuron;3;[8];148;14800;14800;2.10084e+02;35;1;1;1.00000e+00;1.00000e+00;1.00000e+00;40;6.73190e-01;6.79170e-01;4.69809e-01
nav-lives;me-hebbian-neuron;4;[8];148;14800;14800;2.10790e+02;35;1;1;1.00000e+00;1.00000e+00;1.00000e+00;40;4.98962e-01;5.09621e-01;4.99482e-01
nav-lives;me-hebbian-neuron;3;[8];149;14900;14900;2.11544e+02;35;1;1;1.00000e+00;1.00000e+00;1.00000e+00;40;6.73190e-01;6.79170e-01;4.69809e-01
nav-lives;me-hebbian-neuron;4;[8];149;14900;14900;2.12413e+02;35;1;1;1.00000e+00;1.00000e+00;1.00000e+00;40;4.98962e-01;5.09621e-01;4.99482e-01
nav-lives;me-hebbian-neuron;3;[8];150;15000;15000;2.12862e+02;35;1;1;1.00000e+00;1.00000e+00;1.00000e+00;40;6.73190e-01;6.79170e-01;4.69809e-01
nav-lives;me-hebbian-neuron;4;[8];150;15000;15000;2.13670e+02;35;1;1;1.00000e+00;1.00000e+00;1.00000e+00;40;4.98962e-01;5.09621e-01;4.99482e-01
nav-lives;me-hebbian-neuron;3;[8];151;15100;15100;2.14360e+02;35;1;1;1.00000e+00;1.00000e+00;1.00000e+00;40;6.73190e-01;6.79170e-01;4.69809e-01
nav-lives;me-hebbian-neuron;4;[8];151;15100;15100;2.15104e+02;35;1;1;1.00000e+00;1.00000e+00;1.00000e+00;40;4.98962e-01;5.09621e-01;4.99482e-01
nav-lives;me-hebbian-neuron;3;[8];152;15200;15200;2.15826e+02;35;1;1;1.00000e+00;1.00000e+00;1.00000e+00;40;6.73190e-01;6.79170e-01;4.69809e-01
nav-lives;me-hebbian-neuron;4;[8];152;15200;15200;2.16451e+02;35;1;1;1.00000e+00;1.00000e+00;1.00000e+00;40;4.98962e-01;5.09621e-01;4.99482e-01
nav-lives;me-hebbian-neuron;3;[8];153;15300;15300;2.17150e+02;35;1;1;1.00000e+00;1.00000e+00;1.00000e+00;40;6.73190e-01;6.79170e-01;4.69809e-01
nav-lives;me-hebbian-neuron;4;[8];153;15300;15300;2.17932e+02;35;1;1;1.00000e+00;1.00000e+00;1.00000e+00;40;4.98962e-01;5.09621e-01;4.99482e-01
nav-lives;me-hebbian-neuron;3;[8];154;15400;15400;2.18660e+02;35;1;1;1.00000e+00;1.00000e+00;1.00000e+00;40;6.73190e-01;6.79170e-01;4.69809e-01
nav-lives;me-hebbian-neuron;4;[8];154;15400;15400;2.19375e+02;35;1;1;1.00000e+00;1.00000e+00;1.00000e+00;40;4.98962e-01;5.09621e-01;4.99482e-01
nav-lives;me-hebbian-neuron;3;[8];155;15500;15500;2.20083e+02;35;1;1;1.00000e+00;1.00000e+00;1.00000e+00;40;6.73190e-01;6.79170e-01;4.69809e-01
nav-lives;me-hebbian-neuron;4;[8];155;15500;15500;2.20751e+02;35;1;1;1.00000e+00;1.00000e+00;1.00000e+00;40;5.73618e-01;5.36505e-01;4.96002e-01
nav-lives;me-hebbian-neuron;3;[8];156;15600;15600;2.21515e+02;35;1;1;1.00000e+00;1.00000e+00;1.00000e+00;40;6.73190e-01;6.79170e-01;4.69809e-01
nav-lives;me-hebbian-neuron;4;[8];156;15600;15600;2.22184e+02;35;1;1;1.00000e+00;1.00000e+00;1.00000e+00;40;5.73618e-01;5.36505e-01;4.96002e-01
nav-lives;me-hebbian-neuron;3;[8];157;15700;15700;2.22863e+02;35;1;1;1.00000e+00;1.00000e+00;1.00000e+00;40;6.73190e-01;6.79170e-01;4.69809e-01
nav-lives;me-hebbian-neuron;4;[8];157;15700;15700;2.23661e+02;35;1;1;1.00000e+00;1.00000e+00;1.00000e+00;40;5.73618e-01;5.36505e-01;4.96002e-01
nav-lives;me-hebbian-neuron;3;[8];158;15800;15800;2.24262e+02;35;1;1;1.00000e+00;1.00000e+00;1.00000e+00;40;6.73190e-01;6.79170e-01;4.69809e-01
nav-lives;me-hebbian-neuron;4;[8];158;15800;15800;2.25049e+02;35;1;1;1.00000e+00;1.00000e+00;1.00000e+00;40;5.73618e-01;5.36505e-01;4.96002e-01
nav-lives;me-hebbian-neuron;3;[8];159;15900;15900;2.25780e+02;35;1;1;1.00000e+00;1.00000e+00;1.00000e+00;40;6.73190e-01;6.79170e-01;4.69809e-01
nav-lives;me-hebbian-neuron;4;[8];159;15900;15900;2.26513e+02;35;1;1;1.00000e+00;1.00000e+00;1.00000e+00;40;5.73618e-01;5.36505e-01;4.96002e-01
nav-lives;me-hebbian-neuron;3;[8];160;16000;16000;2.27104e+02;35;1;1;1.00000e+00;1.00000e+00;1.00000e+00;40;6.73190e-01;6.79170e-01;4.69809e-01
nav-lives;me-hebbian-neuron;4;[8];160;16000;16000;2.27834e+02;35;1;1;1.00000e+00;1.00000e+00;1.00000e+00;40;5.73618e-01;5.36505e-01;4.96002e-01
nav-lives;me-hebbian-neuron;3;[8];161;16100;16100;2.28583e+02;35;1;1;1.00000e+00;1.00000e+00;1.00000e+00;40;6.73190e-01;6.79170e-01;4.69809e-01
nav-lives;me-hebbian-neuron;4;[8];161;16100;16100;2.29319e+02;35;1;1;1.00000e+00;1.00000e+00;1.00000e+00;40;5.73618e-01;5.36505e-01;4.96002e-01
nav-lives;me-hebbian-neuron;3;[8];162;16200;16200;2.29992e+02;35;1;1;1.00000e+00;1.00000e+00;1.00000e+00;40;6.73190e-01;6.79170e-01;4.69809e-01
nav-lives;me-hebbian-neuron;4;[8];162;16200;16200;2.30725e+02;35;1;1;1.00000e+00;1.00000e+00;1.00000e+00;40;5.73618e-01;5.36505e-01;4.96002e-01
nav-lives;me-hebbian-neuron;3;[8];163;16300;16300;2.31430e+02;35;1;1;1.00000e+00;1.00000e+00;1.00000e+00;40;6.73190e-01;6.79170e-01;4.69809e-01
nav-lives;me-hebbian-neuron;4;[8];163;16300;16300;2.32110e+02;35;1;1;1.00000e+00;1.00000e+00;1.00000e+00;40;5.73618e-01;5.36505e-01;4.96002e-01
nav-lives;me-hebbian-neuron;3;[8];164;16400;16400;2.32816e+02;35;1;1;1.00000e+00;1.00000e+00;1.00000e+00;40;6.73190e-01;6.79170e-01;4.69809e-01
nav-lives;me-hebbian-neuron;4;[8];164;16400;16400;2.33554e+02;35;1;1;1.00000e+00;1.00000e+00;1.00000e+00;40;5.73618e-01;5.36505e-01;4.96002e-01
nav-lives;me-hebbian-neuron;3;[8];165;16500;16500;2.34272e+02;35;1;1;1.00000e+00;1.00000e+00;1.00000e+00;40;6.73190e-01;6.79170e-01;4.69809e-01
nav-lives;me-hebbian-neuron;4;[8];165;16500;16500;2.34967e+02;35;1;1;1.00000e+00;1.00000e+00;1.00000e+00;40;5.73618e-01;5.36505e-01;4.96002e-01
nav-lives;me-hebbian-neuron;3;[8];166;16600;16600;2.35713e+02;35;1;1;1.00000e+00;1.00000e+00;1.00000e+00;40;6.73190e-01;6.79170e-01;4.69809e-01
nav-lives;me-hebbian-neuron;4;[8];166;16600;16600;2.36394e+02;35;1;1;1.00000e+00;1.00000e+00;1.00000e+00;40;5.73618e-01;5.36505e-01;4.96002e-01
nav-lives;me-hebbian-neuron;3;[8];167;16700;16700;2.37094e+02;35;1;1;1.00000e+00;1.00000e+00;1.00000e+00;40;6.73190e-01;6.79170e-01;4.69809e-01
nav-lives;me-hebbian-neuron;4;[8];167;16700;16700;2.37798e+02;35;1;1;1.00000e+00;1.00000e+00;1.00000e+00;40;5.73618e-01;5.36505e-01;4.96002e-01
nav-lives;me-hebbian-neuron;3;[8];168;16800;16800;2.38503e+02;35;1;1;1.00000e+00;1.00000e+00;1.00000e+00;40;6.73190e-01;6.79170e-01;4.69809e-01
nav-lives;me-hebbian-neuron;4;[8];168;16800;16800;2.39233e+02;35;1;1;1.00000e+00;1.00000e+00;1.00000e+00;40;5.73618e-01;5.36505e-01;4.96002e-01
nav-lives;me-hebbian-neuron;3;[8];169;16900;16900;2.39964e+02;35;1;1;1.00000e+00;1.00000e+00;1.00000e+00;40;6.73190e-01;6.79170e-01;4.69809e-01
nav-lives;me-hebbian-neuron;4;[8];169;16900;16900;2.40627e+02;35;1;1;1.00000e+00;1.00000e+00;1.00000e+00;40;5.73618e-01;5.36505e-01;4.96002e-01
nav-lives;me-hebbian-neuron;3;[8];170;17000;17000;2.41445e+02;35;1;1;1.00000e+00;1.00000e+00;1.00000e+00;40;6.73190e-01;6.79170e-01;4.69809e-01
nav-lives;me-hebbian-neuron;4;[8];170;17000;17000;2.42084e+02;35;1;1;1.00000e+00;1.00000e+00;1.00000e+00;40;5.73618e-01;5.36505e-01;4.96002e-01
nav-lives;me-hebbian-neuron;3;[8];171;17100;17100;2.42845e+02;35;1;1;1.00000e+00;1.00000e+00;1.00000e+00;40;6.73190e-01;6.79170e-01;4.69809e-01
nav-lives;me-hebbian-neuron;4;[8];171;17100;17100;2.43498e+02;35;1;1;1.00000e+00;1.00000e+00;1.00000e+00;40;5.73618e-01;5.36505e-01;4.96002e-01
nav-lives;me-hebbian-neuron;3;[8];172;17200;17200;2.44215e+02;35;1;1;1.00000e+00;1.00000e+00;1.00000e+00;40;6.73190e-01;6.79170e-01;4.69809e-01
nav-lives;me-hebbian-neuron;4;[8];172;17200;17200;2.44892e+02;35;1;1;1.00000e+00;1.00000e+00;1.00000e+00;40;5.73618e-01;5.36505e-01;4.96002e-01
nav-lives;me-hebbian-neuron;3;[8];173;17300;17300;2.45623e+02;35;1;1;1.00000e+00;1.00000e+00;1.00000e+00;40;6.73190e-01;6.79170e-01;4.69809e-01
nav-lives;me-hebbian-neuron;4;[8];173;17300;17300;2.46446e+02;35;1;1;1.00000e+00;1.00000e+00;1.00000e+00;40;5.73618e-01;5.36505e-01;4.96002e-01
nav-lives;me-hebbian-neuron;3;[8];174;17400;17400;2.47061e+02;35;1;1;1.00000e+00;1.00000e+00;1.00000e+00;40;6.73190e-01;6.79170e-01;4.69809e-01
nav-lives;me-hebbian-neuron;4;[8];174;17400;17400;2.47766e+02;35;1;1;1.00000e+00;1.00000e+00;1.00000e+00;40;5.73618e-01;5.36505e-01;4.96002e-01
nav-lives;me-hebbian-neuron;3;[8];175;17500;17500;2.48480e+02;35;1;1;1.00000e+00;1.00000e+00;1.00000e+00;40;6.73190e-01;6.79170e-01;4.69809e-01
nav-lives;me-hebbian-neuron;4;[8];175;17500;17500;2.49231e+02;35;1;1;1.00000e+00;1.00000e+00;1.00000e+00;40;5.73618e-01;5.36505e-01;4.96002e-01
nav-lives;me-hebbian-neuron;3;[8];176;17600;17600;2.49922e+02;35;1;1;1.00000e+00;1.00000e+00;1.00000e+00;40;6.73190e-01;6.79170e-01;4.69809e-01
nav-lives;me-hebbian-neuron;4;[8];176;17600;17600;2.50624e+02;35;1;1;1.00000e+00;1.00000e+00;1.00000e+00;40;5.73618e-01;5.36505e-01;4.96002e-01
nav-lives;me-hebbian-neuron;3;[8];177;17700;17700;2.51323e+02;35;1;1;1.00000e+00;1.00000e+00;1.00000e+00;40;6.73190e-01;6.79170e-01;4.69809e-01
nav-lives;me-hebbian-neuron;4;[8];177;17700;17700;2.52072e+02;35;1;1;1.00000e+00;1.00000e+00;1.00000e+00;40;5.73618e-01;5.36505e-01;4.96002e-01
nav-lives;me-hebbian-neuron;3;[8];178;17800;17800;2.52809e+02;35;1;1;1.00000e+00;1.00000e+00;1.00000e+00;40;6.73190e-01;6.79170e-01;4.69809e-01
nav-lives;me-hebbian-neuron;4;[8];178;17800;17800;2.53424e+02;35;1;1;1.00000e+00;1.00000e+00;1.00000e+00;40;5.73618e-01;5.36505e-01;4.96002e-01
nav-lives;me-hebbian-neuron;3;[8];179;17900;17900;2.54127e+02;35;1;1;1.00000e+00;1.00000e+00;1.00000e+00;40;6.73190e-01;6.79170e-01;4.69809e-01
nav-lives;me-hebbian-neuron;4;[8];179;17900;17900;2.54845e+02;35;1;1;1.00000e+00;1.00000e+00;1.00000e+00;40;5.73618e-01;5.36505e-01;4.96002e-01
nav-lives;me-hebbian-neuron;3;[8];180;18000;18000;2.55550e+02;35;1;1;1.00000e+00;1.00000e+00;1.00000e+00;40;6.73190e-01;6.79170e-01;4.69809e-01
nav-lives;me-hebbian-neuron;4;[8];180;18000;18000;2.56369e+02;35;1;1;1.00000e+00;1.00000e+00;1.00000e+00;40;5.73618e-01;5.36505e-01;4.96002e-01
nav-lives;me-hebbian-neuron;3;[8];181;18100;18100;2.57012e+02;35;1;1;1.00000e+00;1.00000e+00;1.00000e+00;40;6.73190e-01;6.79170e-01;4.69809e-01
nav-lives;me-hebbian-neuron;4;[8];181;18100;18100;2.57732e+02;35;1;1;1.00000e+00;1.00000e+00;1.00000e+00;40;5.73618e-01;5.36505e-01;4.96002e-01
nav-lives;me-hebbian-neuron;3;[8];182;18200;18200;2.58433e+02;35;1;1;1.00000e+00;1.00000e+00;1.00000e+00;40;6.73190e-01;6.79170e-01;4.69809e-01
nav-lives;me-hebbian-neuron;4;[8];182;18200;18200;2.59133e+02;35;1;1;1.00000e+00;1.00000e+00;1.00000e+00;40;5.73618e-01;5.36505e-01;4.96002e-01
nav-lives;me-hebbian-neuron;3;[8];183;18300;18300;2.59905e+02;35;1;1;1.00000e+00;1.00000e+00;1.00000e+00;40;6.73190e-01;6.79170e-01;4.69809e-01
nav-lives;me-hebbian-neuron;4;[8];183;18300;18300;2.60534e+02;35;1;1;1.00000e+00;1.00000e+00;1.00000e+00;40;5.73618e-01;5.36505e-01;4.96002e-01
nav-lives;me-hebbian-neuron;3;[8];184;18400;18400;2.61325e+02;35;1;1;1.00000e+00;1.00000e+00;1.00000e+00;40;6.73190e-01;6.79170e-01;4.69809e-01
nav-lives;me-hebbian-neuron;4;[8];184;18400;18400;2.61987e+02;35;1;1;1.00000e+00;1.00000e+00;1.00000e+00;40;5.73618e-01;5.36505e-01;4.96002e-01
nav-lives;me-hebbian-neuron;3;[8];185;18500;18500;2.62702e+02;35;1;1;1.00000e+00;1.00000e+00;1.00000e+00;40;6.73190e-01;6.79170e-01;4.69809e-01
nav-lives;me-hebbian-neuron;4;[8];185;18500;18500;2.63410e+02;35;1;1;1.00000e+00;1.00000e+00;1.00000e+00;40;5.73618e-01;5.36505e-01;4.96002e-01
nav-lives;me-hebbian-neuron;3;[8];186;18600;18600;2.64089e+02;35;1;1;1.00000e+00;1.00000e+00;1.00000e+00;40;6.73190e-01;6.79170e-01;4.69809e-01
nav-lives;me-hebbian-neuron;4;[8];186;18600;18600;2.64838e+02;35;1;1;1.00000e+00;1.00000e+00;1.00000e+00;40;5.73618e-01;5.36505e-01;4.96002e-01
nav-lives;me-hebbian-neuron;3;[8];187;18700;18700;2.65592e+02;35;1;1;1.00000e+00;1.00000e+00;1.00000e+00;40;6.73190e-01;6.79170e-01;4.69809e-01
nav-lives;me-hebbian-neuron;4;[8];187;18700;18700;2.66287e+02;35;1;1;1.00000e+00;1.00000e+00;1.00000e+00;40;5.73618e-01;5.36505e-01;4.96002e-01
nav-lives;me-hebbian-neuron;3;[8];188;18800;18800;2.67011e+02;35;1;1;1.00000e+00;1.00000e+00;1.00000e+00;40;6.73190e-01;6.79170e-01;4.69809e-01
nav-lives;me-hebbian-neuron;4;[8];188;18800;18800;2.67705e+02;35;1;1;1.00000e+00;1.00000e+00;1.00000e+00;40;5.73618e-01;5.36505e-01;4.96002e-01
nav-lives;me-hebbian-neuron;3;[8];189;18900;18900;2.68445e+02;35;1;1;1.00000e+00;1.00000e+00;1.00000e+00;40;6.73190e-01;6.79170e-01;4.69809e-01
nav-lives;me-hebbian-neuron;4;[8];189;18900;18900;2.69094e+02;35;1;1;1.00000e+00;1.00000e+00;1.00000e+00;40;5.73618e-01;5.36505e-01;4.96002e-01
nav-lives;me-hebbian-neuron;3;[8];190;19000;19000;2.69805e+02;35;1;1;1.00000e+00;1.00000e+00;1.00000e+00;40;6.73190e-01;6.79170e-01;4.69809e-01
nav-lives;me-hebbian-neuron;4;[8];190;19000;19000;2.70562e+02;35;1;1;1.00000e+00;1.00000e+00;1.00000e+00;40;5.73618e-01;5.36505e-01;4.96002e-01
nav-lives;me-hebbian-neuron;3;[8];191;19100;19100;2.71271e+02;35;1;1;1.00000e+00;1.00000e+00;1.00000e+00;40;6.73190e-01;6.79170e-01;4.69809e-01
nav-lives;me-hebbian-neuron;4;[8];191;19100;19100;2.71970e+02;35;1;1;1.00000e+00;1.00000e+00;1.00000e+00;40;5.73618e-01;5.36505e-01;4.96002e-01
nav-lives;me-hebbian-neuron;3;[8];192;19200;19200;2.72711e+02;35;1;1;1.00000e+00;1.00000e+00;1.00000e+00;40;6.73190e-01;6.79170e-01;4.69809e-01
nav-lives;me-hebbian-neuron;4;[8];192;19200;19200;2.73376e+02;35;1;1;1.00000e+00;1.00000e+00;1.00000e+00;40;5.73618e-01;5.36505e-01;4.96002e-01
nav-lives;me-hebbian-neuron;3;[8];193;19300;19300;2.74060e+02;35;1;1;1.00000e+00;1.00000e+00;1.00000e+00;40;6.73190e-01;6.79170e-01;4.69809e-01
nav-lives;me-hebbian-neuron;4;[8];193;19300;19300;2.74773e+02;35;1;1;1.00000e+00;1.00000e+00;1.00000e+00;40;5.73618e-01;5.36505e-01;4.96002e-01
nav-lives;me-hebbian-neuron;3;[8];194;19400;19400;2.75531e+02;35;1;1;1.00000e+00;1.00000e+00;1.00000e+00;40;6.73190e-01;6.79170e-01;4.69809e-01
nav-lives;me-hebbian-neuron;4;[8];194;19400;19400;2.76206e+02;35;1;1;1.00000e+00;1.00000e+00;1.00000e+00;40;5.73618e-01;5.36505e-01;4.96002e-01
nav-lives;me-hebbian-neuron;3;[8];195;19500;19500;2.76906e+02;35;1;1;1.00000e+00;1.00000e+00;1.00000e+00;40;6.73190e-01;6.79170e-01;4.69809e-01
nav-lives;me-hebbian-neuron;4;[8];195;19500;19500;2.77582e+02;35;1;1;1.00000e+00;1.00000e+00;1.00000e+00;40;5.73618e-01;5.36505e-01;4.96002e-01
nav-lives;me-hebbian-neuron;3;[8];196;19600;19600;2.78284e+02;35;1;1;1.00000e+00;1.00000e+00;1.00000e+00;40;6.73190e-01;6.79170e-01;4.69809e-01
nav-lives;me-hebbian-neuron;4;[8];196;19600;19600;2.79046e+02;35;1;1;1.00000e+00;1.00000e+00;1.00000e+00;40;5.73618e-01;5.36505e-01;4.96002e-01
nav-lives;me-hebbian-neuron;3;[8];197;19700;19700;2.79770e+02;35;1;1;1.00000e+00;1.00000e+00;1.00000e+00;40;6.73190e-01;6.79170e-01;4.69809e-01
nav-lives;me-hebbian-neuron;4;[8];197;19700;19700;2.80482e+02;35;1;1;1.00000e+00;1.00000e+00;1.00000e+00;40;5.73618e-01;5.36505e-01;4.96002e-01
nav-lives;me-hebbian-neuron;3;[8];198;19800;19800;2.81179e+02;35;1;1;1.00000e+00;1.00000e+00;1.00000e+00;40;6.73190e-01;6.79170e-01;4.69809e-01
nav-lives;me-hebbian-neuron;4;[8];198;19800;19800;2.81911e+02;35;1;1;1.00000e+00;1.00000e+00;1.00000e+00;40;5.73618e-01;5.36505e-01;4.96002e-01
nav-lives;me-hebbian-neuron;3;[8];199;19900;19900;2.82568e+02;35;1;1;1.00000e+00;1.00000e+00;1.00000e+00;40;6.73190e-01;6.79170e-01;4.69809e-01
nav-lives;me-hebbian-neuron;4;[8];199;19900;19900;2.83249e+02;35;1;1;1.00000e+00;1.00000e+00;1.00000e+00;40;5.73618e-01;5.36505e-01;4.96002e-01
nav-lives;me-hebbian-neuron;3;[8];200;20000;20000;2.84019e+02;35;1;1;1.00000e+00;1.00000e+00;1.00000e+00;40;6.73190e-01;6.79170e-01;4.69809e-01
nav-lives;me-hebbian-neuron;4;[8];200;20000;20000;2.84720e+02;35;1;1;1.00000e+00;1.00000e+00;1.00000e+00;40;5.73618e-01;5.36505e-01;4.96002e-01
nav-lives;me-hebbian-neuron;3;[8];201;20100;20100;2.85457e+02;35;1;1;1.00000e+00;1.00000e+00;1.00000e+00;40;6.73190e-01;6.79170e-01;4.69809e-01
nav-lives;me-hebbian-neuron;4;[8];201;20100;20100;2.86158e+02;35;1;1;1.00000e+00;1.00000e+00;1.00000e+00;40;5.73618e-01;5.36505e-01;4.96002e-01
nav-lives;me-hebbian-neuron;3;[8];202;20200;20200;2.86889e+02;35;1;1;1.00000e+00;1.00000e+00;1.00000e+00;40;6.73190e-01;6.79170e-01;4.69809e-01
nav-lives;me-hebbian-neuron;4;[8];202;20200;20200;2.87632e+02;35;1;1;1.00000e+00;1.00000e+00;1.00000e+00;40;5.73618e-01;5.36505e-01;4.96002e-01
nav-lives;me-hebbian-neuron;3;[8];203;20300;20300;2.88275e+02;35;1;1;1.00000e+00;1.00000e+00;1.00000e+00;40;6.73190e-01;6.79170e-01;4.69809e-01
nav-lives;me-hebbian-neuron;4;[8];203;20300;20300;2.89015e+02;35;1;1;1.00000e+00;1.00000e+00;1.00000e+00;40;5.73618e-01;5.36505e-01;4.96002e-01
nav-lives;me-hebbian-neuron;3;[8];204;20400;20400;2.89739e+02;35;1;1;1.00000e+00;1.00000e+00;1.00000e+00;40;6.73190e-01;6.79170e-01;4.69809e-01
nav-lives;me-hebbian-neuron;4;[8];204;20400;20400;2.90505e+02;35;1;1;1.00000e+00;1.00000e+00;1.00000e+00;40;5.73618e-01;5.36505e-01;4.96002e-01
nav-lives;me-hebbian-neuron;3;[8];205;20500;20500;2.91269e+02;35;1;1;1.00000e+00;1.00000e+00;1.00000e+00;40;6.73190e-01;6.79170e-01;4.69809e-01
nav-lives;me-hebbian-neuron;4;[8];205;20500;20500;2.91849e+02;35;1;1;1.00000e+00;1.00000e+00;1.00000e+00;40;5.73618e-01;5.36505e-01;4.96002e-01
nav-lives;me-hebbian-neuron;3;[8];206;20600;20600;2.92551e+02;35;1;1;1.00000e+00;1.00000e+00;1.00000e+00;40;6.73190e-01;6.79170e-01;4.69809e-01
nav-lives;me-hebbian-neuron;4;[8];206;20600;20600;2.93337e+02;35;1;1;1.00000e+00;1.00000e+00;1.00000e+00;40;5.73618e-01;5.36505e-01;4.96002e-01
nav-lives;me-hebbian-neuron;3;[8];207;20700;20700;2.93947e+02;35;1;1;1.00000e+00;1.00000e+00;1.00000e+00;40;6.73190e-01;6.79170e-01;4.69809e-01
nav-lives;me-hebbian-neuron;4;[8];207;20700;20700;2.94659e+02;35;1;1;1.00000e+00;1.00000e+00;1.00000e+00;40;5.73618e-01;5.36505e-01;4.96002e-01
nav-lives;me-hebbian-neuron;3;[8];208;20800;20800;2.95421e+02;35;1;1;1.00000e+00;1.00000e+00;1.00000e+00;40;6.73190e-01;6.79170e-01;4.69809e-01
nav-lives;me-hebbian-neuron;4;[8];208;20800;20800;2.96173e+02;35;1;1;1.00000e+00;1.00000e+00;1.00000e+00;40;5.73618e-01;5.36505e-01;4.96002e-01
nav-lives;me-hebbian-neuron;3;[8];209;20900;20900;2.96859e+02;35;1;1;1.00000e+00;1.00000e+00;1.00000e+00;40;6.73190e-01;6.79170e-01;4.69809e-01
nav-lives;me-hebbian-neuron;4;[8];209;20900;20900;2.97550e+02;35;1;1;1.00000e+00;1.00000e+00;1.00000e+00;40;5.73618e-01;5.36505e-01;4.96002e-01
nav-lives;me-hebbian-neuron;3;[8];210;21000;21000;2.98259e+02;35;1;1;1.00000e+00;1.00000e+00;1.00000e+00;40;6.73190e-01;6.79170e-01;4.69809e-01
nav-lives;me-hebbian-neuron;4;[8];210;21000;21000;2.98999e+02;35;1;1;1.00000e+00;1.00000e+00;1.00000e+00;40;5.73618e-01;5.36505e-01;4.96002e-01
nav-lives;me-hebbian-neuron;3;[8];211;21100;21100;2.99698e+02;35;1;1;1.00000e+00;1.00000e+00;1.00000e+00;40;6.73190e-01;6.79170e-01;4.69809e-01
nav-lives;me-hebbian-neuron;4;[8];211;21100;21100;3.00419e+02;35;1;1;1.00000e+00;1.00000e+00;1.00000e+00;40;5.73618e-01;5.36505e-01;4.96002e-01
nav-lives;me-hebbian-neuron;3;[8];212;21200;21200;3.01099e+02;35;1;1;1.00000e+00;1.00000e+00;1.00000e+00;40;6.73190e-01;6.79170e-01;4.69809e-01
nav-lives;me-hebbian-neuron;4;[8];212;21200;21200;3.01782e+02;35;1;1;1.00000e+00;1.00000e+00;1.00000e+00;40;5.92903e-01;5.69605e-01;4.91369e-01
nav-lives;me-hebbian-neuron;3;[8];213;21300;21300;3.02534e+02;35;1;1;1.00000e+00;1.00000e+00;1.00000e+00;40;6.73190e-01;6.79170e-01;4.69809e-01
nav-lives;me-hebbian-neuron;4;[8];213;21300;21300;3.03243e+02;35;1;1;1.00000e+00;1.00000e+00;1.00000e+00;40;5.92903e-01;5.69605e-01;4.91369e-01
nav-lives;me-hebbian-neuron;3;[8];214;21400;21400;3.03941e+02;35;1;1;1.00000e+00;1.00000e+00;1.00000e+00;40;6.73190e-01;6.79170e-01;4.69809e-01
nav-lives;me-hebbian-neuron;4;[8];214;21400;21400;3.04664e+02;35;1;1;1.00000e+00;1.00000e+00;1.00000e+00;40;5.92903e-01;5.69605e-01;4.91369e-01
nav-lives;me-hebbian-neuron;3;[8];215;21500;21500;3.05324e+02;35;1;1;1.00000e+00;1.00000e+00;1.00000e+00;40;6.73190e-01;6.79170e-01;4.69809e-01
nav-lives;me-hebbian-neuron;4;[8];215;21500;21500;3.06108e+02;35;1;1;1.00000e+00;1.00000e+00;1.00000e+00;40;5.92903e-01;5.69605e-01;4.91369e-01
nav-lives;me-hebbian-neuron;3;[8];216;21600;21600;3.06750e+02;35;1;1;1.00000e+00;1.00000e+00;1.00000e+00;40;6.73190e-01;6.79170e-01;4.69809e-01
nav-lives;me-hebbian-neuron;4;[8];216;21600;21600;3.07498e+02;35;1;1;1.00000e+00;1.00000e+00;1.00000e+00;40;5.92903e-01;5.69605e-01;4.91369e-01
nav-lives;me-hebbian-neuron;3;[8];217;21700;21700;3.08216e+02;35;1;1;1.00000e+00;1.00000e+00;1.00000e+00;40;6.73190e-01;6.79170e-01;4.69809e-01
nav-lives;me-hebbian-neuron;4;[8];217;21700;21700;3.08904e+02;35;1;1;1.00000e+00;1.00000e+00;1.00000e+00;40;5.92903e-01;5.69605e-01;4.91369e-01
nav-lives;me-hebbian-neuron;3;[8];218;21800;21800;3.09586e+02;35;1;1;1.00000e+00;1.00000e+00;1.00000e+00;40;6.73190e-01;6.79170e-01;4.69809e-01
nav-lives;me-hebbian-neuron;4;[8];218;21800;21800;3.10339e+02;35;1;1;1.00000e+00;1.00000e+00;1.00000e+00;40;5.92903e-01;5.69605e-01;4.91369e-01
nav-lives;me-hebbian-neuron;3;[8];219;21900;21900;3.11021e+02;35;1;1;1.00000e+00;1.00000e+00;1.00000e+00;40;6.73190e-01;6.79170e-01;4.69809e-01
nav-lives;me-hebbian-neuron;4;[8];219;21900;21900;3.11794e+02;35;1;1;1.00000e+00;1.00000e+00;1.00000e+00;40;5.92903e-01;5.69605e-01;4.91369e-01
nav-lives;me-hebbian-neuron;3;[8];220;22000;22000;3.12579e+02;35;1;1;1.00000e+00;1.00000e+00;1.00000e+00;40;6.73190e-01;6.79170e-01;4.69809e-01
nav-lives;me-hebbian-neuron;4;[8];220;22000;22000;3.13191e+02;35;1;1;1.00000e+00;1.00000e+00;1.00000e+00;40;5.92903e-01;5.69605e-01;4.91369e-01
nav-lives;me-hebbian-neuron;3;[8];221;22100;22100;3.13910e+02;35;1;1;1.00000e+00;1.00000e+00;1.00000e+00;40;6.73190e-01;6.79170e-01;4.69809e-01
nav-lives;me-hebbian-neuron;4;[8];221;22100;22100;3.14612e+02;35;1;1;1.00000e+00;1.00000e+00;1.00000e+00;40;5.92903e-01;5.69605e-01;4.91369e-01
nav-lives;me-hebbian-neuron;3;[8];222;22200;22200;3.15325e+02;35;1;1;1.00000e+00;1.00000e+00;1.00000e+00;40;6.73190e-01;6.79170e-01;4.69809e-01
nav-lives;me-hebbian-neuron;4;[8];222;22200;22200;3.16054e+02;35;1;1;1.00000e+00;1.00000e+00;1.00000e+00;40;5.92903e-01;5.69605e-01;4.91369e-01
nav-lives;me-hebbian-neuron;3;[8];223;22300;22300;3.16741e+02;35;1;1;1.00000e+00;1.00000e+00;1.00000e+00;40;6.73190e-01;6.79170e-01;4.69809e-01
nav-lives;me-hebbian-neuron;4;[8];223;22300;22300;3.17568e+02;35;1;1;1.00000e+00;1.00000e+00;1.00000e+00;40;5.92903e-01;5.69605e-01;4.91369e-01
nav-lives;me-hebbian-neuron;3;[8];224;22400;22400;3.18164e+02;35;1;1;1.00000e+00;1.00000e+00;1.00000e+00;40;6.73190e-01;6.79170e-01;4.69809e-01
nav-lives;me-hebbian-neuron;4;[8];224;22400;22400;3.18840e+02;35;1;1;1.00000e+00;1.00000e+00;1.00000e+00;40;5.92903e-01;5.69605e-01;4.91369e-01
nav-lives;me-hebbian-neuron;3;[8];225;22500;22500;3.19596e+02;35;1;1;1.00000e+00;1.00000e+00;1.00000e+00;40;6.73190e-01;6.79170e-01;4.69809e-01
nav-lives;me-hebbian-neuron;4;[8];225;22500;22500;3.20311e+02;35;1;1;1.00000e+00;1.00000e+00;1.00000e+00;40;5.92903e-01;5.69605e-01;4.91369e-01
nav-lives;me-hebbian-neuron;3;[8];226;22600;22600;3.20997e+02;35;1;1;1.00000e+00;1.00000e+00;1.00000e+00;40;6.73190e-01;6.79170e-01;4.69809e-01
nav-lives;me-hebbian-neuron;4;[8];226;22600;22600;3.21715e+02;35;1;1;1.00000e+00;1.00000e+00;1.00000e+00;40;5.92903e-01;5.69605e-01;4.91369e-01
nav-lives;me-hebbian-neuron;3;[8];227;22700;22700;3.22506e+02;35;1;1;1.00000e+00;1.00000e+00;1.00000e+00;40;6.73190e-01;6.79170e-01;4.69809e-01
nav-lives;me-hebbian-neuron;4;[8];227;22700;22700;3.23151e+02;35;1;1;1.00000e+00;1.00000e+00;1.00000e+00;40;5.92903e-01;5.69605e-01;4.91369e-01
nav-lives;me-hebbian-neuron;3;[8];228;22800;22800;3.23893e+02;35;1;1;1.00000e+00;1.00000e+00;1.00000e+00;40;6.73190e-01;6.79170e-01;4.69809e-01
nav-lives;me-hebbian-neuron;4;[8];228;22800;22800;3.24591e+02;35;1;1;1.00000e+00;1.00000e+00;1.00000e+00;40;5.92903e-01;5.69605e-01;4.91369e-01
nav-lives;me-hebbian-neuron;3;[8];229;22900;22900;3.25222e+02;35;1;1;1.00000e+00;1.00000e+00;1.00000e+00;40;6.73190e-01;6.79170e-01;4.69809e-01
nav-lives;me-hebbian-neuron;4;[8];229;22900;22900;3.26013e+02;35;1;1;1.00000e+00;1.00000e+00;1.00000e+00;40;5.92903e-01;5.69605e-01;4.91369e-01
nav-lives;me-hebbian-neuron;3;[8];230;23000;23000;3.26733e+02;35;1;1;1.00000e+00;1.00000e+00;1.00000e+00;40;6.94369e-01;7.01232e-01;4.61659e-01
nav-lives;me-hebbian-neuron;4;[8];230;23000;23000;3.27400e+02;35;1;1;1.00000e+00;1.00000e+00;1.00000e+00;40;5.92903e-01;5.69605e-01;4.91369e-01
nav-lives;me-hebbian-neuron;3;[8];231;23100;23100;3.28076e+02;35;1;1;1.00000e+00;1.00000e+00;1.00000e+00;40;6.94369e-01;7.01232e-01;4.61659e-01
nav-lives;me-hebbian-neuron;4;[8];231;23100;23100;3.28781e+02;35;1;1;1.00000e+00;1.00000e+00;1.00000e+00;40;5.92903e-01;5.69605e-01;4.91369e-01
nav-lives;me-hebbian-neuron;3;[8];232;23200;23200;3.29515e+02;35;1;1;1.00000e+00;1.00000e+00;1.00000e+00;40;6.94369e-01;7.01232e-01;4.61659e-01
nav-lives;me-hebbian-neuron;4;[8];232;23200;23200;3.30235e+02;35;1;1;1.00000e+00;1.00000e+00;1.00000e+00;40;5.92903e-01;5.69605e-01;4.91369e-01
nav-lives;me-hebbian-neuron;3;[8];233;23300;23300;3.30958e+02;35;1;1;1.00000e+00;1.00000e+00;1.00000e+00;40;6.94369e-01;7.01232e-01;4.61659e-01
nav-lives;me-hebbian-neuron;4;[8];233;23300;23300;3.31687e+02;35;1;1;1.00000e+00;1.00000e+00;1.00000e+00;40;5.92903e-01;5.69605e-01;4.91369e-01
nav-lives;me-hebbian-neuron;3;[8];234;23400;23400;3.32331e+02;35;1;1;1.00000e+00;1.00000e+00;1.00000e+00;40;6.94369e-01;7.01232e-01;4.61659e-01
nav-lives;me-hebbian-neuron;4;[8];234;23400;23400;3.33056e+02;35;1;1;1.00000e+00;1.00000e+00;1.00000e+00;40;5.92903e-01;5.69605e-01;4.91369e-01
nav-lives;me-hebbian-neuron;3;[8];235;23500;23500;3.33788e+02;35;1;1;1.00000e+00;1.00000e+00;1.00000e+00;40;6.94369e-01;7.01232e-01;4.61659e-01
nav-lives;me-hebbian-neuron;4;[8];235;23500;23500;3.34560e+02;35;1;1;1.00000e+00;1.00000e+00;1.00000e+00;40;5.92903e-01;5.69605e-01;4.91369e-01
nav-lives;me-hebbian-neuron;3;[8];236;23600;23600;3.35245e+02;35;1;1;1.00000e+00;1.00000e+00;1.00000e+00;40;6.94369e-01;7.01232e-01;4.61659e-01
nav-lives;me-hebbian-neuron;4;[8];236;23600;23600;3.35989e+02;35;1;1;1.00000e+00;1.00000e+00;1.00000e+00;40;5.92903e-01;5.69605e-01;4.91369e-01
nav-lives;me-hebbian-neuron;3;[8];237;23700;23700;3.36697e+02;35;1;1;1.00000e+00;1.00000e+00;1.00000e+00;40;6.94369e-01;7.01232e-01;4.61659e-01
nav-lives;me-hebbian-neuron;4;[8];237;23700;23700;3.37316e+02;35;1;1;1.00000e+00;1.00000e+00;1.00000e+00;40;5.92903e-01;5.69605e-01;4.91369e-01
nav-lives;me-hebbian-neuron;3;[8];238;23800;23800;3.38093e+02;35;1;1;1.00000e+00;1.00000e+00;1.00000e+00;40;6.94369e-01;7.01232e-01;4.61659e-01
nav-lives;me-hebbian-neuron;4;[8];238;23800;23800;3.38778e+02;35;1;1;1.00000e+00;1.00000e+00;1.00000e+00;40;6.33044e-01;6.42232e-01;4.83538e-01
nav-lives;me-hebbian-neuron;3;[8];239;23900;23900;3.39492e+02;35;1;1;1.00000e+00;1.00000e+00;1.00000e+00;40;6.94369e-01;7.01232e-01;4.61659e-01
nav-lives;me-hebbian-neuron;4;[8];239;23900;23900;3.40191e+02;35;1;1;1.00000e+00;1.00000e+00;1.00000e+00;40;6.33044e-01;6.42232e-01;4.83538e-01
nav-lives;me-hebbian-neuron;3;[8];240;24000;24000;3.40863e+02;35;1;1;1.00000e+00;1.00000e+00;1.00000e+00;40;6.94369e-01;7.01232e-01;4.61659e-01
nav-lives;me-hebbian-neuron;4;[8];240;24000;24000;3.41605e+02;35;1;1;1.00000e+00;1.00000e+00;1.00000e+00;40;6.33044e-01;6.42232e-01;4.83538e-01
nav-lives;me-hebbian-neuron;3;[8];241;24100;24100;3.42327e+02;35;1;1;1.00000e+00;1.00000e+00;1.00000e+00;40;6.94369e-01;7.01232e-01;4.61659e-01
nav-lives;me-hebbian-neuron;4;[8];241;24100;24100;3.43086e+02;35;1;1;1.00000e+00;1.00000e+00;1.00000e+00;40;6.33044e-01;6.42232e-01;4.83538e-01
nav-lives;me-hebbian-neuron;3;[8];242;24200;24200;3.43764e+02;35;1;1;1.00000e+00;1.00000e+00;1.00000e+00;40;6.94369e-01;7.01232e-01;4.61659e-01
nav-lives;me-hebbian-neuron;4;[8];242;24200;24200;3.44455e+02;35;1;1;1.00000e+00;1.00000e+00;1.00000e+00;40;6.33044e-01;6.42232e-01;4.83538e-01
nav-lives;me-hebbian-neuron;3;[8];243;24300;24300;3.45171e+02;35;1;1;1.00000e+00;1.00000e+00;1.00000e+00;40;6.94369e-01;7.01232e-01;4.61659e-01
nav-lives;me-hebbian-neuron;4;[8];243;24300;24300;3.45877e+02;35;1;1;1.00000e+00;1.00000e+00;1.00000e+00;40;6.33044e-01;6.42232e-01;4.83538e-01
nav-lives;me-hebbian-neuron;3;[8];244;24400;24400;3.46567e+02;35;1;1;1.00000e+00;1.00000e+00;1.00000e+00;40;6.94369e-01;7.01232e-01;4.61659e-01
nav-lives;me-hebbian-neuron;4;[8];244;24400;24400;3.47330e+02;35;1;1;1.00000e+00;1.00000e+00;1.00000e+00;40;6.33044e-01;6.42232e-01;4.83538e-01
nav-lives;me-hebbian-neuron;3;[8];245;24500;24500;3.48007e+02;35;1;1;1.00000e+00;1.00000e+00;1.00000e+00;40;6.94369e-01;7.01232e-01;4.61659e-01
nav-lives;me-hebbian-neuron;4;[8];245;24500;24500;3.48768e+02;35;1;1;1.00000e+00;1.00000e+00;1.00000e+00;40;6.33044e-01;6.42232e-01;4.83538e-01
nav-lives;me-hebbian-neuron;3;[8];246;24600;24600;3.49514e+02;35;1;1;1.00000e+00;1.00000e+00;1.00000e+00;40;6.94369e-01;7.01232e-01;4.61659e-01
nav-lives;me-hebbian-neuron;4;[8];246;24600;24600;3.50156e+02;35;1;1;1.00000e+00;1.00000e+00;1.00000e+00;40;6.33044e-01;6.42232e-01;4.83538e-01
nav-lives;me-hebbian-neuron;3;[8];247;24700;24700;3.50990e+02;35;1;1;1.00000e+00;1.00000e+00;1.00000e+00;40;6.94369e-01;7.01232e-01;4.61659e-01
nav-lives;me-hebbian-neuron;4;[8];247;24700;24700;3.51583e+02;35;1;1;1.00000e+00;1.00000e+00;1.00000e+00;40;6.33044e-01;6.42232e-01;4.83538e-01
nav-lives;me-hebbian-neuron;3;[8];248;24800;24800;3.52332e+02;35;1;1;1.00000e+00;1.00000e+00;1.00000e+00;40;6.94369e-01;7.01232e-01;4.61659e-01
nav-lives;me-hebbian-neuron;4;[8];248;24800;24800;3.53041e+02;35;1;1;1.00000e+00;1.00000e+00;1.00000e+00;40;6.33044e-01;6.42232e-01;4.83538e-01
nav-lives;me-hebbian-neuron;3;[8];249;24900;24900;3.53748e+02;35;1;1;1.00000e+00;1.00000e+00;1.00000e+00;40;6.94369e-01;7.01232e-01;4.61659e-01
nav-lives;me-hebbian-neuron;4;[8];249;24900;24900;3.54399e+02;35;1;1;1.00000e+00;1.00000e+00;1.00000e+00;40;6.33044e-01;6.42232e-01;4.83538e-01
nav-lives;me-hebbian-neuron;3;[8];250;25000;25000;3.55110e+02;35;1;1;1.00000e+00;1.00000e+00;1.00000e+00;40;6.94369e-01;7.01232e-01;4.61659e-01
nav-lives;me-hebbian-neuron;4;[8];250;25000;25000;3.55815e+02;35;1;1;1.00000e+00;1.00000e+00;1.00000e+00;40;6.33044e-01;6.42232e-01;4.83538e-01
nav-lives;me-hebbian-neuron;3;[8];251;25100;25100;3.56565e+02;35;1;1;1.00000e+00;1.00000e+00;1.00000e+00;40;6.94369e-01;7.01232e-01;4.61659e-01
nav-lives;me-hebbian-neuron;4;[8];251;25100;25100;3.57284e+02;35;1;1;1.00000e+00;1.00000e+00;1.00000e+00;40;6.33044e-01;6.42232e-01;4.83538e-01
nav-lives;me-hebbian-neuron;3;[8];252;25200;25200;3.57997e+02;35;1;1;1.00000e+00;1.00000e+00;1.00000e+00;40;6.94369e-01;7.01232e-01;4.61659e-01
nav-lives;me-hebbian-neuron;4;[8];252;25200;25200;3.58706e+02;35;1;1;1.00000e+00;1.00000e+00;1.00000e+00;40;6.33044e-01;6.42232e-01;4.83538e-01
nav-lives;me-hebbian-neuron;3;[8];253;25300;25300;3.59386e+02;35;1;1;1.00000e+00;1.00000e+00;1.00000e+00;40;6.94369e-01;7.01232e-01;4.61659e-01
nav-lives;me-hebbian-neuron;4;[8];253;25300;25300;3.60121e+02;35;1;1;1.00000e+00;1.00000e+00;1.00000e+00;40;6.33044e-01;6.42232e-01;4.83538e-01
nav-lives;me-hebbian-neuron;3;[8];254;25400;25400;3.60850e+02;35;1;1;1.00000e+00;1.00000e+00;1.00000e+00;40;6.94369e-01;7.01232e-01;4.61659e-01
nav-lives;me-hebbian-neuron;4;[8];254;25400;25400;3.61533e+02;35;1;1;1.00000e+00;1.00000e+00;1.00000e+00;40;6.33044e-01;6.42232e-01;4.83538e-01
nav-lives;me-hebbian-neuron;3;[8];255;25500;25500;3.62262e+02;35;1;1;1.00000e+00;1.00000e+00;1.00000e+00;40;6.94369e-01;7.01232e-01;4.61659e-01
nav-lives;me-hebbian-neuron;4;[8];255;25500;25500;3.62984e+02;35;1;1;1.00000e+00;1.00000e+00;1.00000e+00;40;6.33044e-01;6.42232e-01;4.83538e-01
nav-lives;me-hebbian-neuron;3;[8];256;25600;25600;3.63714e+02;35;1;1;1.00000e+00;1.00000e+00;1.00000e+00;40;6.94369e-01;7.01232e-01;4.61659e-01
nav-lives;me-hebbian-neuron;4;[8];256;25600;25600;3.64367e+02;35;1;1;1.00000e+00;1.00000e+00;1.00000e+00;40;6.33044e-01;6.42232e-01;4.83538e-01
nav-lives;me-hebbian-neuron;3;[8];257;25700;25700;3.65056e+02;35;1;1;1.00000e+00;1.00000e+00;1.00000e+00;40;6.94369e-01;7.01232e-01;4.61659e-01
nav-lives;me-hebbian-neuron;4;[8];257;25700;25700;3.65778e+02;35;1;1;1.00000e+00;1.00000e+00;1.00000e+00;40;6.33044e-01;6.42232e-01;4.83538e-01
nav-lives;me-hebbian-neuron;3;[8];258;25800;25800;3.66520e+02;35;1;1;1.00000e+00;1.00000e+00;1.00000e+00;40;6.94369e-01;7.01232e-01;4.61659e-01
nav-lives;me-hebbian-neuron;4;[8];258;25800;25800;3.67244e+02;35;1;1;1.00000e+00;1.00000e+00;1.00000e+00;40;6.33044e-01;6.42232e-01;4.83538e-01
nav-lives;me-hebbian-neuron;3;[8];259;25900;25900;3.67987e+02;35;1;1;1.00000e+00;1.00000e+00;1.00000e+00;40;6.94369e-01;7.01232e-01;4.61659e-01
nav-lives;me-hebbian-neuron;4;[8];259;25900;25900;3.68682e+02;35;1;1;1.00000e+00;1.00000e+00;1.00000e+00;40;6.33044e-01;6.42232e-01;4.83538e-01
nav-lives;me-hebbian-neuron;3;[8];260;26000;26000;3.69363e+02;35;1;1;1.00000e+00;1.00000e+00;1.00000e+00;40;6.94369e-01;7.01232e-01;4.61659e-01
nav-lives;me-hebbian-neuron;4;[8];260;26000;26000;3.70073e+02;35;1;1;1.00000e+00;1.00000e+00;1.00000e+00;40;6.33044e-01;6.42232e-01;4.83538e-01
nav-lives;me-hebbian-neuron;3;[8];261;26100;26100;3.70752e+02;35;1;1;1.00000e+00;1.00000e+00;1.00000e+00;40;6.94369e-01;7.01232e-01;4.61659e-01
nav-lives;me-hebbian-neuron;4;[8];261;26100;26100;3.71445e+02;35;1;1;1.00000e+00;1.00000e+00;1.00000e+00;40;6.33044e-01;6.42232e-01;4.83538e-01
nav-lives;me-hebbian-neuron;3;[8];262;26200;26200;3.72203e+02;35;1;1;1.00000e+00;1.00000e+00;1.00000e+00;40;6.94369e-01;7.01232e-01;4.61659e-01
nav-lives;me-hebbian-neuron;4;[8];262;26200;26200;3.72872e+02;35;1;1;1.00000e+00;1.00000e+00;1.00000e+00;40;6.33044e-01;6.42232e-01;4.83538e-01
nav-lives;me-hebbian-neuron;3;[8];263;26300;26300;3.73635e+02;35;1;1;1.00000e+00;1.00000e+00;1.00000e+00;40;6.94369e-01;7.01232e-01;4.61659e-01
nav-lives;me-hebbian-neuron;4;[8];263;26300;26300;3.74316e+02;35;1;1;1.00000e+00;1.00000e+00;1.00000e+00;40;6.33044e-01;6.42232e-01;4.83538e-01
nav-lives;me-hebbian-neuron;3;[8];264;26400;26400;3.75029e+02;35;1;1;1.00000e+00;1.00000e+00;1.00000e+00;40;6.94369e-01;7.01232e-01;4.61659e-01
nav-lives;me-hebbian-neuron;4;[8];264;26400;26400;3.75738e+02;35;1;1;1.00000e+00;1.00000e+00;1.00000e+00;40;6.33044e-01;6.42232e-01;4.83538e-01
nav-lives;me-hebbian-neuron;3;[8];265;26500;26500;3.76444e+02;35;1;1;1.00000e+00;1.00000e+00;1.00000e+00;40;6.94369e-01;7.01232e-01;4.61659e-01
nav-lives;me-hebbian-neuron;4;[8];265;26500;26500;3.77277e+02;35;1;1;1.00000e+00;1.00000e+00;1.00000e+00;40;6.33044e-01;6.42232e-01;4.83538e-01
nav-lives;me-hebbian-neuron;3;[8];266;26600;26600;3.77885e+02;35;1;1;1.00000e+00;1.00000e+00;1.00000e+00;40;6.94369e-01;7.01232e-01;4.61659e-01
nav-lives;me-hebbian-neuron;4;[8];266;26600;26600;3.78580e+02;35;1;1;1.00000e+00;1.00000e+00;1.00000e+00;40;6.33044e-01;6.42232e-01;4.83538e-01
nav-lives;me-hebbian-neuron;3;[8];267;26700;26700;3.79289e+02;35;1;1;1.00000e+00;1.00000e+00;1.00000e+00;40;6.94369e-01;7.01232e-01;4.61659e-01
nav-lives;me-hebbian-neuron;4;[8];267;26700;26700;3.80038e+02;35;1;1;1.00000e+00;1.00000e+00;1.00000e+00;40;6.33044e-01;6.42232e-01;4.83538e-01
nav-lives;me-hebbian-neuron;3;[8];268;26800;26800;3.80718e+02;35;1;1;1.00000e+00;1.00000e+00;1.00000e+00;40;6.94369e-01;7.01232e-01;4.61659e-01
nav-lives;me-hebbian-neuron;4;[8];268;26800;26800;3.81522e+02;35;1;1;1.00000e+00;1.00000e+00;1.00000e+00;40;6.33044e-01;6.42232e-01;4.83538e-01
nav-lives;me-hebbian-neuron;3;[8];269;26900;26900;3.82104e+02;35;1;1;1.00000e+00;1.00000e+00;1.00000e+00;40;6.94369e-01;7.01232e-01;4.61659e-01
nav-lives;me-hebbian-neuron;4;[8];269;26900;26900;3.82847e+02;35;1;1;1.00000e+00;1.00000e+00;1.00000e+00;40;6.33044e-01;6.42232e-01;4.83538e-01
nav-lives;me-hebbian-neuron;3;[8];270;27000;27000;3.83567e+02;35;1;1;1.00000e+00;1.00000e+00;1.00000e+00;40;6.94369e-01;7.01232e-01;4.61659e-01
nav-lives;me-hebbian-neuron;4;[8];270;27000;27000;3.84279e+02;35;1;1;1.00000e+00;1.00000e+00;1.00000e+00;40;6.33044e-01;6.42232e-01;4.83538e-01
nav-lives;me-hebbian-neuron;3;[8];271;27100;27100;3.84967e+02;35;1;1;1.00000e+00;1.00000e+00;1.00000e+00;40;6.94369e-01;7.01232e-01;4.61659e-01
nav-lives;me-hebbian-neuron;4;[8];271;27100;27100;3.85708e+02;35;1;1;1.00000e+00;1.00000e+00;1.00000e+00;40;6.33044e-01;6.42232e-01;4.83538e-01
nav-lives;me-hebbian-neuron;3;[8];272;27200;27200;3.86390e+02;35;1;1;1.00000e+00;1.00000e+00;1.00000e+00;40;6.94369e-01;7.01232e-01;4.61659e-01
nav-lives;me-hebbian-neuron;4;[8];272;27200;27200;3.87093e+02;35;1;1;1.00000e+00;1.00000e+00;1.00000e+00;40;6.33044e-01;6.42232e-01;4.83538e-01
nav-lives;me-hebbian-neuron;3;[8];273;27300;27300;3.87876e+02;35;1;1;1.00000e+00;1.00000e+00;1.00000e+00;40;6.94369e-01;7.01232e-01;4.61659e-01
nav-lives;me-hebbian-neuron;4;[8];273;27300;27300;3.88597e+02;35;1;1;1.00000e+00;1.00000e+00;1.00000e+00;40;6.33044e-01;6.42232e-01;4.83538e-01
nav-lives;me-hebbian-neuron;3;[8];274;27400;27400;3.89241e+02;35;1;1;1.00000e+00;1.00000e+00;1.00000e+00;40;6.94369e-01;7.01232e-01;4.61659e-01
nav-lives;me-hebbian-neuron;4;[8];274;27400;27400;3.89968e+02;35;1;1;1.00000e+00;1.00000e+00;1.00000e+00;40;6.33044e-01;6.42232e-01;4.83538e-01
nav-lives;me-hebbian-neuron;3;[8];275;27500;27500;3.90695e+02;35;1;1;1.00000e+00;1.00000e+00;1.00000e+00;40;6.94369e-01;7.01232e-01;4.61659e-01
nav-lives;me-hebbian-neuron;4;[8];275;27500;27500;3.91427e+02;35;1;1;1.00000e+00;1.00000e+00;1.00000e+00;40;6.33044e-01;6.42232e-01;4.83538e-01
nav-lives;me-hebbian-neuron;3;[8];276;27600;27600;3.92218e+02;35;1;1;1.00000e+00;1.00000e+00;1.00000e+00;40;6.94369e-01;7.01232e-01;4.61659e-01
nav-lives;me-hebbian-neuron;4;[8];276;27600;27600;3.92809e+02;35;1;1;1.00000e+00;1.00000e+00;1.00000e+00;40;6.33044e-01;6.42232e-01;4.83538e-01
nav-lives;me-hebbian-neuron;3;[8];277;27700;27700;3.93522e+02;35;1;1;1.00000e+00;1.00000e+00;1.00000e+00;40;6.94369e-01;7.01232e-01;4.61659e-01
nav-lives;me-hebbian-neuron;4;[8];277;27700;27700;3.94246e+02;35;1;1;1.00000e+00;1.00000e+00;1.00000e+00;40;6.33044e-01;6.42232e-01;4.83538e-01
nav-lives;me-hebbian-neuron;3;[8];278;27800;27800;3.94972e+02;35;1;1;1.00000e+00;1.00000e+00;1.00000e+00;40;6.94369e-01;7.01232e-01;4.61659e-01
nav-lives;me-hebbian-neuron;4;[8];278;27800;27800;3.95711e+02;35;1;1;1.00000e+00;1.00000e+00;1.00000e+00;40;6.33044e-01;6.42232e-01;4.83538e-01
nav-lives;me-hebbian-neuron;3;[8];279;27900;27900;3.96437e+02;35;1;1;1.00000e+00;1.00000e+00;1.00000e+00;40;6.94369e-01;7.01232e-01;4.61659e-01
nav-lives;me-hebbian-neuron;4;[8];279;27900;27900;3.97063e+02;35;1;1;1.00000e+00;1.00000e+00;1.00000e+00;40;6.33044e-01;6.42232e-01;4.83538e-01
nav-lives;me-hebbian-neuron;3;[8];280;28000;28000;3.97810e+02;35;1;1;1.00000e+00;1.00000e+00;1.00000e+00;40;6.94369e-01;7.01232e-01;4.61659e-01
nav-lives;me-hebbian-neuron;4;[8];280;28000;28000;3.98560e+02;35;1;1;1.00000e+00;1.00000e+00;1.00000e+00;40;6.33044e-01;6.42232e-01;4.83538e-01
nav-lives;me-hebbian-neuron;3;[8];281;28100;28100;3.99295e+02;35;1;1;1.00000e+00;1.00000e+00;1.00000e+00;40;6.94369e-01;7.01232e-01;4.61659e-01
nav-lives;me-hebbian-neuron;4;[8];281;28100;28100;3.99933e+02;35;1;1;1.00000e+00;1.00000e+00;1.00000e+00;40;6.33044e-01;6.42232e-01;4.83538e-01
nav-lives;me-hebbian-neuron;3;[8];282;28200;28200;4.00725e+02;35;1;1;1.00000e+00;1.00000e+00;1.00000e+00;40;6.94369e-01;7.01232e-01;4.61659e-01
nav-lives;me-hebbian-neuron;4;[8];282;28200;28200;4.01337e+02;35;1;1;1.00000e+00;1.00000e+00;1.00000e+00;40;6.33044e-01;6.42232e-01;4.83538e-01
nav-lives;me-hebbian-neuron;3;[8];283;28300;28300;4.02079e+02;35;1;1;1.00000e+00;1.00000e+00;1.00000e+00;40;6.94369e-01;7.01232e-01;4.61659e-01
nav-lives;me-hebbian-neuron;4;[8];283;28300;28300;4.02801e+02;35;1;1;1.00000e+00;1.00000e+00;1.00000e+00;40;6.33044e-01;6.42232e-01;4.83538e-01
nav-lives;me-hebbian-neuron;3;[8];284;28400;28400;4.03526e+02;35;1;1;1.00000e+00;1.00000e+00;1.00000e+00;40;6.94369e-01;7.01232e-01;4.61659e-01
nav-lives;me-hebbian-neuron;4;[8];284;28400;28400;4.04254e+02;35;1;1;1.00000e+00;1.00000e+00;1.00000e+00;40;6.33044e-01;6.42232e-01;4.83538e-01
nav-lives;me-hebbian-neuron;3;[8];285;28500;28500;4.04960e+02;35;1;1;1.00000e+00;1.00000e+00;1.00000e+00;40;6.94369e-01;7.01232e-01;4.61659e-01
nav-lives;me-hebbian-neuron;4;[8];285;28500;28500;4.05699e+02;35;1;1;1.00000e+00;1.00000e+00;1.00000e+00;40;6.33044e-01;6.42232e-01;4.83538e-01
nav-lives;me-hebbian-neuron;3;[8];286;28600;28600;4.06338e+02;35;1;1;1.00000e+00;1.00000e+00;1.00000e+00;40;6.94369e-01;7.01232e-01;4.61659e-01
nav-lives;me-hebbian-neuron;4;[8];286;28600;28600;4.07068e+02;35;1;1;1.00000e+00;1.00000e+00;1.00000e+00;40;6.33044e-01;6.42232e-01;4.83538e-01
nav-lives;me-hebbian-neuron;3;[8];287;28700;28700;4.07834e+02;35;1;1;1.00000e+00;1.00000e+00;1.00000e+00;40;6.94369e-01;7.01232e-01;4.61659e-01
nav-lives;me-hebbian-neuron;4;[8];287;28700;28700;4.08592e+02;35;1;1;1.00000e+00;1.00000e+00;1.00000e+00;40;6.33044e-01;6.42232e-01;4.83538e-01
nav-lives;me-hebbian-neuron;3;[8];288;28800;28800;4.09173e+02;35;1;1;1.00000e+00;1.00000e+00;1.00000e+00;40;6.94369e-01;7.01232e-01;4.61659e-01
nav-lives;me-hebbian-neuron;4;[8];288;28800;28800;4.09906e+02;35;1;1;1.00000e+00;1.00000e+00;1.00000e+00;40;6.33044e-01;6.42232e-01;4.83538e-01
nav-lives;me-hebbian-neuron;3;[8];289;28900;28900;4.10618e+02;35;1;1;1.00000e+00;1.00000e+00;1.00000e+00;40;6.94369e-01;7.01232e-01;4.61659e-01
nav-lives;me-hebbian-neuron;4;[8];289;28900;28900;4.11300e+02;35;1;1;1.00000e+00;1.00000e+00;1.00000e+00;40;6.33044e-01;6.42232e-01;4.83538e-01
nav-lives;me-hebbian-neuron;3;[8];290;29000;29000;4.12003e+02;35;1;1;1.00000e+00;1.00000e+00;1.00000e+00;40;6.94369e-01;7.01232e-01;4.61659e-01
nav-lives;me-hebbian-neuron;4;[8];290;29000;29000;4.12827e+02;35;1;1;1.00000e+00;1.00000e+00;1.00000e+00;40;6.33044e-01;6.42232e-01;4.83538e-01
nav-lives;me-hebbian-neuron;3;[8];291;29100;29100;4.13571e+02;35;1;1;1.00000e+00;1.00000e+00;1.00000e+00;40;6.94369e-01;7.01232e-01;4.61659e-01
nav-lives;me-hebbian-neuron;4;[8];291;29100;29100;4.14160e+02;35;1;1;1.00000e+00;1.00000e+00;1.00000e+00;40;6.33044e-01;6.42232e-01;4.83538e-01
nav-lives;me-hebbian-neuron;3;[8];292;29200;29200;4.14836e+02;35;1;1;1.00000e+00;1.00000e+00;1.00000e+00;40;6.94369e-01;7.01232e-01;4.61659e-01
nav-lives;me-hebbian-neuron;4;[8];292;29200;29200;4.15601e+02;35;1;1;1.00000e+00;1.00000e+00;1.00000e+00;40;6.33044e-01;6.42232e-01;4.83538e-01
nav-lives;me-hebbian-neuron;3;[8];293;29300;29300;4.16324e+02;35;1;1;1.00000e+00;1.00000e+00;1.00000e+00;40;6.94369e-01;7.01232e-01;4.61659e-01
nav-lives;me-hebbian-neuron;4;[8];293;29300;29300;4.17038e+02;35;1;1;1.00000e+00;1.00000e+00;1.00000e+00;40;6.33044e-01;6.42232e-01;4.83538e-01
nav-lives;me-hebbian-neuron;3;[8];294;29400;29400;4.17741e+02;35;1;1;1.00000e+00;1.00000e+00;1.00000e+00;40;6.94369e-01;7.01232e-01;4.61659e-01
nav-lives;me-hebbian-neuron;4;[8];294;29400;29400;4.18459e+02;35;1;1;1.00000e+00;1.00000e+00;1.00000e+00;40;6.33044e-01;6.42232e-01;4.83538e-01
nav-lives;me-hebbian-neuron;3;[8];295;29500;29500;4.19182e+02;35;1;1;1.00000e+00;1.00000e+00;1.00000e+00;40;6.94369e-01;7.01232e-01;4.61659e-01
nav-lives;me-hebbian-neuron;4;[8];295;29500;29500;4.19934e+02;35;1;1;1.00000e+00;1.00000e+00;1.00000e+00;40;6.33044e-01;6.42232e-01;4.83538e-01
nav-lives;me-hebbian-neuron;3;[8];296;29600;29600;4.20568e+02;35;1;1;1.00000e+00;1.00000e+00;1.00000e+00;40;6.94369e-01;7.01232e-01;4.61659e-01
nav-lives;me-hebbian-neuron;4;[8];296;29600;29600;4.21282e+02;35;1;1;1.00000e+00;1.00000e+00;1.00000e+00;40;6.33044e-01;6.42232e-01;4.83538e-01
nav-lives;me-hebbian-neuron;3;[8];297;29700;29700;4.22004e+02;35;1;1;1.00000e+00;1.00000e+00;1.00000e+00;40;6.94369e-01;7.01232e-01;4.61659e-01
nav-lives;me-hebbian-neuron;4;[8];297;29700;29700;4.22772e+02;35;1;1;1.00000e+00;1.00000e+00;1.00000e+00;40;6.33044e-01;6.42232e-01;4.83538e-01
nav-lives;me-hebbian-neuron;3;[8];298;29800;29800;4.23456e+02;35;1;1;1.00000e+00;1.00000e+00;1.00000e+00;40;6.94369e-01;7.01232e-01;4.61659e-01
nav-lives;me-hebbian-neuron;4;[8];298;29800;29800;4.24074e+02;35;1;1;1.00000e+00;1.00000e+00;1.00000e+00;40;6.33044e-01;6.42232e-01;4.83538e-01
nav-lives;me-hebbian-neuron;3;[8];299;29900;29900;4.24831e+02;35;1;1;1.00000e+00;1.00000e+00;1.00000e+00;40;6.94369e-01;7.01232e-01;4.61659e-01
nav-lives;me-hebbian-neuron;4;[8];299;29900;29900;4.25520e+02;35;1;1;1.00000e+00;1.00000e+00;1.00000e+00;40;6.33044e-01;6.42232e-01;4.83538e-01
nav-lives;me-hebbian-neuron;3;[8];300;30000;30000;4.26192e+02;35;1;1;1.00000e+00;1.00000e+00;1.00000e+00;40;6.94369e-01;7.01232e-01;4.61659e-01
nav-lives;me-hebbian-neuron;4;[8];300;30000;30000;4.26981e+02;35;1;1;1.00000e+00;1.00000e+00;1.00000e+00;40;6.33044e-01;6.42232e-01;4.83538e-01
nav-lives;me-hebbian-neuron;3;[8];301;30100;30100;4.27685e+02;35;1;1;1.00000e+00;1.00000e+00;1.00000e+00;40;6.94369e-01;7.01232e-01;4.61659e-01
nav-lives;me-hebbian-neuron;4;[8];301;30100;30100;4.28430e+02;35;1;1;1.00000e+00;1.00000e+00;1.00000e+00;40;6.33044e-01;6.42232e-01;4.83538e-01
nav-lives;me-hebbian-neuron;3;[8];302;30200;30200;4.29090e+02;35;1;1;1.00000e+00;1.00000e+00;1.00000e+00;40;6.94369e-01;7.01232e-01;4.61659e-01
nav-lives;me-hebbian-neuron;4;[8];302;30200;30200;4.29847e+02;35;1;1;1.00000e+00;1.00000e+00;1.00000e+00;40;6.33044e-01;6.42232e-01;4.83538e-01
nav-lives;me-hebbian-neuron;3;[8];303;30300;30300;4.30491e+02;35;1;1;1.00000e+00;1.00000e+00;1.00000e+00;40;6.94369e-01;7.01232e-01;4.61659e-01
nav-lives;me-hebbian-neuron;4;[8];303;30300;30300;4.31250e+02;35;1;1;1.00000e+00;1.00000e+00;1.00000e+00;40;6.33044e-01;6.42232e-01;4.83538e-01
nav-lives;me-hebbian-neuron;3;[8];304;30400;30400;4.31959e+02;35;1;1;1.00000e+00;1.00000e+00;1.00000e+00;40;6.94369e-01;7.01232e-01;4.61659e-01
nav-lives;me-hebbian-neuron;4;[8];304;30400;30400;4.32676e+02;35;1;1;1.00000e+00;1.00000e+00;1.00000e+00;40;6.33044e-01;6.42232e-01;4.83538e-01
nav-lives;me-hebbian-neuron;3;[8];305;30500;30500;4.33387e+02;35;1;1;1.00000e+00;1.00000e+00;1.00000e+00;40;6.94369e-01;7.01232e-01;4.61659e-01
nav-lives;me-hebbian-neuron;4;[8];305;30500;30500;4.34073e+02;35;1;1;1.00000e+00;1.00000e+00;1.00000e+00;40;6.33044e-01;6.42232e-01;4.83538e-01
nav-lives;me-hebbian-neuron;3;[8];306;30600;30600;4.34776e+02;35;1;1;1.00000e+00;1.00000e+00;1.00000e+00;40;6.94369e-01;7.01232e-01;4.61659e-01
nav-lives;me-hebbian-neuron;4;[8];306;30600;30600;4.35481e+02;35;1;1;1.00000e+00;1.00000e+00;1.00000e+00;40;6.33044e-01;6.42232e-01;4.83538e-01
nav-lives;me-hebbian-neuron;3;[8];307;30700;30700;4.36220e+02;35;1;1;1.00000e+00;1.00000e+00;1.00000e+00;40;6.94369e-01;7.01232e-01;4.61659e-01
nav-lives;me-hebbian-neuron;4;[8];307;30700;30700;4.36942e+02;35;1;1;1.00000e+00;1.00000e+00;1.00000e+00;40;6.33044e-01;6.42232e-01;4.83538e-01
nav-lives;me-hebbian-neuron;3;[8];308;30800;30800;4.37695e+02;35;1;1;1.00000e+00;1.00000e+00;1.00000e+00;40;6.94369e-01;7.01232e-01;4.61659e-01
nav-lives;me-hebbian-neuron;4;[8];308;30800;30800;4.38325e+02;35;1;1;1.00000e+00;1.00000e+00;1.00000e+00;40;6.33044e-01;6.42232e-01;4.83538e-01
nav-lives;me-hebbian-neuron;3;[8];309;30900;30900;4.39024e+02;35;1;1;1.00000e+00;1.00000e+00;1.00000e+00;40;6.94369e-01;7.01232e-01;4.61659e-01
nav-lives;me-hebbian-neuron;4;[8];309;30900;30900;4.39914e+02;35;1;1;1.00000e+00;1.00000e+00;1.00000e+00;40;6.33044e-01;6.42232e-01;4.83538e-01
nav-lives;me-hebbian-neuron;3;[8];310;31000;31000;4.40413e+02;35;1;1;1.00000e+00;1.00000e+00;1.00000e+00;40;6.94369e-01;7.01232e-01;4.61659e-01
nav-lives;me-hebbian-neuron;4;[8];310;31000;31000;4.41244e+02;35;1;1;1.00000e+00;1.00000e+00;1.00000e+00;40;6.33044e-01;6.42232e-01;4.83538e-01
nav-lives;me-hebbian-neuron;3;[8];311;31100;31100;4.41891e+02;35;1;1;1.00000e+00;1.00000e+00;1.00000e+00;40;6.94369e-01;7.01232e-01;4.61659e-01
nav-lives;me-hebbian-neuron;4;[8];311;31100;31100;4.42605e+02;35;1;1;1.00000e+00;1.00000e+00;1.00000e+00;40;6.33044e-01;6.42232e-01;4.83538e-01
nav-lives;me-hebbian-neuron;3;[8];312;31200;31200;4.43285e+02;35;1;1;1.00000e+00;1.00000e+00;1.00000e+00;40;6.94369e-01;7.01232e-01;4.61659e-01
nav-lives;me-hebbian-neuron;4;[8];312;31200;31200;4.44053e+02;35;1;1;1.00000e+00;1.00000e+00;1.00000e+00;40;6.33044e-01;6.42232e-01;4.83538e-01
nav-lives;me-hebbian-neuron;3;[8];313;31300;31300;4.44817e+02;35;1;1;1.00000e+00;1.00000e+00;1.00000e+00;40;6.94369e-01;7.01232e-01;4.61659e-01
nav-lives;me-hebbian-neuron;4;[8];313;31300;31300;4.45527e+02;35;1;1;1.00000e+00;1.00000e+00;1.00000e+00;40;6.33044e-01;6.42232e-01;4.83538e-01
nav-lives;me-hebbian-neuron;3;[8];314;31400;31400;4.46170e+02;35;1;1;1.00000e+00;1.00000e+00;1.00000e+00;40;6.94369e-01;7.01232e-01;4.61659e-01
nav-lives;me-hebbian-neuron;4;[8];314;31400;31400;4.46878e+02;35;1;1;1.00000e+00;1.00000e+00;1.00000e+00;40;6.33044e-01;6.42232e-01;4.83538e-01
nav-lives;me-hebbian-neuron;3;[8];315;31500;31500;4.47563e+02;35;1;1;1.00000e+00;1.00000e+00;1.00000e+00;40;6.94369e-01;7.01232e-01;4.61659e-01
nav-lives;me-hebbian-neuron;4;[8];315;31500;31500;4.48303e+02;35;1;1;1.00000e+00;1.00000e+00;1.00000e+00;40;6.33044e-01;6.42232e-01;4.83538e-01
nav-lives;me-hebbian-neuron;3;[8];316;31600;31600;4.49014e+02;35;1;1;1.00000e+00;1.00000e+00;1.00000e+00;40;6.94369e-01;7.01232e-01;4.61659e-01
nav-lives;me-hebbian-neuron;4;[8];316;31600;31600;4.49710e+02;35;1;1;1.00000e+00;1.00000e+00;1.00000e+00;40;6.33044e-01;6.42232e-01;4.83538e-01
nav-lives;me-hebbian-neuron;3;[8];317;31700;31700;4.50471e+02;35;1;1;1.00000e+00;1.00000e+00;1.00000e+00;40;6.94369e-01;7.01232e-01;4.61659e-01
nav-lives;me-hebbian-neuron;4;[8];317;31700;31700;4.51147e+02;35;1;1;1.00000e+00;1.00000e+00;1.00000e+00;40;6.33044e-01;6.42232e-01;4.83538e-01
nav-lives;me-hebbian-neuron;3;[8];318;31800;31800;4.51923e+02;35;1;1;1.00000e+00;1.00000e+00;1.00000e+00;40;6.94369e-01;7.01232e-01;4.61659e-01
nav-lives;me-hebbian-neuron;4;[8];318;31800;31800;4.52580e+02;35;1;1;1.00000e+00;1.00000e+00;1.00000e+00;40;6.33044e-01;6.42232e-01;4.83538e-01
nav-lives;me-hebbian-neuron;3;[8];319;31900;31900;4.53285e+02;35;1;1;1.00000e+00;1.00000e+00;1.00000e+00;40;6.94369e-01;7.01232e-01;4.61659e-01
nav-lives;me-hebbian-neuron;4;[8];319;31900;31900;4.53994e+02;35;1;1;1.00000e+00;1.00000e+00;1.00000e+00;40;6.33044e-01;6.42232e-01;4.83538e-01
nav-lives;me-hebbian-neuron;3;[8];320;32000;32000;4.54695e+02;35;1;1;1.00000e+00;1.00000e+00;1.00000e+00;40;6.94369e-01;7.01232e-01;4.61659e-01
nav-lives;me-hebbian-neuron;4;[8];320;32000;32000;4.55408e+02;35;1;1;1.00000e+00;1.00000e+00;1.00000e+00;40;6.33044e-01;6.42232e-01;4.83538e-01
nav-lives;me-hebbian-neuron;3;[8];321;32100;32100;4.56122e+02;35;1;1;1.00000e+00;1.00000e+00;1.00000e+00;40;6.94369e-01;7.01232e-01;4.61659e-01
nav-lives;me-hebbian-neuron;4;[8];321;32100;32100;4.56853e+02;35;1;1;1.00000e+00;1.00000e+00;1.00000e+00;40;6.33044e-01;6.42232e-01;4.83538e-01
nav-lives;me-hebbian-neuron;3;[8];322;32200;32200;4.57567e+02;35;1;1;1.00000e+00;1.00000e+00;1.00000e+00;40;6.94369e-01;7.01232e-01;4.61659e-01
nav-lives;me-hebbian-neuron;4;[8];322;32200;32200;4.58290e+02;35;1;1;1.00000e+00;1.00000e+00;1.00000e+00;40;6.33044e-01;6.42232e-01;4.83538e-01
nav-lives;me-hebbian-neuron;3;[8];323;32300;32300;4.58955e+02;35;1;1;1.00000e+00;1.00000e+00;1.00000e+00;40;6.94369e-01;7.01232e-01;4.61659e-01
nav-lives;me-hebbian-neuron;4;[8];323;32300;32300;4.59650e+02;35;1;1;1.00000e+00;1.00000e+00;1.00000e+00;40;6.33044e-01;6.42232e-01;4.83538e-01
nav-lives;me-hebbian-neuron;3;[8];324;32400;32400;4.60380e+02;35;1;1;1.00000e+00;1.00000e+00;1.00000e+00;40;6.94369e-01;7.01232e-01;4.61659e-01
nav-lives;me-hebbian-neuron;4;[8];324;32400;32400;4.61114e+02;35;1;1;1.00000e+00;1.00000e+00;1.00000e+00;40;6.33044e-01;6.42232e-01;4.83538e-01
nav-lives;me-hebbian-neuron;3;[8];325;32500;32500;4.61884e+02;35;1;1;1.00000e+00;1.00000e+00;1.00000e+00;40;6.94369e-01;7.01232e-01;4.61659e-01
nav-lives;me-hebbian-neuron;4;[8];325;32500;32500;4.62629e+02;35;1;1;1.00000e+00;1.00000e+00;1.00000e+00;40;6.33044e-01;6.42232e-01;4.83538e-01
nav-lives;me-hebbian-neuron;3;[8];326;32600;32600;4.63259e+02;35;1;1;1.00000e+00;1.00000e+00;1.00000e+00;40;6.94369e-01;7.01232e-01;4.61659e-01
nav-lives;me-hebbian-neuron;4;[8];326;32600;32600;4.63986e+02;35;1;1;1.00000e+00;1.00000e+00;1.00000e+00;40;6.33044e-01;6.42232e-01;4.83538e-01
nav-lives;me-hebbian-neuron;3;[8];327;32700;32700;4.64623e+02;35;1;1;1.00000e+00;1.00000e+00;1.00000e+00;40;6.94369e-01;7.01232e-01;4.61659e-01
nav-lives;me-hebbian-neuron;4;[8];327;32700;32700;4.65357e+02;35;1;1;1.00000e+00;1.00000e+00;1.00000e+00;40;6.33044e-01;6.42232e-01;4.83538e-01
nav-lives;me-hebbian-neuron;3;[8];328;32800;32800;4.66061e+02;35;1;1;1.00000e+00;1.00000e+00;1.00000e+00;40;6.94369e-01;7.01232e-01;4.61659e-01
nav-lives;me-hebbian-neuron;4;[8];328;32800;32800;4.66816e+02;35;1;1;1.00000e+00;1.00000e+00;1.00000e+00;40;6.33044e-01;6.42232e-01;4.83538e-01
nav-lives;me-hebbian-neuron;3;[8];329;32900;32900;4.67492e+02;35;1;1;1.00000e+00;1.00000e+00;1.00000e+00;40;6.94369e-01;7.01232e-01;4.61659e-01
nav-lives;me-hebbian-neuron;4;[8];329;32900;32900;4.68168e+02;35;1;1;1.00000e+00;1.00000e+00;1.00000e+00;40;6.33044e-01;6.42232e-01;4.83538e-01
nav-lives;me-hebbian-neuron;3;[8];330;33000;33000;4.68858e+02;35;1;1;1.00000e+00;1.00000e+00;1.00000e+00;40;6.94369e-01;7.01232e-01;4.61659e-01
nav-lives;me-hebbian-neuron;4;[8];330;33000;33000;4.69593e+02;35;1;1;1.00000e+00;1.00000e+00;1.00000e+00;40;6.33044e-01;6.42232e-01;4.83538e-01
nav-lives;me-hebbian-neuron;3;[8];331;33100;33100;4.70360e+02;35;1;1;1.00000e+00;1.00000e+00;1.00000e+00;40;6.94369e-01;7.01232e-01;4.61659e-01
nav-lives;me-hebbian-neuron;4;[8];331;33100;33100;4.71097e+02;35;1;1;1.00000e+00;1.00000e+00;1.00000e+00;40;6.33044e-01;6.42232e-01;4.83538e-01
nav-lives;me-hebbian-neuron;3;[8];332;33200;33200;4.71826e+02;35;1;1;1.00000e+00;1.00000e+00;1.00000e+00;40;6.94369e-01;7.01232e-01;4.61659e-01
nav-lives;me-hebbian-neuron;4;[8];332;33200;33200;4.72476e+02;35;1;1;1.00000e+00;1.00000e+00;1.00000e+00;40;6.33044e-01;6.42232e-01;4.83538e-01
nav-lives;me-hebbian-neuron;3;[8];333;33300;33300;4.73202e+02;35;1;1;1.00000e+00;1.00000e+00;1.00000e+00;40;6.94369e-01;7.01232e-01;4.61659e-01
nav-lives;me-hebbian-neuron;4;[8];333;33300;33300;4.73944e+02;35;1;1;1.00000e+00;1.00000e+00;1.00000e+00;40;6.33044e-01;6.42232e-01;4.83538e-01
nav-lives;me-hebbian-neuron;3;[8];334;33400;33400;4.74580e+02;35;1;1;1.00000e+00;1.00000e+00;1.00000e+00;40;6.94369e-01;7.01232e-01;4.61659e-01
nav-lives;me-hebbian-neuron;4;[8];334;33400;33400;4.75302e+02;35;1;1;1.00000e+00;1.00000e+00;1.00000e+00;40;6.33044e-01;6.42232e-01;4.83538e-01
nav-lives;me-hebbian-neuron;3;[8];335;33500;33500;4.76004e+02;35;1;1;1.00000e+00;1.00000e+00;1.00000e+00;40;6.94369e-01;7.01232e-01;4.61659e-01
nav-lives;me-hebbian-neuron;4;[8];335;33500;33500;4.76734e+02;35;1;1;1.00000e+00;1.00000e+00;1.00000e+00;40;6.33044e-01;6.42232e-01;4.83538e-01
nav-lives;me-hebbian-neuron;3;[8];336;33600;33600;4.77415e+02;35;1;1;1.00000e+00;1.00000e+00;1.00000e+00;40;6.94369e-01;7.01232e-01;4.61659e-01
nav-lives;me-hebbian-neuron;4;[8];336;33600;33600;4.78156e+02;35;1;1;1.00000e+00;1.00000e+00;1.00000e+00;40;6.33044e-01;6.42232e-01;4.83538e-01
nav-lives;me-hebbian-neuron;3;[8];337;33700;33700;4.78888e+02;35;1;1;1.00000e+00;1.00000e+00;1.00000e+00;40;6.94369e-01;7.01232e-01;4.61659e-01
nav-lives;me-hebbian-neuron;4;[8];337;33700;33700;4.79547e+02;35;1;1;1.00000e+00;1.00000e+00;1.00000e+00;40;6.33044e-01;6.42232e-01;4.83538e-01
nav-lives;me-hebbian-neuron;3;[8];338;33800;33800;4.80271e+02;35;1;1;1.00000e+00;1.00000e+00;1.00000e+00;40;6.94369e-01;7.01232e-01;4.61659e-01
nav-lives;me-hebbian-neuron;4;[8];338;33800;33800;4.80971e+02;35;1;1;1.00000e+00;1.00000e+00;1.00000e+00;40;6.33044e-01;6.42232e-01;4.83538e-01
nav-lives;me-hebbian-neuron;3;[8];339;33900;33900;4.81685e+02;35;1;1;1.00000e+00;1.00000e+00;1.00000e+00;40;6.94369e-01;7.01232e-01;4.61659e-01
nav-lives;me-hebbian-neuron;4;[8];339;33900;33900;4.82389e+02;35;1;1;1.00000e+00;1.00000e+00;1.00000e+00;40;6.33044e-01;6.42232e-01;4.83538e-01
nav-lives;me-hebbian-neuron;3;[8];340;34000;34000;4.83069e+02;35;1;1;1.00000e+00;1.00000e+00;1.00000e+00;40;6.94369e-01;7.01232e-01;4.61659e-01
nav-lives;me-hebbian-neuron;4;[8];340;34000;34000;4.83835e+02;35;1;1;1.00000e+00;1.00000e+00;1.00000e+00;40;6.33044e-01;6.42232e-01;4.83538e-01
nav-lives;me-hebbian-neuron;3;[8];341;34100;34100;4.84514e+02;35;1;1;1.00000e+00;1.00000e+00;1.00000e+00;40;6.94369e-01;7.01232e-01;4.61659e-01
nav-lives;me-hebbian-neuron;4;[8];341;34100;34100;4.85364e+02;35;1;1;1.00000e+00;1.00000e+00;1.00000e+00;40;6.33044e-01;6.42232e-01;4.83538e-01
nav-lives;me-hebbian-neuron;3;[8];342;34200;34200;4.85941e+02;35;1;1;1.00000e+00;1.00000e+00;1.00000e+00;40;6.94369e-01;7.01232e-01;4.61659e-01
nav-lives;me-hebbian-neuron;4;[8];342;34200;34200;4.86751e+02;35;1;1;1.00000e+00;1.00000e+00;1.00000e+00;40;6.33044e-01;6.42232e-01;4.83538e-01
nav-lives;me-hebbian-neuron;3;[8];343;34300;34300;4.87382e+02;35;1;1;1.00000e+00;1.00000e+00;1.00000e+00;40;6.94369e-01;7.01232e-01;4.61659e-01
nav-lives;me-hebbian-neuron;4;[8];343;34300;34300;4.88111e+02;35;1;1;1.00000e+00;1.00000e+00;1.00000e+00;40;6.33044e-01;6.42232e-01;4.83538e-01
nav-lives;me-hebbian-neuron;3;[8];344;34400;34400;4.88845e+02;35;1;1;1.00000e+00;1.00000e+00;1.00000e+00;40;6.94369e-01;7.01232e-01;4.61659e-01
nav-lives;me-hebbian-neuron;4;[8];344;34400;34400;4.89581e+02;35;1;1;1.00000e+00;1.00000e+00;1.00000e+00;40;6.33044e-01;6.42232e-01;4.83538e-01
nav-lives;me-hebbian-neuron;3;[8];345;34500;34500;4.90281e+02;35;1;1;1.00000e+00;1.00000e+00;1.00000e+00;40;6.94369e-01;7.01232e-01;4.61659e-01
nav-lives;me-hebbian-neuron;4;[8];345;34500;34500;4.90958e+02;35;1;1;1.00000e+00;1.00000e+00;1.00000e+00;40;6.33044e-01;6.42232e-01;4.83538e-01
nav-lives;me-hebbian-neuron;3;[8];346;34600;34600;4.91682e+02;35;1;1;1.00000e+00;1.00000e+00;1.00000e+00;40;6.94369e-01;7.01232e-01;4.61659e-01
nav-lives;me-hebbian-neuron;4;[8];346;34600;34600;4.92376e+02;35;1;1;1.00000e+00;1.00000e+00;1.00000e+00;40;6.33044e-01;6.42232e-01;4.83538e-01
nav-lives;me-hebbian-neuron;3;[8];347;34700;34700;4.93049e+02;35;1;1;1.00000e+00;1.00000e+00;1.00000e+00;40;6.94369e-01;7.01232e-01;4.61659e-01
nav-lives;me-hebbian-neuron;4;[8];347;34700;34700;4.93877e+02;35;1;1;1.00000e+00;1.00000e+00;1.00000e+00;40;6.33044e-01;6.42232e-01;4.83538e-01
nav-lives;me-hebbian-neuron;3;[8];348;34800;34800;4.94524e+02;35;1;1;1.00000e+00;1.00000e+00;1.00000e+00;40;6.94369e-01;7.01232e-01;4.61659e-01
nav-lives;me-hebbian-neuron;4;[8];348;34800;34800;4.95286e+02;35;1;1;1.00000e+00;1.00000e+00;1.00000e+00;40;6.33044e-01;6.42232e-01;4.83538e-01
nav-lives;me-hebbian-neuron;3;[8];349;34900;34900;4.95908e+02;35;1;1;1.00000e+00;1.00000e+00;1.00000e+00;40;6.94369e-01;7.01232e-01;4.61659e-01
nav-lives;me-hebbian-neuron;4;[8];349;34900;34900;4.96717e+02;35;1;1;1.00000e+00;1.00000e+00;1.00000e+00;40;6.33044e-01;6.42232e-01;4.83538e-01
nav-lives;me-hebbian-neuron;3;[8];350;35000;35000;4.97394e+02;35;1;1;1.00000e+00;1.00000e+00;1.00000e+00;40;6.94369e-01;7.01232e-01;4.61659e-01
nav-lives;me-hebbian-neuron;4;[8];350;35000;35000;4.98065e+02;35;1;1;1.00000e+00;1.00000e+00;1.00000e+00;40;6.33044e-01;6.42232e-01;4.83538e-01
nav-lives;me-hebbian-neuron;3;[8];351;35100;35100;4.98755e+02;35;1;1;1.00000e+00;1.00000e+00;1.00000e+00;40;6.94369e-01;7.01232e-01;4.61659e-01
nav-lives;me-hebbian-neuron;4;[8];351;35100;35100;4.99570e+02;35;1;1;1.00000e+00;1.00000e+00;1.00000e+00;40;6.33044e-01;6.42232e-01;4.83538e-01
nav-lives;me-hebbian-neuron;3;[8];352;35200;35200;5.00181e+02;35;1;1;1.00000e+00;1.00000e+00;1.00000e+00;40;6.94369e-01;7.01232e-01;4.61659e-01
nav-lives;me-hebbian-neuron;4;[8];352;35200;35200;5.00911e+02;35;1;1;1.00000e+00;1.00000e+00;1.00000e+00;40;6.33044e-01;6.42232e-01;4.83538e-01
nav-lives;me-hebbian-neuron;3;[8];353;35300;35300;5.01582e+02;35;1;1;1.00000e+00;1.00000e+00;1.00000e+00;40;6.94369e-01;7.01232e-01;4.61659e-01
nav-lives;me-hebbian-neuron;4;[8];353;35300;35300;5.02301e+02;35;1;1;1.00000e+00;1.00000e+00;1.00000e+00;40;6.33044e-01;6.42232e-01;4.83538e-01
nav-lives;me-hebbian-neuron;3;[8];354;35400;35400;5.03022e+02;35;1;1;1.00000e+00;1.00000e+00;1.00000e+00;40;6.94369e-01;7.01232e-01;4.61659e-01
nav-lives;me-hebbian-neuron;4;[8];354;35400;35400;5.03841e+02;35;1;1;1.00000e+00;1.00000e+00;1.00000e+00;40;6.33044e-01;6.42232e-01;4.83538e-01
nav-lives;me-hebbian-neuron;3;[8];355;35500;35500;5.04427e+02;35;1;1;1.00000e+00;1.00000e+00;1.00000e+00;40;6.94369e-01;7.01232e-01;4.61659e-01
nav-lives;me-hebbian-neuron;4;[8];355;35500;35500;5.05159e+02;35;1;1;1.00000e+00;1.00000e+00;1.00000e+00;40;6.33044e-01;6.42232e-01;4.83538e-01
nav-lives;me-hebbian-neuron;3;[8];356;35600;35600;5.05876e+02;35;1;1;1.00000e+00;1.00000e+00;1.00000e+00;40;6.94369e-01;7.01232e-01;4.61659e-01
nav-lives;me-hebbian-neuron;4;[8];356;35600;35600;5.06603e+02;35;1;1;1.00000e+00;1.00000e+00;1.00000e+00;40;6.33044e-01;6.42232e-01;4.83538e-01
nav-lives;me-hebbian-neuron;3;[8];357;35700;35700;5.07335e+02;35;1;1;1.00000e+00;1.00000e+00;1.00000e+00;40;6.94369e-01;7.01232e-01;4.61659e-01
nav-lives;me-hebbian-neuron;4;[8];357;35700;35700;5.08067e+02;35;1;1;1.00000e+00;1.00000e+00;1.00000e+00;40;6.33044e-01;6.42232e-01;4.83538e-01
nav-lives;me-hebbian-neuron;3;[8];358;35800;35800;5.08731e+02;35;1;1;1.00000e+00;1.00000e+00;1.00000e+00;40;6.94369e-01;7.01232e-01;4.61659e-01
nav-lives;me-hebbian-neuron;4;[8];358;35800;35800;5.09451e+02;35;1;1;1.00000e+00;1.00000e+00;1.00000e+00;40;6.33044e-01;6.42232e-01;4.83538e-01
nav-lives;me-hebbian-neuron;3;[8];359;35900;35900;5.10181e+02;35;1;1;1.00000e+00;1.00000e+00;1.00000e+00;40;6.94369e-01;7.01232e-01;4.61659e-01
nav-lives;me-hebbian-neuron;4;[8];359;35900;35900;5.10886e+02;35;1;1;1.00000e+00;1.00000e+00;1.00000e+00;40;6.33044e-01;6.42232e-01;4.83538e-01
nav-lives;me-hebbian-neuron;3;[8];360;36000;36000;5.11658e+02;35;1;1;1.00000e+00;1.00000e+00;1.00000e+00;40;6.94369e-01;7.01232e-01;4.61659e-01
nav-lives;me-hebbian-neuron;4;[8];360;36000;36000;5.12300e+02;35;1;1;1.00000e+00;1.00000e+00;1.00000e+00;40;6.33044e-01;6.42232e-01;4.83538e-01
nav-lives;me-hebbian-neuron;3;[8];361;36100;36100;5.12977e+02;35;1;1;1.00000e+00;1.00000e+00;1.00000e+00;40;6.94369e-01;7.01232e-01;4.61659e-01
nav-lives;me-hebbian-neuron;4;[8];361;36100;36100;5.13706e+02;35;1;1;1.00000e+00;1.00000e+00;1.00000e+00;40;6.33044e-01;6.42232e-01;4.83538e-01
nav-lives;me-hebbian-neuron;3;[8];362;36200;36200;5.14414e+02;35;1;1;1.00000e+00;1.00000e+00;1.00000e+00;40;6.94369e-01;7.01232e-01;4.61659e-01
nav-lives;me-hebbian-neuron;4;[8];362;36200;36200;5.15131e+02;35;1;1;1.00000e+00;1.00000e+00;1.00000e+00;40;6.33044e-01;6.42232e-01;4.83538e-01
nav-lives;me-hebbian-neuron;3;[8];363;36300;36300;5.15836e+02;35;1;1;1.00000e+00;1.00000e+00;1.00000e+00;40;6.94369e-01;7.01232e-01;4.61659e-01
nav-lives;me-hebbian-neuron;4;[8];363;36300;36300;5.16581e+02;35;1;1;1.00000e+00;1.00000e+00;1.00000e+00;40;6.33044e-01;6.42232e-01;4.83538e-01
nav-lives;me-hebbian-neuron;3;[8];364;36400;36400;5.17273e+02;35;1;1;1.00000e+00;1.00000e+00;1.00000e+00;40;6.94369e-01;7.01232e-01;4.61659e-01
nav-lives;me-hebbian-neuron;4;[8];364;36400;36400;5.17971e+02;35;1;1;1.00000e+00;1.00000e+00;1.00000e+00;40;6.33044e-01;6.42232e-01;4.83538e-01
nav-lives;me-hebbian-neuron;3;[8];365;36500;36500;5.18696e+02;35;1;1;1.00000e+00;1.00000e+00;1.00000e+00;40;6.94369e-01;7.01232e-01;4.61659e-01
nav-lives;me-hebbian-neuron;4;[8];365;36500;36500;5.19375e+02;35;1;1;1.00000e+00;1.00000e+00;1.00000e+00;40;6.33044e-01;6.42232e-01;4.83538e-01
nav-lives;me-hebbian-neuron;3;[8];366;36600;36600;5.20072e+02;35;1;1;1.00000e+00;1.00000e+00;1.00000e+00;40;6.94369e-01;7.01232e-01;4.61659e-01
nav-lives;me-hebbian-neuron;4;[8];366;36600;36600;5.20801e+02;35;1;1;1.00000e+00;1.00000e+00;1.00000e+00;40;6.33044e-01;6.42232e-01;4.83538e-01
nav-lives;me-hebbian-neuron;3;[8];367;36700;36700;5.21526e+02;35;1;1;1.00000e+00;1.00000e+00;1.00000e+00;40;6.94369e-01;7.01232e-01;4.61659e-01
nav-lives;me-hebbian-neuron;4;[8];367;36700;36700;5.22243e+02;35;1;1;1.00000e+00;1.00000e+00;1.00000e+00;40;6.33044e-01;6.42232e-01;4.83538e-01
nav-lives;me-hebbian-neuron;3;[8];368;36800;36800;5.22973e+02;35;1;1;1.00000e+00;1.00000e+00;1.00000e+00;40;6.94369e-01;7.01232e-01;4.61659e-01
nav-lives;me-hebbian-neuron;4;[8];368;36800;36800;5.23727e+02;35;1;1;1.00000e+00;1.00000e+00;1.00000e+00;40;6.33044e-01;6.42232e-01;4.83538e-01
nav-lives;me-hebbian-neuron;3;[8];369;36900;36900;5.24324e+02;35;1;1;1.00000e+00;1.00000e+00;1.00000e+00;40;6.94369e-01;7.01232e-01;4.61659e-01
nav-lives;me-hebbian-neuron;4;[8];369;36900;36900;5.25032e+02;35;1;1;1.00000e+00;1.00000e+00;1.00000e+00;40;6.33044e-01;6.42232e-01;4.83538e-01
nav-lives;me-hebbian-neuron;3;[8];370;37000;37000;5.25838e+02;35;1;1;1.00000e+00;1.00000e+00;1.00000e+00;40;6.94369e-01;7.01232e-01;4.61659e-01
nav-lives;me-hebbian-neuron;4;[8];370;37000;37000;5.26476e+02;35;1;1;1.00000e+00;1.00000e+00;1.00000e+00;40;6.33044e-01;6.42232e-01;4.83538e-01
nav-lives;me-hebbian-neuron;3;[8];371;37100;37100;5.27221e+02;35;1;1;1.00000e+00;1.00000e+00;1.00000e+00;40;6.94369e-01;7.01232e-01;4.61659e-01
nav-lives;me-hebbian-neuron;4;[8];371;37100;37100;5.27889e+02;35;1;1;1.00000e+00;1.00000e+00;1.00000e+00;40;6.33044e-01;6.42232e-01;4.83538e-01
nav-lives;me-hebbian-neuron;3;[8];372;37200;37200;5.28645e+02;35;1;1;1.00000e+00;1.00000e+00;1.00000e+00;40;6.94369e-01;7.01232e-01;4.61659e-01
nav-lives;me-hebbian-neuron;4;[8];372;37200;37200;5.29428e+02;35;1;1;1.00000e+00;1.00000e+00;1.00000e+00;40;6.33044e-01;6.42232e-01;4.83538e-01
nav-lives;me-hebbian-neuron;3;[8];373;37300;37300;5.30170e+02;35;1;1;1.00000e+00;1.00000e+00;1.00000e+00;40;6.94369e-01;7.01232e-01;4.61659e-01
nav-lives;me-hebbian-neuron;4;[8];373;37300;37300;5.30711e+02;35;1;1;1.00000e+00;1.00000e+00;1.00000e+00;40;6.33044e-01;6.42232e-01;4.83538e-01
nav-lives;me-hebbian-neuron;3;[8];374;37400;37400;5.31528e+02;35;1;1;1.00000e+00;1.00000e+00;1.00000e+00;40;6.94369e-01;7.01232e-01;4.61659e-01
nav-lives;me-hebbian-neuron;4;[8];374;37400;37400;5.32221e+02;35;1;1;1.00000e+00;1.00000e+00;1.00000e+00;40;6.33044e-01;6.42232e-01;4.83538e-01
nav-lives;me-hebbian-neuron;3;[8];375;37500;37500;5.32865e+02;35;1;1;1.00000e+00;1.00000e+00;1.00000e+00;40;6.94369e-01;7.01232e-01;4.61659e-01
nav-lives;me-hebbian-neuron;4;[8];375;37500;37500;5.33570e+02;35;1;1;1.00000e+00;1.00000e+00;1.00000e+00;40;6.33044e-01;6.42232e-01;4.83538e-01
nav-lives;me-hebbian-neuron;3;[8];376;37600;37600;5.34267e+02;35;1;1;1.00000e+00;1.00000e+00;1.00000e+00;40;6.94369e-01;7.01232e-01;4.61659e-01
nav-lives;me-hebbian-neuron;4;[8];376;37600;37600;5.34982e+02;35;1;1;1.00000e+00;1.00000e+00;1.00000e+00;40;6.33044e-01;6.42232e-01;4.83538e-01
nav-lives;me-hebbian-neuron;3;[8];377;37700;37700;5.35744e+02;35;1;1;1.00000e+00;1.00000e+00;1.00000e+00;40;6.94369e-01;7.01232e-01;4.61659e-01
nav-lives;me-hebbian-neuron;4;[8];377;37700;37700;5.36439e+02;35;1;1;1.00000e+00;1.00000e+00;1.00000e+00;40;6.33044e-01;6.42232e-01;4.83538e-01
nav-lives;me-hebbian-neuron;3;[8];378;37800;37800;5.37158e+02;35;1;1;1.00000e+00;1.00000e+00;1.00000e+00;40;6.94369e-01;7.01232e-01;4.61659e-01
nav-lives;me-hebbian-neuron;4;[8];378;37800;37800;5.37894e+02;35;1;1;1.00000e+00;1.00000e+00;1.00000e+00;40;6.33044e-01;6.42232e-01;4.83538e-01
nav-lives;me-hebbian-neuron;3;[8];379;37900;37900;5.38667e+02;35;1;1;1.00000e+00;1.00000e+00;1.00000e+00;40;6.94369e-01;7.01232e-01;4.61659e-01
nav-lives;me-hebbian-neuron;4;[8];379;37900;37900;5.39220e+02;35;1;1;1.00000e+00;1.00000e+00;1.00000e+00;40;6.33044e-01;6.42232e-01;4.83538e-01
nav-lives;me-hebbian-neuron;3;[8];380;38000;38000;5.40013e+02;35;1;1;1.00000e+00;1.00000e+00;1.00000e+00;40;6.94369e-01;7.01232e-01;4.61659e-01
nav-lives;me-hebbian-neuron;4;[8];380;38000;38000;5.40709e+02;35;1;1;1.00000e+00;1.00000e+00;1.00000e+00;40;6.33044e-01;6.42232e-01;4.83538e-01
nav-lives;me-hebbian-neuron;3;[8];381;38100;38100;5.41499e+02;35;1;1;1.00000e+00;1.00000e+00;1.00000e+00;40;6.94369e-01;7.01232e-01;4.61659e-01
nav-lives;me-hebbian-neuron;4;[8];381;38100;38100;5.42137e+02;35;1;1;1.00000e+00;1.00000e+00;1.00000e+00;40;6.33044e-01;6.42232e-01;4.83538e-01
nav-lives;me-hebbian-neuron;3;[8];382;38200;38200;5.42873e+02;35;1;1;1.00000e+00;1.00000e+00;1.00000e+00;40;6.94369e-01;7.01232e-01;4.61659e-01
nav-lives;me-hebbian-neuron;4;[8];382;38200;38200;5.43624e+02;35;1;1;1.00000e+00;1.00000e+00;1.00000e+00;40;6.33044e-01;6.42232e-01;4.83538e-01
nav-lives;me-hebbian-neuron;3;[8];383;38300;38300;5.44227e+02;35;1;1;1.00000e+00;1.00000e+00;1.00000e+00;40;6.94369e-01;7.01232e-01;4.61659e-01
nav-lives;me-hebbian-neuron;4;[8];383;38300;38300;5.44950e+02;35;1;1;1.00000e+00;1.00000e+00;1.00000e+00;40;6.59275e-01;6.68265e-01;4.73659e-01
nav-lives;me-hebbian-neuron;3;[8];384;38400;38400;5.45726e+02;35;1;1;1.00000e+00;1.00000e+00;1.00000e+00;40;6.94369e-01;7.01232e-01;4.61659e-01
nav-lives;me-hebbian-neuron;4;[8];384;38400;38400;5.46415e+02;35;1;1;1.00000e+00;1.00000e+00;1.00000e+00;40;6.59275e-01;6.68265e-01;4.73659e-01
nav-lives;me-hebbian-neuron;3;[8];385;38500;38500;5.47088e+02;35;1;1;1.00000e+00;1.00000e+00;1.00000e+00;40;6.94369e-01;7.01232e-01;4.61659e-01
nav-lives;me-hebbian-neuron;4;[8];385;38500;38500;5.47860e+02;35;1;1;1.00000e+00;1.00000e+00;1.00000e+00;40;6.59275e-01;6.68265e-01;4.73659e-01
nav-lives;me-hebbian-neuron;3;[8];386;38600;38600;5.48583e+02;35;1;1;1.00000e+00;1.00000e+00;1.00000e+00;40;6.94369e-01;7.01232e-01;4.61659e-01
nav-lives;me-hebbian-neuron;4;[8];386;38600;38600;5.49259e+02;35;1;1;1.00000e+00;1.00000e+00;1.00000e+00;40;6.59275e-01;6.68265e-01;4.73659e-01
nav-lives;me-hebbian-neuron;3;[8];387;38700;38700;5.49956e+02;35;1;1;1.00000e+00;1.00000e+00;1.00000e+00;40;6.94369e-01;7.01232e-01;4.61659e-01
nav-lives;me-hebbian-neuron;4;[8];387;38700;38700;5.50645e+02;35;1;1;1.00000e+00;1.00000e+00;1.00000e+00;40;6.59275e-01;6.68265e-01;4.73659e-01
nav-lives;me-hebbian-neuron;3;[8];388;38800;38800;5.51377e+02;35;1;1;1.00000e+00;1.00000e+00;1.00000e+00;40;6.94369e-01;7.01232e-01;4.61659e-01
nav-lives;me-hebbian-neuron;4;[8];388;38800;38800;5.52060e+02;35;1;1;1.00000e+00;1.00000e+00;1.00000e+00;40;6.59275e-01;6.68265e-01;4.73659e-01
nav-lives;me-hebbian-neuron;3;[8];389;38900;38900;5.52714e+02;35;1;1;1.00000e+00;1.00000e+00;1.00000e+00;40;6.94369e-01;7.01232e-01;4.61659e-01
nav-lives;me-hebbian-neuron;4;[8];389;38900;38900;5.53483e+02;35;1;1;1.00000e+00;1.00000e+00;1.00000e+00;40;6.59275e-01;6.68265e-01;4.73659e-01
nav-lives;me-hebbian-neuron;3;[8];390;39000;39000;5.54219e+02;35;1;1;1.00000e+00;1.00000e+00;1.00000e+00;40;6.94369e-01;7.01232e-01;4.61659e-01
nav-lives;me-hebbian-neuron;4;[8];390;39000;39000;5.54964e+02;35;1;1;1.00000e+00;1.00000e+00;1.00000e+00;40;6.59275e-01;6.68265e-01;4.73659e-01
nav-lives;me-hebbian-neuron;3;[8];391;39100;39100;5.55625e+02;35;1;1;1.00000e+00;1.00000e+00;1.00000e+00;40;6.94369e-01;7.01232e-01;4.61659e-01
nav-lives;me-hebbian-neuron;4;[8];391;39100;39100;5.56408e+02;35;1;1;1.00000e+00;1.00000e+00;1.00000e+00;40;6.59275e-01;6.68265e-01;4.73659e-01
nav-lives;me-hebbian-neuron;3;[8];392;39200;39200;5.57059e+02;35;1;1;1.00000e+00;1.00000e+00;1.00000e+00;40;6.94369e-01;7.01232e-01;4.61659e-01
nav-lives;me-hebbian-neuron;4;[8];392;39200;39200;5.57748e+02;35;1;1;1.00000e+00;1.00000e+00;1.00000e+00;40;6.59275e-01;6.68265e-01;4.73659e-01
nav-lives;me-hebbian-neuron;3;[8];393;39300;39300;5.58485e+02;35;1;1;1.00000e+00;1.00000e+00;1.00000e+00;40;6.94369e-01;7.01232e-01;4.61659e-01
nav-lives;me-hebbian-neuron;4;[8];393;39300;39300;5.59165e+02;35;1;1;1.00000e+00;1.00000e+00;1.00000e+00;40;6.59275e-01;6.68265e-01;4.73659e-01
nav-lives;me-hebbian-neuron;3;[8];394;39400;39400;5.59932e+02;35;1;1;1.00000e+00;1.00000e+00;1.00000e+00;40;6.94369e-01;7.01232e-01;4.61659e-01
nav-lives;me-hebbian-neuron;4;[8];394;39400;39400;5.60668e+02;35;1;1;1.00000e+00;1.00000e+00;1.00000e+00;40;6.59275e-01;6.68265e-01;4.73659e-01
nav-lives;me-hebbian-neuron;3;[8];395;39500;39500;5.61348e+02;35;1;1;1.00000e+00;1.00000e+00;1.00000e+00;40;6.94369e-01;7.01232e-01;4.61659e-01
nav-lives;me-hebbian-neuron;4;[8];395;39500;39500;5.62017e+02;35;1;1;1.00000e+00;1.00000e+00;1.00000e+00;40;6.59275e-01;6.68265e-01;4.73659e-01
nav-lives;me-hebbian-neuron;3;[8];396;39600;39600;5.62733e+02;35;1;1;1.00000e+00;1.00000e+00;1.00000e+00;40;6.94369e-01;7.01232e-01;4.61659e-01
nav-lives;me-hebbian-neuron;4;[8];396;39600;39600;5.63418e+02;35;1;1;1.00000e+00;1.00000e+00;1.00000e+00;40;6.59275e-01;6.68265e-01;4.73659e-01
nav-lives;me-hebbian-neuron;3;[8];397;39700;39700;5.64176e+02;35;1;1;1.00000e+00;1.00000e+00;1.00000e+00;40;6.94369e-01;7.01232e-01;4.61659e-01
nav-lives;me-hebbian-neuron;4;[8];397;39700;39700;5.64893e+02;35;1;1;1.00000e+00;1.00000e+00;1.00000e+00;40;6.59275e-01;6.68265e-01;4.73659e-01
nav-lives;me-hebbian-neuron;3;[8];398;39800;39800;5.65623e+02;35;1;1;1.00000e+00;1.00000e+00;1.00000e+00;40;6.94369e-01;7.01232e-01;4.61659e-01
nav-lives;me-hebbian-neuron;4;[8];398;39800;39800;5.66320e+02;35;1;1;1.00000e+00;1.00000e+00;1.00000e+00;40;6.59275e-01;6.68265e-01;4.73659e-01
nav-lives;me-hebbian-neuron;3;[8];399;39900;39900;5.67004e+02;35;1;1;1.00000e+00;1.00000e+00;1.00000e+00;40;6.94369e-01;7.01232e-01;4.61659e-01
nav-lives;me-hebbian-neuron;4;[8];399;39900;39900;5.67740e+02;35;1;1;1.00000e+00;1.00000e+00;1.00000e+00;40;6.59275e-01;6.68265e-01;4.73659e-01
nav-lives;me-hebbian-neuron;3;[8];400;40000;40000;5.68398e+02;35;1;1;1.00000e+00;1.00000e+00;1.00000e+00;40;6.94369e-01;7.01232e-01;4.61659e-01
nav-lives;me-hebbian-neuron;4;[8];400;40000;40000;5.69041e+02;35;1;1;1.00000e+00;1.00000e+00;1.00000e+00;40;6.59275e-01;6.68265e-01;4.73659e-01
nav-lives;me-hebbian-neuron;5;[8];1;100;100;9.34000e-01;3;1;1;1.00000e+00;1.00000e+00;1.00000e+00;40;4.12188e-03;1.12438e-02;6.55352e-02
nav-lives;me-hebbian-neuron;5;[8];2;200;200;3.31620e+01;5;1;1;1.00000e+00;1.00000e+00;1.00000e+00;40;5.73456e-02;6.35079e-02;1.67623e-01
nav-lives;me-hebbian-neuron;5;[8];3;300;300;3.45070e+01;6;1;1;1.00000e+00;1.00000e+00;1.00000e+00;40;9.58615e-02;1.01329e-01;2.99771e-01
nav-lives;me-hebbian-neuron;5;[8];4;400;400;3.58020e+01;7;1;1;1.00000e+00;1.00000e+00;1.00000e+00;40;9.58615e-02;1.01329e-01;2.99771e-01
nav-lives;me-hebbian-neuron;5;[8];5;500;500;3.70550e+01;8;1;1;1.00000e+00;1.00000e+00;1.00000e+00;40;9.58615e-02;1.01329e-01;2.99771e-01
nav-lives;me-hebbian-neuron;5;[8];6;600;600;3.82750e+01;11;1;1;1.00000e+00;1.00000e+00;1.00000e+00;40;1.62790e-01;1.71263e-01;2.80773e-01
nav-lives;me-hebbian-neuron;5;[8];7;700;700;3.94670e+01;14;1;1;1.00000e+00;1.00000e+00;1.00000e+00;40;1.62790e-01;1.71263e-01;2.80773e-01
nav-lives;me-hebbian-neuron;5;[8];8;800;800;4.06100e+01;14;1;1;1.00000e+00;1.00000e+00;1.00000e+00;40;1.62790e-01;1.71263e-01;2.80773e-01
nav-lives;me-hebbian-neuron;5;[8];9;900;900;4.16770e+01;16;1;1;1.00000e+00;1.00000e+00;1.00000e+00;40;1.62790e-01;1.71263e-01;2.80773e-01
nav-lives;me-hebbian-neuron;5;[8];10;1000;1000;4.27250e+01;17;1;1;1.00000e+00;1.00000e+00;1.00000e+00;40;1.62790e-01;1.71263e-01;2.80773e-01
nav-lives;me-hebbian-neuron;5;[8];11;1100;1100;4.38050e+01;17;1;1;1.00000e+00;1.00000e+00;1.00000e+00;40;1.62790e-01;1.71263e-01;2.80773e-01
nav-lives;me-hebbian-neuron;5;[8];12;1200;1200;4.48500e+01;19;1;1;1.00000e+00;1.00000e+00;1.00000e+00;40;1.94568e-01;2.02569e-01;3.97786e-01
nav-lives;me-hebbian-neuron;5;[8];13;1300;1300;4.58880e+01;20;1;1;1.00000e+00;1.00000e+00;1.00000e+00;40;1.94568e-01;2.02569e-01;3.97786e-01
nav-lives;me-hebbian-neuron;5;[8];14;1400;1400;4.69030e+01;20;1;1;1.00000e+00;1.00000e+00;1.00000e+00;40;1.94568e-01;2.02569e-01;3.97786e-01
nav-lives;me-hebbian-neuron;5;[8];15;1500;1500;4.79070e+01;21;1;1;1.00000e+00;1.00000e+00;1.00000e+00;40;1.94568e-01;2.02569e-01;3.97786e-01
nav-lives;me-hebbian-neuron;5;[8];16;1600;1600;4.88840e+01;21;1;1;1.00000e+00;1.00000e+00;1.00000e+00;40;1.94568e-01;2.02569e-01;3.97786e-01
nav-lives;me-hebbian-neuron;5;[8];17;1700;1700;4.98740e+01;21;1;1;1.00000e+00;1.00000e+00;1.00000e+00;40;1.94568e-01;2.02569e-01;3.97786e-01
nav-lives;me-hebbian-neuron;5;[8];18;1800;1800;5.08130e+01;21;1;1;1.00000e+00;1.00000e+00;1.00000e+00;40;1.94568e-01;2.02569e-01;3.97786e-01
nav-lives;me-hebbian-neuron;5;[8];19;1900;1900;5.17000e+01;23;1;1;1.00000e+00;1.00000e+00;1.00000e+00;40;1.94568e-01;2.02569e-01;3.97786e-01
nav-lives;me-hebbian-neuron;5;[8];20;2000;2000;5.25720e+01;25;1;1;1.00000e+00;1.00000e+00;1.00000e+00;40;1.94568e-01;2.02569e-01;3.97786e-01
nav-lives;me-hebbian-neuron;5;[8];21;2100;2100;5.34440e+01;25;1;1;1.00000e+00;1.00000e+00;1.00000e+00;40;1.94568e-01;2.02569e-01;3.97786e-01
nav-lives;me-hebbian-neuron;5;[8];22;2200;2200;5.42800e+01;25;1;1;1.00000e+00;1.00000e+00;1.00000e+00;40;1.94568e-01;2.02569e-01;3.97786e-01
nav-lives;me-hebbian-neuron;5;[8];23;2300;2300;5.51130e+01;25;1;1;1.00000e+00;1.00000e+00;1.00000e+00;40;1.94568e-01;2.02569e-01;3.97786e-01
nav-lives;me-hebbian-neuron;5;[8];24;2400;2400;5.59270e+01;25;1;1;1.00000e+00;1.00000e+00;1.00000e+00;40;1.94568e-01;2.02569e-01;3.97786e-01
nav-lives;me-hebbian-neuron;5;[8];25;2500;2500;5.67500e+01;26;1;1;1.00000e+00;1.00000e+00;1.00000e+00;40;2.06889e-01;2.13202e-01;4.11852e-01
nav-lives;me-hebbian-neuron;5;[8];26;2600;2600;5.75680e+01;26;1;1;1.00000e+00;1.00000e+00;1.00000e+00;40;2.06889e-01;2.13202e-01;4.11852e-01
nav-lives;me-hebbian-neuron;5;[8];27;2700;2700;5.83950e+01;26;1;1;1.00000e+00;1.00000e+00;1.00000e+00;40;2.06889e-01;2.13202e-01;4.11852e-01
nav-lives;me-hebbian-neuron;5;[8];28;2800;2800;5.92070e+01;26;1;1;1.00000e+00;1.00000e+00;1.00000e+00;40;2.06889e-01;2.13202e-01;4.11852e-01
nav-lives;me-hebbian-neuron;5;[8];29;2900;2900;6.00200e+01;26;1;1;1.00000e+00;1.00000e+00;1.00000e+00;40;2.06889e-01;2.13202e-01;4.11852e-01
nav-lives;me-hebbian-neuron;5;[8];30;3000;3000;6.08060e+01;26;1;1;1.00000e+00;1.00000e+00;1.00000e+00;40;2.06889e-01;2.13202e-01;4.11852e-01
nav-lives;me-hebbian-neuron;5;[8];31;3100;3100;6.15660e+01;26;1;1;1.00000e+00;1.00000e+00;1.00000e+00;40;2.06889e-01;2.13202e-01;4.11852e-01
nav-lives;me-hebbian-neuron;5;[8];32;3200;3200;6.23340e+01;27;1;1;1.00000e+00;1.00000e+00;1.00000e+00;40;2.06889e-01;2.13202e-01;4.11852e-01
nav-lives;me-hebbian-neuron;5;[8];33;3300;3300;6.31070e+01;27;1;1;1.00000e+00;1.00000e+00;1.00000e+00;40;2.06889e-01;2.13202e-01;4.11852e-01
nav-lives;me-hebbian-neuron;5;[8];34;3400;3400;6.39240e+01;27;1;1;1.00000e+00;1.00000e+00;1.00000e+00;40;2.06889e-01;2.13202e-01;4.11852e-01
nav-lives;me-hebbian-neuron;5;[8];35;3500;3500;6.47140e+01;27;1;1;1.00000e+00;1.00000e+00;1.00000e+00;40;2.06889e-01;2.13202e-01;4.11852e-01
nav-lives;me-hebbian-neuron;5;[8];36;3600;3600;6.54950e+01;28;1;1;1.00000e+00;1.00000e+00;1.00000e+00;40;2.06889e-01;2.13202e-01;4.11852e-01
nav-lives;me-hebbian-neuron;5;[8];37;3700;3700;6.63000e+01;28;1;1;1.00000e+00;1.00000e+00;1.00000e+00;40;2.06889e-01;2.13202e-01;4.11852e-01
nav-lives;me-hebbian-neuron;5;[8];38;3800;3800;6.70850e+01;28;1;1;1.00000e+00;1.00000e+00;1.00000e+00;40;2.06889e-01;2.13202e-01;4.11852e-01
nav-lives;me-hebbian-neuron;5;[8];39;3900;3900;6.78680e+01;28;1;1;1.00000e+00;1.00000e+00;1.00000e+00;40;2.06889e-01;2.13202e-01;4.11852e-01
nav-lives;me-hebbian-neuron;5;[8];40;4000;4000;6.86330e+01;29;1;1;1.00000e+00;1.00000e+00;1.00000e+00;40;2.06889e-01;2.13202e-01;4.11852e-01
nav-lives;me-hebbian-neuron;5;[8];41;4100;4100;6.94060e+01;30;1;1;1.00000e+00;1.00000e+00;1.00000e+00;40;2.06889e-01;2.13202e-01;4.11852e-01
nav-lives;me-hebbian-neuron;5;[8];42;4200;4200;7.01810e+01;30;1;1;1.00000e+00;1.00000e+00;1.00000e+00;40;2.06889e-01;2.13202e-01;4.11852e-01
nav-lives;me-hebbian-neuron;5;[8];43;4300;4300;7.09550e+01;31;1;1;1.00000e+00;1.00000e+00;1.00000e+00;40;2.98777e-01;3.04135e-01;4.61348e-01
nav-lives;me-hebbian-neuron;5;[8];44;4400;4400;7.17230e+01;31;1;1;1.00000e+00;1.00000e+00;1.00000e+00;40;2.98777e-01;3.04135e-01;4.61348e-01
nav-lives;me-hebbian-neuron;5;[8];45;4500;4500;7.25360e+01;31;1;1;1.00000e+00;1.00000e+00;1.00000e+00;40;2.98777e-01;3.04135e-01;4.61348e-01
nav-lives;me-hebbian-neuron;5;[8];46;4600;4600;7.33200e+01;31;1;1;1.00000e+00;1.00000e+00;1.00000e+00;40;2.98777e-01;3.04135e-01;4.61348e-01
nav-lives;me-hebbian-neuron;5;[8];47;4700;4700;7.40820e+01;31;1;1;1.00000e+00;1.00000e+00;1.00000e+00;40;2.98777e-01;3.04135e-01;4.61348e-01
nav-lives;me-hebbian-neuron;5;[8];48;4800;4800;7.48370e+01;31;1;1;1.00000e+00;1.00000e+00;1.00000e+00;40;2.98777e-01;3.04135e-01;4.61348e-01
nav-lives;me-hebbian-neuron;5;[8];49;4900;4900;7.56210e+01;31;1;1;1.00000e+00;1.00000e+00;1.00000e+00;40;2.98777e-01;3.04135e-01;4.61348e-01
nav-lives;me-hebbian-neuron;5;[8];50;5000;5000;7.64230e+01;31;1;1;1.00000e+00;1.00000e+00;1.00000e+00;40;2.98777e-01;3.04135e-01;4.61348e-01
nav-lives;me-hebbian-neuron;5;[8];51;5100;5100;7.72270e+01;31;1;1;1.00000e+00;1.00000e+00;1.00000e+00;40;2.98777e-01;3.04135e-01;4.61348e-01
nav-lives;me-hebbian-neuron;5;[8];52;5200;5200;7.79880e+01;31;1;1;1.00000e+00;1.00000e+00;1.00000e+00;40;2.98777e-01;3.04135e-01;4.61348e-01
nav-lives;me-hebbian-neuron;5;[8];53;5300;5300;7.88000e+01;31;1;1;1.00000e+00;1.00000e+00;1.00000e+00;40;2.98777e-01;3.04135e-01;4.61348e-01
nav-lives;me-hebbian-neuron;5;[8];54;5400;5400;7.96050e+01;32;1;1;1.00000e+00;1.00000e+00;1.00000e+00;40;2.98777e-01;3.04135e-01;4.61348e-01
nav-lives;me-hebbian-neuron;5;[8];55;5500;5500;8.04000e+01;32;1;1;1.00000e+00;1.00000e+00;1.00000e+00;40;2.98777e-01;3.04135e-01;4.61348e-01
nav-lives;me-hebbian-neuron;5;[8];56;5600;5600;8.11500e+01;32;1;1;1.00000e+00;1.00000e+00;1.00000e+00;40;2.98777e-01;3.04135e-01;4.61348e-01
nav-lives;me-hebbian-neuron;5;[8];57;5700;5700;8.19120e+01;32;1;1;1.00000e+00;1.00000e+00;1.00000e+00;40;2.98777e-01;3.04135e-01;4.61348e-01
nav-lives;me-hebbian-neuron;5;[8];58;5800;5800;8.26810e+01;32;1;1;1.00000e+00;1.00000e+00;1.00000e+00;40;2.98777e-01;3.04135e-01;4.61348e-01
nav-lives;me-hebbian-neuron;5;[8];59;5900;5900;8.34740e+01;32;1;1;1.00000e+00;1.00000e+00;1.00000e+00;40;2.98777e-01;3.04135e-01;4.61348e-01
nav-lives;me-hebbian-neuron;5;[8];60;6000;6000;8.42390e+01;32;1;1;1.00000e+00;1.00000e+00;1.00000e+00;40;2.98777e-01;3.04135e-01;4.61348e-01
nav-lives;me-hebbian-neuron;5;[8];61;6100;6100;8.50250e+01;32;1;1;1.00000e+00;1.00000e+00;1.00000e+00;40;2.98777e-01;3.04135e-01;4.61348e-01
nav-lives;me-hebbian-neuron;5;[8];62;6200;6200;8.58230e+01;32;1;1;1.00000e+00;1.00000e+00;1.00000e+00;40;2.98777e-01;3.04135e-01;4.61348e-01
nav-lives;me-hebbian-neuron;5;[8];63;6300;6300;8.65680e+01;32;1;1;1.00000e+00;1.00000e+00;1.00000e+00;40;2.98777e-01;3.04135e-01;4.61348e-01
nav-lives;me-hebbian-neuron;5;[8];64;6400;6400;8.73450e+01;32;1;1;1.00000e+00;1.00000e+00;1.00000e+00;40;2.98777e-01;3.04135e-01;4.61348e-01
nav-lives;me-freeForm;1;[8];1;100;100;8.66190e+01;2;1;1;1.00000e+00;1.00000e+00;1.00000e+00;180;9.66033e-03;9.40862e-03;8.30369e-02
nav-lives;me-hebbian-neuron;5;[8];65;6500;6500;8.86070e+01;32;1;1;1.00000e+00;1.00000e+00;1.00000e+00;40;2.98777e-01;3.04135e-01;4.61348e-01
nav-lives;me-hebbian-neuron;5;[8];66;6600;6600;1.20946e+02;32;1;1;1.00000e+00;1.00000e+00;1.00000e+00;40;2.98777e-01;3.04135e-01;4.61348e-01
nav-lives;me-hebbian-neuron;5;[8];67;6700;6700;1.23062e+02;32;1;1;1.00000e+00;1.00000e+00;1.00000e+00;40;2.98777e-01;3.04135e-01;4.61348e-01
nav-lives;me-hebbian-neuron;5;[8];68;6800;6800;1.25156e+02;32;1;1;1.00000e+00;1.00000e+00;1.00000e+00;40;2.98777e-01;3.04135e-01;4.61348e-01
nav-lives;me-hebbian-neuron;5;[8];69;6900;6900;1.27175e+02;32;1;1;1.00000e+00;1.00000e+00;1.00000e+00;40;2.98777e-01;3.04135e-01;4.61348e-01
nav-lives;me-hebbian-neuron;5;[8];70;7000;7000;1.28883e+02;32;1;1;1.00000e+00;1.00000e+00;1.00000e+00;40;2.98777e-01;3.04135e-01;4.61348e-01
nav-lives;me-hebbian-neuron;5;[8];71;7100;7100;1.29885e+02;32;1;1;1.00000e+00;1.00000e+00;1.00000e+00;40;2.98777e-01;3.04135e-01;4.61348e-01
nav-lives;me-hebbian-neuron;5;[8];72;7200;7200;1.30747e+02;32;1;1;1.00000e+00;1.00000e+00;1.00000e+00;40;2.98777e-01;3.04135e-01;4.61348e-01
nav-lives;me-hebbian-neuron;5;[8];73;7300;7300;1.31603e+02;32;1;1;1.00000e+00;1.00000e+00;1.00000e+00;40;2.98777e-01;3.04135e-01;4.61348e-01
nav-lives;me-hebbian-neuron;5;[8];74;7400;7400;1.32468e+02;32;1;1;1.00000e+00;1.00000e+00;1.00000e+00;40;2.98777e-01;3.04135e-01;4.61348e-01
nav-lives;me-hebbian-neuron;5;[8];75;7500;7500;1.33332e+02;32;1;1;1.00000e+00;1.00000e+00;1.00000e+00;40;2.98777e-01;3.04135e-01;4.61348e-01
nav-lives;me-hebbian-neuron;5;[8];76;7600;7600;1.34191e+02;32;1;1;1.00000e+00;1.00000e+00;1.00000e+00;40;2.98777e-01;3.04135e-01;4.61348e-01
nav-lives;me-hebbian-neuron;5;[8];77;7700;7700;1.35049e+02;32;1;1;1.00000e+00;1.00000e+00;1.00000e+00;40;2.98777e-01;3.04135e-01;4.61348e-01
nav-lives;me-hebbian-neuron;5;[8];78;7800;7800;1.35899e+02;32;1;1;1.00000e+00;1.00000e+00;1.00000e+00;40;2.98777e-01;3.04135e-01;4.61348e-01
nav-lives;me-hebbian-neuron;5;[8];79;7900;7900;1.36763e+02;32;1;1;1.00000e+00;1.00000e+00;1.00000e+00;40;2.98777e-01;3.04135e-01;4.61348e-01
nav-lives;me-hebbian-neuron;5;[8];80;8000;8000;1.37613e+02;32;1;1;1.00000e+00;1.00000e+00;1.00000e+00;40;2.98777e-01;3.04135e-01;4.61348e-01
nav-lives;me-hebbian-neuron;5;[8];81;8100;8100;1.38448e+02;32;1;1;1.00000e+00;1.00000e+00;1.00000e+00;40;2.98777e-01;3.04135e-01;4.61348e-01
nav-lives;me-hebbian-neuron;5;[8];82;8200;8200;1.39290e+02;32;1;1;1.00000e+00;1.00000e+00;1.00000e+00;40;2.98777e-01;3.04135e-01;4.61348e-01
nav-lives;me-hebbian-neuron;5;[8];83;8300;8300;1.40133e+02;32;1;1;1.00000e+00;1.00000e+00;1.00000e+00;40;2.98777e-01;3.04135e-01;4.61348e-01
nav-lives;me-hebbian-neuron;5;[8];84;8400;8400;1.40979e+02;32;1;1;1.00000e+00;1.00000e+00;1.00000e+00;40;2.98777e-01;3.04135e-01;4.61348e-01
nav-lives;me-hebbian-neuron;5;[8];85;8500;8500;1.41804e+02;32;1;1;1.00000e+00;1.00000e+00;1.00000e+00;40;2.98777e-01;3.04135e-01;4.61348e-01
nav-lives;me-hebbian-neuron;5;[8];86;8600;8600;1.42643e+02;32;1;1;1.00000e+00;1.00000e+00;1.00000e+00;40;2.98777e-01;3.04135e-01;4.61348e-01
nav-lives;me-hebbian-neuron;5;[8];87;8700;8700;1.43486e+02;32;1;1;1.00000e+00;1.00000e+00;1.00000e+00;40;2.98777e-01;3.04135e-01;4.61348e-01
nav-lives;me-hebbian-neuron;5;[8];88;8800;8800;1.44326e+02;32;1;1;1.00000e+00;1.00000e+00;1.00000e+00;40;2.98777e-01;3.04135e-01;4.61348e-01
nav-lives;me-hebbian-neuron;5;[8];89;8900;8900;1.45124e+02;32;1;1;1.00000e+00;1.00000e+00;1.00000e+00;40;2.98777e-01;3.04135e-01;4.61348e-01
nav-lives;me-hebbian-neuron;5;[8];90;9000;9000;1.45925e+02;32;1;1;1.00000e+00;1.00000e+00;1.00000e+00;40;2.98777e-01;3.04135e-01;4.61348e-01
nav-lives;me-freeForm;1;[8];2;200;200;1.45433e+02;4;1;1;1.00000e+00;1.00000e+00;1.00000e+00;182;1.03028e-02;5.57222e-03;8.42013e-02
nav-lives;me-hebbian-neuron;5;[8];91;9100;9100;1.47295e+02;32;1;1;1.00000e+00;1.00000e+00;1.00000e+00;40;2.98777e-01;3.04135e-01;4.61348e-01
nav-lives;me-hebbian-neuron;5;[8];92;9200;9200;1.89743e+02;32;1;1;1.00000e+00;1.00000e+00;1.00000e+00;40;2.98777e-01;3.04135e-01;4.61348e-01
nav-lives;me-hebbian-neuron;5;[8];93;9300;9300;1.90683e+02;32;1;1;1.00000e+00;1.00000e+00;1.00000e+00;40;2.98777e-01;3.04135e-01;4.61348e-01
nav-lives;me-hebbian-neuron;5;[8];94;9400;9400;1.91543e+02;32;1;1;1.00000e+00;1.00000e+00;1.00000e+00;40;2.98777e-01;3.04135e-01;4.61348e-01
nav-lives;me-hebbian-neuron;5;[8];95;9500;9500;1.92413e+02;32;1;1;1.00000e+00;1.00000e+00;1.00000e+00;40;2.98777e-01;3.04135e-01;4.61348e-01
nav-lives;me-hebbian-neuron;5;[8];96;9600;9600;1.93281e+02;32;1;1;1.00000e+00;1.00000e+00;1.00000e+00;40;2.98777e-01;3.04135e-01;4.61348e-01
nav-lives;me-hebbian-neuron;5;[8];97;9700;9700;1.94160e+02;32;1;1;1.00000e+00;1.00000e+00;1.00000e+00;40;2.98777e-01;3.04135e-01;4.61348e-01
nav-lives;me-hebbian-neuron;5;[8];98;9800;9800;1.95029e+02;32;1;1;1.00000e+00;1.00000e+00;1.00000e+00;40;2.98777e-01;3.04135e-01;4.61348e-01
nav-lives;me-hebbian-neuron;5;[8];99;9900;9900;1.95905e+02;32;1;1;1.00000e+00;1.00000e+00;1.00000e+00;40;2.98777e-01;3.04135e-01;4.61348e-01
nav-lives;me-hebbian-neuron;5;[8];100;10000;10000;1.96785e+02;32;1;1;1.00000e+00;1.00000e+00;1.00000e+00;40;2.98777e-01;3.04135e-01;4.61348e-01
nav-lives;me-hebbian-neuron;5;[8];101;10100;10100;1.97653e+02;32;1;1;1.00000e+00;1.00000e+00;1.00000e+00;40;2.98777e-01;3.04135e-01;4.61348e-01
nav-lives;me-hebbian-neuron;5;[8];102;10200;10200;1.98515e+02;32;1;1;1.00000e+00;1.00000e+00;1.00000e+00;40;2.98777e-01;3.04135e-01;4.61348e-01
nav-lives;me-hebbian-neuron;5;[8];103;10300;10300;1.99633e+02;32;1;1;1.00000e+00;1.00000e+00;1.00000e+00;40;2.98777e-01;3.04135e-01;4.61348e-01
nav-lives;me-hebbian-neuron;5;[8];104;10400;10400;2.00498e+02;32;1;1;1.00000e+00;1.00000e+00;1.00000e+00;40;2.98777e-01;3.04135e-01;4.61348e-01
nav-lives;me-hebbian-neuron;5;[8];105;10500;10500;2.01368e+02;32;1;1;1.00000e+00;1.00000e+00;1.00000e+00;40;2.98777e-01;3.04135e-01;4.61348e-01
nav-lives;me-hebbian-neuron;5;[8];106;10600;10600;2.02250e+02;32;1;1;1.00000e+00;1.00000e+00;1.00000e+00;40;2.98777e-01;3.04135e-01;4.61348e-01
nav-lives;me-hebbian-neuron;5;[8];107;10700;10700;2.03122e+02;32;1;1;1.00000e+00;1.00000e+00;1.00000e+00;40;2.98777e-01;3.04135e-01;4.61348e-01
nav-lives;me-hebbian-neuron;5;[8];108;10800;10800;2.03965e+02;32;1;1;1.00000e+00;1.00000e+00;1.00000e+00;40;2.98777e-01;3.04135e-01;4.61348e-01
nav-lives;me-hebbian-neuron;5;[8];109;10900;10900;2.04801e+02;32;1;1;1.00000e+00;1.00000e+00;1.00000e+00;40;2.98777e-01;3.04135e-01;4.61348e-01
nav-lives;me-hebbian-neuron;5;[8];110;11000;11000;2.05647e+02;32;1;1;1.00000e+00;1.00000e+00;1.00000e+00;40;2.98777e-01;3.04135e-01;4.61348e-01
nav-lives;me-hebbian-neuron;5;[8];111;11100;11100;2.06499e+02;32;1;1;1.00000e+00;1.00000e+00;1.00000e+00;40;2.98777e-01;3.04135e-01;4.61348e-01
nav-lives;me-hebbian-neuron;5;[8];112;11200;11200;2.07360e+02;32;1;1;1.00000e+00;1.00000e+00;1.00000e+00;40;2.98777e-01;3.04135e-01;4.61348e-01
nav-lives;me-hebbian-neuron;5;[8];113;11300;11300;2.08243e+02;32;1;1;1.00000e+00;1.00000e+00;1.00000e+00;40;2.98777e-01;3.04135e-01;4.61348e-01
nav-lives;me-hebbian-neuron;5;[8];114;11400;11400;2.09096e+02;32;1;1;1.00000e+00;1.00000e+00;1.00000e+00;40;2.98777e-01;3.04135e-01;4.61348e-01
nav-lives;me-hebbian-neuron;5;[8];115;11500;11500;2.09941e+02;32;1;1;1.00000e+00;1.00000e+00;1.00000e+00;40;2.98777e-01;3.04135e-01;4.61348e-01
nav-lives;me-hebbian-neuron;5;[8];116;11600;11600;2.10793e+02;32;1;1;1.00000e+00;1.00000e+00;1.00000e+00;40;2.98777e-01;3.04135e-01;4.61348e-01
nav-lives;me-hebbian-neuron;5;[8];117;11700;11700;2.11569e+02;32;1;1;1.00000e+00;1.00000e+00;1.00000e+00;40;2.98777e-01;3.04135e-01;4.61348e-01
nav-lives;me-freeForm;1;[8];3;300;300;2.11547e+02;11;2;1;1.00000e+00;1.00000e+00;1.00000e+00;188;1.76479e-01;1.28195e-01;3.05364e-01
nav-lives;me-hebbian-neuron;5;[8];118;11800;11800;2.12375e+02;32;1;1;1.00000e+00;1.00000e+00;1.00000e+00;40;2.98777e-01;3.04135e-01;4.61348e-01
nav-lives;me-hebbian-neuron;5;[8];119;11900;11900;2.55414e+02;32;1;1;1.00000e+00;1.00000e+00;1.00000e+00;40;2.98777e-01;3.04135e-01;4.61348e-01
nav-lives;me-hebbian-neuron;5;[8];120;12000;12000;2.56348e+02;32;1;1;1.00000e+00;1.00000e+00;1.00000e+00;40;2.98777e-01;3.04135e-01;4.61348e-01
nav-lives;me-hebbian-neuron;5;[8];121;12100;12100;2.57206e+02;32;1;1;1.00000e+00;1.00000e+00;1.00000e+00;40;2.98777e-01;3.04135e-01;4.61348e-01
nav-lives;me-hebbian-neuron;5;[8];122;12200;12200;2.58081e+02;32;1;1;1.00000e+00;1.00000e+00;1.00000e+00;40;2.98777e-01;3.04135e-01;4.61348e-01
nav-lives;me-hebbian-neuron;5;[8];123;12300;12300;2.58962e+02;32;1;1;1.00000e+00;1.00000e+00;1.00000e+00;40;2.98777e-01;3.04135e-01;4.61348e-01
nav-lives;me-hebbian-neuron;5;[8];124;12400;12400;2.59819e+02;32;1;1;1.00000e+00;1.00000e+00;1.00000e+00;40;2.98777e-01;3.04135e-01;4.61348e-01
nav-lives;me-hebbian-neuron;5;[8];125;12500;12500;2.60679e+02;32;1;1;1.00000e+00;1.00000e+00;1.00000e+00;40;2.98777e-01;3.04135e-01;4.61348e-01
nav-lives;me-hebbian-neuron;5;[8];126;12600;12600;2.61550e+02;32;1;1;1.00000e+00;1.00000e+00;1.00000e+00;40;2.98777e-01;3.04135e-01;4.61348e-01
nav-lives;me-hebbian-neuron;5;[8];127;12700;12700;2.62418e+02;32;1;1;1.00000e+00;1.00000e+00;1.00000e+00;40;2.98777e-01;3.04135e-01;4.61348e-01
nav-lives;me-hebbian-neuron;5;[8];128;12800;12800;2.63269e+02;32;1;1;1.00000e+00;1.00000e+00;1.00000e+00;40;2.98777e-01;3.04135e-01;4.61348e-01
nav-lives;me-hebbian-neuron;5;[8];129;12900;12900;2.64102e+02;32;1;1;1.00000e+00;1.00000e+00;1.00000e+00;40;2.98777e-01;3.04135e-01;4.61348e-01
nav-lives;me-hebbian-neuron;5;[8];130;13000;13000;2.64944e+02;32;1;1;1.00000e+00;1.00000e+00;1.00000e+00;40;2.98777e-01;3.04135e-01;4.61348e-01
nav-lives;me-hebbian-neuron;5;[8];131;13100;13100;2.65796e+02;32;1;1;1.00000e+00;1.00000e+00;1.00000e+00;40;2.98777e-01;3.04135e-01;4.61348e-01
nav-lives;me-hebbian-neuron;5;[8];132;13200;13200;2.66650e+02;32;1;1;1.00000e+00;1.00000e+00;1.00000e+00;40;2.98777e-01;3.04135e-01;4.61348e-01
nav-lives;me-hebbian-neuron;5;[8];133;13300;13300;2.67507e+02;32;1;1;1.00000e+00;1.00000e+00;1.00000e+00;40;2.98777e-01;3.04135e-01;4.61348e-01
nav-lives;me-hebbian-neuron;5;[8];134;13400;13400;2.68354e+02;32;1;1;1.00000e+00;1.00000e+00;1.00000e+00;40;2.98777e-01;3.04135e-01;4.61348e-01
nav-lives;me-hebbian-neuron;5;[8];135;13500;13500;2.69215e+02;32;1;1;1.00000e+00;1.00000e+00;1.00000e+00;40;2.98777e-01;3.04135e-01;4.61348e-01
nav-lives;me-hebbian-neuron;5;[8];136;13600;13600;2.70074e+02;32;1;1;1.00000e+00;1.00000e+00;1.00000e+00;40;2.98777e-01;3.04135e-01;4.61348e-01
nav-lives;me-hebbian-neuron;5;[8];137;13700;13700;2.70920e+02;32;1;1;1.00000e+00;1.00000e+00;1.00000e+00;40;2.98777e-01;3.04135e-01;4.61348e-01
nav-lives;me-hebbian-neuron;5;[8];138;13800;13800;2.71752e+02;32;1;1;1.00000e+00;1.00000e+00;1.00000e+00;40;2.98777e-01;3.04135e-01;4.61348e-01
nav-lives;me-hebbian-neuron;5;[8];139;13900;13900;2.72591e+02;32;1;1;1.00000e+00;1.00000e+00;1.00000e+00;40;2.98777e-01;3.04135e-01;4.61348e-01
nav-lives;me-hebbian-neuron;5;[8];140;14000;14000;2.73452e+02;32;1;1;1.00000e+00;1.00000e+00;1.00000e+00;40;2.98777e-01;3.04135e-01;4.61348e-01
nav-lives;me-hebbian-neuron;5;[8];141;14100;14100;2.74302e+02;32;1;1;1.00000e+00;1.00000e+00;1.00000e+00;40;2.98777e-01;3.04135e-01;4.61348e-01
nav-lives;me-hebbian-neuron;5;[8];142;14200;14200;2.75154e+02;32;1;1;1.00000e+00;1.00000e+00;1.00000e+00;40;2.98777e-01;3.04135e-01;4.61348e-01
nav-lives;me-hebbian-neuron;5;[8];143;14300;14300;2.75977e+02;32;1;1;1.00000e+00;1.00000e+00;1.00000e+00;40;2.98777e-01;3.04135e-01;4.61348e-01
nav-lives;me-hebbian-neuron;5;[8];144;14400;14400;2.76814e+02;32;1;1;1.00000e+00;1.00000e+00;1.00000e+00;40;2.98777e-01;3.04135e-01;4.61348e-01
nav-lives;me-hebbian-neuron;5;[8];145;14500;14500;2.77557e+02;32;1;1;1.00000e+00;1.00000e+00;1.00000e+00;40;2.98777e-01;3.04135e-01;4.61348e-01
nav-lives;me-freeForm;1;[8];4;400;400;2.76904e+02;18;2;1;1.00000e+00;1.00000e+00;1.00000e+00;188;1.76479e-01;1.28195e-01;3.05364e-01
nav-lives;me-hebbian-neuron;5;[8];146;14600;14600;2.78806e+02;32;1;1;1.00000e+00;1.00000e+00;1.00000e+00;40;2.98777e-01;3.04135e-01;4.61348e-01
nav-lives;me-hebbian-neuron;5;[8];147;14700;14700;3.21203e+02;32;1;1;1.00000e+00;1.00000e+00;1.00000e+00;40;2.98777e-01;3.04135e-01;4.61348e-01
nav-lives;me-hebbian-neuron;5;[8];148;14800;14800;3.22150e+02;32;1;1;1.00000e+00;1.00000e+00;1.00000e+00;40;2.98777e-01;3.04135e-01;4.61348e-01
nav-lives;me-hebbian-neuron;5;[8];149;14900;14900;3.23029e+02;32;1;1;1.00000e+00;1.00000e+00;1.00000e+00;40;2.98777e-01;3.04135e-01;4.61348e-01
nav-lives;me-hebbian-neuron;5;[8];150;15000;15000;3.23890e+02;32;1;1;1.00000e+00;1.00000e+00;1.00000e+00;40;2.98777e-01;3.04135e-01;4.61348e-01
nav-lives;me-hebbian-neuron;5;[8];151;15100;15100;3.24751e+02;32;1;1;1.00000e+00;1.00000e+00;1.00000e+00;40;2.98777e-01;3.04135e-01;4.61348e-01
nav-lives;me-hebbian-neuron;5;[8];152;15200;15200;3.25635e+02;32;1;1;1.00000e+00;1.00000e+00;1.00000e+00;40;2.98777e-01;3.04135e-01;4.61348e-01
nav-lives;me-hebbian-neuron;5;[8];153;15300;15300;3.26509e+02;32;1;1;1.00000e+00;1.00000e+00;1.00000e+00;40;2.98777e-01;3.04135e-01;4.61348e-01
nav-lives;me-hebbian-neuron;5;[8];154;15400;15400;3.27359e+02;32;1;1;1.00000e+00;1.00000e+00;1.00000e+00;40;2.98777e-01;3.04135e-01;4.61348e-01
nav-lives;me-hebbian-neuron;5;[8];155;15500;15500;3.28187e+02;32;1;1;1.00000e+00;1.00000e+00;1.00000e+00;40;2.98777e-01;3.04135e-01;4.61348e-01
nav-lives;me-hebbian-neuron;5;[8];156;15600;15600;3.29043e+02;32;1;1;1.00000e+00;1.00000e+00;1.00000e+00;40;2.98777e-01;3.04135e-01;4.61348e-01
nav-lives;me-hebbian-neuron;5;[8];157;15700;15700;3.29900e+02;32;1;1;1.00000e+00;1.00000e+00;1.00000e+00;40;2.98777e-01;3.04135e-01;4.61348e-01
nav-lives;me-hebbian-neuron;5;[8];158;15800;15800;3.30757e+02;32;1;1;1.00000e+00;1.00000e+00;1.00000e+00;40;2.98777e-01;3.04135e-01;4.61348e-01
nav-lives;me-hebbian-neuron;5;[8];159;15900;15900;3.31632e+02;32;1;1;1.00000e+00;1.00000e+00;1.00000e+00;40;2.98777e-01;3.04135e-01;4.61348e-01
nav-lives;me-hebbian-neuron;5;[8];160;16000;16000;3.32493e+02;32;1;1;1.00000e+00;1.00000e+00;1.00000e+00;40;2.98777e-01;3.04135e-01;4.61348e-01
nav-lives;me-hebbian-neuron;5;[8];161;16100;16100;3.33367e+02;32;1;1;1.00000e+00;1.00000e+00;1.00000e+00;40;2.98777e-01;3.04135e-01;4.61348e-01
nav-lives;me-hebbian-neuron;5;[8];162;16200;16200;3.34235e+02;32;1;1;1.00000e+00;1.00000e+00;1.00000e+00;40;2.98777e-01;3.04135e-01;4.61348e-01
nav-lives;me-hebbian-neuron;5;[8];163;16300;16300;3.35091e+02;32;1;1;1.00000e+00;1.00000e+00;1.00000e+00;40;2.98777e-01;3.04135e-01;4.61348e-01
nav-lives;me-hebbian-neuron;5;[8];164;16400;16400;3.35948e+02;32;1;1;1.00000e+00;1.00000e+00;1.00000e+00;40;2.98777e-01;3.04135e-01;4.61348e-01
nav-lives;me-hebbian-neuron;5;[8];165;16500;16500;3.36791e+02;32;1;1;1.00000e+00;1.00000e+00;1.00000e+00;40;2.98777e-01;3.04135e-01;4.61348e-01
nav-lives;me-hebbian-neuron;5;[8];166;16600;16600;3.37631e+02;32;1;1;1.00000e+00;1.00000e+00;1.00000e+00;40;2.98777e-01;3.04135e-01;4.61348e-01
nav-lives;me-hebbian-neuron;5;[8];167;16700;16700;3.38482e+02;32;1;1;1.00000e+00;1.00000e+00;1.00000e+00;40;2.98777e-01;3.04135e-01;4.61348e-01
nav-lives;me-hebbian-neuron;5;[8];168;16800;16800;3.39341e+02;32;1;1;1.00000e+00;1.00000e+00;1.00000e+00;40;2.98777e-01;3.04135e-01;4.61348e-01
nav-lives;me-hebbian-neuron;5;[8];169;16900;16900;3.40187e+02;32;1;1;1.00000e+00;1.00000e+00;1.00000e+00;40;2.98777e-01;3.04135e-01;4.61348e-01
nav-lives;me-hebbian-neuron;5;[8];170;17000;17000;3.41050e+02;32;1;1;1.00000e+00;1.00000e+00;1.00000e+00;40;2.98777e-01;3.04135e-01;4.61348e-01
nav-lives;me-hebbian-neuron;5;[8];171;17100;17100;3.41910e+02;32;1;1;1.00000e+00;1.00000e+00;1.00000e+00;40;2.98777e-01;3.04135e-01;4.61348e-01
nav-lives;me-hebbian-neuron;5;[8];172;17200;17200;3.42748e+02;32;1;1;1.00000e+00;1.00000e+00;1.00000e+00;40;2.98777e-01;3.04135e-01;4.61348e-01
nav-lives;me-freeForm;1;[8];5;500;500;3.42630e+02;22;1;1;1.00000e+00;1.00000e+00;1.00000e+00;182;1.94741e-01;1.00111e-01;3.99161e-01
nav-lives;me-hebbian-neuron;5;[8];173;17300;17300;3.43888e+02;32;1;1;1.00000e+00;1.00000e+00;1.00000e+00;40;2.98777e-01;3.04135e-01;4.61348e-01
nav-lives;me-hebbian-neuron;5;[8];174;17400;17400;3.86701e+02;32;1;1;1.00000e+00;1.00000e+00;1.00000e+00;40;2.98777e-01;3.04135e-01;4.61348e-01
nav-lives;me-hebbian-neuron;5;[8];175;17500;17500;3.87594e+02;32;1;1;1.00000e+00;1.00000e+00;1.00000e+00;40;2.98777e-01;3.04135e-01;4.61348e-01
nav-lives;me-hebbian-neuron;5;[8];176;17600;17600;3.88446e+02;32;1;1;1.00000e+00;1.00000e+00;1.00000e+00;40;2.98777e-01;3.04135e-01;4.61348e-01
nav-lives;me-hebbian-neuron;5;[8];177;17700;17700;3.89282e+02;32;1;1;1.00000e+00;1.00000e+00;1.00000e+00;40;2.98777e-01;3.04135e-01;4.61348e-01
nav-lives;me-hebbian-neuron;5;[8];178;17800;17800;3.90132e+02;32;1;1;1.00000e+00;1.00000e+00;1.00000e+00;40;2.98777e-01;3.04135e-01;4.61348e-01
nav-lives;me-hebbian-neuron;5;[8];179;17900;17900;3.90980e+02;32;1;1;1.00000e+00;1.00000e+00;1.00000e+00;40;2.98777e-01;3.04135e-01;4.61348e-01
nav-lives;me-hebbian-neuron;5;[8];180;18000;18000;3.91839e+02;32;1;1;1.00000e+00;1.00000e+00;1.00000e+00;40;2.98777e-01;3.04135e-01;4.61348e-01
nav-lives;me-hebbian-neuron;5;[8];181;18100;18100;3.92692e+02;32;1;1;1.00000e+00;1.00000e+00;1.00000e+00;40;2.98777e-01;3.04135e-01;4.61348e-01
nav-lives;me-hebbian-neuron;5;[8];182;18200;18200;3.93551e+02;32;1;1;1.00000e+00;1.00000e+00;1.00000e+00;40;2.98777e-01;3.04135e-01;4.61348e-01
nav-lives;me-hebbian-neuron;5;[8];183;18300;18300;3.94426e+02;32;1;1;1.00000e+00;1.00000e+00;1.00000e+00;40;2.98777e-01;3.04135e-01;4.61348e-01
nav-lives;me-hebbian-neuron;5;[8];184;18400;18400;3.95290e+02;32;1;1;1.00000e+00;1.00000e+00;1.00000e+00;40;2.98777e-01;3.04135e-01;4.61348e-01
nav-lives;me-hebbian-neuron;5;[8];185;18500;18500;3.96136e+02;32;1;1;1.00000e+00;1.00000e+00;1.00000e+00;40;2.98777e-01;3.04135e-01;4.61348e-01
nav-lives;me-hebbian-neuron;5;[8];186;18600;18600;3.96964e+02;32;1;1;1.00000e+00;1.00000e+00;1.00000e+00;40;2.98777e-01;3.04135e-01;4.61348e-01
nav-lives;me-hebbian-neuron;5;[8];187;18700;18700;3.97803e+02;32;1;1;1.00000e+00;1.00000e+00;1.00000e+00;40;2.98777e-01;3.04135e-01;4.61348e-01
nav-lives;me-hebbian-neuron;5;[8];188;18800;18800;3.98640e+02;32;1;1;1.00000e+00;1.00000e+00;1.00000e+00;40;2.98777e-01;3.04135e-01;4.61348e-01
nav-lives;me-hebbian-neuron;5;[8];189;18900;18900;3.99499e+02;32;1;1;1.00000e+00;1.00000e+00;1.00000e+00;40;2.98777e-01;3.04135e-01;4.61348e-01
nav-lives;me-hebbian-neuron;5;[8];190;19000;19000;4.00362e+02;32;1;1;1.00000e+00;1.00000e+00;1.00000e+00;40;2.98777e-01;3.04135e-01;4.61348e-01
nav-lives;me-hebbian-neuron;5;[8];191;19100;19100;4.01213e+02;32;1;1;1.00000e+00;1.00000e+00;1.00000e+00;40;2.98777e-01;3.04135e-01;4.61348e-01
nav-lives;me-hebbian-neuron;5;[8];192;19200;19200;4.02066e+02;32;1;1;1.00000e+00;1.00000e+00;1.00000e+00;40;2.98777e-01;3.04135e-01;4.61348e-01
nav-lives;me-hebbian-neuron;5;[8];193;19300;19300;4.02924e+02;32;1;1;1.00000e+00;1.00000e+00;1.00000e+00;40;2.98777e-01;3.04135e-01;4.61348e-01
nav-lives;me-hebbian-neuron;5;[8];194;19400;19400;4.03761e+02;32;1;1;1.00000e+00;1.00000e+00;1.00000e+00;40;2.98777e-01;3.04135e-01;4.61348e-01
nav-lives;me-hebbian-neuron;5;[8];195;19500;19500;4.04604e+02;32;1;1;1.00000e+00;1.00000e+00;1.00000e+00;40;2.98777e-01;3.04135e-01;4.61348e-01
nav-lives;me-hebbian-neuron;5;[8];196;19600;19600;4.05432e+02;32;1;1;1.00000e+00;1.00000e+00;1.00000e+00;40;2.98777e-01;3.04135e-01;4.61348e-01
nav-lives;me-hebbian-neuron;5;[8];197;19700;19700;4.06269e+02;32;1;1;1.00000e+00;1.00000e+00;1.00000e+00;40;2.98777e-01;3.04135e-01;4.61348e-01
nav-lives;me-hebbian-neuron;5;[8];198;19800;19800;4.07117e+02;32;1;1;1.00000e+00;1.00000e+00;1.00000e+00;40;2.98777e-01;3.04135e-01;4.61348e-01
nav-lives;me-hebbian-neuron;5;[8];199;19900;19900;4.07948e+02;32;1;1;1.00000e+00;1.00000e+00;1.00000e+00;40;2.98777e-01;3.04135e-01;4.61348e-01
nav-lives;me-hebbian-neuron;5;[8];200;20000;20000;4.08734e+02;32;1;1;1.00000e+00;1.00000e+00;1.00000e+00;40;2.98777e-01;3.04135e-01;4.61348e-01
nav-lives;me-freeForm;1;[8];6;600;600;4.08347e+02;24;2;1;1.00000e+00;1.00000e+00;1.00000e+00;200;3.38506e-01;1.87866e-01;4.76116e-01
nav-lives;me-hebbian-neuron;5;[8];201;20100;20100;4.10015e+02;32;1;1;1.00000e+00;1.00000e+00;1.00000e+00;40;2.98777e-01;3.04135e-01;4.61348e-01
nav-lives;me-hebbian-neuron;5;[8];202;20200;20200;4.52581e+02;32;1;1;1.00000e+00;1.00000e+00;1.00000e+00;40;2.98777e-01;3.04135e-01;4.61348e-01
nav-lives;me-hebbian-neuron;5;[8];203;20300;20300;4.53492e+02;32;1;1;1.00000e+00;1.00000e+00;1.00000e+00;40;2.98777e-01;3.04135e-01;4.61348e-01
nav-lives;me-hebbian-neuron;5;[8];204;20400;20400;4.54342e+02;32;1;1;1.00000e+00;1.00000e+00;1.00000e+00;40;2.98777e-01;3.04135e-01;4.61348e-01
nav-lives;me-hebbian-neuron;5;[8];205;20500;20500;4.55174e+02;32;1;1;1.00000e+00;1.00000e+00;1.00000e+00;40;2.98777e-01;3.04135e-01;4.61348e-01
nav-lives;me-hebbian-neuron;5;[8];206;20600;20600;4.56031e+02;32;1;1;1.00000e+00;1.00000e+00;1.00000e+00;40;2.98777e-01;3.04135e-01;4.61348e-01
nav-lives;me-hebbian-neuron;5;[8];207;20700;20700;4.56895e+02;32;1;1;1.00000e+00;1.00000e+00;1.00000e+00;40;2.98777e-01;3.04135e-01;4.61348e-01
nav-lives;me-hebbian-neuron;5;[8];208;20800;20800;4.57766e+02;32;1;1;1.00000e+00;1.00000e+00;1.00000e+00;40;2.98777e-01;3.04135e-01;4.61348e-01
nav-lives;me-hebbian-neuron;5;[8];209;20900;20900;4.58659e+02;32;1;1;1.00000e+00;1.00000e+00;1.00000e+00;40;2.98777e-01;3.04135e-01;4.61348e-01
nav-lives;me-hebbian-neuron;5;[8];210;21000;21000;4.59523e+02;32;1;1;1.00000e+00;1.00000e+00;1.00000e+00;40;2.98777e-01;3.04135e-01;4.61348e-01
nav-lives;me-hebbian-neuron;5;[8];211;21100;21100;4.60382e+02;32;1;1;1.00000e+00;1.00000e+00;1.00000e+00;40;2.98777e-01;3.04135e-01;4.61348e-01
nav-lives;me-hebbian-neuron;5;[8];212;21200;21200;4.61268e+02;33;1;1;1.00000e+00;1.00000e+00;1.00000e+00;40;2.98777e-01;3.04135e-01;4.61348e-01
nav-lives;me-hebbian-neuron;5;[8];213;21300;21300;4.62145e+02;33;1;1;1.00000e+00;1.00000e+00;1.00000e+00;40;2.98777e-01;3.04135e-01;4.61348e-01
nav-lives;me-hebbian-neuron;5;[8];214;21400;21400;4.63004e+02;33;1;1;1.00000e+00;1.00000e+00;1.00000e+00;40;2.98777e-01;3.04135e-01;4.61348e-01
nav-lives;me-hebbian-neuron;5;[8];215;21500;21500;4.63856e+02;33;1;1;1.00000e+00;1.00000e+00;1.00000e+00;40;2.98777e-01;3.04135e-01;4.61348e-01
nav-lives;me-hebbian-neuron;5;[8];216;21600;21600;4.64712e+02;33;1;1;1.00000e+00;1.00000e+00;1.00000e+00;40;2.98777e-01;3.04135e-01;4.61348e-01
nav-lives;me-hebbian-neuron;5;[8];217;21700;21700;4.65562e+02;33;1;1;1.00000e+00;1.00000e+00;1.00000e+00;40;2.98777e-01;3.04135e-01;4.61348e-01
nav-lives;me-hebbian-neuron;5;[8];218;21800;21800;4.66430e+02;33;1;1;1.00000e+00;1.00000e+00;1.00000e+00;40;2.98777e-01;3.04135e-01;4.61348e-01
nav-lives;me-hebbian-neuron;5;[8];219;21900;21900;4.67305e+02;33;1;1;1.00000e+00;1.00000e+00;1.00000e+00;40;2.98777e-01;3.04135e-01;4.61348e-01
nav-lives;me-hebbian-neuron;5;[8];220;22000;22000;4.68176e+02;33;1;1;1.00000e+00;1.00000e+00;1.00000e+00;40;2.98777e-01;3.04135e-01;4.61348e-01
nav-lives;me-hebbian-neuron;5;[8];221;22100;22100;4.69037e+02;33;1;1;1.00000e+00;1.00000e+00;1.00000e+00;40;2.98777e-01;3.04135e-01;4.61348e-01
nav-lives;me-hebbian-neuron;5;[8];222;22200;22200;4.69892e+02;33;1;1;1.00000e+00;1.00000e+00;1.00000e+00;40;2.98777e-01;3.04135e-01;4.61348e-01
nav-lives;me-hebbian-neuron;5;[8];223;22300;22300;4.70727e+02;33;1;1;1.00000e+00;1.00000e+00;1.00000e+00;40;2.98777e-01;3.04135e-01;4.61348e-01
nav-lives;me-hebbian-neuron;5;[8];224;22400;22400;4.71550e+02;33;1;1;1.00000e+00;1.00000e+00;1.00000e+00;40;2.98777e-01;3.04135e-01;4.61348e-01
nav-lives;me-hebbian-neuron;5;[8];225;22500;22500;4.72358e+02;33;1;1;1.00000e+00;1.00000e+00;1.00000e+00;40;2.98777e-01;3.04135e-01;4.61348e-01
nav-lives;me-hebbian-neuron;5;[8];226;22600;22600;4.73178e+02;33;1;1;1.00000e+00;1.00000e+00;1.00000e+00;40;2.98777e-01;3.04135e-01;4.61348e-01
nav-lives;me-hebbian-neuron;5;[8];227;22700;22700;4.74008e+02;33;1;1;1.00000e+00;1.00000e+00;1.00000e+00;40;2.98777e-01;3.04135e-01;4.61348e-01
nav-lives;me-hebbian-neuron;5;[8];228;22800;22800;4.74781e+02;33;1;1;1.00000e+00;1.00000e+00;1.00000e+00;40;2.98777e-01;3.04135e-01;4.61348e-01
nav-lives;me-freeForm;1;[8];7;700;700;4.74147e+02;24;2;1;1.00000e+00;1.00000e+00;1.00000e+00;200;3.38506e-01;1.87866e-01;4.76116e-01
nav-lives;me-hebbian-neuron;5;[8];229;22900;22900;4.76027e+02;33;1;1;1.00000e+00;1.00000e+00;1.00000e+00;40;2.98777e-01;3.04135e-01;4.61348e-01
nav-lives;me-hebbian-neuron;5;[8];230;23000;23000;5.18747e+02;33;1;1;1.00000e+00;1.00000e+00;1.00000e+00;40;2.98777e-01;3.04135e-01;4.61348e-01
nav-lives;me-hebbian-neuron;5;[8];231;23100;23100;5.19668e+02;33;1;1;1.00000e+00;1.00000e+00;1.00000e+00;40;2.98777e-01;3.04135e-01;4.61348e-01
nav-lives;me-hebbian-neuron;5;[8];232;23200;23200;5.20541e+02;33;1;1;1.00000e+00;1.00000e+00;1.00000e+00;40;2.98777e-01;3.04135e-01;4.61348e-01
nav-lives;me-hebbian-neuron;5;[8];233;23300;23300;5.21401e+02;33;1;1;1.00000e+00;1.00000e+00;1.00000e+00;40;2.98777e-01;3.04135e-01;4.61348e-01
nav-lives;me-hebbian-neuron;5;[8];234;23400;23400;5.22234e+02;33;1;1;1.00000e+00;1.00000e+00;1.00000e+00;40;2.98777e-01;3.04135e-01;4.61348e-01
nav-lives;me-hebbian-neuron;5;[8];235;23500;23500;5.23095e+02;33;1;1;1.00000e+00;1.00000e+00;1.00000e+00;40;2.98777e-01;3.04135e-01;4.61348e-01
nav-lives;me-hebbian-neuron;5;[8];236;23600;23600;5.23957e+02;33;1;1;1.00000e+00;1.00000e+00;1.00000e+00;40;2.98777e-01;3.04135e-01;4.61348e-01
nav-lives;me-hebbian-neuron;5;[8];237;23700;23700;5.24828e+02;33;1;1;1.00000e+00;1.00000e+00;1.00000e+00;40;2.98777e-01;3.04135e-01;4.61348e-01
nav-lives;me-hebbian-neuron;5;[8];238;23800;23800;5.25704e+02;33;1;1;1.00000e+00;1.00000e+00;1.00000e+00;40;2.98777e-01;3.04135e-01;4.61348e-01
nav-lives;me-hebbian-neuron;5;[8];239;23900;23900;5.26571e+02;33;1;1;1.00000e+00;1.00000e+00;1.00000e+00;40;2.98777e-01;3.04135e-01;4.61348e-01
nav-lives;me-hebbian-neuron;5;[8];240;24000;24000;5.27437e+02;33;1;1;1.00000e+00;1.00000e+00;1.00000e+00;40;2.98777e-01;3.04135e-01;4.61348e-01
nav-lives;me-hebbian-neuron;5;[8];241;24100;24100;5.28309e+02;33;1;1;1.00000e+00;1.00000e+00;1.00000e+00;40;2.98777e-01;3.04135e-01;4.61348e-01
nav-lives;me-hebbian-neuron;5;[8];242;24200;24200;5.29162e+02;33;1;1;1.00000e+00;1.00000e+00;1.00000e+00;40;2.98777e-01;3.04135e-01;4.61348e-01
nav-lives;me-hebbian-neuron;5;[8];243;24300;24300;5.30000e+02;33;1;1;1.00000e+00;1.00000e+00;1.00000e+00;40;2.98777e-01;3.04135e-01;4.61348e-01
nav-lives;me-hebbian-neuron;5;[8];244;24400;24400;5.30819e+02;33;1;1;1.00000e+00;1.00000e+00;1.00000e+00;40;2.98777e-01;3.04135e-01;4.61348e-01
nav-lives;me-hebbian-neuron;5;[8];245;24500;24500;5.31661e+02;33;1;1;1.00000e+00;1.00000e+00;1.00000e+00;40;2.98777e-01;3.04135e-01;4.61348e-01
nav-lives;me-hebbian-neuron;5;[8];246;24600;24600;5.32508e+02;33;1;1;1.00000e+00;1.00000e+00;1.00000e+00;40;2.98777e-01;3.04135e-01;4.61348e-01
nav-lives;me-hebbian-neuron;5;[8];247;24700;24700;5.33378e+02;33;1;1;1.00000e+00;1.00000e+00;1.00000e+00;40;2.98777e-01;3.04135e-01;4.61348e-01
nav-lives;me-hebbian-neuron;5;[8];248;24800;24800;5.34215e+02;33;1;1;1.00000e+00;1.00000e+00;1.00000e+00;40;2.98777e-01;3.04135e-01;4.61348e-01
nav-lives;me-hebbian-neuron;5;[8];249;24900;24900;5.35067e+02;33;1;1;1.00000e+00;1.00000e+00;1.00000e+00;40;2.98777e-01;3.04135e-01;4.61348e-01
nav-lives;me-hebbian-neuron;5;[8];250;25000;25000;5.35933e+02;33;1;1;1.00000e+00;1.00000e+00;1.00000e+00;40;2.98777e-01;3.04135e-01;4.61348e-01
nav-lives;me-hebbian-neuron;5;[8];251;25100;25100;5.36778e+02;33;1;1;1.00000e+00;1.00000e+00;1.00000e+00;40;2.98777e-01;3.04135e-01;4.61348e-01
nav-lives;me-hebbian-neuron;5;[8];252;25200;25200;5.37618e+02;33;1;1;1.00000e+00;1.00000e+00;1.00000e+00;40;2.98777e-01;3.04135e-01;4.61348e-01
nav-lives;me-hebbian-neuron;5;[8];253;25300;25300;5.38455e+02;33;1;1;1.00000e+00;1.00000e+00;1.00000e+00;40;2.98777e-01;3.04135e-01;4.61348e-01
nav-lives;me-hebbian-neuron;5;[8];254;25400;25400;5.39285e+02;33;1;1;1.00000e+00;1.00000e+00;1.00000e+00;40;2.98777e-01;3.04135e-01;4.61348e-01
nav-lives;me-hebbian-neuron;5;[8];255;25500;25500;5.40101e+02;33;1;1;1.00000e+00;1.00000e+00;1.00000e+00;40;2.98777e-01;3.04135e-01;4.61348e-01
nav-lives;me-hebbian-neuron;5;[8];256;25600;25600;5.40894e+02;33;1;1;1.00000e+00;1.00000e+00;1.00000e+00;40;2.98777e-01;3.04135e-01;4.61348e-01
nav-lives;me-freeForm;1;[8];8;800;800;5.40456e+02;26;2;1;1.00000e+00;1.00000e+00;1.00000e+00;200;3.38506e-01;1.87866e-01;4.76116e-01
nav-lives;me-hebbian-neuron;5;[8];257;25700;25700;5.42165e+02;33;1;1;1.00000e+00;1.00000e+00;1.00000e+00;40;2.98777e-01;3.04135e-01;4.61348e-01
nav-lives;me-hebbian-neuron;5;[8];258;25800;25800;5.84689e+02;33;1;1;1.00000e+00;1.00000e+00;1.00000e+00;40;2.98777e-01;3.04135e-01;4.61348e-01
nav-lives;me-hebbian-neuron;5;[8];259;25900;25900;5.85661e+02;33;1;1;1.00000e+00;1.00000e+00;1.00000e+00;40;2.98777e-01;3.04135e-01;4.61348e-01
nav-lives;me-hebbian-neuron;5;[8];260;26000;26000;5.86533e+02;33;1;1;1.00000e+00;1.00000e+00;1.00000e+00;40;2.98777e-01;3.04135e-01;4.61348e-01
nav-lives;me-hebbian-neuron;5;[8];261;26100;26100;5.87390e+02;33;1;1;1.00000e+00;1.00000e+00;1.00000e+00;40;2.98777e-01;3.04135e-01;4.61348e-01
nav-lives;me-hebbian-neuron;5;[8];262;26200;26200;5.88246e+02;33;1;1;1.00000e+00;1.00000e+00;1.00000e+00;40;3.20067e-01;3.23736e-01;4.60775e-01
nav-lives;me-hebbian-neuron;5;[8];263;26300;26300;5.89083e+02;33;1;1;1.00000e+00;1.00000e+00;1.00000e+00;40;3.20067e-01;3.23736e-01;4.60775e-01
nav-lives;me-hebbian-neuron;5;[8];264;26400;26400;5.89940e+02;33;1;1;1.00000e+00;1.00000e+00;1.00000e+00;40;3.20067e-01;3.23736e-01;4.60775e-01
nav-lives;me-hebbian-neuron;5;[8];265;26500;26500;5.90801e+02;33;1;1;1.00000e+00;1.00000e+00;1.00000e+00;40;3.20067e-01;3.23736e-01;4.60775e-01
nav-lives;me-hebbian-neuron;5;[8];266;26600;26600;5.91679e+02;33;1;1;1.00000e+00;1.00000e+00;1.00000e+00;40;3.20067e-01;3.23736e-01;4.60775e-01
nav-lives;me-hebbian-neuron;5;[8];267;26700;26700;5.92542e+02;33;1;1;1.00000e+00;1.00000e+00;1.00000e+00;40;3.20067e-01;3.23736e-01;4.60775e-01
nav-lives;me-hebbian-neuron;5;[8];268;26800;26800;5.93396e+02;33;1;1;1.00000e+00;1.00000e+00;1.00000e+00;40;3.20067e-01;3.23736e-01;4.60775e-01
nav-lives;me-hebbian-neuron;5;[8];269;26900;26900;5.94258e+02;33;1;1;1.00000e+00;1.00000e+00;1.00000e+00;40;3.20067e-01;3.23736e-01;4.60775e-01
nav-lives;me-hebbian-neuron;5;[8];270;27000;27000;5.95115e+02;33;1;1;1.00000e+00;1.00000e+00;1.00000e+00;40;3.20067e-01;3.23736e-01;4.60775e-01
nav-lives;me-hebbian-neuron;5;[8];271;27100;27100;5.95962e+02;33;1;1;1.00000e+00;1.00000e+00;1.00000e+00;40;3.20067e-01;3.23736e-01;4.60775e-01
nav-lives;me-hebbian-neuron;5;[8];272;27200;27200;5.96807e+02;33;1;1;1.00000e+00;1.00000e+00;1.00000e+00;40;3.20067e-01;3.23736e-01;4.60775e-01
nav-lives;me-hebbian-neuron;5;[8];273;27300;27300;5.97653e+02;33;1;1;1.00000e+00;1.00000e+00;1.00000e+00;40;3.20067e-01;3.23736e-01;4.60775e-01
nav-lives;me-hebbian-neuron;5;[8];274;27400;27400;5.98508e+02;33;1;1;1.00000e+00;1.00000e+00;1.00000e+00;40;3.20067e-01;3.23736e-01;4.60775e-01
nav-lives;me-hebbian-neuron;5;[8];275;27500;27500;5.99383e+02;33;1;1;1.00000e+00;1.00000e+00;1.00000e+00;40;3.20067e-01;3.23736e-01;4.60775e-01
nav-lives;me-hebbian-neuron;5;[8];276;27600;27600;6.00252e+02;33;1;1;1.00000e+00;1.00000e+00;1.00000e+00;40;3.20067e-01;3.23736e-01;4.60775e-01
nav-lives;me-hebbian-neuron;5;[8];277;27700;27700;6.01116e+02;33;1;1;1.00000e+00;1.00000e+00;1.00000e+00;40;3.20067e-01;3.23736e-01;4.60775e-01
nav-lives;me-hebbian-neuron;5;[8];278;27800;27800;6.01979e+02;33;1;1;1.00000e+00;1.00000e+00;1.00000e+00;40;3.20067e-01;3.23736e-01;4.60775e-01
nav-lives;me-hebbian-neuron;5;[8];279;27900;27900;6.02853e+02;33;1;1;1.00000e+00;1.00000e+00;1.00000e+00;40;3.20067e-01;3.23736e-01;4.60775e-01
nav-lives;me-hebbian-neuron;5;[8];280;28000;28000;6.03701e+02;33;1;1;1.00000e+00;1.00000e+00;1.00000e+00;40;3.20067e-01;3.23736e-01;4.60775e-01
nav-lives;me-hebbian-neuron;5;[8];281;28100;28100;6.04516e+02;33;1;1;1.00000e+00;1.00000e+00;1.00000e+00;40;3.20067e-01;3.23736e-01;4.60775e-01
nav-lives;me-hebbian-neuron;5;[8];282;28200;28200;6.05340e+02;33;1;1;1.00000e+00;1.00000e+00;1.00000e+00;40;3.20067e-01;3.23736e-01;4.60775e-01
nav-lives;me-hebbian-neuron;5;[8];283;28300;28300;6.06136e+02;33;1;1;1.00000e+00;1.00000e+00;1.00000e+00;40;3.20067e-01;3.23736e-01;4.60775e-01
nav-lives;me-hebbian-neuron;5;[8];284;28400;28400;6.06913e+02;33;1;1;1.00000e+00;1.00000e+00;1.00000e+00;40;3.20067e-01;3.23736e-01;4.60775e-01
nav-lives;me-freeForm;1;[8];9;900;900;6.06807e+02;26;2;1;1.00000e+00;1.00000e+00;1.00000e+00;200;3.38506e-01;1.87866e-01;4.76116e-01
nav-lives;me-hebbian-neuron;5;[8];285;28500;28500;6.08077e+02;33;1;1;1.00000e+00;1.00000e+00;1.00000e+00;40;3.20067e-01;3.23736e-01;4.60775e-01
nav-lives;me-hebbian-neuron;5;[8];286;28600;28600;6.50858e+02;33;1;1;1.00000e+00;1.00000e+00;1.00000e+00;40;3.20067e-01;3.23736e-01;4.60775e-01
nav-lives;me-hebbian-neuron;5;[8];287;28700;28700;6.51806e+02;33;1;1;1.00000e+00;1.00000e+00;1.00000e+00;40;3.20067e-01;3.23736e-01;4.60775e-01
nav-lives;me-hebbian-neuron;5;[8];288;28800;28800;6.52678e+02;33;1;1;1.00000e+00;1.00000e+00;1.00000e+00;40;3.20067e-01;3.23736e-01;4.60775e-01
nav-lives;me-hebbian-neuron;5;[8];289;28900;28900;6.53548e+02;33;1;1;1.00000e+00;1.00000e+00;1.00000e+00;40;3.20067e-01;3.23736e-01;4.60775e-01
nav-lives;me-hebbian-neuron;5;[8];290;29000;29000;6.54392e+02;33;1;1;1.00000e+00;1.00000e+00;1.00000e+00;40;3.20067e-01;3.23736e-01;4.60775e-01
nav-lives;me-hebbian-neuron;5;[8];291;29100;29100;6.55219e+02;33;1;1;1.00000e+00;1.00000e+00;1.00000e+00;40;3.20067e-01;3.23736e-01;4.60775e-01
nav-lives;me-hebbian-neuron;5;[8];292;29200;29200;6.56062e+02;33;1;1;1.00000e+00;1.00000e+00;1.00000e+00;40;3.20067e-01;3.23736e-01;4.60775e-01
nav-lives;me-hebbian-neuron;5;[8];293;29300;29300;6.56911e+02;33;1;1;1.00000e+00;1.00000e+00;1.00000e+00;40;3.20067e-01;3.23736e-01;4.60775e-01
nav-lives;me-hebbian-neuron;5;[8];294;29400;29400;6.57757e+02;33;1;1;1.00000e+00;1.00000e+00;1.00000e+00;40;3.20067e-01;3.23736e-01;4.60775e-01
nav-lives;me-hebbian-neuron;5;[8];295;29500;29500;6.58630e+02;33;1;1;1.00000e+00;1.00000e+00;1.00000e+00;40;3.20067e-01;3.23736e-01;4.60775e-01
nav-lives;me-hebbian-neuron;5;[8];296;29600;29600;6.59479e+02;33;1;1;1.00000e+00;1.00000e+00;1.00000e+00;40;3.20067e-01;3.23736e-01;4.60775e-01
nav-lives;me-hebbian-neuron;5;[8];297;29700;29700;6.60330e+02;33;1;1;1.00000e+00;1.00000e+00;1.00000e+00;40;3.20067e-01;3.23736e-01;4.60775e-01
nav-lives;me-hebbian-neuron;5;[8];298;29800;29800;6.61201e+02;33;1;1;1.00000e+00;1.00000e+00;1.00000e+00;40;3.20067e-01;3.23736e-01;4.60775e-01
nav-lives;me-hebbian-neuron;5;[8];299;29900;29900;6.62031e+02;33;1;1;1.00000e+00;1.00000e+00;1.00000e+00;40;3.20067e-01;3.23736e-01;4.60775e-01
nav-lives;me-hebbian-neuron;5;[8];300;30000;30000;6.62860e+02;33;1;1;1.00000e+00;1.00000e+00;1.00000e+00;40;3.20067e-01;3.23736e-01;4.60775e-01
nav-lives;me-hebbian-neuron;5;[8];301;30100;30100;6.63699e+02;33;1;1;1.00000e+00;1.00000e+00;1.00000e+00;40;3.20067e-01;3.23736e-01;4.60775e-01
nav-lives;me-hebbian-neuron;5;[8];302;30200;30200;6.64532e+02;33;1;1;1.00000e+00;1.00000e+00;1.00000e+00;40;3.20067e-01;3.23736e-01;4.60775e-01
nav-lives;me-hebbian-neuron;5;[8];303;30300;30300;6.65387e+02;33;1;1;1.00000e+00;1.00000e+00;1.00000e+00;40;3.20067e-01;3.23736e-01;4.60775e-01
nav-lives;me-hebbian-neuron;5;[8];304;30400;30400;6.66242e+02;33;1;1;1.00000e+00;1.00000e+00;1.00000e+00;40;3.20067e-01;3.23736e-01;4.60775e-01
nav-lives;me-hebbian-neuron;5;[8];305;30500;30500;6.67089e+02;33;1;1;1.00000e+00;1.00000e+00;1.00000e+00;40;3.20067e-01;3.23736e-01;4.60775e-01
nav-lives;me-hebbian-neuron;5;[8];306;30600;30600;6.67945e+02;33;1;1;1.00000e+00;1.00000e+00;1.00000e+00;40;3.20067e-01;3.23736e-01;4.60775e-01
nav-lives;me-hebbian-neuron;5;[8];307;30700;30700;6.68797e+02;33;1;1;1.00000e+00;1.00000e+00;1.00000e+00;40;3.20067e-01;3.23736e-01;4.60775e-01
nav-lives;me-hebbian-neuron;5;[8];308;30800;30800;6.69635e+02;33;1;1;1.00000e+00;1.00000e+00;1.00000e+00;40;3.20067e-01;3.23736e-01;4.60775e-01
nav-lives;me-hebbian-neuron;5;[8];309;30900;30900;6.70460e+02;33;1;1;1.00000e+00;1.00000e+00;1.00000e+00;40;3.20067e-01;3.23736e-01;4.60775e-01
nav-lives;me-hebbian-neuron;5;[8];310;31000;31000;6.71280e+02;33;1;1;1.00000e+00;1.00000e+00;1.00000e+00;40;3.20067e-01;3.23736e-01;4.60775e-01
nav-lives;me-hebbian-neuron;5;[8];311;31100;31100;6.72104e+02;33;1;1;1.00000e+00;1.00000e+00;1.00000e+00;40;3.20067e-01;3.23736e-01;4.60775e-01
nav-lives;me-hebbian-neuron;5;[8];312;31200;31200;6.72950e+02;33;1;1;1.00000e+00;1.00000e+00;1.00000e+00;40;3.20067e-01;3.23736e-01;4.60775e-01
nav-lives;me-freeForm;1;[8];10;1000;1000;6.72974e+02;27;2;1;1.00000e+00;1.00000e+00;1.00000e+00;200;3.38506e-01;1.87866e-01;4.76116e-01
nav-lives;me-hebbian-neuron;5;[8];313;31300;31300;6.73749e+02;33;1;1;1.00000e+00;1.00000e+00;1.00000e+00;40;3.20067e-01;3.23736e-01;4.60775e-01
nav-lives;me-hebbian-neuron;5;[8];314;31400;31400;6.75029e+02;33;1;1;1.00000e+00;1.00000e+00;1.00000e+00;40;3.20067e-01;3.23736e-01;4.60775e-01
nav-lives;me-hebbian-neuron;5;[8];315;31500;31500;7.17661e+02;33;1;1;1.00000e+00;1.00000e+00;1.00000e+00;40;3.20067e-01;3.23736e-01;4.60775e-01
nav-lives;me-hebbian-neuron;5;[8];316;31600;31600;7.18596e+02;33;1;1;1.00000e+00;1.00000e+00;1.00000e+00;40;3.20067e-01;3.23736e-01;4.60775e-01
nav-lives;me-hebbian-neuron;5;[8];317;31700;31700;7.19487e+02;33;1;1;1.00000e+00;1.00000e+00;1.00000e+00;40;3.20067e-01;3.23736e-01;4.60775e-01
nav-lives;me-hebbian-neuron;5;[8];318;31800;31800;7.20334e+02;33;1;1;1.00000e+00;1.00000e+00;1.00000e+00;40;3.20067e-01;3.23736e-01;4.60775e-01
nav-lives;me-hebbian-neuron;5;[8];319;31900;31900;7.21205e+02;33;1;1;1.00000e+00;1.00000e+00;1.00000e+00;40;3.20067e-01;3.23736e-01;4.60775e-01
nav-lives;me-hebbian-neuron;5;[8];320;32000;32000;7.22047e+02;33;1;1;1.00000e+00;1.00000e+00;1.00000e+00;40;3.20067e-01;3.23736e-01;4.60775e-01
nav-lives;me-hebbian-neuron;5;[8];321;32100;32100;7.22903e+02;33;1;1;1.00000e+00;1.00000e+00;1.00000e+00;40;3.20067e-01;3.23736e-01;4.60775e-01
nav-lives;me-hebbian-neuron;5;[8];322;32200;32200;7.23763e+02;33;1;1;1.00000e+00;1.00000e+00;1.00000e+00;40;3.20067e-01;3.23736e-01;4.60775e-01
nav-lives;me-hebbian-neuron;5;[8];323;32300;32300;7.24635e+02;33;1;1;1.00000e+00;1.00000e+00;1.00000e+00;40;3.20067e-01;3.23736e-01;4.60775e-01
nav-lives;me-hebbian-neuron;5;[8];324;32400;32400;7.25499e+02;33;1;1;1.00000e+00;1.00000e+00;1.00000e+00;40;3.20067e-01;3.23736e-01;4.60775e-01
nav-lives;me-hebbian-neuron;5;[8];325;32500;32500;7.26361e+02;33;1;1;1.00000e+00;1.00000e+00;1.00000e+00;40;3.20067e-01;3.23736e-01;4.60775e-01
nav-lives;me-hebbian-neuron;5;[8];326;32600;32600;7.27224e+02;33;1;1;1.00000e+00;1.00000e+00;1.00000e+00;40;3.20067e-01;3.23736e-01;4.60775e-01
nav-lives;me-hebbian-neuron;5;[8];327;32700;32700;7.28079e+02;33;1;1;1.00000e+00;1.00000e+00;1.00000e+00;40;3.20067e-01;3.23736e-01;4.60775e-01
nav-lives;me-hebbian-neuron;5;[8];328;32800;32800;7.28917e+02;33;1;1;1.00000e+00;1.00000e+00;1.00000e+00;40;3.20067e-01;3.23736e-01;4.60775e-01
nav-lives;me-hebbian-neuron;5;[8];329;32900;32900;7.29769e+02;33;1;1;1.00000e+00;1.00000e+00;1.00000e+00;40;3.20067e-01;3.23736e-01;4.60775e-01
nav-lives;me-hebbian-neuron;5;[8];330;33000;33000;7.30614e+02;33;1;1;1.00000e+00;1.00000e+00;1.00000e+00;40;3.20067e-01;3.23736e-01;4.60775e-01
nav-lives;me-hebbian-neuron;5;[8];331;33100;33100;7.31459e+02;33;1;1;1.00000e+00;1.00000e+00;1.00000e+00;40;3.20067e-01;3.23736e-01;4.60775e-01
nav-lives;me-hebbian-neuron;5;[8];332;33200;33200;7.32320e+02;33;1;1;1.00000e+00;1.00000e+00;1.00000e+00;40;3.20067e-01;3.23736e-01;4.60775e-01
nav-lives;me-hebbian-neuron;5;[8];333;33300;33300;7.33182e+02;33;1;1;1.00000e+00;1.00000e+00;1.00000e+00;40;3.20067e-01;3.23736e-01;4.60775e-01
nav-lives;me-hebbian-neuron;5;[8];334;33400;33400;7.34033e+02;33;1;1;1.00000e+00;1.00000e+00;1.00000e+00;40;3.20067e-01;3.23736e-01;4.60775e-01
nav-lives;me-hebbian-neuron;5;[8];335;33500;33500;7.34889e+02;33;1;1;1.00000e+00;1.00000e+00;1.00000e+00;40;3.20067e-01;3.23736e-01;4.60775e-01
nav-lives;me-hebbian-neuron;5;[8];336;33600;33600;7.35721e+02;33;1;1;1.00000e+00;1.00000e+00;1.00000e+00;40;3.20067e-01;3.23736e-01;4.60775e-01
nav-lives;me-hebbian-neuron;5;[8];337;33700;33700;7.36553e+02;33;1;1;1.00000e+00;1.00000e+00;1.00000e+00;40;3.20067e-01;3.23736e-01;4.60775e-01
nav-lives;me-hebbian-neuron;5;[8];338;33800;33800;7.37375e+02;33;1;1;1.00000e+00;1.00000e+00;1.00000e+00;40;3.20067e-01;3.23736e-01;4.60775e-01
nav-lives;me-hebbian-neuron;5;[8];339;33900;33900;7.38214e+02;33;1;1;1.00000e+00;1.00000e+00;1.00000e+00;40;3.20067e-01;3.23736e-01;4.60775e-01
nav-lives;me-hebbian-neuron;5;[8];340;34000;34000;7.39011e+02;33;1;1;1.00000e+00;1.00000e+00;1.00000e+00;40;3.20067e-01;3.23736e-01;4.60775e-01
nav-lives;me-hebbian-neuron;5;[8];341;34100;34100;7.39788e+02;34;1;1;1.00000e+00;1.00000e+00;1.00000e+00;40;3.20067e-01;3.23736e-01;4.60775e-01
nav-lives;me-freeForm;1;[8];11;1100;1100;7.39412e+02;27;2;1;1.00000e+00;1.00000e+00;1.00000e+00;200;3.38506e-01;1.87866e-01;4.76116e-01
nav-lives;me-hebbian-neuron;5;[8];342;34200;34200;7.41062e+02;34;1;1;1.00000e+00;1.00000e+00;1.00000e+00;40;3.20067e-01;3.23736e-01;4.60775e-01
nav-lives;me-hebbian-neuron;5;[8];343;34300;34300;7.83769e+02;34;1;1;1.00000e+00;1.00000e+00;1.00000e+00;40;3.20067e-01;3.23736e-01;4.60775e-01
nav-lives;me-hebbian-neuron;5;[8];344;34400;34400;7.84680e+02;34;1;1;1.00000e+00;1.00000e+00;1.00000e+00;40;3.20067e-01;3.23736e-01;4.60775e-01
nav-lives;me-hebbian-neuron;5;[8];345;34500;34500;7.85548e+02;34;1;1;1.00000e+00;1.00000e+00;1.00000e+00;40;3.20067e-01;3.23736e-01;4.60775e-01
nav-lives;me-hebbian-neuron;5;[8];346;34600;34600;7.86440e+02;34;1;1;1.00000e+00;1.00000e+00;1.00000e+00;40;3.20067e-01;3.23736e-01;4.60775e-01
nav-lives;me-hebbian-neuron;5;[8];347;34700;34700;7.87313e+02;34;1;1;1.00000e+00;1.00000e+00;1.00000e+00;40;3.20067e-01;3.23736e-01;4.60775e-01
nav-lives;me-hebbian-neuron;5;[8];348;34800;34800;7.88176e+02;34;1;1;1.00000e+00;1.00000e+00;1.00000e+00;40;3.20067e-01;3.23736e-01;4.60775e-01
nav-lives;me-hebbian-neuron;5;[8];349;34900;34900;7.89015e+02;34;1;1;1.00000e+00;1.00000e+00;1.00000e+00;40;3.20067e-01;3.23736e-01;4.60775e-01
nav-lives;me-hebbian-neuron;5;[8];350;35000;35000;7.89859e+02;34;1;1;1.00000e+00;1.00000e+00;1.00000e+00;40;3.20067e-01;3.23736e-01;4.60775e-01
nav-lives;me-hebbian-neuron;5;[8];351;35100;35100;7.90735e+02;34;1;1;1.00000e+00;1.00000e+00;1.00000e+00;40;3.20067e-01;3.23736e-01;4.60775e-01
nav-lives;me-hebbian-neuron;5;[8];352;35200;35200;7.91601e+02;34;1;1;1.00000e+00;1.00000e+00;1.00000e+00;40;3.20067e-01;3.23736e-01;4.60775e-01
nav-lives;me-hebbian-neuron;5;[8];353;35300;35300;7.92459e+02;34;1;1;1.00000e+00;1.00000e+00;1.00000e+00;40;3.20067e-01;3.23736e-01;4.60775e-01
nav-lives;me-hebbian-neuron;5;[8];354;35400;35400;7.93309e+02;34;1;1;1.00000e+00;1.00000e+00;1.00000e+00;40;3.20067e-01;3.23736e-01;4.60775e-01
nav-lives;me-hebbian-neuron;5;[8];355;35500;35500;7.94177e+02;34;1;1;1.00000e+00;1.00000e+00;1.00000e+00;40;3.20067e-01;3.23736e-01;4.60775e-01
nav-lives;me-hebbian-neuron;5;[8];356;35600;35600;7.95052e+02;34;1;1;1.00000e+00;1.00000e+00;1.00000e+00;40;3.20067e-01;3.23736e-01;4.60775e-01
nav-lives;me-hebbian-neuron;5;[8];357;35700;35700;7.95896e+02;34;1;1;1.00000e+00;1.00000e+00;1.00000e+00;40;3.20067e-01;3.23736e-01;4.60775e-01
nav-lives;me-hebbian-neuron;5;[8];358;35800;35800;7.96739e+02;34;1;1;1.00000e+00;1.00000e+00;1.00000e+00;40;3.20067e-01;3.23736e-01;4.60775e-01
nav-lives;me-hebbian-neuron;5;[8];359;35900;35900;7.97561e+02;34;1;1;1.00000e+00;1.00000e+00;1.00000e+00;40;3.20067e-01;3.23736e-01;4.60775e-01
nav-lives;me-hebbian-neuron;5;[8];360;36000;36000;7.98398e+02;34;1;1;1.00000e+00;1.00000e+00;1.00000e+00;40;3.20067e-01;3.23736e-01;4.60775e-01
nav-lives;me-hebbian-neuron;5;[8];361;36100;36100;7.99261e+02;34;1;1;1.00000e+00;1.00000e+00;1.00000e+00;40;3.20067e-01;3.23736e-01;4.60775e-01
nav-lives;me-hebbian-neuron;5;[8];362;36200;36200;8.00117e+02;34;1;1;1.00000e+00;1.00000e+00;1.00000e+00;40;3.20067e-01;3.23736e-01;4.60775e-01
nav-lives;me-hebbian-neuron;5;[8];363;36300;36300;8.00961e+02;34;1;1;1.00000e+00;1.00000e+00;1.00000e+00;40;3.20067e-01;3.23736e-01;4.60775e-01
nav-lives;me-hebbian-neuron;5;[8];364;36400;36400;8.01811e+02;34;1;1;1.00000e+00;1.00000e+00;1.00000e+00;40;3.20067e-01;3.23736e-01;4.60775e-01
nav-lives;me-hebbian-neuron;5;[8];365;36500;36500;8.02658e+02;34;1;1;1.00000e+00;1.00000e+00;1.00000e+00;40;3.20067e-01;3.23736e-01;4.60775e-01
nav-lives;me-hebbian-neuron;5;[8];366;36600;36600;8.03474e+02;34;1;1;1.00000e+00;1.00000e+00;1.00000e+00;40;3.20067e-01;3.23736e-01;4.60775e-01
nav-lives;me-hebbian-neuron;5;[8];367;36700;36700;8.04259e+02;34;1;1;1.00000e+00;1.00000e+00;1.00000e+00;40;3.20067e-01;3.23736e-01;4.60775e-01
nav-lives;me-hebbian-neuron;5;[8];368;36800;36800;8.05065e+02;34;1;1;1.00000e+00;1.00000e+00;1.00000e+00;40;3.20067e-01;3.23736e-01;4.60775e-01
nav-lives;me-hebbian-neuron;5;[8];369;36900;36900;8.05882e+02;34;1;1;1.00000e+00;1.00000e+00;1.00000e+00;40;3.20067e-01;3.23736e-01;4.60775e-01
nav-lives;me-freeForm;1;[8];12;1200;1200;8.05518e+02;27;2;1;1.00000e+00;1.00000e+00;1.00000e+00;200;3.38506e-01;1.87866e-01;4.76116e-01
nav-lives;me-hebbian-neuron;5;[8];370;37000;37000;8.07146e+02;34;1;1;1.00000e+00;1.00000e+00;1.00000e+00;40;3.20067e-01;3.23736e-01;4.60775e-01
nav-lives;me-hebbian-neuron;5;[8];371;37100;37100;8.49700e+02;34;1;1;1.00000e+00;1.00000e+00;1.00000e+00;40;3.20067e-01;3.23736e-01;4.60775e-01
nav-lives;me-hebbian-neuron;5;[8];372;37200;37200;8.50667e+02;34;1;1;1.00000e+00;1.00000e+00;1.00000e+00;40;3.20067e-01;3.23736e-01;4.60775e-01
nav-lives;me-hebbian-neuron;5;[8];373;37300;37300;8.51538e+02;34;1;1;1.00000e+00;1.00000e+00;1.00000e+00;40;3.20067e-01;3.23736e-01;4.60775e-01
nav-lives;me-hebbian-neuron;5;[8];374;37400;37400;8.52421e+02;34;1;1;1.00000e+00;1.00000e+00;1.00000e+00;40;3.20067e-01;3.23736e-01;4.60775e-01
nav-lives;me-hebbian-neuron;5;[8];375;37500;37500;8.53269e+02;34;1;1;1.00000e+00;1.00000e+00;1.00000e+00;40;3.20067e-01;3.23736e-01;4.60775e-01
nav-lives;me-hebbian-neuron;5;[8];376;37600;37600;8.54120e+02;34;1;1;1.00000e+00;1.00000e+00;1.00000e+00;40;3.20067e-01;3.23736e-01;4.60775e-01
nav-lives;me-hebbian-neuron;5;[8];377;37700;37700;8.54938e+02;34;1;1;1.00000e+00;1.00000e+00;1.00000e+00;40;3.20067e-01;3.23736e-01;4.60775e-01
nav-lives;me-hebbian-neuron;5;[8];378;37800;37800;8.55788e+02;34;1;1;1.00000e+00;1.00000e+00;1.00000e+00;40;3.20067e-01;3.23736e-01;4.60775e-01
nav-lives;me-hebbian-neuron;5;[8];379;37900;37900;8.56640e+02;34;1;1;1.00000e+00;1.00000e+00;1.00000e+00;40;3.20067e-01;3.23736e-01;4.60775e-01
nav-lives;me-hebbian-neuron;5;[8];380;38000;38000;8.57501e+02;34;1;1;1.00000e+00;1.00000e+00;1.00000e+00;40;3.20067e-01;3.23736e-01;4.60775e-01
nav-lives;me-hebbian-neuron;5;[8];381;38100;38100;8.58350e+02;34;1;1;1.00000e+00;1.00000e+00;1.00000e+00;40;3.20067e-01;3.23736e-01;4.60775e-01
nav-lives;me-hebbian-neuron;5;[8];382;38200;38200;8.59215e+02;34;1;1;1.00000e+00;1.00000e+00;1.00000e+00;40;3.20067e-01;3.23736e-01;4.60775e-01
nav-lives;me-hebbian-neuron;5;[8];383;38300;38300;8.60085e+02;34;1;1;1.00000e+00;1.00000e+00;1.00000e+00;40;3.20067e-01;3.23736e-01;4.60775e-01
nav-lives;me-hebbian-neuron;5;[8];384;38400;38400;8.60929e+02;34;1;1;1.00000e+00;1.00000e+00;1.00000e+00;40;3.20067e-01;3.23736e-01;4.60775e-01
nav-lives;me-hebbian-neuron;5;[8];385;38500;38500;8.61771e+02;34;1;1;1.00000e+00;1.00000e+00;1.00000e+00;40;3.20067e-01;3.23736e-01;4.60775e-01
nav-lives;me-hebbian-neuron;5;[8];386;38600;38600;8.62602e+02;34;1;1;1.00000e+00;1.00000e+00;1.00000e+00;40;3.20067e-01;3.23736e-01;4.60775e-01
nav-lives;me-hebbian-neuron;5;[8];387;38700;38700;8.63440e+02;34;1;1;1.00000e+00;1.00000e+00;1.00000e+00;40;3.20067e-01;3.23736e-01;4.60775e-01
nav-lives;me-hebbian-neuron;5;[8];388;38800;38800;8.64287e+02;34;1;1;1.00000e+00;1.00000e+00;1.00000e+00;40;3.20067e-01;3.23736e-01;4.60775e-01
nav-lives;me-hebbian-neuron;5;[8];389;38900;38900;8.65158e+02;34;1;1;1.00000e+00;1.00000e+00;1.00000e+00;40;3.20067e-01;3.23736e-01;4.60775e-01
nav-lives;me-hebbian-neuron;5;[8];390;39000;39000;8.66007e+02;34;1;1;1.00000e+00;1.00000e+00;1.00000e+00;40;3.20067e-01;3.23736e-01;4.60775e-01
nav-lives;me-hebbian-neuron;5;[8];391;39100;39100;8.66861e+02;34;1;1;1.00000e+00;1.00000e+00;1.00000e+00;40;3.20067e-01;3.23736e-01;4.60775e-01
nav-lives;me-hebbian-neuron;5;[8];392;39200;39200;8.67724e+02;34;1;1;1.00000e+00;1.00000e+00;1.00000e+00;40;3.20067e-01;3.23736e-01;4.60775e-01
nav-lives;me-hebbian-neuron;5;[8];393;39300;39300;8.68548e+02;34;1;1;1.00000e+00;1.00000e+00;1.00000e+00;40;3.20067e-01;3.23736e-01;4.60775e-01
nav-lives;me-hebbian-neuron;5;[8];394;39400;39400;8.69354e+02;34;1;1;1.00000e+00;1.00000e+00;1.00000e+00;40;3.20067e-01;3.23736e-01;4.60775e-01
nav-lives;me-hebbian-neuron;5;[8];395;39500;39500;8.70166e+02;34;1;1;1.00000e+00;1.00000e+00;1.00000e+00;40;3.20067e-01;3.23736e-01;4.60775e-01
nav-lives;me-hebbian-neuron;5;[8];396;39600;39600;8.70994e+02;34;1;1;1.00000e+00;1.00000e+00;1.00000e+00;40;3.20067e-01;3.23736e-01;4.60775e-01
nav-lives;me-hebbian-neuron;5;[8];397;39700;39700;8.71791e+02;34;1;1;1.00000e+00;1.00000e+00;1.00000e+00;40;3.20067e-01;3.23736e-01;4.60775e-01
nav-lives;me-hebbian-neuron;5;[8];398;39800;39800;8.72573e+02;34;1;1;1.00000e+00;1.00000e+00;1.00000e+00;40;3.20067e-01;3.23736e-01;4.60775e-01
nav-lives;me-freeForm;1;[8];13;1300;1300;8.71798e+02;27;2;1;1.00000e+00;1.00000e+00;1.00000e+00;200;3.38506e-01;1.87866e-01;4.76116e-01
nav-lives;me-hebbian-neuron;5;[8];399;39900;39900;8.73849e+02;34;1;1;1.00000e+00;1.00000e+00;1.00000e+00;40;3.20067e-01;3.23736e-01;4.60775e-01
nav-lives;me-hebbian-neuron;5;[8];400;40000;40000;9.16472e+02;34;1;1;1.00000e+00;1.00000e+00;1.00000e+00;40;3.20067e-01;3.23736e-01;4.60775e-01
nav-lives;me-freeForm;1;[8];14;1400;1400;9.50906e+02;27;2;1;1.00000e+00;1.00000e+00;1.00000e+00;200;3.38506e-01;1.87866e-01;4.76116e-01
nav-lives;me-freeForm;2;[8];1;100;100;8.66680e+01;1;1;1;1.00000e+00;1.00000e+00;1.00000e+00;304;-5.98636e-03;2.07818e-05;3.21191e-04
nav-lives;me-freeForm;1;[8];15;1500;1500;1.02413e+03;27;2;1;1.00000e+00;1.00000e+00;1.00000e+00;200;3.38506e-01;1.87866e-01;4.76116e-01
nav-lives;me-freeForm;2;[8];2;200;200;1.83750e+02;1;1;1;1.00000e+00;1.00000e+00;1.00000e+00;304;-5.46544e-03;4.11735e-04;4.69412e-04
nav-lives;me-freeForm;1;[8];16;1600;1600;1.13337e+03;28;2;1;1.00000e+00;1.00000e+00;1.00000e+00;200;3.38506e-01;1.87866e-01;4.76116e-01
nav-lives;me-freeForm;2;[8];3;300;300;2.80926e+02;1;1;1;1.00000e+00;1.00000e+00;1.00000e+00;306;-5.35796e-03;4.81331e-04;5.81486e-04
nav-lives;me-freeForm;1;[8];17;1700;1700;1.23282e+03;28;2;1;1.00000e+00;1.00000e+00;1.00000e+00;200;3.38506e-01;1.87866e-01;4.76116e-01
nav-lives;me-freeForm;2;[8];4;400;400;3.81199e+02;1;1;1;1.00000e+00;1.00000e+00;1.00000e+00;306;-5.35796e-03;4.81331e-04;5.81486e-04
nav-lives;me-freeForm;1;[8];18;1800;1800;1.33195e+03;28;2;1;1.00000e+00;1.00000e+00;1.00000e+00;200;3.38506e-01;1.87866e-01;4.76116e-01
nav-lives;me-freeForm;2;[8];5;500;500;4.81001e+02;1;1;1;1.00000e+00;1.00000e+00;1.00000e+00;306;-5.35796e-03;4.81331e-04;5.81486e-04
nav-lives;me-freeForm;1;[8];19;1900;1900;1.43286e+03;28;2;1;1.00000e+00;1.00000e+00;1.00000e+00;200;3.38506e-01;1.87866e-01;4.76116e-01
nav-lives;me-freeForm;2;[8];6;600;600;5.80871e+02;1;1;1;1.00000e+00;1.00000e+00;1.00000e+00;306;-5.35796e-03;4.81331e-04;5.81486e-04
nav-lives;me-freeForm;1;[8];20;2000;2000;1.53521e+03;28;2;1;1.00000e+00;1.00000e+00;1.00000e+00;200;3.38506e-01;1.87866e-01;4.76116e-01
nav-lives;me-freeForm;2;[8];7;700;700;6.79842e+02;1;1;1;1.00000e+00;1.00000e+00;1.00000e+00;306;-5.35796e-03;4.81331e-04;5.81486e-04
nav-lives;me-freeForm;1;[8];21;2100;2100;1.63566e+03;28;2;1;1.00000e+00;1.00000e+00;1.00000e+00;200;3.38506e-01;1.87866e-01;4.76116e-01
nav-lives;me-freeForm;2;[8];8;800;800;7.80323e+02;1;1;1;1.00000e+00;1.00000e+00;1.00000e+00;306;-5.35796e-03;4.81331e-04;5.81486e-04
nav-lives;me-freeForm;1;[8];22;2200;2200;1.73404e+03;28;2;1;1.00000e+00;1.00000e+00;1.00000e+00;200;3.38506e-01;1.87866e-01;4.76116e-01
nav-lives;me-freeForm;2;[8];9;900;900;8.83088e+02;1;1;1;1.00000e+00;1.00000e+00;1.00000e+00;306;-5.35796e-03;4.81331e-04;5.81486e-04
nav-lives;me-freeForm;1;[8];23;2300;2300;1.83489e+03;28;2;1;1.00000e+00;1.00000e+00;1.00000e+00;200;3.38506e-01;1.87866e-01;4.76116e-01
nav-lives;me-freeForm;2;[8];10;1000;1000;9.84384e+02;1;1;1;1.00000e+00;1.00000e+00;1.00000e+00;306;-5.35796e-03;4.81331e-04;5.81486e-04
nav-lives;me-freeForm;1;[8];24;2400;2400;1.93730e+03;28;2;1;1.00000e+00;1.00000e+00;1.00000e+00;200;3.38506e-01;1.87866e-01;4.76116e-01
nav-lives;me-freeForm;2;[8];11;1100;1100;1.08546e+03;1;1;1;1.00000e+00;1.00000e+00;1.00000e+00;306;-5.35796e-03;4.81331e-04;5.81486e-04
nav-lives;me-freeForm;1;[8];25;2500;2500;2.03965e+03;29;2;1;1.00000e+00;1.00000e+00;1.00000e+00;200;3.38506e-01;1.87866e-01;4.76116e-01
nav-lives;me-freeForm;2;[8];12;1200;1200;1.18512e+03;1;1;1;1.00000e+00;1.00000e+00;1.00000e+00;306;-5.31601e-03;4.03893e-04;6.64141e-04
nav-lives;me-freeForm;1;[8];26;2600;2600;2.13988e+03;29;2;1;1.00000e+00;1.00000e+00;1.00000e+00;200;3.38506e-01;1.87866e-01;4.76116e-01
nav-lives;me-freeForm;2;[8];13;1300;1300;1.28519e+03;1;1;1;1.00000e+00;1.00000e+00;1.00000e+00;306;-5.31601e-03;4.03893e-04;6.64141e-04
nav-lives;me-freeForm;1;[8];27;2700;2700;2.23963e+03;29;2;1;1.00000e+00;1.00000e+00;1.00000e+00;200;3.38506e-01;1.87866e-01;4.76116e-01
nav-lives;me-freeForm;2;[8];14;1400;1400;1.38679e+03;1;1;1;1.00000e+00;1.00000e+00;1.00000e+00;306;-5.31601e-03;4.03893e-04;6.64141e-04
nav-lives;me-freeForm;1;[8];28;2800;2800;2.34122e+03;29;2;1;1.00000e+00;1.00000e+00;1.00000e+00;200;3.38506e-01;1.87866e-01;4.76116e-01
nav-lives;me-freeForm;2;[8];15;1500;1500;1.48873e+03;1;1;1;1.00000e+00;1.00000e+00;1.00000e+00;306;-5.31601e-03;4.03893e-04;6.64141e-04
nav-lives;me-freeForm;1;[8];29;2900;2900;2.44212e+03;29;2;1;1.00000e+00;1.00000e+00;1.00000e+00;200;3.38506e-01;1.87866e-01;4.76116e-01
nav-lives;me-freeForm;2;[8];16;1600;1600;1.59096e+03;1;1;1;1.00000e+00;1.00000e+00;1.00000e+00;306;-5.31601e-03;4.03893e-04;6.64141e-04
nav-lives;me-freeForm;1;[8];30;3000;3000;2.54236e+03;30;2;1;1.00000e+00;1.00000e+00;1.00000e+00;200;3.38506e-01;1.87866e-01;4.76116e-01
nav-lives;me-freeForm;2;[8];17;1700;1700;1.69117e+03;1;1;1;1.00000e+00;1.00000e+00;1.00000e+00;306;-5.31601e-03;4.03893e-04;6.64141e-04
nav-lives;me-freeForm;1;[8];31;3100;3100;2.64463e+03;30;2;1;1.00000e+00;1.00000e+00;1.00000e+00;200;3.38506e-01;1.87866e-01;4.76116e-01
nav-lives;me-freeForm;2;[8];18;1800;1800;1.79284e+03;1;1;1;1.00000e+00;1.00000e+00;1.00000e+00;314;-5.27372e-03;7.26993e-04;6.45758e-04
nav-lives;me-freeForm;1;[8];32;3200;3200;2.74474e+03;30;2;1;1.00000e+00;1.00000e+00;1.00000e+00;200;3.38506e-01;1.87866e-01;4.76116e-01
nav-lives;me-freeForm;2;[8];19;1900;1900;1.89425e+03;1;1;1;1.00000e+00;1.00000e+00;1.00000e+00;314;-5.27372e-03;7.26993e-04;6.45758e-04
nav-lives;me-freeForm;1;[8];33;3300;3300;2.84709e+03;31;2;1;1.00000e+00;1.00000e+00;1.00000e+00;200;3.38506e-01;1.87866e-01;4.76116e-01
nav-lives;me-freeForm;2;[8];20;2000;2000;1.99680e+03;1;1;1;1.00000e+00;1.00000e+00;1.00000e+00;314;-5.27372e-03;7.26993e-04;6.45758e-04
nav-lives;me-freeForm;1;[8];34;3400;3400;2.94939e+03;31;2;1;1.00000e+00;1.00000e+00;1.00000e+00;200;3.38506e-01;1.87866e-01;4.76116e-01
nav-lives;me-freeForm;2;[8];21;2100;2100;2.10014e+03;1;1;1;1.00000e+00;1.00000e+00;1.00000e+00;314;-5.27372e-03;7.26993e-04;6.45758e-04
nav-lives;me-freeForm;1;[8];35;3500;3500;3.05118e+03;31;2;1;1.00000e+00;1.00000e+00;1.00000e+00;200;3.38506e-01;1.87866e-01;4.76116e-01
nav-lives;me-freeForm;2;[8];22;2200;2200;2.20099e+03;1;1;1;1.00000e+00;1.00000e+00;1.00000e+00;314;-5.27372e-03;7.26993e-04;6.45758e-04
nav-lives;me-freeForm;1;[8];36;3600;3600;3.15305e+03;31;2;1;1.00000e+00;1.00000e+00;1.00000e+00;200;3.38506e-01;1.87866e-01;4.76116e-01
nav-lives;me-freeForm;2;[8];23;2300;2300;2.30227e+03;1;1;1;1.00000e+00;1.00000e+00;1.00000e+00;314;-5.27372e-03;7.26993e-04;6.45758e-04
nav-lives;me-freeForm;1;[8];37;3700;3700;3.25502e+03;31;2;1;1.00000e+00;1.00000e+00;1.00000e+00;200;3.38506e-01;1.87866e-01;4.76116e-01
nav-lives;me-freeForm;2;[8];24;2400;2400;2.40325e+03;1;1;1;1.00000e+00;1.00000e+00;1.00000e+00;314;-5.27372e-03;7.26993e-04;6.45758e-04
nav-lives;me-freeForm;1;[8];38;3800;3800;3.35407e+03;31;2;1;1.00000e+00;1.00000e+00;1.00000e+00;200;3.38506e-01;1.87866e-01;4.76116e-01
nav-lives;me-freeForm;2;[8];25;2500;2500;2.50425e+03;1;1;1;1.00000e+00;1.00000e+00;1.00000e+00;314;-5.27372e-03;7.26993e-04;6.45758e-04
nav-lives;me-freeForm;1;[8];39;3900;3900;3.45743e+03;31;2;1;1.00000e+00;1.00000e+00;1.00000e+00;200;3.38506e-01;1.87866e-01;4.76116e-01
nav-lives;me-freeForm;2;[8];26;2600;2600;2.60519e+03;1;1;1;1.00000e+00;1.00000e+00;1.00000e+00;314;-5.27372e-03;7.26993e-04;6.45758e-04
nav-lives;me-freeForm;1;[8];40;4000;4000;3.55884e+03;31;2;1;1.00000e+00;1.00000e+00;1.00000e+00;200;3.38506e-01;1.87866e-01;4.76116e-01
nav-lives;me-freeForm;2;[8];27;2700;2700;2.70767e+03;1;1;1;1.00000e+00;1.00000e+00;1.00000e+00;314;-5.27372e-03;7.26993e-04;6.45758e-04
nav-lives;me-freeForm;1;[8];41;4100;4100;3.66030e+03;31;2;1;1.00000e+00;1.00000e+00;1.00000e+00;200;3.38506e-01;1.87866e-01;4.76116e-01
nav-lives;me-freeForm;2;[8];28;2800;2800;2.80973e+03;1;1;1;1.00000e+00;1.00000e+00;1.00000e+00;314;-5.27372e-03;7.26993e-04;6.45758e-04
nav-lives;me-freeForm;1;[8];42;4200;4200;3.76384e+03;31;2;1;1.00000e+00;1.00000e+00;1.00000e+00;200;3.38506e-01;1.87866e-01;4.76116e-01
nav-lives;me-freeForm;2;[8];29;2900;2900;2.91268e+03;1;1;1;1.00000e+00;1.00000e+00;1.00000e+00;314;-5.27372e-03;7.26993e-04;6.45758e-04
nav-lives;me-freeForm;1;[8];43;4300;4300;3.86587e+03;31;2;1;1.00000e+00;1.00000e+00;1.00000e+00;200;3.38506e-01;1.87866e-01;4.76116e-01
nav-lives;me-freeForm;2;[8];30;3000;3000;3.01411e+03;1;1;1;1.00000e+00;1.00000e+00;1.00000e+00;314;-5.27372e-03;7.26993e-04;6.45758e-04
nav-lives;me-freeForm;1;[8];44;4400;4400;3.96838e+03;31;2;1;1.00000e+00;1.00000e+00;1.00000e+00;200;3.38506e-01;1.87866e-01;4.76116e-01
nav-lives;me-freeForm;2;[8];31;3100;3100;3.11650e+03;1;1;1;1.00000e+00;1.00000e+00;1.00000e+00;314;-5.27372e-03;7.26993e-04;6.45758e-04
nav-lives;me-freeForm;1;[8];45;4500;4500;4.06750e+03;31;2;1;1.00000e+00;1.00000e+00;1.00000e+00;200;3.38506e-01;1.87866e-01;4.76116e-01
nav-lives;me-freeForm;2;[8];32;3200;3200;3.21752e+03;1;1;1;1.00000e+00;1.00000e+00;1.00000e+00;314;-5.27372e-03;7.26993e-04;6.45758e-04
nav-lives;me-freeForm;1;[8];46;4600;4600;4.17015e+03;31;2;1;1.00000e+00;1.00000e+00;1.00000e+00;200;3.38506e-01;1.87866e-01;4.76116e-01
nav-lives;me-freeForm;2;[8];33;3300;3300;3.31904e+03;1;1;1;1.00000e+00;1.00000e+00;1.00000e+00;286;-5.17790e-03;1.16319e-03;6.87915e-04
nav-lives;me-freeForm;1;[8];47;4700;4700;4.27022e+03;31;2;1;1.00000e+00;1.00000e+00;1.00000e+00;200;3.38506e-01;1.87866e-01;4.76116e-01
nav-lives;me-freeForm;2;[8];34;3400;3400;3.41779e+03;1;1;1;1.00000e+00;1.00000e+00;1.00000e+00;286;-5.17790e-03;1.16319e-03;6.87915e-04
nav-lives;me-freeForm;1;[8];48;4800;4800;4.36989e+03;31;2;1;1.00000e+00;1.00000e+00;1.00000e+00;200;3.38506e-01;1.87866e-01;4.76116e-01
nav-lives;me-freeForm;2;[8];35;3500;3500;3.51648e+03;1;1;1;1.00000e+00;1.00000e+00;1.00000e+00;286;-5.17790e-03;1.16319e-03;6.87915e-04
nav-lives;me-freeForm;1;[8];49;4900;4900;4.46975e+03;31;2;1;1.00000e+00;1.00000e+00;1.00000e+00;200;3.38506e-01;1.87866e-01;4.76116e-01
nav-lives;me-freeForm;2;[8];36;3600;3600;3.61443e+03;1;1;1;1.00000e+00;1.00000e+00;1.00000e+00;286;-5.17790e-03;1.16319e-03;6.87915e-04
nav-lives;me-freeForm;1;[8];50;5000;5000;4.57034e+03;31;2;1;1.00000e+00;1.00000e+00;1.00000e+00;200;3.38506e-01;1.87866e-01;4.76116e-01
nav-lives;me-freeForm;2;[8];37;3700;3700;3.71222e+03;1;1;1;1.00000e+00;1.00000e+00;1.00000e+00;286;-5.17790e-03;1.16319e-03;6.87915e-04
nav-lives;me-freeForm;1;[8];51;5100;5100;4.66716e+03;31;2;1;1.00000e+00;1.00000e+00;1.00000e+00;200;3.38506e-01;1.87866e-01;4.76116e-01
nav-lives;me-freeForm;2;[8];38;3800;3800;3.81223e+03;1;1;1;1.00000e+00;1.00000e+00;1.00000e+00;286;-5.17790e-03;1.16319e-03;6.87915e-04
nav-lives;me-freeForm;1;[8];52;5200;5200;4.76911e+03;31;2;1;1.00000e+00;1.00000e+00;1.00000e+00;200;3.38506e-01;1.87866e-01;4.76116e-01
nav-lives;me-freeForm;2;[8];39;3900;3900;3.91035e+03;1;1;1;1.00000e+00;1.00000e+00;1.00000e+00;286;-5.17790e-03;1.16319e-03;6.87915e-04
nav-lives;me-freeForm;1;[8];53;5300;5300;4.86539e+03;31;2;1;1.00000e+00;1.00000e+00;1.00000e+00;200;3.38506e-01;1.87866e-01;4.76116e-01
nav-lives;me-freeForm;2;[8];40;4000;4000;4.01147e+03;1;1;1;1.00000e+00;1.00000e+00;1.00000e+00;286;-5.17790e-03;1.16319e-03;6.87915e-04
nav-lives;me-freeForm;1;[8];54;5400;5400;4.96479e+03;31;1;1;1.00000e+00;1.00000e+00;1.00000e+00;194;3.66737e-01;3.62302e-01;4.84747e-01
nav-lives;me-freeForm;2;[8];41;4100;4100;4.11208e+03;1;1;1;1.00000e+00;1.00000e+00;1.00000e+00;286;-5.17790e-03;1.16319e-03;6.87915e-04
nav-lives;me-freeForm;1;[8];55;5500;5500;5.06688e+03;31;1;1;1.00000e+00;1.00000e+00;1.00000e+00;194;3.66737e-01;3.62302e-01;4.84747e-01
nav-lives;me-freeForm;2;[8];42;4200;4200;4.20852e+03;1;1;1;1.00000e+00;1.00000e+00;1.00000e+00;286;-5.17790e-03;1.16319e-03;6.87915e-04
nav-lives;me-freeForm;1;[8];56;5600;5600;5.16758e+03;31;1;1;1.00000e+00;1.00000e+00;1.00000e+00;194;3.66737e-01;3.62302e-01;4.84747e-01
nav-lives;me-freeForm;2;[8];43;4300;4300;4.30925e+03;1;1;1;1.00000e+00;1.00000e+00;1.00000e+00;286;-5.17790e-03;1.16319e-03;6.87915e-04
nav-lives;me-freeForm;1;[8];57;5700;5700;5.26276e+03;31;1;1;1.00000e+00;1.00000e+00;1.00000e+00;194;3.66737e-01;3.62302e-01;4.84747e-01
nav-lives;me-freeForm;2;[8];44;4400;4400;4.40767e+03;1;1;1;1.00000e+00;1.00000e+00;1.00000e+00;286;-5.17790e-03;1.16319e-03;6.87915e-04
nav-lives;me-freeForm;1;[8];58;5800;5800;5.36351e+03;31;1;1;1.00000e+00;1.00000e+00;1.00000e+00;194;3.66737e-01;3.62302e-01;4.84747e-01
nav-lives;me-freeForm;2;[8];45;4500;4500;4.50875e+03;1;1;1;1.00000e+00;1.00000e+00;1.00000e+00;286;-5.14086e-03;4.66505e-04;7.16606e-04
nav-lives;me-freeForm;1;[8];59;5900;5900;5.46307e+03;31;1;1;1.00000e+00;1.00000e+00;1.00000e+00;194;3.67528e-01;3.72072e-01;4.85012e-01
nav-lives;me-freeForm;2;[8];46;4600;4600;4.60594e+03;1;1;1;1.00000e+00;1.00000e+00;1.00000e+00;286;-5.14086e-03;4.66505e-04;7.16606e-04
nav-lives;me-freeForm;1;[8];60;6000;6000;5.56127e+03;31;1;1;1.00000e+00;1.00000e+00;1.00000e+00;194;3.67528e-01;3.72072e-01;4.85012e-01
nav-lives;me-freeForm;2;[8];47;4700;4700;4.70555e+03;1;1;1;1.00000e+00;1.00000e+00;1.00000e+00;286;-5.14086e-03;4.66505e-04;7.16606e-04
nav-lives;me-freeForm;1;[8];61;6100;6100;5.66174e+03;31;2;1;1.00000e+00;1.00000e+00;1.00000e+00;194;3.67528e-01;3.72072e-01;4.85012e-01
nav-lives;me-freeForm;2;[8];48;4800;4800;4.80333e+03;1;1;1;1.00000e+00;1.00000e+00;1.00000e+00;286;-5.14086e-03;4.66505e-04;7.16606e-04
nav-lives;me-freeForm;1;[8];62;6200;6200;5.75725e+03;31;2;1;1.00000e+00;1.00000e+00;1.00000e+00;194;3.67528e-01;3.72072e-01;4.85012e-01
nav-lives;me-freeForm;2;[8];49;4900;4900;4.90234e+03;1;1;1;1.00000e+00;1.00000e+00;1.00000e+00;286;-5.14086e-03;4.66505e-04;7.16606e-04
nav-lives;me-freeForm;1;[8];63;6300;6300;5.85746e+03;31;2;1;1.00000e+00;1.00000e+00;1.00000e+00;194;3.67528e-01;3.72072e-01;4.85012e-01
nav-lives;me-freeForm;2;[8];50;5000;5000;5.00199e+03;1;1;1;1.00000e+00;1.00000e+00;1.00000e+00;286;-5.14086e-03;4.66505e-04;7.16606e-04
nav-lives;me-freeForm;1;[8];64;6400;6400;5.96072e+03;31;2;1;1.00000e+00;1.00000e+00;1.00000e+00;194;3.67528e-01;3.72072e-01;4.85012e-01
nav-lives;me-freeForm;2;[8];51;5100;5100;5.10221e+03;1;1;1;1.00000e+00;1.00000e+00;1.00000e+00;286;-5.14086e-03;4.66505e-04;7.16606e-04
nav-lives;me-freeForm;1;[8];65;6500;6500;6.05709e+03;31;2;1;1.00000e+00;1.00000e+00;1.00000e+00;194;3.67528e-01;3.72072e-01;4.85012e-01
nav-lives;me-freeForm;2;[8];52;5200;5200;5.20039e+03;1;1;1;1.00000e+00;1.00000e+00;1.00000e+00;286;-5.14086e-03;4.66505e-04;7.16606e-04
nav-lives;me-freeForm;1;[8];66;6600;6600;6.15509e+03;31;2;1;1.00000e+00;1.00000e+00;1.00000e+00;194;3.67528e-01;3.72072e-01;4.85012e-01
nav-lives;me-freeForm;2;[8];53;5300;5300;5.30055e+03;1;1;1;1.00000e+00;1.00000e+00;1.00000e+00;286;-5.14086e-03;4.66505e-04;7.16606e-04
nav-lives;me-freeForm;1;[8];67;6700;6700;6.25525e+03;31;2;1;1.00000e+00;1.00000e+00;1.00000e+00;194;3.67528e-01;3.72072e-01;4.85012e-01
nav-lives;me-freeForm;2;[8];54;5400;5400;5.39836e+03;1;1;1;1.00000e+00;1.00000e+00;1.00000e+00;286;-5.14086e-03;4.66505e-04;7.16606e-04
nav-lives;me-freeForm;1;[8];68;6800;6800;6.35529e+03;31;2;1;1.00000e+00;1.00000e+00;1.00000e+00;194;3.67528e-01;3.72072e-01;4.85012e-01
nav-lives;me-freeForm;2;[8];55;5500;5500;5.49886e+03;1;1;1;1.00000e+00;1.00000e+00;1.00000e+00;286;-5.14086e-03;4.66505e-04;7.16606e-04
nav-lives;me-freeForm;1;[8];69;6900;6900;6.45353e+03;31;2;1;1.00000e+00;1.00000e+00;1.00000e+00;194;3.67528e-01;3.72072e-01;4.85012e-01
nav-lives;me-freeForm;2;[8];56;5600;5600;5.59892e+03;1;1;1;1.00000e+00;1.00000e+00;1.00000e+00;286;-5.14086e-03;4.66505e-04;7.16606e-04
nav-lives;me-freeForm;1;[8];70;7000;7000;6.55143e+03;31;2;1;1.00000e+00;1.00000e+00;1.00000e+00;194;3.67528e-01;3.72072e-01;4.85012e-01
nav-lives;me-freeForm;2;[8];57;5700;5700;5.69948e+03;1;1;1;1.00000e+00;1.00000e+00;1.00000e+00;286;-5.14086e-03;4.66505e-04;7.16606e-04
nav-lives;me-freeForm;1;[8];71;7100;7100;6.65387e+03;31;2;1;1.00000e+00;1.00000e+00;1.00000e+00;194;3.67528e-01;3.72072e-01;4.85012e-01
nav-lives;me-freeForm;2;[8];58;5800;5800;5.79972e+03;1;1;1;1.00000e+00;1.00000e+00;1.00000e+00;286;-5.14086e-03;4.66505e-04;7.16606e-04
nav-lives;me-freeForm;1;[8];72;7200;7200;6.75114e+03;31;2;1;1.00000e+00;1.00000e+00;1.00000e+00;194;3.67528e-01;3.72072e-01;4.85012e-01
nav-lives;me-freeForm;2;[8];59;5900;5900;5.89805e+03;1;1;1;1.00000e+00;1.00000e+00;1.00000e+00;286;-5.14086e-03;4.66505e-04;7.16606e-04
nav-lives;me-freeForm;1;[8];73;7300;7300;6.85334e+03;31;2;1;1.00000e+00;1.00000e+00;1.00000e+00;194;3.67528e-01;3.72072e-01;4.85012e-01
nav-lives;me-freeForm;2;[8];60;6000;6000;5.99724e+03;1;1;1;1.00000e+00;1.00000e+00;1.00000e+00;286;-5.14086e-03;4.66505e-04;7.16606e-04
nav-lives;me-freeForm;1;[8];74;7400;7400;6.95170e+03;31;2;1;1.00000e+00;1.00000e+00;1.00000e+00;194;3.67528e-01;3.72072e-01;4.85012e-01
nav-lives;me-freeForm;2;[8];61;6100;6100;6.09486e+03;1;1;1;1.00000e+00;1.00000e+00;1.00000e+00;286;-5.14086e-03;4.66505e-04;7.16606e-04
nav-lives;me-freeForm;1;[8];75;7500;7500;7.04898e+03;31;1;1;1.00000e+00;1.00000e+00;1.00000e+00;194;3.68319e-01;3.63908e-01;4.85278e-01
nav-lives;me-freeForm;2;[8];62;6200;6200;6.19337e+03;1;1;1;1.00000e+00;1.00000e+00;1.00000e+00;286;-5.14086e-03;4.66505e-04;7.16606e-04
nav-lives;me-freeForm;1;[8];76;7600;7600;7.14883e+03;31;1;1;1.00000e+00;1.00000e+00;1.00000e+00;194;3.68319e-01;3.63908e-01;4.85278e-01
nav-lives;me-freeForm;2;[8];63;6300;6300;6.29296e+03;1;1;1;1.00000e+00;1.00000e+00;1.00000e+00;286;-5.14086e-03;4.66505e-04;7.16606e-04
nav-lives;me-freeForm;1;[8];77;7700;7700;7.24966e+03;31;1;1;1.00000e+00;1.00000e+00;1.00000e+00;194;3.68319e-01;3.63908e-01;4.85278e-01
nav-lives;me-freeForm;2;[8];64;6400;6400;6.39289e+03;1;1;1;1.00000e+00;1.00000e+00;1.00000e+00;286;-5.14086e-03;4.66505e-04;7.16606e-04
nav-lives;me-freeForm;1;[8];78;7800;7800;7.34629e+03;31;2;1;1.00000e+00;1.00000e+00;1.00000e+00;194;3.68319e-01;1.78249e-01;4.85278e-01
nav-lives;me-freeForm;2;[8];65;6500;6500;6.49087e+03;1;1;1;1.00000e+00;1.00000e+00;1.00000e+00;286;-5.14086e-03;4.66505e-04;7.16606e-04
nav-lives;me-freeForm;1;[8];79;7900;7900;7.44742e+03;31;2;1;1.00000e+00;1.00000e+00;1.00000e+00;194;3.68319e-01;1.78249e-01;4.85278e-01
nav-lives;me-freeForm;2;[8];66;6600;6600;6.58758e+03;1;1;1;1.00000e+00;1.00000e+00;1.00000e+00;286;-5.14086e-03;4.66505e-04;7.16606e-04
nav-lives;me-freeForm;1;[8];80;8000;8000;7.54599e+03;31;2;1;1.00000e+00;1.00000e+00;1.00000e+00;194;3.68319e-01;1.78249e-01;4.85278e-01
nav-lives;me-freeForm;2;[8];67;6700;6700;6.68816e+03;1;1;1;1.00000e+00;1.00000e+00;1.00000e+00;286;-5.14086e-03;4.66505e-04;7.16606e-04
nav-lives;me-freeForm;1;[8];81;8100;8100;7.64856e+03;31;2;1;1.00000e+00;1.00000e+00;1.00000e+00;194;3.68319e-01;1.78249e-01;4.85278e-01
nav-lives;me-freeForm;2;[8];68;6800;6800;6.78813e+03;1;1;1;1.00000e+00;1.00000e+00;1.00000e+00;286;-5.14086e-03;4.66505e-04;7.16606e-04
nav-lives;me-freeForm;1;[8];82;8200;8200;7.74333e+03;31;2;1;1.00000e+00;1.00000e+00;1.00000e+00;194;3.68319e-01;1.78249e-01;4.85278e-01
nav-lives;me-freeForm;2;[8];69;6900;6900;6.88555e+03;1;1;1;1.00000e+00;1.00000e+00;1.00000e+00;286;-5.14086e-03;4.66505e-04;7.16606e-04
nav-lives;me-freeForm;1;[8];83;8300;8300;7.84310e+03;31;2;1;1.00000e+00;1.00000e+00;1.00000e+00;194;3.68319e-01;1.78249e-01;4.85278e-01
nav-lives;me-freeForm;2;[8];70;7000;7000;6.98543e+03;1;1;1;1.00000e+00;1.00000e+00;1.00000e+00;286;-5.14086e-03;4.66505e-04;7.16606e-04
nav-lives;me-freeForm;1;[8];84;8400;8400;7.94167e+03;31;4;1;1.00000e+00;1.00000e+00;1.00000e+00;198;3.68319e-01;9.70514e-02;4.85278e-01
nav-lives;me-freeForm;2;[8];71;7100;7100;7.08329e+03;1;1;1;1.00000e+00;1.00000e+00;1.00000e+00;286;-5.14086e-03;4.66505e-04;7.16606e-04
nav-lives;me-freeForm;1;[8];85;8500;8500;8.04122e+03;31;4;1;1.00000e+00;1.00000e+00;1.00000e+00;198;3.68319e-01;9.70514e-02;4.85278e-01
nav-lives;me-freeForm;2;[8];72;7200;7200;7.18375e+03;1;1;1;1.00000e+00;1.00000e+00;1.00000e+00;286;-5.14086e-03;4.66505e-04;7.16606e-04
nav-lives;me-freeForm;1;[8];86;8600;8600;8.14196e+03;31;4;1;1.00000e+00;1.00000e+00;1.00000e+00;198;3.68319e-01;9.70514e-02;4.85278e-01
nav-lives;me-freeForm;2;[8];73;7300;7300;7.28642e+03;1;1;1;1.00000e+00;1.00000e+00;1.00000e+00;286;-5.14086e-03;4.66505e-04;7.16606e-04
nav-lives;me-freeForm;1;[8];87;8700;8700;8.24162e+03;31;4;1;1.00000e+00;1.00000e+00;1.00000e+00;198;3.68319e-01;9.70514e-02;4.85278e-01
nav-lives;me-freeForm;2;[8];74;7400;7400;7.38708e+03;1;1;1;1.00000e+00;1.00000e+00;1.00000e+00;286;-5.14086e-03;4.66505e-04;7.16606e-04
nav-lives;me-freeForm;1;[8];88;8800;8800;8.34047e+03;31;4;1;1.00000e+00;1.00000e+00;1.00000e+00;198;3.68319e-01;9.70514e-02;4.85278e-01
nav-lives;me-freeForm;2;[8];75;7500;7500;7.48606e+03;1;1;1;1.00000e+00;1.00000e+00;1.00000e+00;286;-5.14086e-03;4.66505e-04;7.16606e-04
nav-lives;me-freeForm;1;[8];89;8900;8900;8.43974e+03;31;4;1;1.00000e+00;1.00000e+00;1.00000e+00;198;3.68319e-01;9.70514e-02;4.85278e-01
nav-lives;me-freeForm;2;[8];76;7600;7600;7.58528e+03;1;1;1;1.00000e+00;1.00000e+00;1.00000e+00;286;-5.14086e-03;4.66505e-04;7.16606e-04
nav-lives;me-freeForm;1;[8];90;9000;9000;8.53717e+03;31;4;1;1.00000e+00;1.00000e+00;1.00000e+00;198;3.68319e-01;9.70514e-02;4.85278e-01
nav-lives;me-freeForm;2;[8];77;7700;7700;7.68432e+03;1;1;1;1.00000e+00;1.00000e+00;1.00000e+00;286;-5.14086e-03;4.66505e-04;7.16606e-04
nav-lives;me-freeForm;1;[8];91;9100;9100;8.63968e+03;31;5;1;1.00000e+00;1.00000e+00;1.00000e+00;194;3.68319e-01;7.38710e-02;4.85278e-01
nav-lives;me-freeForm;2;[8];78;7800;7800;7.78483e+03;1;1;1;1.00000e+00;1.00000e+00;1.00000e+00;286;-5.14086e-03;4.66505e-04;7.16606e-04
nav-lives;me-freeForm;1;[8];92;9200;9200;8.73879e+03;31;6;1;1.00000e+00;1.00000e+00;1.00000e+00;194;3.68319e-01;7.38710e-02;4.85278e-01
nav-lives;me-freeForm;2;[8];79;7900;7900;7.88276e+03;1;1;1;1.00000e+00;1.00000e+00;1.00000e+00;286;-5.14086e-03;4.66505e-04;7.16606e-04
nav-lives;me-freeForm;1;[8];93;9300;9300;8.83832e+03;31;6;1;1.00000e+00;1.00000e+00;1.00000e+00;194;3.68319e-01;7.38710e-02;4.85278e-01
nav-lives;me-freeForm;2;[8];80;8000;8000;7.98225e+03;1;1;1;1.00000e+00;1.00000e+00;1.00000e+00;286;-5.14086e-03;4.66505e-04;7.16606e-04
nav-lives;me-freeForm;1;[8];94;9400;9400;8.93736e+03;31;6;1;1.00000e+00;1.00000e+00;1.00000e+00;194;3.68319e-01;7.38710e-02;4.85278e-01
nav-lives;me-freeForm;2;[8];81;8100;8100;8.08260e+03;1;1;1;1.00000e+00;1.00000e+00;1.00000e+00;286;-5.14086e-03;4.66505e-04;7.16606e-04
nav-lives;me-freeForm;1;[8];95;9500;9500;9.03843e+03;31;6;1;1.00000e+00;1.00000e+00;1.00000e+00;194;3.68319e-01;7.38710e-02;4.85278e-01
nav-lives;me-freeForm;2;[8];82;8200;8200;8.18305e+03;1;1;1;1.00000e+00;1.00000e+00;1.00000e+00;286;-5.14086e-03;4.66505e-04;7.16606e-04
nav-lives;me-freeForm;1;[8];96;9600;9600;9.13792e+03;31;6;1;1.00000e+00;1.00000e+00;1.00000e+00;194;3.68319e-01;7.38710e-02;4.85278e-01
nav-lives;me-freeForm;2;[8];83;8300;8300;8.28117e+03;1;1;1;1.00000e+00;1.00000e+00;1.00000e+00;286;-5.14086e-03;4.66505e-04;7.16606e-04
nav-lives;me-freeForm;1;[8];97;9700;9700;9.23642e+03;31;6;1;1.00000e+00;1.00000e+00;1.00000e+00;194;3.68319e-01;7.38710e-02;4.85278e-01
nav-lives;me-freeForm;2;[8];84;8400;8400;8.38073e+03;1;1;1;1.00000e+00;1.00000e+00;1.00000e+00;286;-5.14086e-03;4.66505e-04;7.16606e-04
nav-lives;me-freeForm;1;[8];98;9800;9800;9.33475e+03;31;6;1;1.00000e+00;1.00000e+00;1.00000e+00;194;3.68319e-01;7.38710e-02;4.85278e-01
nav-lives;me-freeForm;2;[8];85;8500;8500;8.48104e+03;1;1;1;1.00000e+00;1.00000e+00;1.00000e+00;286;-5.14086e-03;4.66505e-04;7.16606e-04
nav-lives;me-freeForm;1;[8];99;9900;9900;9.43446e+03;31;6;1;1.00000e+00;1.00000e+00;1.00000e+00;194;3.68319e-01;7.38710e-02;4.85278e-01
nav-lives;me-freeForm;2;[8];86;8600;8600;8.57997e+03;1;1;1;1.00000e+00;1.00000e+00;1.00000e+00;286;-5.14086e-03;4.66505e-04;7.16606e-04
nav-lives;me-freeForm;1;[8];100;10000;10000;9.53769e+03;31;6;1;1.00000e+00;1.00000e+00;1.00000e+00;194;3.68319e-01;7.38710e-02;4.85278e-01
nav-lives;me-freeForm;2;[8];87;8700;8700;8.68103e+03;1;1;1;1.00000e+00;1.00000e+00;1.00000e+00;286;-5.14086e-03;4.66505e-04;7.16606e-04
nav-lives;me-freeForm;1;[8];101;10100;10100;9.63651e+03;31;6;1;1.00000e+00;1.00000e+00;1.00000e+00;194;3.68319e-01;7.38710e-02;4.85278e-01
nav-lives;me-freeForm;2;[8];88;8800;8800;8.78149e+03;1;1;1;1.00000e+00;1.00000e+00;1.00000e+00;286;-5.14086e-03;4.66505e-04;7.16606e-04
nav-lives;me-freeForm;1;[8];102;10200;10200;9.73600e+03;31;6;1;1.00000e+00;1.00000e+00;1.00000e+00;194;3.68319e-01;7.38710e-02;4.85278e-01
nav-lives;me-freeForm;2;[8];89;8900;8900;8.87941e+03;1;1;1;1.00000e+00;1.00000e+00;1.00000e+00;286;-5.14086e-03;4.66505e-04;7.16606e-04
nav-lives;me-freeForm;1;[8];103;10300;10300;9.83606e+03;31;6;1;1.00000e+00;1.00000e+00;1.00000e+00;194;3.68319e-01;7.38710e-02;4.85278e-01
nav-lives;me-freeForm;2;[8];90;9000;9000;8.97876e+03;1;1;1;1.00000e+00;1.00000e+00;1.00000e+00;286;-5.14086e-03;4.66505e-04;7.16606e-04
nav-lives;me-freeForm;1;[8];104;10400;10400;9.93685e+03;31;6;1;1.00000e+00;1.00000e+00;1.00000e+00;194;3.68319e-01;7.38710e-02;4.85278e-01
nav-lives;me-freeForm;2;[8];91;9100;9100;9.07734e+03;1;1;1;1.00000e+00;1.00000e+00;1.00000e+00;286;-5.14086e-03;4.66505e-04;7.16606e-04
nav-lives;me-freeForm;1;[8];105;10500;10500;1.00348e+04;31;6;1;1.00000e+00;1.00000e+00;1.00000e+00;194;3.68319e-01;7.38710e-02;4.85278e-01
nav-lives;me-freeForm;2;[8];92;9200;9200;9.17705e+03;1;1;1;1.00000e+00;1.00000e+00;1.00000e+00;286;-5.14086e-03;4.66505e-04;7.16606e-04
nav-lives;me-freeForm;1;[8];106;10600;10600;1.01334e+04;31;6;1;1.00000e+00;1.00000e+00;1.00000e+00;194;3.68319e-01;7.38710e-02;4.85278e-01
nav-lives;me-freeForm;2;[8];93;9300;9300;9.27641e+03;1;1;1;1.00000e+00;1.00000e+00;1.00000e+00;286;-5.14086e-03;4.66505e-04;7.16606e-04
nav-lives;me-freeForm;1;[8];107;10700;10700;1.02321e+04;31;6;1;1.00000e+00;1.00000e+00;1.00000e+00;194;3.68319e-01;7.38710e-02;4.85278e-01
nav-lives;me-freeForm;2;[8];94;9400;9400;9.37501e+03;1;1;1;1.00000e+00;1.00000e+00;1.00000e+00;286;-5.14086e-03;4.66505e-04;7.16606e-04
nav-lives;me-freeForm;1;[8];108;10800;10800;1.03348e+04;31;6;1;1.00000e+00;1.00000e+00;1.00000e+00;194;3.68319e-01;7.38710e-02;4.85278e-01
nav-lives;me-freeForm;2;[8];95;9500;9500;9.47719e+03;1;1;1;1.00000e+00;1.00000e+00;1.00000e+00;286;-5.14086e-03;4.66505e-04;7.16606e-04
nav-lives;me-freeForm;1;[8];109;10900;10900;1.04342e+04;31;6;1;1.00000e+00;1.00000e+00;1.00000e+00;194;3.68319e-01;7.38710e-02;4.85278e-01
nav-lives;me-freeForm;2;[8];96;9600;9600;9.57605e+03;1;1;1;1.00000e+00;1.00000e+00;1.00000e+00;288;-5.10327e-03;1.08808e-03;6.79917e-04
nav-lives;me-freeForm;1;[8];110;11000;11000;1.05319e+04;31;6;1;1.00000e+00;1.00000e+00;1.00000e+00;194;3.68319e-01;7.38710e-02;4.85278e-01
nav-lives;me-freeForm;2;[8];97;9700;9700;9.67501e+03;1;1;1;1.00000e+00;1.00000e+00;1.00000e+00;288;-5.10327e-03;1.08808e-03;6.79917e-04
nav-lives;me-freeForm;1;[8];111;11100;11100;1.06326e+04;31;6;1;1.00000e+00;1.00000e+00;1.00000e+00;194;3.68319e-01;7.38710e-02;4.85278e-01
nav-lives;me-freeForm;2;[8];98;9800;9800;9.77510e+03;1;1;1;1.00000e+00;1.00000e+00;1.00000e+00;288;-5.10327e-03;1.08808e-03;6.79917e-04
nav-lives;me-freeForm;1;[8];112;11200;11200;1.07322e+04;31;1;1;1.00000e+00;1.00000e+00;1.00000e+00;200;3.68320e-01;3.62445e-01;4.85278e-01
nav-lives;me-freeForm;2;[8];99;9900;9900;9.87501e+03;1;1;1;1.00000e+00;1.00000e+00;1.00000e+00;288;-5.10327e-03;1.08808e-03;6.79917e-04
nav-lives;me-freeForm;1;[8];113;11300;11300;1.08336e+04;31;2;1;1.00000e+00;1.00000e+00;1.00000e+00;196;3.68320e-01;1.24430e-01;4.85278e-01
nav-lives;me-freeForm;2;[8];100;10000;10000;9.97506e+03;1;1;1;1.00000e+00;1.00000e+00;1.00000e+00;288;-5.10327e-03;1.08808e-03;6.79917e-04
nav-lives;me-freeForm;1;[8];114;11400;11400;1.09329e+04;31;1;1;1.00000e+00;1.00000e+00;1.00000e+00;194;3.68320e-01;3.63888e-01;4.85278e-01
nav-lives;me-freeForm;2;[8];101;10100;10100;1.00767e+04;1;1;1;1.00000e+00;1.00000e+00;1.00000e+00;288;-5.10327e-03;1.08808e-03;6.79917e-04
nav-lives;me-freeForm;1;[8];115;11500;11500;1.10323e+04;31;1;1;1.00000e+00;1.00000e+00;1.00000e+00;194;3.68320e-01;3.63888e-01;4.85278e-01
nav-lives;me-freeForm;2;[8];102;10200;10200;1.01774e+04;1;1;1;1.00000e+00;1.00000e+00;1.00000e+00;288;-5.10327e-03;1.08808e-03;6.79917e-04
nav-lives;me-freeForm;1;[8];116;11600;11600;1.11325e+04;31;1;1;1.00000e+00;1.00000e+00;1.00000e+00;194;3.68320e-01;3.63888e-01;4.85278e-01
nav-lives;me-freeForm;2;[8];103;10300;10300;1.02774e+04;1;1;1;1.00000e+00;1.00000e+00;1.00000e+00;288;-5.10327e-03;1.08808e-03;6.79917e-04
nav-lives;me-freeForm;1;[8];117;11700;11700;1.12338e+04;31;1;1;1.00000e+00;1.00000e+00;1.00000e+00;200;5.13877e-01;1.22504e-01;5.02007e-01
nav-lives;me-freeForm;2;[8];104;10400;10400;1.03767e+04;1;1;1;1.00000e+00;1.00000e+00;1.00000e+00;288;-5.10327e-03;1.08808e-03;6.79917e-04
nav-lives;me-freeForm;1;[8];118;11800;11800;1.13331e+04;31;2;1;1.00000e+00;1.00000e+00;1.00000e+00;200;5.13877e-01;1.22504e-01;5.02007e-01
nav-lives;me-freeForm;2;[8];105;10500;10500;1.04752e+04;1;1;1;1.00000e+00;1.00000e+00;1.00000e+00;288;-5.10327e-03;1.08808e-03;6.79917e-04
nav-lives;me-freeForm;1;[8];119;11900;11900;1.14317e+04;31;3;1;1.00000e+00;1.00000e+00;1.00000e+00;200;5.13877e-01;1.22504e-01;5.02007e-01
nav-lives;me-freeForm;2;[8];106;10600;10600;1.05742e+04;1;1;1;1.00000e+00;1.00000e+00;1.00000e+00;288;-5.10327e-03;1.08808e-03;6.79917e-04
nav-lives;me-freeForm;1;[8];120;12000;12000;1.15319e+04;31;3;1;1.00000e+00;1.00000e+00;1.00000e+00;200;5.13877e-01;1.22504e-01;5.02007e-01
nav-lives;me-freeForm;2;[8];107;10700;10700;1.06766e+04;1;1;1;1.00000e+00;1.00000e+00;1.00000e+00;288;-5.10327e-03;1.08808e-03;6.79917e-04
nav-lives;me-freeForm;1;[8];121;12100;12100;1.16342e+04;31;3;1;1.00000e+00;1.00000e+00;1.00000e+00;200;5.13877e-01;1.22504e-01;5.02007e-01
nav-lives;me-freeForm;2;[8];108;10800;10800;1.07771e+04;1;1;1;1.00000e+00;1.00000e+00;1.00000e+00;288;-5.10327e-03;1.08808e-03;6.79917e-04
nav-lives;me-freeForm;1;[8];122;12200;12200;1.17352e+04;31;3;1;1.00000e+00;1.00000e+00;1.00000e+00;200;5.13877e-01;1.22504e-01;5.02007e-01
nav-lives;me-freeForm;2;[8];109;10900;10900;1.08779e+04;1;1;1;1.00000e+00;1.00000e+00;1.00000e+00;288;-5.10327e-03;1.08808e-03;6.79917e-04
nav-lives;me-freeForm;1;[8];123;12300;12300;1.18335e+04;31;4;1;1.00000e+00;1.00000e+00;1.00000e+00;208;5.13877e-01;1.25375e-01;5.02007e-01
nav-lives;me-freeForm;2;[8];110;11000;11000;1.09776e+04;1;1;1;1.00000e+00;1.00000e+00;1.00000e+00;288;-5.10327e-03;1.08808e-03;6.79917e-04
nav-lives;me-freeForm;1;[8];124;12400;12400;1.19337e+04;31;4;1;1.00000e+00;1.00000e+00;1.00000e+00;208;5.13877e-01;1.25375e-01;5.02007e-01
nav-lives;me-freeForm;2;[8];111;11100;11100;1.10762e+04;1;1;1;1.00000e+00;1.00000e+00;1.00000e+00;288;-5.10327e-03;1.08808e-03;6.79917e-04
nav-lives;me-freeForm;1;[8];125;12500;12500;1.20332e+04;31;5;1;1.00000e+00;1.00000e+00;1.00000e+00;208;5.13877e-01;1.25375e-01;5.02007e-01
nav-lives;me-freeForm;2;[8];112;11200;11200;1.11766e+04;1;1;1;1.00000e+00;1.00000e+00;1.00000e+00;288;-5.10327e-03;1.08808e-03;6.79917e-04
nav-lives;me-freeForm;1;[8];126;12600;12600;1.21339e+04;31;5;1;1.00000e+00;1.00000e+00;1.00000e+00;208;5.13877e-01;1.25375e-01;5.02007e-01
nav-lives;me-freeForm;2;[8];113;11300;11300;1.12776e+04;1;1;1;1.00000e+00;1.00000e+00;1.00000e+00;288;-5.10327e-03;1.08808e-03;6.79917e-04
nav-lives;me-freeForm;1;[8];127;12700;12700;1.22334e+04;31;5;1;1.00000e+00;1.00000e+00;1.00000e+00;208;5.13877e-01;1.25375e-01;5.02007e-01
nav-lives;me-freeForm;2;[8];114;11400;11400;1.13793e+04;1;1;1;1.00000e+00;1.00000e+00;1.00000e+00;288;-5.10327e-03;1.08808e-03;6.79917e-04
nav-lives;me-freeForm;1;[8];128;12800;12800;1.23372e+04;31;6;1;1.00000e+00;1.00000e+00;1.00000e+00;208;5.13877e-01;1.25375e-01;5.02007e-01
nav-lives;me-freeForm;2;[8];115;11500;11500;1.14801e+04;1;1;1;1.00000e+00;1.00000e+00;1.00000e+00;288;-5.10327e-03;1.08808e-03;6.79917e-04
nav-lives;me-freeForm;1;[8];129;12900;12900;1.24349e+04;31;7;1;1.00000e+00;1.00000e+00;1.00000e+00;208;5.13877e-01;1.25375e-01;5.02007e-01
nav-lives;me-freeForm;2;[8];116;11600;11600;1.15787e+04;1;1;1;1.00000e+00;1.00000e+00;1.00000e+00;288;-5.10327e-03;1.08808e-03;6.79917e-04
nav-lives;me-freeForm;1;[8];130;13000;13000;1.25343e+04;31;7;1;1.00000e+00;1.00000e+00;1.00000e+00;208;5.13877e-01;1.25375e-01;5.02007e-01
nav-lives;me-freeForm;2;[8];117;11700;11700;1.16791e+04;1;1;1;1.00000e+00;1.00000e+00;1.00000e+00;288;-5.10327e-03;1.08808e-03;6.79917e-04
nav-lives;me-freeForm;1;[8];131;13100;13100;1.26353e+04;31;1;1;1.00000e+00;1.00000e+00;1.00000e+00;194;5.13877e-01;5.18367e-01;5.02007e-01
nav-lives;me-freeForm;2;[8];118;11800;11800;1.17799e+04;1;1;1;1.00000e+00;1.00000e+00;1.00000e+00;288;-5.10327e-03;1.08808e-03;6.79917e-04
nav-lives;me-freeForm;1;[8];132;13200;13200;1.27352e+04;31;1;1;1.00000e+00;1.00000e+00;1.00000e+00;194;5.13877e-01;5.18367e-01;5.02007e-01
nav-lives;me-freeForm;2;[8];119;11900;11900;1.18788e+04;1;1;1;1.00000e+00;1.00000e+00;1.00000e+00;288;-5.10327e-03;1.08808e-03;6.79917e-04
nav-lives;me-freeForm;1;[8];133;13300;13300;1.28362e+04;31;1;1;1.00000e+00;1.00000e+00;1.00000e+00;194;5.13877e-01;5.18367e-01;5.02007e-01
nav-lives;me-freeForm;2;[8];120;12000;12000;1.19779e+04;1;1;1;1.00000e+00;1.00000e+00;1.00000e+00;288;-5.10327e-03;1.08808e-03;6.79917e-04
nav-lives;me-freeForm;1;[8];134;13400;13400;1.29340e+04;31;1;1;1.00000e+00;1.00000e+00;1.00000e+00;194;5.13877e-01;5.18367e-01;5.02007e-01
nav-lives;me-freeForm;2;[8];121;12100;12100;1.20781e+04;1;1;1;1.00000e+00;1.00000e+00;1.00000e+00;288;-5.10327e-03;1.08808e-03;6.79917e-04
nav-lives;me-freeForm;1;[8];135;13500;13500;1.30363e+04;31;1;1;1.00000e+00;1.00000e+00;1.00000e+00;194;5.13877e-01;5.18367e-01;5.02007e-01
nav-lives;me-freeForm;2;[8];122;12200;12200;1.21783e+04;1;1;1;1.00000e+00;1.00000e+00;1.00000e+00;288;-5.10327e-03;1.08808e-03;6.79917e-04
nav-lives;me-freeForm;1;[8];136;13600;13600;1.31374e+04;31;1;1;1.00000e+00;1.00000e+00;1.00000e+00;194;5.13877e-01;5.18367e-01;5.02007e-01
nav-lives;me-freeForm;2;[8];123;12300;12300;1.22797e+04;1;1;1;1.00000e+00;1.00000e+00;1.00000e+00;288;-5.10327e-03;1.08808e-03;6.79917e-04
nav-lives;me-freeForm;1;[8];137;13700;13700;1.32363e+04;31;1;1;1.00000e+00;1.00000e+00;1.00000e+00;194;5.13877e-01;5.18367e-01;5.02007e-01
nav-lives;me-freeForm;2;[8];124;12400;12400;1.23780e+04;1;1;1;1.00000e+00;1.00000e+00;1.00000e+00;288;-5.10327e-03;1.08808e-03;6.79917e-04
nav-lives;me-freeForm;1;[8];138;13800;13800;1.33375e+04;31;1;1;1.00000e+00;1.00000e+00;1.00000e+00;194;5.13877e-01;5.18367e-01;5.02007e-01
nav-lives;me-freeForm;2;[8];125;12500;12500;1.24805e+04;1;1;1;1.00000e+00;1.00000e+00;1.00000e+00;288;-5.10327e-03;1.08808e-03;6.79917e-04
nav-lives;me-freeForm;1;[8];139;13900;13900;1.34364e+04;31;1;1;1.00000e+00;1.00000e+00;1.00000e+00;194;5.13877e-01;5.18367e-01;5.02007e-01
nav-lives;me-freeForm;2;[8];126;12600;12600;1.25807e+04;1;1;1;1.00000e+00;1.00000e+00;1.00000e+00;288;-5.10327e-03;1.08808e-03;6.79917e-04
nav-lives;me-freeForm;1;[8];140;14000;14000;1.35366e+04;31;1;1;1.00000e+00;1.00000e+00;1.00000e+00;194;5.13877e-01;5.18367e-01;5.02007e-01
nav-lives;me-freeForm;2;[8];127;12700;12700;1.26797e+04;1;1;1;1.00000e+00;1.00000e+00;1.00000e+00;288;-5.10327e-03;1.08808e-03;6.79917e-04
nav-lives;me-freeForm;1;[8];141;14100;14100;1.36368e+04;31;1;1;1.00000e+00;1.00000e+00;1.00000e+00;194;5.13877e-01;5.18367e-01;5.02007e-01
nav-lives;me-freeForm;2;[8];128;12800;12800;1.27785e+04;1;1;1;1.00000e+00;1.00000e+00;1.00000e+00;288;-5.10327e-03;1.08808e-03;6.79917e-04
nav-lives;me-freeForm;1;[8];142;14200;14200;1.37382e+04;31;1;1;1.00000e+00;1.00000e+00;1.00000e+00;194;5.13877e-01;5.18367e-01;5.02007e-01
nav-lives;me-freeForm;2;[8];129;12900;12900;1.28792e+04;1;1;1;1.00000e+00;1.00000e+00;1.00000e+00;288;-5.10327e-03;1.08808e-03;6.79917e-04
nav-lives;me-freeForm;1;[8];143;14300;14300;1.38380e+04;31;1;1;1.00000e+00;1.00000e+00;1.00000e+00;194;5.13877e-01;5.18367e-01;5.02007e-01
nav-lives;me-freeForm;2;[8];130;13000;13000;1.29794e+04;1;1;1;1.00000e+00;1.00000e+00;1.00000e+00;288;-5.10327e-03;1.08808e-03;6.79917e-04
nav-lives;me-freeForm;1;[8];144;14400;14400;1.39381e+04;31;1;1;1.00000e+00;1.00000e+00;1.00000e+00;194;5.13877e-01;5.18367e-01;5.02007e-01
nav-lives;me-freeForm;2;[8];131;13100;13100;1.30812e+04;1;1;1;1.00000e+00;1.00000e+00;1.00000e+00;288;-5.10327e-03;1.08808e-03;6.79917e-04
nav-lives;me-freeForm;1;[8];145;14500;14500;1.40366e+04;31;1;1;1.00000e+00;1.00000e+00;1.00000e+00;194;5.13877e-01;5.18367e-01;5.02007e-01
nav-lives;me-freeForm;2;[8];132;13200;13200;1.31835e+04;1;1;1;1.00000e+00;1.00000e+00;1.00000e+00;288;-5.10327e-03;1.08808e-03;6.79917e-04
nav-lives;me-freeForm;1;[8];146;14600;14600;1.41376e+04;31;1;1;1.00000e+00;1.00000e+00;1.00000e+00;194;5.13877e-01;5.18367e-01;5.02007e-01
nav-lives;me-freeForm;2;[8];133;13300;13300;1.32835e+04;1;1;1;1.00000e+00;1.00000e+00;1.00000e+00;117;-5.04313e-03;9.04286e-04;7.44858e-04
nav-lives;me-freeForm;1;[8];147;14700;14700;1.42398e+04;31;1;1;1.00000e+00;1.00000e+00;1.00000e+00;194;5.13877e-01;5.18367e-01;5.02007e-01
nav-lives;me-freeForm;2;[8];134;13400;13400;1.33596e+04;1;1;1;1.00000e+00;1.00000e+00;1.00000e+00;117;-5.04313e-03;9.04286e-04;7.44858e-04
nav-lives;me-freeForm;1;[8];148;14800;14800;1.43261e+04;31;1;1;1.00000e+00;1.00000e+00;1.00000e+00;194;5.13877e-01;5.18367e-01;5.02007e-01
nav-lives;me-freeForm;2;[8];135;13500;13500;1.34450e+04;1;1;1;1.00000e+00;1.00000e+00;1.00000e+00;117;-5.04313e-03;9.04286e-04;7.44858e-04
nav-lives;me-freeForm;1;[8];149;14900;14900;1.44136e+04;31;1;1;1.00000e+00;1.00000e+00;1.00000e+00;194;5.13877e-01;5.18367e-01;5.02007e-01
nav-lives;me-freeForm;2;[8];136;13600;13600;1.35312e+04;1;1;1;1.00000e+00;1.00000e+00;1.00000e+00;117;-5.04313e-03;9.04286e-04;7.44858e-04
nav-lives;me-freeForm;1;[8];150;15000;15000;1.44996e+04;31;1;1;1.00000e+00;1.00000e+00;1.00000e+00;194;5.13877e-01;5.18367e-01;5.02007e-01
nav-lives;me-freeForm;2;[8];137;13700;13700;1.36213e+04;1;1;1;1.00000e+00;1.00000e+00;1.00000e+00;117;-5.04313e-03;9.04286e-04;7.44858e-04
nav-lives;me-freeForm;1;[8];151;15100;15100;1.45866e+04;31;1;1;1.00000e+00;1.00000e+00;1.00000e+00;194;5.13877e-01;5.18367e-01;5.02007e-01
nav-lives;me-freeForm;2;[8];138;13800;13800;1.37054e+04;1;1;1;1.00000e+00;1.00000e+00;1.00000e+00;117;-5.04313e-03;9.04286e-04;7.44858e-04
nav-lives;me-freeForm;1;[8];152;15200;15200;1.46736e+04;31;1;1;1.00000e+00;1.00000e+00;1.00000e+00;194;5.13877e-01;5.18367e-01;5.02007e-01
nav-lives;me-freeForm;2;[8];139;13900;13900;1.37916e+04;1;1;1;1.00000e+00;1.00000e+00;1.00000e+00;117;-5.04313e-03;9.04286e-04;7.44858e-04
nav-lives;me-freeForm;1;[8];153;15300;15300;1.47602e+04;31;1;1;1.00000e+00;1.00000e+00;1.00000e+00;194;5.13877e-01;5.18367e-01;5.02007e-01
nav-lives;me-freeForm;2;[8];140;14000;14000;1.38781e+04;1;1;1;1.00000e+00;1.00000e+00;1.00000e+00;117;-5.04313e-03;9.04286e-04;7.44858e-04
nav-lives;me-freeForm;1;[8];154;15400;15400;1.48458e+04;31;1;1;1.00000e+00;1.00000e+00;1.00000e+00;194;5.13877e-01;5.18367e-01;5.02007e-01
nav-lives;me-freeForm;2;[8];141;14100;14100;1.39635e+04;1;1;1;1.00000e+00;1.00000e+00;1.00000e+00;117;-5.04313e-03;9.04286e-04;7.44858e-04
nav-lives;me-freeForm;1;[8];155;15500;15500;1.49319e+04;31;1;1;1.00000e+00;1.00000e+00;1.00000e+00;194;5.13877e-01;5.18367e-01;5.02007e-01
nav-lives;me-freeForm;2;[8];142;14200;14200;1.40491e+04;1;1;1;1.00000e+00;1.00000e+00;1.00000e+00;117;-5.04313e-03;9.04286e-04;7.44858e-04
nav-lives;me-freeForm;1;[8];156;15600;15600;1.50174e+04;31;1;1;1.00000e+00;1.00000e+00;1.00000e+00;194;5.13877e-01;5.18367e-01;5.02007e-01
nav-lives;me-freeForm;2;[8];143;14300;14300;1.41354e+04;1;1;1;1.00000e+00;1.00000e+00;1.00000e+00;117;-5.04313e-03;9.04286e-04;7.44858e-04
nav-lives;me-freeForm;1;[8];157;15700;15700;1.51031e+04;31;1;1;1.00000e+00;1.00000e+00;1.00000e+00;194;5.13877e-01;5.18367e-01;5.02007e-01
nav-lives;me-freeForm;2;[8];144;14400;14400;1.42238e+04;1;1;1;1.00000e+00;1.00000e+00;1.00000e+00;117;-5.04313e-03;9.04286e-04;7.44858e-04
nav-lives;me-freeForm;1;[8];158;15800;15800;1.51912e+04;31;1;1;1.00000e+00;1.00000e+00;1.00000e+00;194;5.13877e-01;5.18367e-01;5.02007e-01
nav-lives;me-freeForm;2;[8];145;14500;14500;1.43091e+04;1;1;1;1.00000e+00;1.00000e+00;1.00000e+00;117;-5.04313e-03;9.04286e-04;7.44858e-04
nav-lives;me-freeForm;1;[8];159;15900;15900;1.52764e+04;31;1;1;1.00000e+00;1.00000e+00;1.00000e+00;194;5.13877e-01;5.18367e-01;5.02007e-01
nav-lives;me-freeForm;2;[8];146;14600;14600;1.43963e+04;1;1;1;1.00000e+00;1.00000e+00;1.00000e+00;117;-5.04313e-03;9.04286e-04;7.44858e-04
nav-lives;me-freeForm;1;[8];160;16000;16000;1.53624e+04;31;1;1;1.00000e+00;1.00000e+00;1.00000e+00;194;5.13877e-01;5.18367e-01;5.02007e-01
nav-lives;me-freeForm;2;[8];147;14700;14700;1.44819e+04;1;1;1;1.00000e+00;1.00000e+00;1.00000e+00;117;-5.04313e-03;9.04286e-04;7.44858e-04
nav-lives;me-freeForm;1;[8];161;16100;16100;1.54482e+04;31;1;1;1.00000e+00;1.00000e+00;1.00000e+00;194;5.13877e-01;5.18367e-01;5.02007e-01
nav-lives;me-freeForm;2;[8];148;14800;14800;1.45679e+04;1;1;1;1.00000e+00;1.00000e+00;1.00000e+00;117;-5.04313e-03;9.04286e-04;7.44858e-04
nav-lives;me-freeForm;1;[8];162;16200;16200;1.55348e+04;31;1;1;1.00000e+00;1.00000e+00;1.00000e+00;194;5.13877e-01;5.18367e-01;5.02007e-01
nav-lives;me-freeForm;2;[8];149;14900;14900;1.46543e+04;1;1;1;1.00000e+00;1.00000e+00;1.00000e+00;117;-5.04313e-03;9.04286e-04;7.44858e-04
nav-lives;me-freeForm;1;[8];163;16300;16300;1.56215e+04;31;1;1;1.00000e+00;1.00000e+00;1.00000e+00;194;5.13877e-01;5.18367e-01;5.02007e-01
nav-lives;me-freeForm;2;[8];150;15000;15000;1.47410e+04;1;1;1;1.00000e+00;1.00000e+00;1.00000e+00;117;-5.04313e-03;9.04286e-04;7.44858e-04
nav-lives;me-freeForm;1;[8];164;16400;16400;1.57079e+04;31;1;1;1.00000e+00;1.00000e+00;1.00000e+00;194;5.13877e-01;5.18367e-01;5.02007e-01
nav-lives;me-freeForm;2;[8];151;15100;15100;1.48290e+04;1;1;1;1.00000e+00;1.00000e+00;1.00000e+00;117;-5.04313e-03;9.04286e-04;7.44858e-04
nav-lives;me-freeForm;1;[8];165;16500;16500;1.57978e+04;31;1;1;1.00000e+00;1.00000e+00;1.00000e+00;194;5.13877e-01;5.18367e-01;5.02007e-01
nav-lives;me-freeForm;2;[8];152;15200;15200;1.49142e+04;1;1;1;1.00000e+00;1.00000e+00;1.00000e+00;117;-5.04313e-03;9.04286e-04;7.44858e-04
nav-lives;me-freeForm;1;[8];166;16600;16600;1.58828e+04;31;1;1;1.00000e+00;1.00000e+00;1.00000e+00;194;5.13877e-01;5.18367e-01;5.02007e-01
nav-lives;me-freeForm;2;[8];153;15300;15300;1.50016e+04;1;1;1;1.00000e+00;1.00000e+00;1.00000e+00;117;-5.04313e-03;9.04286e-04;7.44858e-04
nav-lives;me-freeForm;1;[8];167;16700;16700;1.59673e+04;31;1;1;1.00000e+00;1.00000e+00;1.00000e+00;194;5.13877e-01;5.18367e-01;5.02007e-01
nav-lives;me-freeForm;2;[8];154;15400;15400;1.50859e+04;1;1;1;1.00000e+00;1.00000e+00;1.00000e+00;117;-5.04313e-03;9.04286e-04;7.44858e-04
nav-lives;me-freeForm;1;[8];168;16800;16800;1.60548e+04;31;1;1;1.00000e+00;1.00000e+00;1.00000e+00;194;5.13877e-01;5.18367e-01;5.02007e-01
nav-lives;me-freeForm;2;[8];155;15500;15500;1.51725e+04;1;1;1;1.00000e+00;1.00000e+00;1.00000e+00;117;-5.04313e-03;9.04286e-04;7.44858e-04
nav-lives;me-freeForm;1;[8];169;16900;16900;1.61405e+04;31;1;1;1.00000e+00;1.00000e+00;1.00000e+00;194;5.13877e-01;5.18367e-01;5.02007e-01
nav-lives;me-freeForm;2;[8];156;15600;15600;1.52607e+04;1;1;1;1.00000e+00;1.00000e+00;1.00000e+00;117;-5.04313e-03;9.04286e-04;7.44858e-04
nav-lives;me-freeForm;1;[8];170;17000;17000;1.62258e+04;31;1;1;1.00000e+00;1.00000e+00;1.00000e+00;194;5.13877e-01;5.18367e-01;5.02007e-01
nav-lives;me-freeForm;2;[8];157;15700;15700;1.53466e+04;1;1;1;1.00000e+00;1.00000e+00;1.00000e+00;117;-5.04313e-03;9.04286e-04;7.44858e-04
nav-lives;me-freeForm;1;[8];171;17100;17100;1.63120e+04;31;1;1;1.00000e+00;1.00000e+00;1.00000e+00;194;5.13877e-01;5.18367e-01;5.02007e-01
nav-lives;me-freeForm;2;[8];158;15800;15800;1.54313e+04;1;1;1;1.00000e+00;1.00000e+00;1.00000e+00;117;-5.04313e-03;9.04286e-04;7.44858e-04
nav-lives;me-freeForm;1;[8];172;17200;17200;1.63984e+04;31;1;1;1.00000e+00;1.00000e+00;1.00000e+00;194;5.13877e-01;5.18367e-01;5.02007e-01
nav-lives;me-freeForm;2;[8];159;15900;15900;1.55179e+04;1;1;1;1.00000e+00;1.00000e+00;1.00000e+00;117;-5.04313e-03;9.04286e-04;7.44858e-04
nav-lives;me-freeForm;1;[8];173;17300;17300;1.64865e+04;31;1;1;1.00000e+00;1.00000e+00;1.00000e+00;194;5.13877e-01;5.18367e-01;5.02007e-01
nav-lives;me-freeForm;2;[8];160;16000;16000;1.56039e+04;1;1;1;1.00000e+00;1.00000e+00;1.00000e+00;117;-5.04313e-03;9.04286e-04;7.44858e-04
nav-lives;me-freeForm;1;[8];174;17400;17400;1.65752e+04;31;1;1;1.00000e+00;1.00000e+00;1.00000e+00;194;5.13877e-01;5.18367e-01;5.02007e-01
nav-lives;me-freeForm;2;[8];161;16100;16100;1.56917e+04;1;1;1;1.00000e+00;1.00000e+00;1.00000e+00;117;-5.04313e-03;9.04286e-04;7.44858e-04
nav-lives;me-freeForm;1;[8];175;17500;17500;1.66623e+04;31;1;1;1.00000e+00;1.00000e+00;1.00000e+00;194;5.13877e-01;5.18367e-01;5.02007e-01
nav-lives;me-freeForm;2;[8];162;16200;16200;1.57785e+04;1;1;1;1.00000e+00;1.00000e+00;1.00000e+00;117;-5.04313e-03;9.04286e-04;7.44858e-04
nav-lives;me-freeForm;1;[8];176;17600;17600;1.67480e+04;31;1;1;1.00000e+00;1.00000e+00;1.00000e+00;194;5.13877e-01;5.18367e-01;5.02007e-01
nav-lives;me-freeForm;2;[8];163;16300;16300;1.58649e+04;1;1;1;1.00000e+00;1.00000e+00;1.00000e+00;115;-4.97100e-03;2.53191e-03;8.10324e-04
nav-lives;me-freeForm;1;[8];177;17700;17700;1.68335e+04;31;1;1;1.00000e+00;1.00000e+00;1.00000e+00;194;5.13877e-01;5.18367e-01;5.02007e-01
nav-lives;me-freeForm;2;[8];164;16400;16400;1.59501e+04;1;1;1;1.00000e+00;1.00000e+00;1.00000e+00;115;-4.97100e-03;2.53191e-03;8.10324e-04
nav-lives;me-freeForm;1;[8];178;17800;17800;1.69198e+04;31;1;1;1.00000e+00;1.00000e+00;1.00000e+00;194;5.13877e-01;5.18367e-01;5.02007e-01
nav-lives;me-freeForm;2;[8];165;16500;16500;1.60354e+04;1;1;1;1.00000e+00;1.00000e+00;1.00000e+00;115;-4.97100e-03;2.53191e-03;8.10324e-04
nav-lives;me-freeForm;1;[8];179;17900;17900;1.70047e+04;31;1;1;1.00000e+00;1.00000e+00;1.00000e+00;194;5.13877e-01;5.18367e-01;5.02007e-01
nav-lives;me-freeForm;2;[8];166;16600;16600;1.61247e+04;1;1;1;1.00000e+00;1.00000e+00;1.00000e+00;115;-4.97100e-03;2.53191e-03;8.10324e-04
nav-lives;me-freeForm;1;[8];180;18000;18000;1.70916e+04;31;1;1;1.00000e+00;1.00000e+00;1.00000e+00;194;5.13877e-01;5.18367e-01;5.02007e-01
nav-lives;me-freeForm;2;[8];167;16700;16700;1.62087e+04;1;1;1;1.00000e+00;1.00000e+00;1.00000e+00;115;-4.97100e-03;2.53191e-03;8.10324e-04
nav-lives;me-freeForm;1;[8];181;18100;18100;1.71771e+04;31;1;1;1.00000e+00;1.00000e+00;1.00000e+00;194;5.13877e-01;5.18367e-01;5.02007e-01
nav-lives;me-freeForm;2;[8];168;16800;16800;1.62949e+04;1;1;1;1.00000e+00;1.00000e+00;1.00000e+00;115;-4.97100e-03;2.53191e-03;8.10324e-04
nav-lives;me-freeForm;1;[8];182;18200;18200;1.72645e+04;31;1;1;1.00000e+00;1.00000e+00;1.00000e+00;194;5.13877e-01;5.18367e-01;5.02007e-01
nav-lives;me-freeForm;2;[8];169;16900;16900;1.63808e+04;1;1;1;1.00000e+00;1.00000e+00;1.00000e+00;115;-4.97100e-03;2.53191e-03;8.10324e-04
nav-lives;me-freeForm;1;[8];183;18300;18300;1.73526e+04;31;1;1;1.00000e+00;1.00000e+00;1.00000e+00;194;5.13877e-01;5.18367e-01;5.02007e-01
nav-lives;me-freeForm;2;[8];170;17000;17000;1.64684e+04;1;1;1;1.00000e+00;1.00000e+00;1.00000e+00;115;-4.97100e-03;2.53191e-03;8.10324e-04
nav-lives;me-freeForm;1;[8];184;18400;18400;1.74384e+04;31;1;1;1.00000e+00;1.00000e+00;1.00000e+00;194;5.13877e-01;5.18367e-01;5.02007e-01
nav-lives;me-freeForm;2;[8];171;17100;17100;1.65557e+04;1;1;1;1.00000e+00;1.00000e+00;1.00000e+00;115;-4.97100e-03;2.53191e-03;8.10324e-04
nav-lives;me-freeForm;1;[8];185;18500;18500;1.75239e+04;31;1;1;1.00000e+00;1.00000e+00;1.00000e+00;194;5.13877e-01;5.18367e-01;5.02007e-01
nav-lives;me-freeForm;2;[8];172;17200;17200;1.66402e+04;1;1;1;1.00000e+00;1.00000e+00;1.00000e+00;115;-4.97100e-03;2.53191e-03;8.10324e-04
nav-lives;me-freeForm;1;[8];186;18600;18600;1.76102e+04;31;1;1;1.00000e+00;1.00000e+00;1.00000e+00;214;5.13877e-01;2.40444e-01;5.02007e-01
nav-lives;me-freeForm;2;[8];173;17300;17300;1.67270e+04;1;1;1;1.00000e+00;1.00000e+00;1.00000e+00;115;-4.97100e-03;2.53191e-03;8.10324e-04
nav-lives;me-freeForm;1;[8];187;18700;18700;1.76942e+04;31;1;1;1.00000e+00;1.00000e+00;1.00000e+00;214;5.13877e-01;2.40444e-01;5.02007e-01
nav-lives;me-freeForm;2;[8];174;17400;17400;1.68135e+04;1;1;1;1.00000e+00;1.00000e+00;1.00000e+00;115;-4.97100e-03;2.53191e-03;8.10324e-04
nav-lives;me-freeForm;1;[8];188;18800;18800;1.77813e+04;31;1;1;1.00000e+00;1.00000e+00;1.00000e+00;214;5.13877e-01;2.40444e-01;5.02007e-01
nav-lives;me-freeForm;2;[8];175;17500;17500;1.68981e+04;1;1;1;1.00000e+00;1.00000e+00;1.00000e+00;115;-4.97100e-03;2.53191e-03;8.10324e-04
nav-lives;me-freeForm;1;[8];189;18900;18900;1.78678e+04;31;2;1;1.00000e+00;1.00000e+00;1.00000e+00;215;5.13877e-01;1.55077e-01;5.02007e-01
nav-lives;me-freeForm;2;[8];176;17600;17600;1.69842e+04;1;1;1;1.00000e+00;1.00000e+00;1.00000e+00;115;-4.97100e-03;2.53191e-03;8.10324e-04
nav-lives;me-freeForm;1;[8];190;19000;19000;1.79531e+04;31;1;1;1.00000e+00;1.00000e+00;1.00000e+00;203;5.13877e-01;2.62696e-01;5.02007e-01
nav-lives;me-freeForm;2;[8];177;17700;17700;1.70705e+04;1;1;1;1.00000e+00;1.00000e+00;1.00000e+00;115;-4.97100e-03;2.53191e-03;8.10324e-04
nav-lives;me-freeForm;1;[8];191;19100;19100;1.80397e+04;31;2;1;1.00000e+00;1.00000e+00;1.00000e+00;203;5.13877e-01;2.62696e-01;5.02007e-01
nav-lives;me-freeForm;2;[8];178;17800;17800;1.71592e+04;1;1;1;1.00000e+00;1.00000e+00;1.00000e+00;115;-4.97100e-03;2.53191e-03;8.10324e-04
nav-lives;me-freeForm;1;[8];192;19200;19200;1.81275e+04;31;2;1;1.00000e+00;1.00000e+00;1.00000e+00;203;5.13877e-01;2.62696e-01;5.02007e-01
nav-lives;me-freeForm;2;[8];179;17900;17900;1.72440e+04;1;1;1;1.00000e+00;1.00000e+00;1.00000e+00;115;-4.97100e-03;2.53191e-03;8.10324e-04
nav-lives;me-freeForm;1;[8];193;19300;19300;1.82120e+04;31;2;1;1.00000e+00;1.00000e+00;1.00000e+00;203;5.13877e-01;2.62696e-01;5.02007e-01
nav-lives;me-freeForm;2;[8];180;18000;18000;1.73300e+04;1;1;1;1.00000e+00;1.00000e+00;1.00000e+00;115;-4.97100e-03;2.53191e-03;8.10324e-04
nav-lives;me-freeForm;1;[8];194;19400;19400;1.82985e+04;31;2;1;1.00000e+00;1.00000e+00;1.00000e+00;203;5.13877e-01;2.62696e-01;5.02007e-01
nav-lives;me-freeForm;2;[8];181;18100;18100;1.74166e+04;1;1;1;1.00000e+00;1.00000e+00;1.00000e+00;115;-4.97100e-03;2.53191e-03;8.10324e-04
nav-lives;me-freeForm;1;[8];195;19500;19500;1.83857e+04;31;3;1;1.00000e+00;1.00000e+00;1.00000e+00;207;5.13877e-01;1.62377e-01;5.02007e-01
nav-lives;me-freeForm;2;[8];182;18200;18200;1.75031e+04;1;1;1;1.00000e+00;1.00000e+00;1.00000e+00;115;-4.28278e-03;1.25673e-03;1.15549e-03
nav-lives;me-freeForm;1;[8];196;19600;19600;1.84721e+04;31;3;1;1.00000e+00;1.00000e+00;1.00000e+00;207;5.13877e-01;1.62377e-01;5.02007e-01
nav-lives;me-freeForm;2;[8];183;18300;18300;1.75894e+04;1;1;1;1.00000e+00;1.00000e+00;1.00000e+00;115;-3.88938e-03;2.16183e-03;9.85472e-04
nav-lives;me-freeForm;1;[8];197;19700;19700;1.85599e+04;31;3;1;1.00000e+00;1.00000e+00;1.00000e+00;207;5.13877e-01;1.62377e-01;5.02007e-01
nav-lives;me-freeForm;2;[8];184;18400;18400;1.76771e+04;1;1;1;1.00000e+00;1.00000e+00;1.00000e+00;113;-3.73237e-03;1.77492e-03;1.72495e-03
nav-lives;me-freeForm;1;[8];198;19800;19800;1.86454e+04;31;3;1;1.00000e+00;1.00000e+00;1.00000e+00;207;5.13877e-01;1.62377e-01;5.02007e-01
nav-lives;me-freeForm;2;[8];185;18500;18500;1.77605e+04;1;1;1;1.00000e+00;1.00000e+00;1.00000e+00;115;-3.59069e-03;3.37492e-03;1.49204e-03
nav-lives;me-freeForm;1;[8];199;19900;19900;1.87316e+04;31;1;1;1.00000e+00;1.00000e+00;1.00000e+00;211;5.13877e-01;4.18418e-01;5.02007e-01
nav-lives;me-freeForm;2;[8];186;18600;18600;1.78485e+04;1;1;1;1.00000e+00;1.00000e+00;1.00000e+00;115;-3.44640e-03;3.58279e-03;9.43468e-04
nav-lives;me-freeForm;1;[8];200;20000;20000;1.88171e+04;31;1;1;1.00000e+00;1.00000e+00;1.00000e+00;211;5.13877e-01;4.18418e-01;5.02007e-01
nav-lives;me-freeForm;2;[8];187;18700;18700;1.79328e+04;1;1;1;1.00000e+00;1.00000e+00;1.00000e+00;115;-3.44640e-03;3.58279e-03;9.43468e-04
nav-lives;me-freeForm;1;[8];201;20100;20100;1.89043e+04;31;1;1;1.00000e+00;1.00000e+00;1.00000e+00;211;5.13877e-01;4.18418e-01;5.02007e-01
nav-lives;me-freeForm;2;[8];188;18800;18800;1.80200e+04;1;1;1;1.00000e+00;1.00000e+00;1.00000e+00;115;-3.44640e-03;3.58279e-03;9.43468e-04
nav-lives;me-freeForm;1;[8];202;20200;20200;1.89903e+04;31;2;1;1.00000e+00;1.00000e+00;1.00000e+00;211;5.13877e-01;1.12808e-01;5.02007e-01
nav-lives;me-freeForm;2;[8];189;18900;18900;1.81051e+04;1;1;1;1.00000e+00;1.00000e+00;1.00000e+00;115;-3.44640e-03;3.58279e-03;9.43468e-04
nav-lives;me-freeForm;1;[8];203;20300;20300;1.90764e+04;31;2;1;1.00000e+00;1.00000e+00;1.00000e+00;211;5.13877e-01;1.12808e-01;5.02007e-01
nav-lives;me-freeForm;2;[8];190;19000;19000;1.81942e+04;1;1;1;1.00000e+00;1.00000e+00;1.00000e+00;115;-3.44640e-03;3.58279e-03;9.43468e-04
nav-lives;me-freeForm;1;[8];204;20400;20400;1.91638e+04;31;2;1;1.00000e+00;1.00000e+00;1.00000e+00;211;5.13877e-01;1.12808e-01;5.02007e-01
nav-lives;me-freeForm;2;[8];191;19100;19100;1.82795e+04;1;1;1;1.00000e+00;1.00000e+00;1.00000e+00;115;-3.44640e-03;3.58279e-03;9.43468e-04
nav-lives;me-freeForm;1;[8];205;20500;20500;1.92486e+04;31;2;1;1.00000e+00;1.00000e+00;1.00000e+00;211;5.13877e-01;1.12808e-01;5.02007e-01
nav-lives;me-freeForm;2;[8];192;19200;19200;1.83662e+04;1;1;1;1.00000e+00;1.00000e+00;1.00000e+00;115;-3.44640e-03;3.58279e-03;9.43468e-04
nav-lives;me-freeForm;1;[8];206;20600;20600;1.93350e+04;31;2;1;1.00000e+00;1.00000e+00;1.00000e+00;211;5.13877e-01;1.12808e-01;5.02007e-01
nav-lives;me-freeForm;2;[8];193;19300;19300;1.84497e+04;1;1;1;1.00000e+00;1.00000e+00;1.00000e+00;115;-3.44640e-03;3.58279e-03;9.43468e-04
nav-lives;me-freeForm;1;[8];207;20700;20700;1.94219e+04;31;1;1;1.00000e+00;1.00000e+00;1.00000e+00;215;5.13938e-01;3.85389e-01;5.02066e-01
nav-lives;me-freeForm;2;[8];194;19400;19400;1.85373e+04;1;1;1;1.00000e+00;1.00000e+00;1.00000e+00;115;-3.44640e-03;3.58279e-03;9.43468e-04
nav-lives;me-freeForm;1;[8];208;20800;20800;1.95068e+04;31;1;1;1.00000e+00;1.00000e+00;1.00000e+00;215;5.13938e-01;3.85389e-01;5.02066e-01
nav-lives;me-freeForm;2;[8];195;19500;19500;1.86243e+04;1;1;1;1.00000e+00;1.00000e+00;1.00000e+00;115;-3.44640e-03;3.58279e-03;9.43468e-04
nav-lives;me-freeForm;1;[8];209;20900;20900;1.95948e+04;31;1;1;1.00000e+00;1.00000e+00;1.00000e+00;215;5.13938e-01;3.85389e-01;5.02066e-01
nav-lives;me-freeForm;2;[8];196;19600;19600;1.87090e+04;1;1;1;1.00000e+00;1.00000e+00;1.00000e+00;115;-3.44640e-03;3.58279e-03;9.43468e-04
nav-lives;me-freeForm;1;[8];210;21000;21000;1.96824e+04;31;1;1;1.00000e+00;1.00000e+00;1.00000e+00;215;5.13938e-01;3.85389e-01;5.02066e-01
nav-lives;me-freeForm;2;[8];197;19700;19700;1.87966e+04;1;1;1;1.00000e+00;1.00000e+00;1.00000e+00;115;-3.44640e-03;3.58279e-03;9.43468e-04
nav-lives;me-freeForm;1;[8];211;21100;21100;1.97677e+04;31;1;1;1.00000e+00;1.00000e+00;1.00000e+00;215;5.13938e-01;3.85389e-01;5.02066e-01
nav-lives;me-freeForm;2;[8];198;19800;19800;1.88824e+04;1;1;1;1.00000e+00;1.00000e+00;1.00000e+00;115;-3.44640e-03;3.58279e-03;9.43468e-04
nav-lives;me-freeForm;1;[8];212;21200;21200;1.98536e+04;31;1;1;1.00000e+00;1.00000e+00;1.00000e+00;215;5.13938e-01;3.85389e-01;5.02066e-01
nav-lives;me-freeForm;2;[8];199;19900;19900;1.89716e+04;1;1;1;1.00000e+00;1.00000e+00;1.00000e+00;115;-3.44640e-03;3.58279e-03;9.43468e-04
nav-lives;me-freeForm;1;[8];213;21300;21300;1.99386e+04;31;1;1;1.00000e+00;1.00000e+00;1.00000e+00;215;5.13938e-01;3.85389e-01;5.02066e-01
nav-lives;me-freeForm;2;[8];200;20000;20000;1.90558e+04;1;1;1;1.00000e+00;1.00000e+00;1.00000e+00;115;-3.44640e-03;3.58279e-03;9.43468e-04
nav-lives;me-freeForm;1;[8];214;21400;21400;2.00240e+04;31;1;1;1.00000e+00;1.00000e+00;1.00000e+00;215;5.13938e-01;3.85389e-01;5.02066e-01
nav-lives;me-freeForm;2;[8];201;20100;20100;1.91403e+04;1;1;1;1.00000e+00;1.00000e+00;1.00000e+00;115;-3.44640e-03;3.58279e-03;9.43468e-04
nav-lives;me-freeForm;1;[8];215;21500;21500;2.01090e+04;31;1;1;1.00000e+00;1.00000e+00;1.00000e+00;215;5.13938e-01;3.85389e-01;5.02066e-01
nav-lives;me-freeForm;2;[8];202;20200;20200;1.92266e+04;1;1;1;1.00000e+00;1.00000e+00;1.00000e+00;115;-3.44640e-03;3.58279e-03;9.43468e-04
nav-lives;me-freeForm;1;[8];216;21600;21600;2.01954e+04;31;1;1;1.00000e+00;1.00000e+00;1.00000e+00;215;5.13938e-01;3.85389e-01;5.02066e-01
nav-lives;me-freeForm;2;[8];203;20300;20300;1.93120e+04;1;1;1;1.00000e+00;1.00000e+00;1.00000e+00;115;-3.44640e-03;3.58279e-03;9.43468e-04
nav-lives;me-freeForm;1;[8];217;21700;21700;2.02810e+04;31;1;1;1.00000e+00;1.00000e+00;1.00000e+00;218;5.13938e-01;5.18822e-01;5.02066e-01
nav-lives;me-freeForm;2;[8];204;20400;20400;1.93996e+04;1;1;1;1.00000e+00;1.00000e+00;1.00000e+00;115;-3.44640e-03;3.58279e-03;9.43468e-04
nav-lives;me-freeForm;1;[8];218;21800;21800;2.03706e+04;31;1;1;1.00000e+00;1.00000e+00;1.00000e+00;218;5.13938e-01;5.18822e-01;5.02066e-01
nav-lives;me-freeForm;2;[8];205;20500;20500;1.94866e+04;1;1;1;1.00000e+00;1.00000e+00;1.00000e+00;110;-3.35793e-03;3.31733e-03;1.11296e-03
nav-lives;me-freeForm;1;[8];219;21900;21900;2.04570e+04;31;1;1;1.00000e+00;1.00000e+00;1.00000e+00;215;5.13938e-01;3.78494e-01;5.02066e-01
nav-lives;me-freeForm;2;[8];206;20600;20600;1.95730e+04;1;1;1;1.00000e+00;1.00000e+00;1.00000e+00;110;-3.35793e-03;3.31733e-03;1.11296e-03
nav-lives;me-freeForm;1;[8];220;22000;22000;2.05420e+04;31;1;1;1.00000e+00;1.00000e+00;1.00000e+00;215;5.13938e-01;3.78494e-01;5.02066e-01
nav-lives;me-freeForm;2;[8];207;20700;20700;1.96594e+04;1;1;1;1.00000e+00;1.00000e+00;1.00000e+00;110;-2.89593e-03;3.45825e-03;8.91677e-04
nav-lives;me-freeForm;1;[8];221;22100;22100;2.06295e+04;31;1;1;1.00000e+00;1.00000e+00;1.00000e+00;215;5.13938e-01;3.78494e-01;5.02066e-01
nav-lives;me-freeForm;2;[8];208;20800;20800;1.97433e+04;1;1;1;1.00000e+00;1.00000e+00;1.00000e+00;110;-2.89593e-03;3.45825e-03;8.91677e-04
nav-lives;me-freeForm;1;[8];222;22200;22200;2.07149e+04;31;1;1;1.00000e+00;1.00000e+00;1.00000e+00;215;5.13938e-01;3.78494e-01;5.02066e-01
nav-lives;me-freeForm;2;[8];209;20900;20900;1.98296e+04;1;1;1;1.00000e+00;1.00000e+00;1.00000e+00;110;-2.89593e-03;3.45825e-03;8.91677e-04
nav-lives;me-freeForm;1;[8];223;22300;22300;2.08007e+04;31;1;1;1.00000e+00;1.00000e+00;1.00000e+00;215;5.13938e-01;3.78494e-01;5.02066e-01
nav-lives;me-freeForm;2;[8];210;21000;21000;1.99153e+04;1;1;1;1.00000e+00;1.00000e+00;1.00000e+00;110;-2.89593e-03;3.45825e-03;8.91677e-04
nav-lives;me-freeForm;1;[8];224;22400;22400;2.08872e+04;31;1;1;1.00000e+00;1.00000e+00;1.00000e+00;215;5.13938e-01;3.78494e-01;5.02066e-01
nav-lives;me-freeForm;2;[8];211;21100;21100;2.00014e+04;1;1;1;1.00000e+00;1.00000e+00;1.00000e+00;110;-2.89593e-03;3.45825e-03;8.91677e-04
nav-lives;me-freeForm;1;[8];225;22500;22500;2.09726e+04;31;1;1;1.00000e+00;1.00000e+00;1.00000e+00;219;5.13939e-01;5.10663e-01;5.02067e-01
nav-lives;me-freeForm;2;[8];212;21200;21200;2.00884e+04;1;1;1;1.00000e+00;1.00000e+00;1.00000e+00;110;-2.89593e-03;3.45825e-03;8.91677e-04
nav-lives;me-freeForm;1;[8];226;22600;22600;2.10575e+04;31;1;1;1.00000e+00;1.00000e+00;1.00000e+00;219;5.13939e-01;5.10663e-01;5.02067e-01
nav-lives;me-freeForm;2;[8];213;21300;21300;2.01739e+04;1;1;1;1.00000e+00;1.00000e+00;1.00000e+00;110;-2.89593e-03;3.45825e-03;8.91677e-04
nav-lives;me-freeForm;1;[8];227;22700;22700;2.11429e+04;31;1;1;1.00000e+00;1.00000e+00;1.00000e+00;219;5.13939e-01;5.10663e-01;5.02067e-01
nav-lives;me-freeForm;2;[8];214;21400;21400;2.02595e+04;1;1;1;1.00000e+00;1.00000e+00;1.00000e+00;110;-2.89593e-03;3.45825e-03;8.91677e-04
nav-lives;me-freeForm;1;[8];228;22800;22800;2.12278e+04;31;1;1;1.00000e+00;1.00000e+00;1.00000e+00;219;5.13939e-01;5.10663e-01;5.02067e-01
nav-lives;me-freeForm;2;[8];215;21500;21500;2.03437e+04;1;1;1;1.00000e+00;1.00000e+00;1.00000e+00;110;-2.89593e-03;3.45825e-03;8.91677e-04
nav-lives;me-freeForm;1;[8];229;22900;22900;2.13145e+04;31;1;1;1.00000e+00;1.00000e+00;1.00000e+00;219;5.13939e-01;5.10663e-01;5.02067e-01
nav-lives;me-freeForm;2;[8];216;21600;21600;2.04321e+04;1;1;1;1.00000e+00;1.00000e+00;1.00000e+00;110;-2.89593e-03;3.45825e-03;8.91677e-04
nav-lives;me-freeForm;1;[8];230;23000;23000;2.14001e+04;31;1;1;1.00000e+00;1.00000e+00;1.00000e+00;219;5.13939e-01;5.10663e-01;5.02067e-01
nav-lives;me-freeForm;2;[8];217;21700;21700;2.05174e+04;1;1;1;1.00000e+00;1.00000e+00;1.00000e+00;110;-2.89593e-03;3.45825e-03;8.91677e-04
nav-lives;me-freeForm;1;[8];231;23100;23100;2.14866e+04;31;1;1;1.00000e+00;1.00000e+00;1.00000e+00;219;5.13939e-01;5.10663e-01;5.02067e-01
nav-lives;me-freeForm;2;[8];218;21800;21800;2.06012e+04;1;1;1;1.00000e+00;1.00000e+00;1.00000e+00;110;-2.89593e-03;3.45825e-03;8.91677e-04
nav-lives;me-freeForm;1;[8];232;23200;23200;2.15729e+04;31;1;1;1.00000e+00;1.00000e+00;1.00000e+00;219;5.13939e-01;5.10663e-01;5.02067e-01
nav-lives;me-freeForm;2;[8];219;21900;21900;2.06887e+04;1;1;1;1.00000e+00;1.00000e+00;1.00000e+00;110;-2.89593e-03;3.45825e-03;8.91677e-04
nav-lives;me-freeForm;1;[8];233;23300;23300;2.16586e+04;31;1;1;1.00000e+00;1.00000e+00;1.00000e+00;219;5.13939e-01;5.10663e-01;5.02067e-01
nav-lives;me-freeForm;2;[8];220;22000;22000;2.07751e+04;1;1;1;1.00000e+00;1.00000e+00;1.00000e+00;110;-2.89593e-03;3.45825e-03;8.91677e-04
nav-lives;me-freeForm;1;[8];234;23400;23400;2.17456e+04;31;1;1;1.00000e+00;1.00000e+00;1.00000e+00;219;5.13939e-01;5.10663e-01;5.02067e-01
nav-lives;me-freeForm;2;[8];221;22100;22100;2.08609e+04;1;1;1;1.00000e+00;1.00000e+00;1.00000e+00;110;-2.89593e-03;3.45825e-03;8.91677e-04
nav-lives;me-freeForm;1;[8];235;23500;23500;2.18321e+04;31;1;1;1.00000e+00;1.00000e+00;1.00000e+00;219;5.13939e-01;5.10663e-01;5.02067e-01
nav-lives;me-freeForm;2;[8];222;22200;22200;2.09491e+04;1;1;1;1.00000e+00;1.00000e+00;1.00000e+00;110;-2.89593e-03;3.45825e-03;8.91677e-04
nav-lives;me-freeForm;1;[8];236;23600;23600;2.19191e+04;31;1;1;1.00000e+00;1.00000e+00;1.00000e+00;219;5.13939e-01;5.10663e-01;5.02067e-01
nav-lives;me-freeForm;2;[8];223;22300;22300;2.10346e+04;1;1;1;1.00000e+00;1.00000e+00;1.00000e+00;110;-2.89593e-03;3.45825e-03;8.91677e-04
nav-lives;me-freeForm;1;[8];237;23700;23700;2.20050e+04;31;1;1;1.00000e+00;1.00000e+00;1.00000e+00;219;5.13939e-01;5.10663e-01;5.02067e-01
nav-lives;me-freeForm;2;[8];224;22400;22400;2.11218e+04;1;1;1;1.00000e+00;1.00000e+00;1.00000e+00;110;-2.89593e-03;3.45825e-03;8.91677e-04
nav-lives;me-freeForm;1;[8];238;23800;23800;2.20921e+04;31;1;1;1.00000e+00;1.00000e+00;1.00000e+00;219;5.13939e-01;5.10663e-01;5.02067e-01
nav-lives;me-freeForm;2;[8];225;22500;22500;2.12061e+04;1;1;1;1.00000e+00;1.00000e+00;1.00000e+00;110;-2.89593e-03;3.45825e-03;8.91677e-04
nav-lives;me-freeForm;1;[8];239;23900;23900;2.21799e+04;31;1;1;1.00000e+00;1.00000e+00;1.00000e+00;219;5.13939e-01;5.10663e-01;5.02067e-01
nav-lives;me-freeForm;2;[8];226;22600;22600;2.12948e+04;1;1;1;1.00000e+00;1.00000e+00;1.00000e+00;110;-2.89593e-03;3.45825e-03;8.91677e-04
nav-lives;me-freeForm;1;[8];240;24000;24000;2.22656e+04;31;1;1;1.00000e+00;1.00000e+00;1.00000e+00;219;5.13939e-01;5.10663e-01;5.02067e-01
nav-lives;me-freeForm;2;[8];227;22700;22700;2.13817e+04;1;1;1;1.00000e+00;1.00000e+00;1.00000e+00;110;-2.89593e-03;3.45825e-03;8.91677e-04
nav-lives;me-freeForm;1;[8];241;24100;24100;2.23523e+04;31;1;1;1.00000e+00;1.00000e+00;1.00000e+00;219;5.13939e-01;5.10663e-01;5.02067e-01
nav-lives;me-freeForm;2;[8];228;22800;22800;2.14672e+04;1;1;1;1.00000e+00;1.00000e+00;1.00000e+00;110;-2.89593e-03;3.45825e-03;8.91677e-04
nav-lives;me-freeForm;1;[8];242;24200;24200;2.24374e+04;31;1;1;1.00000e+00;1.00000e+00;1.00000e+00;219;5.13939e-01;5.10663e-01;5.02067e-01
nav-lives;me-freeForm;2;[8];229;22900;22900;2.15539e+04;1;1;1;1.00000e+00;1.00000e+00;1.00000e+00;110;-2.89593e-03;3.45825e-03;8.91677e-04
nav-lives;me-freeForm;1;[8];243;24300;24300;2.25241e+04;31;1;1;1.00000e+00;1.00000e+00;1.00000e+00;219;5.13939e-01;5.10663e-01;5.02067e-01
nav-lives;me-freeForm;2;[8];230;23000;23000;2.16386e+04;1;1;1;1.00000e+00;1.00000e+00;1.00000e+00;110;-2.89593e-03;3.45825e-03;8.91677e-04
nav-lives;me-freeForm;1;[8];244;24400;24400;2.26101e+04;31;1;1;1.00000e+00;1.00000e+00;1.00000e+00;219;5.13939e-01;5.10663e-01;5.02067e-01
nav-lives;me-freeForm;2;[8];231;23100;23100;2.17256e+04;1;1;1;1.00000e+00;1.00000e+00;1.00000e+00;110;-2.89593e-03;3.45825e-03;8.91677e-04
nav-lives;me-freeForm;1;[8];245;24500;24500;2.26963e+04;31;1;1;1.00000e+00;1.00000e+00;1.00000e+00;219;5.13939e-01;5.10663e-01;5.02067e-01
nav-lives;me-freeForm;2;[8];232;23200;23200;2.18118e+04;1;1;1;1.00000e+00;1.00000e+00;1.00000e+00;110;-2.89593e-03;3.45825e-03;8.91677e-04
nav-lives;me-freeForm;1;[8];246;24600;24600;2.27824e+04;31;1;1;1.00000e+00;1.00000e+00;1.00000e+00;219;5.13939e-01;5.10663e-01;5.02067e-01
nav-lives;me-freeForm;2;[8];233;23300;23300;2.18979e+04;1;1;1;1.00000e+00;1.00000e+00;1.00000e+00;110;-2.89593e-03;3.45825e-03;8.91677e-04
nav-lives;me-freeForm;1;[8];247;24700;24700;2.28682e+04;31;1;1;1.00000e+00;1.00000e+00;1.00000e+00;219;5.13939e-01;5.10663e-01;5.02067e-01
nav-lives;me-freeForm;2;[8];234;23400;23400;2.19854e+04;1;1;1;1.00000e+00;1.00000e+00;1.00000e+00;110;-2.89593e-03;3.45825e-03;8.91677e-04
nav-lives;me-freeForm;1;[8];248;24800;24800;2.29547e+04;31;1;1;1.00000e+00;1.00000e+00;1.00000e+00;219;5.13939e-01;5.10663e-01;5.02067e-01
nav-lives;me-freeForm;2;[8];235;23500;23500;2.20722e+04;1;1;1;1.00000e+00;1.00000e+00;1.00000e+00;110;-2.89593e-03;3.45825e-03;8.91677e-04
nav-lives;me-freeForm;1;[8];249;24900;24900;2.30423e+04;31;1;1;1.00000e+00;1.00000e+00;1.00000e+00;219;5.13939e-01;5.10663e-01;5.02067e-01
nav-lives;me-freeForm;2;[8];236;23600;23600;2.21586e+04;1;1;1;1.00000e+00;1.00000e+00;1.00000e+00;110;-2.89593e-03;3.45825e-03;8.91677e-04
nav-lives;me-freeForm;1;[8];250;25000;25000;2.31302e+04;31;1;1;1.00000e+00;1.00000e+00;1.00000e+00;219;5.13939e-01;5.10663e-01;5.02067e-01
nav-lives;me-freeForm;2;[8];237;23700;23700;2.22447e+04;1;1;1;1.00000e+00;1.00000e+00;1.00000e+00;110;-2.89593e-03;3.45825e-03;8.91677e-04
nav-lives;me-freeForm;1;[8];251;25100;25100;2.32166e+04;31;1;1;1.00000e+00;1.00000e+00;1.00000e+00;219;5.13939e-01;5.10663e-01;5.02067e-01
nav-lives;me-freeForm;2;[8];238;23800;23800;2.23319e+04;1;1;1;1.00000e+00;1.00000e+00;1.00000e+00;110;-2.89593e-03;3.45825e-03;8.91677e-04
nav-lives;me-freeForm;1;[8];252;25200;25200;2.33027e+04;31;1;1;1.00000e+00;1.00000e+00;1.00000e+00;219;5.13939e-01;5.10663e-01;5.02067e-01
nav-lives;me-freeForm;2;[8];239;23900;23900;2.24171e+04;1;1;1;1.00000e+00;1.00000e+00;1.00000e+00;110;-2.89593e-03;3.45825e-03;8.91677e-04
nav-lives;me-freeForm;1;[8];253;25300;25300;2.33889e+04;31;1;1;1.00000e+00;1.00000e+00;1.00000e+00;219;5.13939e-01;5.10663e-01;5.02067e-01
nav-lives;me-freeForm;2;[8];240;24000;24000;2.25042e+04;1;1;1;1.00000e+00;1.00000e+00;1.00000e+00;110;-2.89593e-03;3.45825e-03;8.91677e-04
nav-lives;me-freeForm;1;[8];254;25400;25400;2.34745e+04;31;1;1;1.00000e+00;1.00000e+00;1.00000e+00;219;5.13939e-01;5.10663e-01;5.02067e-01
nav-lives;me-freeForm;2;[8];241;24100;24100;2.25900e+04;1;1;1;1.00000e+00;1.00000e+00;1.00000e+00;110;-2.89593e-03;3.45825e-03;8.91677e-04
nav-lives;me-freeForm;1;[8];255;25500;25500;2.35609e+04;31;1;1;1.00000e+00;1.00000e+00;1.00000e+00;219;5.13939e-01;5.10663e-01;5.02067e-01
nav-lives;me-freeForm;2;[8];242;24200;24200;2.26772e+04;1;1;1;1.00000e+00;1.00000e+00;1.00000e+00;110;-2.89593e-03;3.45825e-03;8.91677e-04
nav-lives;me-freeForm;1;[8];256;25600;25600;2.36483e+04;31;1;1;1.00000e+00;1.00000e+00;1.00000e+00;219;5.13939e-01;5.10663e-01;5.02067e-01
nav-lives;me-freeForm;2;[8];243;24300;24300;2.27613e+04;1;1;1;1.00000e+00;1.00000e+00;1.00000e+00;110;-2.89593e-03;3.45825e-03;8.91677e-04
nav-lives;me-freeForm;1;[8];257;25700;25700;2.37346e+04;31;1;1;1.00000e+00;1.00000e+00;1.00000e+00;219;5.13939e-01;5.10663e-01;5.02067e-01
nav-lives;me-freeForm;2;[8];244;24400;24400;2.28494e+04;1;1;1;1.00000e+00;1.00000e+00;1.00000e+00;110;-2.89593e-03;3.45825e-03;8.91677e-04
nav-lives;me-freeForm;1;[8];258;25800;25800;2.38223e+04;31;1;1;1.00000e+00;1.00000e+00;1.00000e+00;219;5.13939e-01;5.10663e-01;5.02067e-01
nav-lives;me-freeForm;2;[8];245;24500;24500;2.29363e+04;1;1;1;1.00000e+00;1.00000e+00;1.00000e+00;110;-2.89593e-03;3.45825e-03;8.91677e-04
nav-lives;me-freeForm;1;[8];259;25900;25900;2.39078e+04;31;1;1;1.00000e+00;1.00000e+00;1.00000e+00;219;5.13939e-01;5.10663e-01;5.02067e-01
nav-lives;me-freeForm;2;[8];246;24600;24600;2.30217e+04;1;1;1;1.00000e+00;1.00000e+00;1.00000e+00;110;-2.89593e-03;3.45825e-03;8.91677e-04
nav-lives;me-freeForm;1;[8];260;26000;26000;2.39934e+04;31;1;1;1.00000e+00;1.00000e+00;1.00000e+00;219;5.13939e-01;5.10663e-01;5.02067e-01
nav-lives;me-freeForm;2;[8];247;24700;24700;2.31071e+04;1;1;1;1.00000e+00;1.00000e+00;1.00000e+00;110;-2.89593e-03;3.45825e-03;8.91677e-04
nav-lives;me-freeForm;1;[8];261;26100;26100;2.40798e+04;31;1;1;1.00000e+00;1.00000e+00;1.00000e+00;219;5.13939e-01;5.10663e-01;5.02067e-01
nav-lives;me-freeForm;2;[8];248;24800;24800;2.31931e+04;1;1;1;1.00000e+00;1.00000e+00;1.00000e+00;110;-2.89593e-03;3.45825e-03;8.91677e-04
nav-lives;me-freeForm;1;[8];262;26200;26200;2.41671e+04;31;1;1;1.00000e+00;1.00000e+00;1.00000e+00;219;5.13939e-01;5.10663e-01;5.02067e-01
nav-lives;me-freeForm;2;[8];249;24900;24900;2.32793e+04;1;1;1;1.00000e+00;1.00000e+00;1.00000e+00;110;-2.89593e-03;3.45825e-03;8.91677e-04
nav-lives;me-freeForm;1;[8];263;26300;26300;2.42542e+04;31;1;1;1.00000e+00;1.00000e+00;1.00000e+00;199;5.13939e-01;3.07912e-01;5.02067e-01
nav-lives;me-freeForm;2;[8];250;25000;25000;2.33668e+04;1;1;1;1.00000e+00;1.00000e+00;1.00000e+00;110;-2.89593e-03;3.45825e-03;8.91677e-04
nav-lives;me-freeForm;1;[8];264;26400;26400;2.43393e+04;31;1;1;1.00000e+00;1.00000e+00;1.00000e+00;199;5.13939e-01;3.07912e-01;5.02067e-01
nav-lives;me-freeForm;2;[8];251;25100;25100;2.34525e+04;1;1;1;1.00000e+00;1.00000e+00;1.00000e+00;110;-2.89593e-03;3.45825e-03;8.91677e-04
nav-lives;me-freeForm;1;[8];265;26500;26500;2.44252e+04;31;1;1;1.00000e+00;1.00000e+00;1.00000e+00;199;5.13939e-01;3.07912e-01;5.02067e-01
nav-lives;me-freeForm;2;[8];252;25200;25200;2.35396e+04;1;1;1;1.00000e+00;1.00000e+00;1.00000e+00;110;-2.89593e-03;3.45825e-03;8.91677e-04
nav-lives;me-freeForm;1;[8];266;26600;26600;2.45122e+04;31;1;1;1.00000e+00;1.00000e+00;1.00000e+00;199;5.13939e-01;3.07912e-01;5.02067e-01
nav-lives;me-freeForm;2;[8];253;25300;25300;2.36244e+04;1;1;1;1.00000e+00;1.00000e+00;1.00000e+00;110;-2.89593e-03;3.45825e-03;8.91677e-04
nav-lives;me-freeForm;1;[8];267;26700;26700;2.45976e+04;31;1;1;1.00000e+00;1.00000e+00;1.00000e+00;201;5.13939e-01;4.34283e-01;5.02067e-01
nav-lives;me-freeForm;2;[8];254;25400;25400;2.37111e+04;1;1;1;1.00000e+00;1.00000e+00;1.00000e+00;110;-2.89593e-03;3.45825e-03;8.91677e-04
nav-lives;me-freeForm;1;[8];268;26800;26800;2.46834e+04;31;1;1;1.00000e+00;1.00000e+00;1.00000e+00;201;5.13939e-01;4.34283e-01;5.02067e-01
nav-lives;me-freeForm;2;[8];255;25500;25500;2.37967e+04;1;1;1;1.00000e+00;1.00000e+00;1.00000e+00;110;-2.89593e-03;3.45825e-03;8.91677e-04
nav-lives;me-freeForm;1;[8];269;26900;26900;2.47693e+04;31;1;1;1.00000e+00;1.00000e+00;1.00000e+00;201;5.13939e-01;4.34283e-01;5.02067e-01
nav-lives;me-freeForm;2;[8];256;25600;25600;2.38835e+04;1;1;1;1.00000e+00;1.00000e+00;1.00000e+00;110;-2.89593e-03;3.45825e-03;8.91677e-04
nav-lives;me-freeForm;1;[8];270;27000;27000;2.48536e+04;31;1;1;1.00000e+00;1.00000e+00;1.00000e+00;201;5.13939e-01;4.34283e-01;5.02067e-01
nav-lives;me-freeForm;2;[8];257;25700;25700;2.39705e+04;1;1;1;1.00000e+00;1.00000e+00;1.00000e+00;110;-2.89593e-03;3.45825e-03;8.91677e-04
nav-lives;me-freeForm;1;[8];271;27100;27100;2.49407e+04;31;1;1;1.00000e+00;1.00000e+00;1.00000e+00;201;5.13939e-01;4.34283e-01;5.02067e-01
nav-lives;me-freeForm;2;[8];258;25800;25800;2.40544e+04;1;1;1;1.00000e+00;1.00000e+00;1.00000e+00;110;-2.89593e-03;3.45825e-03;8.91677e-04
nav-lives;me-freeForm;1;[8];272;27200;27200;2.50268e+04;31;1;1;1.00000e+00;1.00000e+00;1.00000e+00;201;5.13939e-01;4.34283e-01;5.02067e-01
nav-lives;me-freeForm;2;[8];259;25900;25900;2.41397e+04;1;1;1;1.00000e+00;1.00000e+00;1.00000e+00;110;-2.89593e-03;3.45825e-03;8.91677e-04
nav-lives;me-freeForm;1;[8];273;27300;27300;2.51119e+04;31;1;1;1.00000e+00;1.00000e+00;1.00000e+00;201;5.13939e-01;4.34283e-01;5.02067e-01
nav-lives;me-freeForm;2;[8];260;26000;26000;2.42291e+04;1;1;1;1.00000e+00;1.00000e+00;1.00000e+00;110;-2.89593e-03;3.45825e-03;8.91677e-04
nav-lives;me-freeForm;1;[8];274;27400;27400;2.51991e+04;31;1;1;1.00000e+00;1.00000e+00;1.00000e+00;201;5.13939e-01;4.99774e-01;5.02067e-01
nav-lives;me-freeForm;2;[8];261;26100;26100;2.43130e+04;1;1;1;1.00000e+00;1.00000e+00;1.00000e+00;110;-2.89593e-03;3.45825e-03;8.91677e-04
nav-lives;me-freeForm;1;[8];275;27500;27500;2.52838e+04;31;1;1;1.00000e+00;1.00000e+00;1.00000e+00;201;5.13939e-01;4.99774e-01;5.02067e-01
nav-lives;me-freeForm;2;[8];262;26200;26200;2.44001e+04;1;1;1;1.00000e+00;1.00000e+00;1.00000e+00;110;-2.89593e-03;3.45825e-03;8.91677e-04
nav-lives;me-freeForm;1;[8];276;27600;27600;2.53677e+04;31;1;1;1.00000e+00;1.00000e+00;1.00000e+00;201;5.13939e-01;4.99774e-01;5.02067e-01
nav-lives;me-freeForm;2;[8];263;26300;26300;2.44858e+04;1;1;1;1.00000e+00;1.00000e+00;1.00000e+00;110;-2.89593e-03;3.45825e-03;8.91677e-04
nav-lives;me-freeForm;1;[8];277;27700;27700;2.54532e+04;31;1;1;1.00000e+00;1.00000e+00;1.00000e+00;201;5.13939e-01;4.99774e-01;5.02067e-01
nav-lives;me-freeForm;2;[8];264;26400;26400;2.45709e+04;1;1;1;1.00000e+00;1.00000e+00;1.00000e+00;110;-2.89593e-03;3.45825e-03;8.91677e-04
nav-lives;me-freeForm;1;[8];278;27800;27800;2.55399e+04;31;1;1;1.00000e+00;1.00000e+00;1.00000e+00;201;5.13939e-01;4.99774e-01;5.02067e-01
nav-lives;me-freeForm;2;[8];265;26500;26500;2.46551e+04;1;1;1;1.00000e+00;1.00000e+00;1.00000e+00;110;-2.89593e-03;3.45825e-03;8.91677e-04
nav-lives;me-freeForm;1;[8];279;27900;27900;2.56264e+04;31;1;1;1.00000e+00;1.00000e+00;1.00000e+00;201;5.13939e-01;4.99774e-01;5.02067e-01
nav-lives;me-freeForm;2;[8];266;26600;26600;2.47432e+04;1;1;1;1.00000e+00;1.00000e+00;1.00000e+00;110;-2.89593e-03;3.45825e-03;8.91677e-04
nav-lives;me-freeForm;1;[8];280;28000;28000;2.57133e+04;31;1;1;1.00000e+00;1.00000e+00;1.00000e+00;202;5.13939e-01;4.37090e-01;5.02067e-01
nav-lives;me-freeForm;2;[8];267;26700;26700;2.48292e+04;1;1;1;1.00000e+00;1.00000e+00;1.00000e+00;110;-2.89593e-03;3.45825e-03;8.91677e-04
nav-lives;me-freeForm;1;[8];281;28100;28100;2.57983e+04;31;1;1;1.00000e+00;1.00000e+00;1.00000e+00;202;5.13939e-01;4.37090e-01;5.02067e-01
nav-lives;me-freeForm;2;[8];268;26800;26800;2.49145e+04;1;1;1;1.00000e+00;1.00000e+00;1.00000e+00;110;-2.89593e-03;3.45825e-03;8.91677e-04
nav-lives;me-freeForm;1;[8];282;28200;28200;2.58848e+04;31;1;1;1.00000e+00;1.00000e+00;1.00000e+00;202;5.13939e-01;4.37090e-01;5.02067e-01
nav-lives;me-freeForm;2;[8];269;26900;26900;2.49982e+04;1;1;1;1.00000e+00;1.00000e+00;1.00000e+00;110;-2.89593e-03;3.45825e-03;8.91677e-04
nav-lives;me-freeForm;1;[8];283;28300;28300;2.59683e+04;31;1;1;1.00000e+00;1.00000e+00;1.00000e+00;204;5.13942e-01;3.61082e-01;5.02070e-01
nav-lives;me-freeForm;2;[8];270;27000;27000;2.50874e+04;1;1;1;1.00000e+00;1.00000e+00;1.00000e+00;110;-2.89593e-03;3.45825e-03;8.91677e-04
nav-lives;me-freeForm;1;[8];284;28400;28400;2.60565e+04;31;1;1;1.00000e+00;1.00000e+00;1.00000e+00;207;5.13942e-01;1.83553e-01;5.02070e-01
nav-lives;me-freeForm;2;[8];271;27100;27100;2.51702e+04;1;1;1;1.00000e+00;1.00000e+00;1.00000e+00;110;-2.89593e-03;3.45825e-03;8.91677e-04
nav-lives;me-freeForm;1;[8];285;28500;28500;2.61437e+04;31;1;1;1.00000e+00;1.00000e+00;1.00000e+00;207;5.13942e-01;1.83553e-01;5.02070e-01
nav-lives;me-freeForm;2;[8];272;27200;27200;2.52586e+04;1;1;1;1.00000e+00;1.00000e+00;1.00000e+00;110;-2.89593e-03;3.45825e-03;8.91677e-04
nav-lives;me-freeForm;1;[8];286;28600;28600;2.62278e+04;31;2;1;1.00000e+00;1.00000e+00;1.00000e+00;207;5.13942e-01;1.83553e-01;5.02070e-01
nav-lives;me-freeForm;2;[8];273;27300;27300;2.53441e+04;1;1;1;1.00000e+00;1.00000e+00;1.00000e+00;110;-2.89593e-03;3.45825e-03;8.91677e-04
nav-lives;me-freeForm;1;[8];287;28700;28700;2.63123e+04;31;2;1;1.00000e+00;1.00000e+00;1.00000e+00;207;5.13942e-01;1.83553e-01;5.02070e-01
nav-lives;me-freeForm;2;[8];274;27400;27400;2.54281e+04;1;1;1;1.00000e+00;1.00000e+00;1.00000e+00;110;-2.89593e-03;3.45825e-03;8.91677e-04
nav-lives;me-freeForm;1;[8];288;28800;28800;2.63974e+04;31;2;1;1.00000e+00;1.00000e+00;1.00000e+00;207;5.13942e-01;1.83553e-01;5.02070e-01
nav-lives;me-freeForm;2;[8];275;27500;27500;2.55122e+04;1;1;1;1.00000e+00;1.00000e+00;1.00000e+00;110;-2.89593e-03;3.45825e-03;8.91677e-04
nav-lives;me-freeForm;1;[8];289;28900;28900;2.64850e+04;31;2;1;1.00000e+00;1.00000e+00;1.00000e+00;207;5.13942e-01;1.83553e-01;5.02070e-01
nav-lives;me-freeForm;2;[8];276;27600;27600;2.56012e+04;1;1;1;1.00000e+00;1.00000e+00;1.00000e+00;110;-2.89593e-03;3.45825e-03;8.91677e-04
nav-lives;me-freeForm;1;[8];290;29000;29000;2.65723e+04;31;2;1;1.00000e+00;1.00000e+00;1.00000e+00;207;5.13942e-01;1.83553e-01;5.02070e-01
nav-lives;me-freeForm;2;[8];277;27700;27700;2.56887e+04;1;1;1;1.00000e+00;1.00000e+00;1.00000e+00;110;-2.89593e-03;3.45825e-03;8.91677e-04
nav-lives;me-freeForm;1;[8];291;29100;29100;2.66572e+04;31;2;1;1.00000e+00;1.00000e+00;1.00000e+00;207;5.13942e-01;1.83553e-01;5.02070e-01
nav-lives;me-freeForm;2;[8];278;27800;27800;2.57720e+04;1;1;1;1.00000e+00;1.00000e+00;1.00000e+00;110;-2.89593e-03;3.45825e-03;8.91677e-04
nav-lives;me-freeForm;1;[8];292;29200;29200;2.67424e+04;31;2;1;1.00000e+00;1.00000e+00;1.00000e+00;207;5.13942e-01;1.83553e-01;5.02070e-01
nav-lives;me-freeForm;2;[8];279;27900;27900;2.58582e+04;1;1;1;1.00000e+00;1.00000e+00;1.00000e+00;110;-2.89593e-03;3.45825e-03;8.91677e-04
nav-lives;me-freeForm;1;[8];293;29300;29300;2.68291e+04;31;1;1;1.00000e+00;1.00000e+00;1.00000e+00;208;5.13942e-01;1.56821e-01;5.02070e-01
nav-lives;me-freeForm;2;[8];280;28000;28000;2.59458e+04;1;1;1;1.00000e+00;1.00000e+00;1.00000e+00;110;-2.89593e-03;3.45825e-03;8.91677e-04
nav-lives;me-freeForm;1;[8];294;29400;29400;2.69155e+04;31;1;1;1.00000e+00;1.00000e+00;1.00000e+00;208;5.13942e-01;1.56821e-01;5.02070e-01
nav-lives;me-freeForm;2;[8];281;28100;28100;2.60311e+04;1;1;1;1.00000e+00;1.00000e+00;1.00000e+00;110;-2.89593e-03;3.45825e-03;8.91677e-04
nav-lives;me-freeForm;1;[8];295;29500;29500;2.70008e+04;31;1;1;1.00000e+00;1.00000e+00;1.00000e+00;208;5.13942e-01;1.56821e-01;5.02070e-01
nav-lives;me-freeForm;2;[8];282;28200;28200;2.61166e+04;1;1;1;1.00000e+00;1.00000e+00;1.00000e+00;110;-2.89593e-03;3.45825e-03;8.91677e-04
nav-lives;me-freeForm;1;[8];296;29600;29600;2.70879e+04;31;1;1;1.00000e+00;1.00000e+00;1.00000e+00;208;5.13942e-01;1.56821e-01;5.02070e-01
nav-lives;me-freeForm;2;[8];283;28300;28300;2.62028e+04;1;1;1;1.00000e+00;1.00000e+00;1.00000e+00;110;-2.89593e-03;3.45825e-03;8.91677e-04
nav-lives;me-freeForm;1;[8];297;29700;29700;2.71727e+04;31;1;1;1.00000e+00;1.00000e+00;1.00000e+00;208;5.13942e-01;1.56821e-01;5.02070e-01
nav-lives;me-freeForm;2;[8];284;28400;28400;2.62884e+04;1;1;1;1.00000e+00;1.00000e+00;1.00000e+00;110;-2.89593e-03;3.45825e-03;8.91677e-04
nav-lives;me-freeForm;1;[8];298;29800;29800;2.72599e+04;31;2;1;1.00000e+00;1.00000e+00;1.00000e+00;208;5.13942e-01;1.56821e-01;5.02070e-01
nav-lives;me-freeForm;2;[8];285;28500;28500;2.63737e+04;1;1;1;1.00000e+00;1.00000e+00;1.00000e+00;110;-2.89593e-03;3.45825e-03;8.91677e-04
nav-lives;me-freeForm;1;[8];299;29900;29900;2.73461e+04;31;2;1;1.00000e+00;1.00000e+00;1.00000e+00;208;5.13942e-01;1.56821e-01;5.02070e-01
nav-lives;me-freeForm;2;[8];286;28600;28600;2.64605e+04;1;1;1;1.00000e+00;1.00000e+00;1.00000e+00;110;-2.89593e-03;3.45825e-03;8.91677e-04
nav-lives;me-freeForm;1;[8];300;30000;30000;2.74310e+04;31;2;1;1.00000e+00;1.00000e+00;1.00000e+00;208;5.13942e-01;1.56821e-01;5.02070e-01
nav-lives;me-freeForm;2;[8];287;28700;28700;2.65476e+04;1;1;1;1.00000e+00;1.00000e+00;1.00000e+00;110;-2.89593e-03;3.45825e-03;8.91677e-04
nav-lives;me-freeForm;1;[8];301;30100;30100;2.75169e+04;31;2;1;1.00000e+00;1.00000e+00;1.00000e+00;208;5.13942e-01;1.56821e-01;5.02070e-01
nav-lives;me-freeForm;2;[8];288;28800;28800;2.66282e+04;1;1;1;1.00000e+00;1.00000e+00;1.00000e+00;110;-2.89593e-03;3.45825e-03;8.91677e-04
nav-lives;me-freeForm;1;[8];302;30200;30200;2.76015e+04;31;2;1;1.00000e+00;1.00000e+00;1.00000e+00;208;5.13942e-01;1.56821e-01;5.02070e-01
nav-lives;me-freeForm;2;[8];289;28900;28900;2.67176e+04;1;1;1;1.00000e+00;1.00000e+00;1.00000e+00;110;-2.89593e-03;3.45825e-03;8.91677e-04
nav-lives;me-freeForm;1;[8];303;30300;30300;2.76876e+04;31;2;1;1.00000e+00;1.00000e+00;1.00000e+00;208;5.13942e-01;1.56821e-01;5.02070e-01
nav-lives;me-freeForm;2;[8];290;29000;29000;2.68016e+04;1;1;1;1.00000e+00;1.00000e+00;1.00000e+00;110;-2.89593e-03;3.45825e-03;8.91677e-04
nav-lives;me-freeForm;1;[8];304;30400;30400;2.77735e+04;31;2;1;1.00000e+00;1.00000e+00;1.00000e+00;208;5.13942e-01;1.56821e-01;5.02070e-01
nav-lives;me-freeForm;2;[8];291;29100;29100;2.68879e+04;1;1;1;1.00000e+00;1.00000e+00;1.00000e+00;110;-2.89593e-03;3.45825e-03;8.91677e-04
nav-lives;me-freeForm;1;[8];305;30500;30500;2.78597e+04;31;2;1;1.00000e+00;1.00000e+00;1.00000e+00;208;5.13942e-01;1.56821e-01;5.02070e-01
nav-lives;me-freeForm;2;[8];292;29200;29200;2.69755e+04;1;1;1;1.00000e+00;1.00000e+00;1.00000e+00;110;-2.89593e-03;3.45825e-03;8.91677e-04
nav-lives;me-freeForm;1;[8];306;30600;30600;2.79450e+04;31;2;1;1.00000e+00;1.00000e+00;1.00000e+00;208;5.13942e-01;1.56821e-01;5.02070e-01
nav-lives;me-freeForm;2;[8];293;29300;29300;2.70619e+04;1;1;1;1.00000e+00;1.00000e+00;1.00000e+00;110;-2.89593e-03;3.45825e-03;8.91677e-04
nav-lives;me-freeForm;1;[8];307;30700;30700;2.80288e+04;31;2;1;1.00000e+00;1.00000e+00;1.00000e+00;208;5.13942e-01;1.56821e-01;5.02070e-01
nav-lives;me-freeForm;2;[8];294;29400;29400;2.71475e+04;1;1;1;1.00000e+00;1.00000e+00;1.00000e+00;110;-2.89593e-03;3.45825e-03;8.91677e-04
nav-lives;me-freeForm;1;[8];308;30800;30800;2.81132e+04;31;2;1;1.00000e+00;1.00000e+00;1.00000e+00;208;5.13942e-01;1.56821e-01;5.02070e-01
nav-lives;me-freeForm;2;[8];295;29500;29500;2.72318e+04;1;1;1;1.00000e+00;1.00000e+00;1.00000e+00;110;-2.89593e-03;3.45825e-03;8.91677e-04
nav-lives;me-freeForm;1;[8];309;30900;30900;2.82006e+04;31;2;1;1.00000e+00;1.00000e+00;1.00000e+00;208;5.13942e-01;1.56821e-01;5.02070e-01
nav-lives;me-freeForm;2;[8];296;29600;29600;2.73177e+04;1;1;1;1.00000e+00;1.00000e+00;1.00000e+00;110;-2.89593e-03;3.45825e-03;8.91677e-04
nav-lives;me-freeForm;1;[8];310;31000;31000;2.82883e+04;31;2;1;1.00000e+00;1.00000e+00;1.00000e+00;208;5.13942e-01;1.56821e-01;5.02070e-01
nav-lives;me-freeForm;2;[8];297;29700;29700;2.74038e+04;1;1;1;1.00000e+00;1.00000e+00;1.00000e+00;110;-2.89593e-03;3.45825e-03;8.91677e-04
nav-lives;me-freeForm;1;[8];311;31100;31100;2.83748e+04;31;2;1;1.00000e+00;1.00000e+00;1.00000e+00;208;5.13942e-01;1.56821e-01;5.02070e-01
nav-lives;me-freeForm;2;[8];298;29800;29800;2.74901e+04;1;1;1;1.00000e+00;1.00000e+00;1.00000e+00;110;-2.89593e-03;3.45825e-03;8.91677e-04
nav-lives;me-freeForm;1;[8];312;31200;31200;2.84600e+04;31;2;1;1.00000e+00;1.00000e+00;1.00000e+00;208;5.13942e-01;1.56821e-01;5.02070e-01
nav-lives;me-freeForm;2;[8];299;29900;29900;2.75760e+04;1;1;1;1.00000e+00;1.00000e+00;1.00000e+00;110;-2.89593e-03;3.45825e-03;8.91677e-04
nav-lives;me-freeForm;1;[8];313;31300;31300;2.85467e+04;31;2;1;1.00000e+00;1.00000e+00;1.00000e+00;208;5.13942e-01;1.56821e-01;5.02070e-01
nav-lives;me-freeForm;2;[8];300;30000;30000;2.76622e+04;1;1;1;1.00000e+00;1.00000e+00;1.00000e+00;110;-2.89593e-03;3.45825e-03;8.91677e-04
nav-lives;me-freeForm;1;[8];314;31400;31400;2.86308e+04;31;2;1;1.00000e+00;1.00000e+00;1.00000e+00;208;5.13942e-01;1.56821e-01;5.02070e-01
nav-lives;me-freeForm;2;[8];301;30100;30100;2.77508e+04;1;1;1;1.00000e+00;1.00000e+00;1.00000e+00;110;-2.89593e-03;3.45825e-03;8.91677e-04
nav-lives;me-freeForm;1;[8];315;31500;31500;2.87155e+04;31;2;1;1.00000e+00;1.00000e+00;1.00000e+00;208;5.13942e-01;1.56821e-01;5.02070e-01
nav-lives;me-freeForm;2;[8];302;30200;30200;2.78315e+04;1;1;1;1.00000e+00;1.00000e+00;1.00000e+00;110;-2.89593e-03;3.45825e-03;8.91677e-04
nav-lives;me-freeForm;1;[8];316;31600;31600;2.88040e+04;31;2;1;1.00000e+00;1.00000e+00;1.00000e+00;208;5.13942e-01;1.56821e-01;5.02070e-01
nav-lives;me-freeForm;2;[8];303;30300;30300;2.79171e+04;1;1;1;1.00000e+00;1.00000e+00;1.00000e+00;110;-2.89593e-03;3.45825e-03;8.91677e-04
nav-lives;me-freeForm;1;[8];317;31700;31700;2.88904e+04;31;2;1;1.00000e+00;1.00000e+00;1.00000e+00;208;5.13942e-01;1.56821e-01;5.02070e-01
nav-lives;me-freeForm;2;[8];304;30400;30400;2.80055e+04;1;1;1;1.00000e+00;1.00000e+00;1.00000e+00;110;-2.89593e-03;3.45825e-03;8.91677e-04
nav-lives;me-freeForm;1;[8];318;31800;31800;2.89744e+04;31;2;1;1.00000e+00;1.00000e+00;1.00000e+00;208;5.13942e-01;1.56821e-01;5.02070e-01
nav-lives;me-freeForm;2;[8];305;30500;30500;2.80922e+04;1;1;1;1.00000e+00;1.00000e+00;1.00000e+00;110;-2.89593e-03;3.45825e-03;8.91677e-04
nav-lives;me-freeForm;1;[8];319;31900;31900;2.90590e+04;31;3;1;1.00000e+00;1.00000e+00;1.00000e+00;208;5.13942e-01;1.56821e-01;5.02070e-01
nav-lives;me-freeForm;2;[8];306;30600;30600;2.81761e+04;1;1;1;1.00000e+00;1.00000e+00;1.00000e+00;110;-2.89593e-03;3.45825e-03;8.91677e-04
nav-lives;me-freeForm;1;[8];320;32000;32000;2.91424e+04;31;3;1;1.00000e+00;1.00000e+00;1.00000e+00;208;5.13942e-01;1.56821e-01;5.02070e-01
nav-lives;me-freeForm;2;[8];307;30700;30700;2.82598e+04;1;1;1;1.00000e+00;1.00000e+00;1.00000e+00;110;-2.89593e-03;3.45825e-03;8.91677e-04
nav-lives;me-freeForm;1;[8];321;32100;32100;2.92291e+04;31;3;1;1.00000e+00;1.00000e+00;1.00000e+00;208;5.13942e-01;1.56821e-01;5.02070e-01
nav-lives;me-freeForm;2;[8];308;30800;30800;2.83458e+04;1;1;1;1.00000e+00;1.00000e+00;1.00000e+00;110;-2.89593e-03;3.45825e-03;8.91677e-04
nav-lives;me-freeForm;1;[8];322;32200;32200;2.93165e+04;31;3;1;1.00000e+00;1.00000e+00;1.00000e+00;208;5.13942e-01;1.56821e-01;5.02070e-01
nav-lives;me-freeForm;2;[8];309;30900;30900;2.84330e+04;1;1;1;1.00000e+00;1.00000e+00;1.00000e+00;110;-2.89593e-03;3.45825e-03;8.91677e-04
nav-lives;me-freeForm;1;[8];323;32300;32300;2.94040e+04;31;3;1;1.00000e+00;1.00000e+00;1.00000e+00;208;5.13942e-01;1.56821e-01;5.02070e-01
nav-lives;me-freeForm;2;[8];310;31000;31000;2.85186e+04;1;1;1;1.00000e+00;1.00000e+00;1.00000e+00;110;-2.89593e-03;3.45825e-03;8.91677e-04
nav-lives;me-freeForm;1;[8];324;32400;32400;2.94888e+04;31;3;1;1.00000e+00;1.00000e+00;1.00000e+00;208;5.13942e-01;1.56821e-01;5.02070e-01
nav-lives;me-freeForm;2;[8];311;31100;31100;2.86067e+04;1;1;1;1.00000e+00;1.00000e+00;1.00000e+00;110;-2.89593e-03;3.45825e-03;8.91677e-04
nav-lives;me-freeForm;1;[8];325;32500;32500;2.95763e+04;31;3;1;1.00000e+00;1.00000e+00;1.00000e+00;208;5.13942e-01;1.56821e-01;5.02070e-01
nav-lives;me-freeForm;2;[8];312;31200;31200;2.86899e+04;1;1;1;1.00000e+00;1.00000e+00;1.00000e+00;110;-2.89593e-03;3.45825e-03;8.91677e-04
nav-lives;me-freeForm;1;[8];326;32600;32600;2.96619e+04;31;3;1;1.00000e+00;1.00000e+00;1.00000e+00;208;5.13942e-01;1.56821e-01;5.02070e-01
nav-lives;me-freeForm;2;[8];313;31300;31300;2.87791e+04;1;1;1;1.00000e+00;1.00000e+00;1.00000e+00;110;-2.89593e-03;3.45825e-03;8.91677e-04
nav-lives;me-freeForm;1;[8];327;32700;32700;2.97467e+04;31;3;1;1.00000e+00;1.00000e+00;1.00000e+00;208;5.13942e-01;1.56821e-01;5.02070e-01
nav-lives;me-freeForm;2;[8];314;31400;31400;2.88638e+04;1;1;1;1.00000e+00;1.00000e+00;1.00000e+00;110;-2.89593e-03;3.45825e-03;8.91677e-04
nav-lives;me-freeForm;1;[8];328;32800;32800;2.98343e+04;31;3;1;1.00000e+00;1.00000e+00;1.00000e+00;208;5.13942e-01;1.56821e-01;5.02070e-01
nav-lives;me-freeForm;2;[8];315;31500;31500;2.89483e+04;1;1;1;1.00000e+00;1.00000e+00;1.00000e+00;110;-2.89593e-03;3.45825e-03;8.91677e-04
nav-lives;me-freeForm;1;[8];329;32900;32900;2.99199e+04;31;3;1;1.00000e+00;1.00000e+00;1.00000e+00;208;5.13942e-01;1.56821e-01;5.02070e-01
nav-lives;me-freeForm;2;[8];316;31600;31600;2.90363e+04;1;1;1;1.00000e+00;1.00000e+00;1.00000e+00;110;-2.89593e-03;3.45825e-03;8.91677e-04
nav-lives;me-freeForm;1;[8];330;33000;33000;3.00048e+04;31;3;1;1.00000e+00;1.00000e+00;1.00000e+00;208;5.13942e-01;1.56821e-01;5.02070e-01
nav-lives;me-freeForm;2;[8];317;31700;31700;2.91217e+04;1;1;1;1.00000e+00;1.00000e+00;1.00000e+00;110;-2.89593e-03;3.45825e-03;8.91677e-04
nav-lives;me-freeForm;1;[8];331;33100;33100;3.00896e+04;31;3;1;1.00000e+00;1.00000e+00;1.00000e+00;208;5.13942e-01;1.56821e-01;5.02070e-01
nav-lives;me-freeForm;2;[8];318;31800;31800;2.92069e+04;1;1;1;1.00000e+00;1.00000e+00;1.00000e+00;110;-2.89593e-03;3.45825e-03;8.91677e-04
nav-lives;me-freeForm;1;[8];332;33200;33200;3.01770e+04;31;3;1;1.00000e+00;1.00000e+00;1.00000e+00;208;5.13942e-01;1.56821e-01;5.02070e-01
nav-lives;me-freeForm;2;[8];319;31900;31900;2.92935e+04;1;1;1;1.00000e+00;1.00000e+00;1.00000e+00;110;-2.89593e-03;3.45825e-03;8.91677e-04
nav-lives;me-freeForm;1;[8];333;33300;33300;3.02633e+04;31;3;1;1.00000e+00;1.00000e+00;1.00000e+00;208;5.13942e-01;1.56821e-01;5.02070e-01
nav-lives;me-freeForm;2;[8];320;32000;32000;2.93802e+04;1;1;1;1.00000e+00;1.00000e+00;1.00000e+00;110;-2.89593e-03;3.45825e-03;8.91677e-04
nav-lives;me-freeForm;1;[8];334;33400;33400;3.03493e+04;31;3;1;1.00000e+00;1.00000e+00;1.00000e+00;208;5.13942e-01;1.56821e-01;5.02070e-01
nav-lives;me-freeForm;2;[8];321;32100;32100;2.94672e+04;1;1;1;1.00000e+00;1.00000e+00;1.00000e+00;110;-2.89593e-03;3.45825e-03;8.91677e-04
nav-lives;me-freeForm;1;[8];335;33500;33500;3.04361e+04;31;3;1;1.00000e+00;1.00000e+00;1.00000e+00;208;5.13942e-01;1.56821e-01;5.02070e-01
nav-lives;me-freeForm;2;[8];322;32200;32200;2.95516e+04;1;1;1;1.00000e+00;1.00000e+00;1.00000e+00;110;-2.89593e-03;3.45825e-03;8.91677e-04
nav-lives;me-freeForm;1;[8];336;33600;33600;3.05235e+04;31;1;1;1.00000e+00;1.00000e+00;1.00000e+00;210;5.13942e-01;3.06035e-01;5.02070e-01
nav-lives;me-freeForm;2;[8];323;32300;32300;2.96380e+04;1;1;1;1.00000e+00;1.00000e+00;1.00000e+00;110;-2.89593e-03;3.45825e-03;8.91677e-04
nav-lives;me-freeForm;1;[8];337;33700;33700;3.06096e+04;31;1;1;1.00000e+00;1.00000e+00;1.00000e+00;210;5.13942e-01;3.06035e-01;5.02070e-01
nav-lives;me-freeForm;2;[8];324;32400;32400;2.97252e+04;1;1;1;1.00000e+00;1.00000e+00;1.00000e+00;110;-2.89593e-03;3.45825e-03;8.91677e-04
nav-lives;me-freeForm;1;[8];338;33800;33800;3.06949e+04;31;1;1;1.00000e+00;1.00000e+00;1.00000e+00;210;5.13942e-01;3.06035e-01;5.02070e-01
nav-lives;me-freeForm;2;[8];325;32500;32500;2.98120e+04;1;1;1;1.00000e+00;1.00000e+00;1.00000e+00;110;-2.89593e-03;3.45825e-03;8.91677e-04
nav-lives;me-freeForm;1;[8];339;33900;33900;3.07808e+04;31;1;1;1.00000e+00;1.00000e+00;1.00000e+00;210;5.13942e-01;3.06035e-01;5.02070e-01
nav-lives;me-freeForm;2;[8];326;32600;32600;2.98952e+04;1;1;1;1.00000e+00;1.00000e+00;1.00000e+00;110;-2.89593e-03;3.45825e-03;8.91677e-04
nav-lives;me-freeForm;1;[8];340;34000;34000;3.08679e+04;31;1;1;1.00000e+00;1.00000e+00;1.00000e+00;210;5.13942e-01;3.06035e-01;5.02070e-01
nav-lives;me-freeForm;2;[8];327;32700;32700;2.99831e+04;1;1;1;1.00000e+00;1.00000e+00;1.00000e+00;110;-2.89593e-03;3.45825e-03;8.91677e-04
nav-lives;me-freeForm;1;[8];341;34100;34100;3.09544e+04;31;1;1;1.00000e+00;1.00000e+00;1.00000e+00;210;5.13942e-01;3.06035e-01;5.02070e-01
nav-lives;me-freeForm;2;[8];328;32800;32800;3.00688e+04;1;1;1;1.00000e+00;1.00000e+00;1.00000e+00;110;-2.89593e-03;3.45825e-03;8.91677e-04
nav-lives;me-freeForm;1;[8];342;34200;34200;3.10391e+04;31;1;1;1.00000e+00;1.00000e+00;1.00000e+00;210;5.13942e-01;3.06035e-01;5.02070e-01
nav-lives;me-freeForm;2;[8];329;32900;32900;3.01561e+04;1;1;1;1.00000e+00;1.00000e+00;1.00000e+00;110;-2.89593e-03;3.45825e-03;8.91677e-04
nav-lives;me-freeForm;1;[8];343;34300;34300;3.11257e+04;31;1;1;1.00000e+00;1.00000e+00;1.00000e+00;210;5.13942e-01;3.06035e-01;5.02070e-01
nav-lives;me-freeForm;2;[8];330;33000;33000;3.02396e+04;1;1;1;1.00000e+00;1.00000e+00;1.00000e+00;110;-2.89593e-03;3.45825e-03;8.91677e-04
nav-lives;me-freeForm;1;[8];344;34400;34400;3.12115e+04;31;1;1;1.00000e+00;1.00000e+00;1.00000e+00;210;5.13942e-01;3.06035e-01;5.02070e-01
nav-lives;me-freeForm;2;[8];331;33100;33100;3.03264e+04;1;1;1;1.00000e+00;1.00000e+00;1.00000e+00;110;-2.89593e-03;3.45825e-03;8.91677e-04
nav-lives;me-freeForm;1;[8];345;34500;34500;3.12958e+04;31;1;1;1.00000e+00;1.00000e+00;1.00000e+00;210;5.13942e-01;3.06035e-01;5.02070e-01
nav-lives;me-freeForm;2;[8];332;33200;33200;3.04148e+04;1;1;1;1.00000e+00;1.00000e+00;1.00000e+00;110;-2.89593e-03;3.45825e-03;8.91677e-04
nav-lives;me-freeForm;1;[8];346;34600;34600;3.13823e+04;31;1;1;1.00000e+00;1.00000e+00;1.00000e+00;210;5.13942e-01;3.06035e-01;5.02070e-01
nav-lives;me-freeForm;2;[8];333;33300;33300;3.04984e+04;1;1;1;1.00000e+00;1.00000e+00;1.00000e+00;110;-2.89593e-03;3.45825e-03;8.91677e-04
nav-lives;me-freeForm;1;[8];347;34700;34700;3.14674e+04;31;1;1;1.00000e+00;1.00000e+00;1.00000e+00;210;5.13942e-01;3.06035e-01;5.02070e-01
nav-lives;me-freeForm;2;[8];334;33400;33400;3.05846e+04;1;1;1;1.00000e+00;1.00000e+00;1.00000e+00;110;-2.89593e-03;3.45825e-03;8.91677e-04
nav-lives;me-freeForm;1;[8];348;34800;34800;3.15519e+04;31;1;1;1.00000e+00;1.00000e+00;1.00000e+00;210;5.13942e-01;3.06035e-01;5.02070e-01
nav-lives;me-freeForm;2;[8];335;33500;33500;3.06710e+04;1;1;1;1.00000e+00;1.00000e+00;1.00000e+00;110;-2.89593e-03;3.45825e-03;8.91677e-04
nav-lives;me-freeForm;1;[8];349;34900;34900;3.16401e+04;31;1;1;1.00000e+00;1.00000e+00;1.00000e+00;210;5.13942e-01;3.06035e-01;5.02070e-01
nav-lives;me-freeForm;2;[8];336;33600;33600;3.07558e+04;1;1;1;1.00000e+00;1.00000e+00;1.00000e+00;110;-2.89593e-03;3.45825e-03;8.91677e-04
nav-lives;me-freeForm;1;[8];350;35000;35000;3.17249e+04;31;1;1;1.00000e+00;1.00000e+00;1.00000e+00;210;5.13942e-01;3.06035e-01;5.02070e-01
nav-lives;me-freeForm;2;[8];337;33700;33700;3.08435e+04;1;1;1;1.00000e+00;1.00000e+00;1.00000e+00;110;-2.89593e-03;3.45825e-03;8.91677e-04
nav-lives;me-freeForm;1;[8];351;35100;35100;3.18103e+04;31;1;1;1.00000e+00;1.00000e+00;1.00000e+00;210;5.13942e-01;3.06035e-01;5.02070e-01
nav-lives;me-freeForm;2;[8];338;33800;33800;3.09284e+04;1;1;1;1.00000e+00;1.00000e+00;1.00000e+00;110;-2.89593e-03;3.45825e-03;8.91677e-04
nav-lives;me-freeForm;1;[8];352;35200;35200;3.18994e+04;31;1;1;1.00000e+00;1.00000e+00;1.00000e+00;210;5.13942e-01;3.06035e-01;5.02070e-01
nav-lives;me-freeForm;2;[8];339;33900;33900;3.10127e+04;1;1;1;1.00000e+00;1.00000e+00;1.00000e+00;110;-2.89593e-03;3.45825e-03;8.91677e-04
nav-lives;me-freeForm;1;[8];353;35300;35300;3.19862e+04;31;1;1;1.00000e+00;1.00000e+00;1.00000e+00;210;5.13942e-01;3.06035e-01;5.02070e-01
nav-lives;me-freeForm;2;[8];340;34000;34000;3.11023e+04;1;1;1;1.00000e+00;1.00000e+00;1.00000e+00;110;-2.89593e-03;3.45825e-03;8.91677e-04
nav-lives;me-freeForm;1;[8];354;35400;35400;3.20701e+04;31;1;1;1.00000e+00;1.00000e+00;1.00000e+00;210;5.13942e-01;3.06035e-01;5.02070e-01
nav-lives;me-freeForm;2;[8];341;34100;34100;3.11890e+04;1;1;1;1.00000e+00;1.00000e+00;1.00000e+00;110;-2.89593e-03;3.45825e-03;8.91677e-04
nav-lives;me-freeForm;1;[8];355;35500;35500;3.21568e+04;31;2;1;1.00000e+00;1.00000e+00;1.00000e+00;210;5.13942e-01;1.42576e-01;5.02070e-01
nav-lives;me-freeForm;2;[8];342;34200;34200;3.12711e+04;1;1;1;1.00000e+00;1.00000e+00;1.00000e+00;110;-2.89593e-03;3.45825e-03;8.91677e-04
nav-lives;me-freeForm;1;[8];356;35600;35600;3.22423e+04;31;2;1;1.00000e+00;1.00000e+00;1.00000e+00;210;5.13942e-01;1.42576e-01;5.02070e-01
nav-lives;me-freeForm;2;[8];343;34300;34300;3.13583e+04;1;1;1;1.00000e+00;1.00000e+00;1.00000e+00;110;-2.89593e-03;3.45825e-03;8.91677e-04
nav-lives;me-freeForm;1;[8];357;35700;35700;3.23266e+04;31;2;1;1.00000e+00;1.00000e+00;1.00000e+00;210;5.13942e-01;1.42576e-01;5.02070e-01
nav-lives;me-freeForm;2;[8];344;34400;34400;3.14459e+04;1;1;1;1.00000e+00;1.00000e+00;1.00000e+00;110;-2.89593e-03;3.45825e-03;8.91677e-04
nav-lives;me-freeForm;1;[8];358;35800;35800;3.24149e+04;31;2;1;1.00000e+00;1.00000e+00;1.00000e+00;210;5.13942e-01;1.42576e-01;5.02070e-01
nav-lives;me-freeForm;2;[8];345;34500;34500;3.15299e+04;1;1;1;1.00000e+00;1.00000e+00;1.00000e+00;110;-2.89593e-03;3.45825e-03;8.91677e-04
nav-lives;me-freeForm;1;[8];359;35900;35900;3.25009e+04;31;2;1;1.00000e+00;1.00000e+00;1.00000e+00;210;5.13942e-01;1.42576e-01;5.02070e-01
nav-lives;me-freeForm;2;[8];346;34600;34600;3.16170e+04;1;1;1;1.00000e+00;1.00000e+00;1.00000e+00;110;-2.89593e-03;3.45825e-03;8.91677e-04
nav-lives;me-freeForm;1;[8];360;36000;36000;3.25885e+04;31;2;1;1.00000e+00;1.00000e+00;1.00000e+00;210;5.13942e-01;1.42576e-01;5.02070e-01
nav-lives;me-freeForm;2;[8];347;34700;34700;3.17029e+04;1;1;1;1.00000e+00;1.00000e+00;1.00000e+00;110;-2.89593e-03;3.45825e-03;8.91677e-04
nav-lives;me-freeForm;1;[8];361;36100;36100;3.26762e+04;31;2;1;1.00000e+00;1.00000e+00;1.00000e+00;210;5.13942e-01;1.42576e-01;5.02070e-01
nav-lives;me-freeForm;2;[8];348;34800;34800;3.17895e+04;1;1;1;1.00000e+00;1.00000e+00;1.00000e+00;110;-2.89593e-03;3.45825e-03;8.91677e-04
nav-lives;me-freeForm;1;[8];362;36200;36200;3.27622e+04;31;2;1;1.00000e+00;1.00000e+00;1.00000e+00;210;5.13942e-01;1.42576e-01;5.02070e-01
nav-lives;me-freeForm;2;[8];349;34900;34900;3.18754e+04;1;1;1;1.00000e+00;1.00000e+00;1.00000e+00;110;-2.89593e-03;3.45825e-03;8.91677e-04
nav-lives;me-freeForm;1;[8];363;36300;36300;3.28457e+04;31;2;1;1.00000e+00;1.00000e+00;1.00000e+00;210;5.13942e-01;1.42576e-01;5.02070e-01
nav-lives;me-freeForm;2;[8];350;35000;35000;3.19621e+04;1;1;1;1.00000e+00;1.00000e+00;1.00000e+00;110;-2.89593e-03;3.45825e-03;8.91677e-04
nav-lives;me-freeForm;1;[8];364;36400;36400;3.29307e+04;31;2;1;1.00000e+00;1.00000e+00;1.00000e+00;210;5.13942e-01;1.42576e-01;5.02070e-01
nav-lives;me-freeForm;2;[8];351;35100;35100;3.20462e+04;1;1;1;1.00000e+00;1.00000e+00;1.00000e+00;110;-2.89593e-03;3.45825e-03;8.91677e-04
nav-lives;me-freeForm;1;[8];365;36500;36500;3.30138e+04;31;2;1;1.00000e+00;1.00000e+00;1.00000e+00;210;5.13942e-01;1.42576e-01;5.02070e-01
nav-lives;me-freeForm;2;[8];352;35200;35200;3.21357e+04;1;1;1;1.00000e+00;1.00000e+00;1.00000e+00;110;-2.89593e-03;3.45825e-03;8.91677e-04
nav-lives;me-freeForm;1;[8];366;36600;36600;3.31008e+04;31;2;1;1.00000e+00;1.00000e+00;1.00000e+00;210;5.13942e-01;1.42576e-01;5.02070e-01
nav-lives;me-freeForm;2;[8];353;35300;35300;3.22181e+04;1;1;1;1.00000e+00;1.00000e+00;1.00000e+00;110;-2.89593e-03;3.45825e-03;8.91677e-04
nav-lives;me-freeForm;1;[8];367;36700;36700;3.31880e+04;31;2;1;1.00000e+00;1.00000e+00;1.00000e+00;210;5.13942e-01;1.42576e-01;5.02070e-01
nav-lives;me-freeForm;2;[8];354;35400;35400;3.23054e+04;1;1;1;1.00000e+00;1.00000e+00;1.00000e+00;110;-2.89593e-03;3.45825e-03;8.91677e-04
nav-lives;me-freeForm;1;[8];368;36800;36800;3.32752e+04;31;2;1;1.00000e+00;1.00000e+00;1.00000e+00;210;5.13942e-01;1.42576e-01;5.02070e-01
nav-lives;me-freeForm;2;[8];355;35500;35500;3.23903e+04;1;1;1;1.00000e+00;1.00000e+00;1.00000e+00;110;-2.89593e-03;3.45825e-03;8.91677e-04
nav-lives;me-freeForm;1;[8];369;36900;36900;3.33613e+04;31;2;1;1.00000e+00;1.00000e+00;1.00000e+00;210;5.13942e-01;1.42576e-01;5.02070e-01
nav-lives;me-freeForm;2;[8];356;35600;35600;3.24775e+04;1;1;1;1.00000e+00;1.00000e+00;1.00000e+00;110;-2.89593e-03;3.45825e-03;8.91677e-04
nav-lives;me-freeForm;1;[8];370;37000;37000;3.34488e+04;31;2;1;1.00000e+00;1.00000e+00;1.00000e+00;210;5.13942e-01;1.42576e-01;5.02070e-01
nav-lives;me-freeForm;2;[8];357;35700;35700;3.25634e+04;1;1;1;1.00000e+00;1.00000e+00;1.00000e+00;110;-2.89593e-03;3.45825e-03;8.91677e-04
nav-lives;me-freeForm;1;[8];371;37100;37100;3.35365e+04;31;3;1;1.00000e+00;1.00000e+00;1.00000e+00;210;5.13942e-01;1.42576e-01;5.02070e-01
nav-lives;me-freeForm;2;[8];358;35800;35800;3.26505e+04;1;1;1;1.00000e+00;1.00000e+00;1.00000e+00;110;-2.89593e-03;3.45825e-03;8.91677e-04
nav-lives;me-freeForm;1;[8];372;37200;37200;3.36231e+04;31;1;1;1.00000e+00;1.00000e+00;1.00000e+00;228;5.15468e-01;2.30588e-01;5.01887e-01
nav-lives;me-freeForm;2;[8];359;35900;35900;3.27382e+04;1;1;1;1.00000e+00;1.00000e+00;1.00000e+00;110;-2.89593e-03;3.45825e-03;8.91677e-04
nav-lives;me-freeForm;1;[8];373;37300;37300;3.37079e+04;31;1;1;1.00000e+00;1.00000e+00;1.00000e+00;228;5.15468e-01;2.30588e-01;5.01887e-01
nav-lives;me-freeForm;2;[8];360;36000;36000;3.28236e+04;1;1;1;1.00000e+00;1.00000e+00;1.00000e+00;110;-2.89593e-03;3.45825e-03;8.91677e-04
nav-lives;me-freeForm;1;[8];374;37400;37400;3.37954e+04;31;2;1;1.00000e+00;1.00000e+00;1.00000e+00;228;5.15468e-01;1.30708e-01;5.01887e-01
nav-lives;me-freeForm;2;[8];361;36100;36100;3.29087e+04;1;1;1;1.00000e+00;1.00000e+00;1.00000e+00;110;-2.89593e-03;3.45825e-03;8.91677e-04
nav-lives;me-freeForm;1;[8];375;37500;37500;3.38819e+04;31;3;1;1.00000e+00;1.00000e+00;1.00000e+00;228;5.15468e-01;1.30708e-01;5.01887e-01
nav-lives;me-freeForm;2;[8];362;36200;36200;3.29985e+04;1;1;1;1.00000e+00;1.00000e+00;1.00000e+00;110;-2.89593e-03;3.45825e-03;8.91677e-04
nav-lives;me-freeForm;1;[8];376;37600;37600;3.39699e+04;31;4;1;1.00000e+00;1.00000e+00;1.00000e+00;228;5.15468e-01;1.30708e-01;5.01887e-01
nav-lives;me-freeForm;2;[8];363;36300;36300;3.30844e+04;1;1;1;1.00000e+00;1.00000e+00;1.00000e+00;110;-2.89593e-03;3.45825e-03;8.91677e-04
nav-lives;me-freeForm;1;[8];377;37700;37700;3.40546e+04;31;4;1;1.00000e+00;1.00000e+00;1.00000e+00;228;5.15468e-01;1.30708e-01;5.01887e-01
nav-lives;me-freeForm;2;[8];364;36400;36400;3.31699e+04;1;1;1;1.00000e+00;1.00000e+00;1.00000e+00;110;-2.89593e-03;3.45825e-03;8.91677e-04
nav-lives;me-freeForm;1;[8];378;37800;37800;3.41414e+04;31;4;1;1.00000e+00;1.00000e+00;1.00000e+00;228;5.15468e-01;1.30708e-01;5.01887e-01
nav-lives;me-freeForm;2;[8];365;36500;36500;3.32544e+04;1;1;1;1.00000e+00;1.00000e+00;1.00000e+00;110;-2.89593e-03;3.45825e-03;8.91677e-04
nav-lives;me-freeForm;1;[8];379;37900;37900;3.42283e+04;31;5;1;1.00000e+00;1.00000e+00;1.00000e+00;228;5.15468e-01;1.30708e-01;5.01887e-01
nav-lives;me-freeForm;2;[8];366;36600;36600;3.33429e+04;1;1;1;1.00000e+00;1.00000e+00;1.00000e+00;110;-2.89593e-03;3.45825e-03;8.91677e-04
nav-lives;me-freeForm;1;[8];380;38000;38000;3.43146e+04;31;5;1;1.00000e+00;1.00000e+00;1.00000e+00;228;5.15468e-01;1.30708e-01;5.01887e-01
nav-lives;me-freeForm;2;[8];367;36700;36700;3.34309e+04;1;1;1;1.00000e+00;1.00000e+00;1.00000e+00;110;-2.89593e-03;3.45825e-03;8.91677e-04
nav-lives;me-freeForm;1;[8];381;38100;38100;3.44009e+04;31;1;1;1.00000e+00;1.00000e+00;1.00000e+00;246;5.15505e-01;2.81239e-01;5.01923e-01
nav-lives;me-freeForm;2;[8];368;36800;36800;3.35154e+04;1;1;1;1.00000e+00;1.00000e+00;1.00000e+00;110;-2.89593e-03;3.45825e-03;8.91677e-04
nav-lives;me-freeForm;1;[8];382;38200;38200;3.44876e+04;31;2;1;1.00000e+00;1.00000e+00;1.00000e+00;247;5.15505e-01;1.90776e-01;5.01923e-01
nav-lives;me-freeForm;2;[8];369;36900;36900;3.36039e+04;1;1;1;1.00000e+00;1.00000e+00;1.00000e+00;110;-2.89593e-03;3.45825e-03;8.91677e-04
nav-lives;me-freeForm;1;[8];383;38300;38300;3.45723e+04;31;2;1;1.00000e+00;1.00000e+00;1.00000e+00;247;5.15505e-01;1.90776e-01;5.01923e-01
nav-lives;me-freeForm;2;[8];370;37000;37000;3.36886e+04;1;1;1;1.00000e+00;1.00000e+00;1.00000e+00;110;-2.89593e-03;3.45825e-03;8.91677e-04
nav-lives;me-freeForm;1;[8];384;38400;38400;3.46596e+04;31;1;1;1.00000e+00;1.00000e+00;1.00000e+00;238;5.15520e-01;4.55237e-01;5.01936e-01
nav-lives;me-freeForm;2;[8];371;37100;37100;3.37751e+04;1;1;1;1.00000e+00;1.00000e+00;1.00000e+00;110;-2.89593e-03;3.45825e-03;8.91677e-04
nav-lives;me-freeForm;1;[8];385;38500;38500;3.47452e+04;31;1;1;1.00000e+00;1.00000e+00;1.00000e+00;243;5.15539e-01;1.12090e-01;5.01955e-01
nav-lives;me-freeForm;2;[8];372;37200;37200;3.38625e+04;1;1;1;1.00000e+00;1.00000e+00;1.00000e+00;110;-2.89593e-03;3.45825e-03;8.91677e-04
nav-lives;me-freeForm;1;[8];386;38600;38600;3.48340e+04;31;1;1;1.00000e+00;1.00000e+00;1.00000e+00;245;5.17190e-01;1.14809e-01;5.01883e-01
nav-lives;me-freeForm;2;[8];373;37300;37300;3.39514e+04;1;1;1;1.00000e+00;1.00000e+00;1.00000e+00;110;-2.89593e-03;3.45825e-03;8.91677e-04
nav-lives;me-freeForm;1;[8];387;38700;38700;3.49212e+04;31;1;1;9.67742e-01;1.00000e+00;1.00000e+00;245;5.17190e-01;1.14809e-01;5.01883e-01
nav-lives;me-freeForm;2;[8];374;37400;37400;3.40380e+04;1;1;1;1.00000e+00;1.00000e+00;1.00000e+00;110;-2.89593e-03;3.45825e-03;8.91677e-04
nav-lives;me-freeForm;1;[8];388;38800;38800;3.50065e+04;31;1;1;9.67742e-01;1.00000e+00;1.00000e+00;245;5.17190e-01;1.14809e-01;5.01883e-01
nav-lives;me-freeForm;2;[8];375;37500;37500;3.41237e+04;1;1;1;1.00000e+00;1.00000e+00;1.00000e+00;110;-2.89593e-03;3.45825e-03;8.91677e-04
nav-lives;me-freeForm;1;[8];389;38900;38900;3.50945e+04;31;2;1;9.67742e-01;1.00000e+00;1.00000e+00;245;5.17190e-01;1.14809e-01;5.01883e-01
nav-lives;me-freeForm;2;[8];376;37600;37600;3.42120e+04;1;1;1;1.00000e+00;1.00000e+00;1.00000e+00;110;-2.89593e-03;3.45825e-03;8.91677e-04
nav-lives;me-freeForm;1;[8];390;39000;39000;3.51842e+04;31;2;1;9.67742e-01;1.00000e+00;1.00000e+00;245;5.17190e-01;1.14809e-01;5.01883e-01
nav-lives;me-freeForm;2;[8];377;37700;37700;3.42988e+04;1;1;1;1.00000e+00;1.00000e+00;1.00000e+00;110;-2.89593e-03;3.45825e-03;8.91677e-04
nav-lives;me-freeForm;1;[8];391;39100;39100;3.52699e+04;31;2;1;9.67742e-01;1.00000e+00;1.00000e+00;245;5.17190e-01;1.14809e-01;5.01883e-01
nav-lives;me-freeForm;2;[8];378;37800;37800;3.43856e+04;1;1;1;1.00000e+00;1.00000e+00;1.00000e+00;110;-2.89593e-03;3.45825e-03;8.91677e-04
nav-lives;me-freeForm;1;[8];392;39200;39200;3.53561e+04;31;2;1;9.67742e-01;1.00000e+00;1.00000e+00;245;5.17190e-01;1.14809e-01;5.01883e-01
nav-lives;me-freeForm;2;[8];379;37900;37900;3.44748e+04;1;1;1;1.00000e+00;1.00000e+00;1.00000e+00;110;-2.89593e-03;3.45825e-03;8.91677e-04
nav-lives;me-freeForm;1;[8];393;39300;39300;3.54440e+04;31;2;1;9.67742e-01;1.00000e+00;1.00000e+00;245;5.17190e-01;1.14809e-01;5.01883e-01
nav-lives;me-freeForm;2;[8];380;38000;38000;3.45605e+04;1;1;1;1.00000e+00;1.00000e+00;1.00000e+00;110;-2.89593e-03;3.45825e-03;8.91677e-04
nav-lives;me-freeForm;1;[8];394;39400;39400;3.55318e+04;31;2;1;9.67742e-01;1.00000e+00;1.00000e+00;245;5.17190e-01;1.14809e-01;5.01883e-01
nav-lives;me-freeForm;2;[8];381;38100;38100;3.46488e+04;1;1;1;1.00000e+00;1.00000e+00;1.00000e+00;110;-2.89593e-03;3.45825e-03;8.91677e-04
nav-lives;me-freeForm;1;[8];395;39500;39500;3.56189e+04;31;3;1;1.00000e+00;1.00000e+00;1.00000e+00;245;5.17190e-01;1.14809e-01;5.01883e-01
nav-lives;me-freeForm;2;[8];382;38200;38200;3.47357e+04;1;1;1;1.00000e+00;1.00000e+00;1.00000e+00;110;-2.89593e-03;3.45825e-03;8.91677e-04
nav-lives;me-freeForm;1;[8];396;39600;39600;3.57078e+04;31;4;1;1.00000e+00;1.00000e+00;1.00000e+00;245;5.17190e-01;1.14809e-01;5.01883e-01
nav-lives;me-freeForm;2;[8];383;38300;38300;3.48216e+04;1;1;1;1.00000e+00;1.00000e+00;1.00000e+00;110;-2.89593e-03;3.45825e-03;8.91677e-04
nav-lives;me-freeForm;1;[8];397;39700;39700;3.57952e+04;31;4;1;1.00000e+00;1.00000e+00;1.00000e+00;245;5.17190e-01;1.14809e-01;5.01883e-01
nav-lives;me-freeForm;2;[8];384;38400;38400;3.49105e+04;1;1;1;1.00000e+00;1.00000e+00;1.00000e+00;110;-2.89593e-03;3.45825e-03;8.91677e-04
nav-lives;me-freeForm;1;[8];398;39800;39800;3.58822e+04;31;5;1;1.00000e+00;1.00000e+00;1.00000e+00;245;5.17190e-01;6.27515e-02;5.01883e-01
nav-lives;me-freeForm;2;[8];385;38500;38500;3.49972e+04;1;1;1;1.00000e+00;1.00000e+00;1.00000e+00;110;-2.89593e-03;3.45825e-03;8.91677e-04
nav-lives;me-freeForm;1;[8];399;39900;39900;3.59704e+04;31;5;1;1.00000e+00;1.00000e+00;1.00000e+00;245;5.17190e-01;6.27515e-02;5.01883e-01
nav-lives;me-freeForm;2;[8];386;38600;38600;3.50858e+04;1;1;1;1.00000e+00;1.00000e+00;1.00000e+00;110;-2.89593e-03;3.45825e-03;8.91677e-04
nav-lives;me-freeForm;1;[8];400;40000;40000;3.60558e+04;31;1;1;1.00000e+00;1.00000e+00;1.00000e+00;239;5.17212e-01;2.07701e-01;5.01904e-01
nav-lives;me-freeForm;2;[8];387;38700;38700;3.51713e+04;1;1;1;1.00000e+00;1.00000e+00;1.00000e+00;110;-2.89593e-03;3.45825e-03;8.91677e-04
nav-lives;me-freeForm;2;[8];388;38800;38800;3.52331e+04;1;1;1;1.00000e+00;1.00000e+00;1.00000e+00;110;-2.89593e-03;3.45825e-03;8.91677e-04
nav-lives;me-freeForm;3;[8];1;100;100;1.11046e+02;1;1;1;1.00000e+00;1.00000e+00;1.00000e+00;59;-5.87108e-03;2.47280e-04;6.52511e-04
nav-lives;me-freeForm;2;[8];389;38900;38900;3.53032e+04;1;1;1;1.00000e+00;1.00000e+00;1.00000e+00;110;-2.89593e-03;3.45825e-03;8.91677e-04
nav-lives;me-freeForm;3;[8];2;200;200;1.91611e+02;1;1;1;1.00000e+00;1.00000e+00;1.00000e+00;62;-3.96228e-03;1.94982e-03;1.98432e-03
nav-lives;me-freeForm;2;[8];390;39000;39000;3.53735e+04;1;1;1;1.00000e+00;1.00000e+00;1.00000e+00;110;-2.89593e-03;3.45825e-03;8.91677e-04
nav-lives;me-freeForm;3;[8];3;300;300;2.64065e+02;1;1;1;1.00000e+00;1.00000e+00;1.00000e+00;62;-3.96228e-03;1.94982e-03;1.98432e-03
nav-lives;me-freeForm;2;[8];391;39100;39100;3.54447e+04;1;1;1;1.00000e+00;1.00000e+00;1.00000e+00;110;-2.89593e-03;3.45825e-03;8.91677e-04
nav-lives;me-freeForm;3;[8];4;400;400;3.35996e+02;1;1;1;1.00000e+00;1.00000e+00;1.00000e+00;60;-3.56676e-03;2.25130e-03;7.07698e-04
nav-lives;me-freeForm;2;[8];392;39200;39200;3.55167e+04;1;1;1;1.00000e+00;1.00000e+00;1.00000e+00;110;-2.89593e-03;3.45825e-03;8.91677e-04
nav-lives;me-freeForm;3;[8];5;500;500;4.07262e+02;1;1;1;1.00000e+00;1.00000e+00;1.00000e+00;60;-3.56676e-03;2.25130e-03;7.07698e-04
nav-lives;me-freeForm;2;[8];393;39300;39300;3.55895e+04;1;1;1;1.00000e+00;1.00000e+00;1.00000e+00;110;-2.89593e-03;3.45825e-03;8.91677e-04
nav-lives;me-freeForm;3;[8];6;600;600;4.81089e+02;1;1;1;1.00000e+00;1.00000e+00;1.00000e+00;60;-3.56676e-03;2.25130e-03;7.07698e-04
nav-lives;me-freeForm;2;[8];394;39400;39400;3.56638e+04;1;1;1;1.00000e+00;1.00000e+00;1.00000e+00;110;-2.89593e-03;3.45825e-03;8.91677e-04
nav-lives;me-freeForm;3;[8];7;700;700;5.59111e+02;1;1;1;1.00000e+00;1.00000e+00;1.00000e+00;60;-3.56676e-03;2.25130e-03;7.07698e-04
nav-lives;me-freeForm;2;[8];395;39500;39500;3.57415e+04;1;1;1;1.00000e+00;1.00000e+00;1.00000e+00;110;-2.89593e-03;3.45825e-03;8.91677e-04
nav-lives;me-freeForm;3;[8];8;800;800;6.35812e+02;1;1;1;1.00000e+00;1.00000e+00;1.00000e+00;60;-3.56676e-03;2.25130e-03;7.07698e-04
nav-lives;me-freeForm;2;[8];396;39600;39600;3.58169e+04;1;1;1;1.00000e+00;1.00000e+00;1.00000e+00;110;-2.89593e-03;3.45825e-03;8.91677e-04
nav-lives;me-freeForm;3;[8];9;900;900;7.10707e+02;1;1;1;1.00000e+00;1.00000e+00;1.00000e+00;60;-3.56676e-03;2.25130e-03;7.07698e-04
nav-lives;me-freeForm;2;[8];397;39700;39700;3.58906e+04;1;1;1;1.00000e+00;1.00000e+00;1.00000e+00;110;-2.89593e-03;3.45825e-03;8.91677e-04
nav-lives;me-freeForm;3;[8];10;1000;1000;7.83590e+02;1;1;1;1.00000e+00;1.00000e+00;1.00000e+00;60;-3.56676e-03;2.25130e-03;7.07698e-04
nav-lives;me-freeForm;2;[8];398;39800;39800;3.59639e+04;1;1;1;1.00000e+00;1.00000e+00;1.00000e+00;110;-2.89593e-03;3.45825e-03;8.91677e-04
nav-lives;me-freeForm;3;[8];11;1100;1100;8.56182e+02;1;1;1;1.00000e+00;1.00000e+00;1.00000e+00;60;-3.56676e-03;2.25130e-03;7.07698e-04
nav-lives;me-freeForm;2;[8];399;39900;39900;3.60384e+04;1;1;1;1.00000e+00;1.00000e+00;1.00000e+00;110;-2.89593e-03;3.45825e-03;8.91677e-04
nav-lives;me-freeForm;3;[8];12;1200;1200;9.31183e+02;1;1;1;1.00000e+00;1.00000e+00;1.00000e+00;60;-3.56676e-03;2.25130e-03;7.07698e-04
nav-lives;me-freeForm;2;[8];400;40000;40000;3.61126e+04;1;1;1;1.00000e+00;1.00000e+00;1.00000e+00;110;-2.89593e-03;3.45825e-03;8.91677e-04
nav-lives;me-freeForm;3;[8];13;1300;1300;1.00719e+03;1;1;1;1.00000e+00;1.00000e+00;1.00000e+00;60;-3.56676e-03;2.25130e-03;7.07698e-04
nav-lives;me-freeForm;3;[8];14;1400;1400;1.06652e+03;1;1;1;1.00000e+00;1.00000e+00;1.00000e+00;62;-3.38984e-03;3.69056e-03;8.71235e-04
nav-lives;me-freeForm;3;[8];15;1500;1500;1.10483e+03;1;1;1;1.00000e+00;1.00000e+00;1.00000e+00;62;-3.38984e-03;3.69056e-03;8.71235e-04
nav-lives;me-freeForm;4;[8];1;100;100;1.34266e+02;1;1;1;1.00000e+00;1.00000e+00;1.00000e+00;179;-5.89720e-03;1.78016e-04;1.57353e-03
nav-lives;me-freeForm;3;[8];16;1600;1600;1.16874e+03;1;1;1;1.00000e+00;1.00000e+00;1.00000e+00;62;-3.38984e-03;3.69056e-03;8.71235e-04
nav-lives;me-freeForm;4;[8];2;200;200;2.42505e+02;2;1;1;1.00000e+00;1.00000e+00;1.00000e+00;137;-3.74055e-03;4.75889e-04;1.54491e-02
nav-lives;me-freeForm;3;[8];17;1700;1700;1.24191e+03;1;1;1;1.00000e+00;1.00000e+00;1.00000e+00;62;-3.38984e-03;3.69056e-03;8.71235e-04
nav-lives;me-freeForm;4;[8];3;300;300;3.18207e+02;4;1;1;1.00000e+00;1.00000e+00;1.00000e+00;142;3.55283e-02;4.38308e-02;1.39657e-01
nav-lives;me-freeForm;3;[8];18;1800;1800;1.32161e+03;1;1;1;1.00000e+00;1.00000e+00;1.00000e+00;62;-3.38984e-03;3.69056e-03;8.71235e-04
nav-lives;me-freeForm;4;[8];4;400;400;3.94038e+02;5;1;1;1.00000e+00;1.00000e+00;1.00000e+00;142;3.55283e-02;4.38308e-02;1.39657e-01
nav-lives;me-freeForm;3;[8];19;1900;1900;1.39630e+03;1;1;1;1.00000e+00;1.00000e+00;1.00000e+00;62;-3.38984e-03;3.69056e-03;8.71235e-04
nav-lives;me-freeForm;4;[8];5;500;500;4.73222e+02;9;1;1;1.00000e+00;1.00000e+00;1.00000e+00;181;2.53024e-01;2.60695e-01;4.25436e-01
nav-lives;me-freeForm;3;[8];20;2000;2000;1.47487e+03;1;1;1;1.00000e+00;1.00000e+00;1.00000e+00;62;-3.38984e-03;3.69056e-03;8.71235e-04
nav-lives;me-freeForm;4;[8];6;600;600;5.54988e+02;12;1;1;1.00000e+00;1.00000e+00;1.00000e+00;181;2.53024e-01;2.60695e-01;4.25436e-01
nav-lives;me-freeForm;3;[8];21;2100;2100;1.55580e+03;1;1;1;1.00000e+00;1.00000e+00;1.00000e+00;62;-3.38984e-03;3.69056e-03;8.71235e-04
nav-lives;me-freeForm;4;[8];7;700;700;6.37787e+02;12;1;1;1.00000e+00;1.00000e+00;1.00000e+00;181;2.53024e-01;2.60695e-01;4.25436e-01
nav-lives;me-freeForm;3;[8];22;2200;2200;1.63732e+03;1;1;1;1.00000e+00;1.00000e+00;1.00000e+00;62;-3.38984e-03;3.69056e-03;8.71235e-04
nav-lives;me-freeForm;4;[8];8;800;800;7.17534e+02;15;1;1;1.00000e+00;1.00000e+00;1.00000e+00;181;2.53024e-01;2.60695e-01;4.25436e-01
nav-lives;me-freeForm;3;[8];23;2300;2300;1.71828e+03;1;1;1;1.00000e+00;1.00000e+00;1.00000e+00;62;-3.38984e-03;3.69056e-03;8.71235e-04
nav-lives;me-freeForm;4;[8];9;900;900;7.97518e+02;15;1;1;1.00000e+00;1.00000e+00;1.00000e+00;181;2.53024e-01;2.60695e-01;4.25436e-01
nav-lives;me-freeForm;3;[8];24;2400;2400;1.79839e+03;1;1;1;1.00000e+00;1.00000e+00;1.00000e+00;62;-3.38984e-03;3.69056e-03;8.71235e-04
nav-lives;me-freeForm;4;[8];10;1000;1000;8.77307e+02;15;1;1;1.00000e+00;1.00000e+00;1.00000e+00;181;2.53024e-01;2.60695e-01;4.25436e-01
nav-lives;me-freeForm;3;[8];25;2500;2500;1.87759e+03;1;1;1;1.00000e+00;1.00000e+00;1.00000e+00;62;-3.38984e-03;3.69056e-03;8.71235e-04
nav-lives;me-freeForm;4;[8];11;1100;1100;9.57056e+02;15;1;1;1.00000e+00;1.00000e+00;1.00000e+00;181;2.53024e-01;2.60695e-01;4.25436e-01
nav-lives;me-freeForm;3;[8];26;2600;2600;1.95742e+03;1;1;1;1.00000e+00;1.00000e+00;1.00000e+00;62;-3.38984e-03;3.69056e-03;8.71235e-04
nav-lives;me-freeForm;4;[8];12;1200;1200;1.03862e+03;15;1;1;1.00000e+00;1.00000e+00;1.00000e+00;181;2.53024e-01;2.60695e-01;4.25436e-01
nav-lives;me-freeForm;3;[8];27;2700;2700;2.03924e+03;1;1;1;1.00000e+00;1.00000e+00;1.00000e+00;62;-3.38984e-03;3.69056e-03;8.71235e-04
nav-lives;me-freeForm;4;[8];13;1300;1300;1.11867e+03;15;1;1;1.00000e+00;1.00000e+00;1.00000e+00;181;2.53024e-01;2.60695e-01;4.25436e-01
nav-lives;me-freeForm;3;[8];28;2800;2800;2.11823e+03;1;1;1;1.00000e+00;1.00000e+00;1.00000e+00;62;-3.38984e-03;3.69056e-03;8.71235e-04
nav-lives;me-freeForm;4;[8];14;1400;1400;1.19965e+03;15;1;1;1.00000e+00;1.00000e+00;1.00000e+00;181;2.53024e-01;2.60695e-01;4.25436e-01
nav-lives;me-freeForm;3;[8];29;2900;2900;2.19771e+03;1;1;1;1.00000e+00;1.00000e+00;1.00000e+00;62;-3.38984e-03;3.69056e-03;8.71235e-04
nav-lives;me-freeForm;4;[8];15;1500;1500;1.27913e+03;15;1;1;1.00000e+00;1.00000e+00;1.00000e+00;181;2.53024e-01;2.60695e-01;4.25436e-01
nav-lives;me-freeForm;3;[8];30;3000;3000;2.27935e+03;1;1;1;1.00000e+00;1.00000e+00;1.00000e+00;62;-3.38984e-03;3.69056e-03;8.71235e-04
nav-lives;me-freeForm;4;[8];16;1600;1600;1.35691e+03;15;1;1;1.00000e+00;1.00000e+00;1.00000e+00;181;2.53024e-01;2.60695e-01;4.25436e-01
nav-lives;me-freeForm;3;[8];31;3100;3100;2.35943e+03;1;1;1;1.00000e+00;1.00000e+00;1.00000e+00;62;-3.38984e-03;3.69056e-03;8.71235e-04
nav-lives;me-freeForm;4;[8];17;1700;1700;1.43808e+03;16;1;1;1.00000e+00;1.00000e+00;1.00000e+00;181;2.53024e-01;2.60695e-01;4.25436e-01
nav-lives;me-freeForm;3;[8];32;3200;3200;2.43718e+03;1;1;1;1.00000e+00;1.00000e+00;1.00000e+00;62;-3.38984e-03;3.69056e-03;8.71235e-04
nav-lives;me-freeForm;4;[8];18;1800;1800;1.51837e+03;17;1;1;1.00000e+00;1.00000e+00;1.00000e+00;181;2.53024e-01;2.60695e-01;4.25436e-01
nav-lives;me-freeForm;3;[8];33;3300;3300;2.51848e+03;1;1;1;1.00000e+00;1.00000e+00;1.00000e+00;62;-3.38984e-03;3.69056e-03;8.71235e-04
nav-lives;me-freeForm;4;[8];19;1900;1900;1.60037e+03;18;1;1;1.00000e+00;1.00000e+00;1.00000e+00;181;2.53024e-01;2.60695e-01;4.25436e-01
nav-lives;me-freeForm;3;[8];34;3400;3400;2.59884e+03;1;1;1;1.00000e+00;1.00000e+00;1.00000e+00;62;-3.38984e-03;3.69056e-03;8.71235e-04
nav-lives;me-freeForm;4;[8];20;2000;2000;1.67980e+03;18;1;1;1.00000e+00;1.00000e+00;1.00000e+00;181;2.53024e-01;2.60695e-01;4.25436e-01
nav-lives;me-freeForm;3;[8];35;3500;3500;2.67941e+03;1;1;1;1.00000e+00;1.00000e+00;1.00000e+00;62;-3.38984e-03;3.69056e-03;8.71235e-04
nav-lives;me-freeForm;4;[8];21;2100;2100;1.75952e+03;18;1;1;1.00000e+00;1.00000e+00;1.00000e+00;181;2.53024e-01;2.60695e-01;4.25436e-01
nav-lives;me-freeForm;3;[8];36;3600;3600;2.76046e+03;1;1;1;1.00000e+00;1.00000e+00;1.00000e+00;62;-3.38984e-03;3.69056e-03;8.71235e-04
nav-lives;me-freeForm;4;[8];22;2200;2200;1.83912e+03;18;1;1;1.00000e+00;1.00000e+00;1.00000e+00;181;2.53024e-01;2.60695e-01;4.25436e-01
nav-lives;me-freeForm;3;[8];37;3700;3700;2.83947e+03;1;1;1;1.00000e+00;1.00000e+00;1.00000e+00;62;-3.38984e-03;3.69056e-03;8.71235e-04
nav-lives;me-freeForm;4;[8];23;2300;2300;1.91900e+03;19;1;1;1.00000e+00;1.00000e+00;1.00000e+00;181;2.53024e-01;2.60695e-01;4.25436e-01
nav-lives;me-freeForm;3;[8];38;3800;3800;2.91807e+03;1;1;1;1.00000e+00;1.00000e+00;1.00000e+00;62;-3.38984e-03;3.69056e-03;8.71235e-04
nav-lives;me-freeForm;4;[8];24;2400;2400;1.99947e+03;19;1;1;1.00000e+00;1.00000e+00;1.00000e+00;181;2.53024e-01;2.60695e-01;4.25436e-01
nav-lives;me-freeForm;3;[8];39;3900;3900;2.99918e+03;1;1;1;1.00000e+00;1.00000e+00;1.00000e+00;62;-3.38984e-03;3.69056e-03;8.71235e-04
nav-lives;me-freeForm;4;[8];25;2500;2500;2.07797e+03;19;1;1;1.00000e+00;1.00000e+00;1.00000e+00;181;2.53024e-01;2.60695e-01;4.25436e-01
nav-lives;me-freeForm;3;[8];40;4000;4000;3.07821e+03;1;1;1;1.00000e+00;1.00000e+00;1.00000e+00;62;-3.38984e-03;3.69056e-03;8.71235e-04
nav-lives;me-freeForm;4;[8];26;2600;2600;2.15683e+03;21;1;1;1.00000e+00;1.00000e+00;1.00000e+00;181;2.53024e-01;2.60695e-01;4.25436e-01
nav-lives;me-freeForm;3;[8];41;4100;4100;3.15644e+03;1;1;1;1.00000e+00;1.00000e+00;1.00000e+00;62;-3.38984e-03;3.69056e-03;8.71235e-04
nav-lives;me-freeForm;4;[8];27;2700;2700;2.23609e+03;21;1;1;1.00000e+00;1.00000e+00;1.00000e+00;181;2.53024e-01;2.60695e-01;4.25436e-01
nav-lives;me-freeForm;3;[8];42;4200;4200;3.23610e+03;1;1;1;1.00000e+00;1.00000e+00;1.00000e+00;62;-3.38984e-03;3.69056e-03;8.71235e-04
nav-lives;me-freeForm;4;[8];28;2800;2800;2.31578e+03;21;1;1;1.00000e+00;1.00000e+00;1.00000e+00;181;2.53024e-01;2.60695e-01;4.25436e-01
nav-lives;me-freeForm;3;[8];43;4300;4300;3.31707e+03;1;1;1;1.00000e+00;1.00000e+00;1.00000e+00;62;-3.38984e-03;3.69056e-03;8.71235e-04
nav-lives;me-freeForm;4;[8];29;2900;2900;2.39535e+03;21;1;1;1.00000e+00;1.00000e+00;1.00000e+00;181;2.53024e-01;2.60695e-01;4.25436e-01
nav-lives;me-freeForm;3;[8];44;4400;4400;3.39533e+03;1;1;1;1.00000e+00;1.00000e+00;1.00000e+00;62;-3.38984e-03;3.69056e-03;8.71235e-04
nav-lives;me-freeForm;4;[8];30;3000;3000;2.47664e+03;21;1;1;1.00000e+00;1.00000e+00;1.00000e+00;181;2.53024e-01;2.60695e-01;4.25436e-01
nav-lives;me-freeForm;3;[8];45;4500;4500;3.47495e+03;1;1;1;1.00000e+00;1.00000e+00;1.00000e+00;62;-3.38984e-03;3.69056e-03;8.71235e-04
nav-lives;me-freeForm;4;[8];31;3100;3100;2.55676e+03;21;1;1;1.00000e+00;1.00000e+00;1.00000e+00;181;2.53024e-01;2.60695e-01;4.25436e-01
nav-lives;me-freeForm;3;[8];46;4600;4600;3.55721e+03;1;1;1;1.00000e+00;1.00000e+00;1.00000e+00;62;-3.38984e-03;3.69056e-03;8.71235e-04
nav-lives;me-freeForm;4;[8];32;3200;3200;2.63721e+03;22;1;1;1.00000e+00;1.00000e+00;1.00000e+00;181;2.53024e-01;2.60695e-01;4.25436e-01
nav-lives;me-freeForm;3;[8];47;4700;4700;3.63676e+03;1;1;1;1.00000e+00;1.00000e+00;1.00000e+00;62;-3.38984e-03;3.69056e-03;8.71235e-04
nav-lives;me-freeForm;4;[8];33;3300;3300;2.71635e+03;22;1;1;1.00000e+00;1.00000e+00;1.00000e+00;181;2.53024e-01;2.60695e-01;4.25436e-01
nav-lives;me-freeForm;3;[8];48;4800;4800;3.71645e+03;1;1;1;1.00000e+00;1.00000e+00;1.00000e+00;62;-3.38984e-03;3.69056e-03;8.71235e-04
nav-lives;me-freeForm;4;[8];34;3400;3400;2.79530e+03;22;1;1;1.00000e+00;1.00000e+00;1.00000e+00;181;2.53024e-01;2.60695e-01;4.25436e-01
nav-lives;me-freeForm;3;[8];49;4900;4900;3.79656e+03;1;1;1;1.00000e+00;1.00000e+00;1.00000e+00;62;-3.38984e-03;3.69056e-03;8.71235e-04
nav-lives;me-freeForm;4;[8];35;3500;3500;2.87447e+03;22;1;1;1.00000e+00;1.00000e+00;1.00000e+00;181;2.53024e-01;2.60695e-01;4.25436e-01
nav-lives;me-freeForm;3;[8];50;5000;5000;3.87621e+03;1;1;1;1.00000e+00;1.00000e+00;1.00000e+00;62;-3.38984e-03;3.69056e-03;8.71235e-04
nav-lives;me-freeForm;4;[8];36;3600;3600;2.95366e+03;22;1;1;1.00000e+00;1.00000e+00;1.00000e+00;181;2.53024e-01;2.60695e-01;4.25436e-01
nav-lives;me-freeForm;3;[8];51;5100;5100;3.95571e+03;1;1;1;1.00000e+00;1.00000e+00;1.00000e+00;62;-3.38984e-03;3.69056e-03;8.71235e-04
nav-lives;me-freeForm;4;[8];37;3700;3700;3.03379e+03;22;1;1;1.00000e+00;1.00000e+00;1.00000e+00;181;2.53024e-01;2.60695e-01;4.25436e-01
nav-lives;me-freeForm;3;[8];52;5200;5200;4.03545e+03;1;1;1;1.00000e+00;1.00000e+00;1.00000e+00;62;-3.38984e-03;3.69056e-03;8.71235e-04
nav-lives;me-freeForm;4;[8];38;3800;3800;3.11340e+03;22;1;1;1.00000e+00;1.00000e+00;1.00000e+00;181;2.53024e-01;2.60695e-01;4.25436e-01
nav-lives;me-freeForm;3;[8];53;5300;5300;4.11288e+03;1;1;1;1.00000e+00;1.00000e+00;1.00000e+00;62;-3.38984e-03;3.69056e-03;8.71235e-04
nav-lives;me-freeForm;4;[8];39;3900;3900;3.19236e+03;22;1;1;1.00000e+00;1.00000e+00;1.00000e+00;181;2.53024e-01;2.60695e-01;4.25436e-01
nav-lives;me-freeForm;3;[8];54;5400;5400;4.19304e+03;1;1;1;1.00000e+00;1.00000e+00;1.00000e+00;62;-3.38984e-03;3.69056e-03;8.71235e-04
nav-lives;me-freeForm;4;[8];40;4000;4000;3.27063e+03;22;1;1;1.00000e+00;1.00000e+00;1.00000e+00;181;2.53024e-01;2.60695e-01;4.25436e-01
nav-lives;me-freeForm;3;[8];55;5500;5500;4.27219e+03;1;1;1;1.00000e+00;1.00000e+00;1.00000e+00;62;-3.38984e-03;3.69056e-03;8.71235e-04
nav-lives;me-freeForm;4;[8];41;4100;4100;3.35016e+03;22;1;1;1.00000e+00;1.00000e+00;1.00000e+00;181;2.53024e-01;2.60695e-01;4.25436e-01
nav-lives;me-freeForm;3;[8];56;5600;5600;4.35261e+03;1;1;1;1.00000e+00;1.00000e+00;1.00000e+00;62;-3.38984e-03;3.69056e-03;8.71235e-04
nav-lives;me-freeForm;4;[8];42;4200;4200;3.42946e+03;22;1;1;1.00000e+00;1.00000e+00;1.00000e+00;181;2.53024e-01;2.60695e-01;4.25436e-01
nav-lives;me-freeForm;3;[8];57;5700;5700;4.43133e+03;1;1;1;1.00000e+00;1.00000e+00;1.00000e+00;62;-3.38984e-03;3.69056e-03;8.71235e-04
nav-lives;me-freeForm;4;[8];43;4300;4300;3.50964e+03;22;1;1;1.00000e+00;1.00000e+00;1.00000e+00;181;2.53024e-01;2.60695e-01;4.25436e-01
nav-lives;me-freeForm;3;[8];58;5800;5800;4.51088e+03;1;1;1;1.00000e+00;1.00000e+00;1.00000e+00;62;-3.38984e-03;3.69056e-03;8.71235e-04
nav-lives;me-freeForm;4;[8];44;4400;4400;3.58863e+03;23;1;1;1.00000e+00;1.00000e+00;1.00000e+00;181;2.53024e-01;2.60695e-01;4.25436e-01
nav-lives;me-freeForm;3;[8];59;5900;5900;4.58966e+03;1;1;1;1.00000e+00;1.00000e+00;1.00000e+00;62;-3.38984e-03;3.69056e-03;8.71235e-04
nav-lives;me-freeForm;4;[8];45;4500;4500;3.66874e+03;23;1;1;1.00000e+00;1.00000e+00;1.00000e+00;181;2.53024e-01;2.60695e-01;4.25436e-01
nav-lives;me-freeForm;3;[8];60;6000;6000;4.66949e+03;1;1;1;1.00000e+00;1.00000e+00;1.00000e+00;62;-3.38984e-03;3.69056e-03;8.71235e-04
nav-lives;me-freeForm;4;[8];46;4600;4600;3.74913e+03;24;1;1;1.00000e+00;1.00000e+00;1.00000e+00;181;2.53024e-01;2.60695e-01;4.25436e-01
nav-lives;me-freeForm;3;[8];61;6100;6100;4.74890e+03;1;1;1;1.00000e+00;1.00000e+00;1.00000e+00;62;-3.38984e-03;3.69056e-03;8.71235e-04
nav-lives;me-freeForm;4;[8];47;4700;4700;3.82668e+03;24;1;1;1.00000e+00;1.00000e+00;1.00000e+00;181;2.53024e-01;2.60695e-01;4.25436e-01
nav-lives;me-freeForm;3;[8];62;6200;6200;4.82883e+03;1;1;1;1.00000e+00;1.00000e+00;1.00000e+00;62;-3.38984e-03;3.69056e-03;8.71235e-04
nav-lives;me-freeForm;4;[8];48;4800;4800;3.90573e+03;24;1;1;1.00000e+00;1.00000e+00;1.00000e+00;181;2.53024e-01;2.60695e-01;4.25436e-01
nav-lives;me-freeForm;3;[8];63;6300;6300;4.90712e+03;1;1;1;1.00000e+00;1.00000e+00;1.00000e+00;62;-3.38984e-03;3.69056e-03;8.71235e-04
nav-lives;me-freeForm;4;[8];49;4900;4900;3.98455e+03;25;1;1;1.00000e+00;1.00000e+00;1.00000e+00;181;2.53024e-01;2.60695e-01;4.25436e-01
nav-lives;me-freeForm;3;[8];64;6400;6400;4.98780e+03;1;1;1;1.00000e+00;1.00000e+00;1.00000e+00;62;-3.38984e-03;3.69056e-03;8.71235e-04
nav-lives;me-freeForm;4;[8];50;5000;5000;4.06553e+03;25;1;1;1.00000e+00;1.00000e+00;1.00000e+00;181;2.53024e-01;2.60695e-01;4.25436e-01
nav-lives;me-freeForm;3;[8];65;6500;6500;5.06642e+03;1;1;1;1.00000e+00;1.00000e+00;1.00000e+00;62;-3.38984e-03;3.69056e-03;8.71235e-04
nav-lives;me-freeForm;4;[8];51;5100;5100;4.14624e+03;25;1;1;1.00000e+00;1.00000e+00;1.00000e+00;181;2.53024e-01;2.60695e-01;4.25436e-01
nav-lives;me-freeForm;3;[8];66;6600;6600;5.14521e+03;1;1;1;1.00000e+00;1.00000e+00;1.00000e+00;62;-3.38984e-03;3.69056e-03;8.71235e-04
nav-lives;me-freeForm;4;[8];52;5200;5200;4.22581e+03;25;1;1;1.00000e+00;1.00000e+00;1.00000e+00;181;2.53024e-01;2.60695e-01;4.25436e-01
nav-lives;me-freeForm;3;[8];67;6700;6700;5.22726e+03;1;1;1;1.00000e+00;1.00000e+00;1.00000e+00;62;-3.38984e-03;3.69056e-03;8.71235e-04
nav-lives;me-freeForm;4;[8];53;5300;5300;4.30516e+03;25;1;1;1.00000e+00;1.00000e+00;1.00000e+00;181;2.53024e-01;2.60695e-01;4.25436e-01
nav-lives;me-freeForm;3;[8];68;6800;6800;5.30786e+03;1;1;1;1.00000e+00;1.00000e+00;1.00000e+00;62;-3.38984e-03;3.69056e-03;8.71235e-04
nav-lives;me-freeForm;4;[8];54;5400;5400;4.38406e+03;25;1;1;1.00000e+00;1.00000e+00;1.00000e+00;179;3.23971e-01;3.33747e-01;4.71225e-01
nav-lives;me-freeForm;3;[8];69;6900;6900;5.38586e+03;1;1;1;1.00000e+00;1.00000e+00;1.00000e+00;62;-3.38984e-03;3.69056e-03;8.71235e-04
nav-lives;me-freeForm;4;[8];55;5500;5500;4.46480e+03;25;1;1;1.00000e+00;1.00000e+00;1.00000e+00;179;3.23971e-01;3.33747e-01;4.71225e-01
nav-lives;me-freeForm;3;[8];70;7000;7000;5.46415e+03;1;1;1;1.00000e+00;1.00000e+00;1.00000e+00;62;-3.38984e-03;3.69056e-03;8.71235e-04
nav-lives;me-freeForm;4;[8];56;5600;5600;4.54508e+03;25;1;1;1.00000e+00;1.00000e+00;1.00000e+00;179;3.23971e-01;3.33747e-01;4.71225e-01
nav-lives;me-freeForm;3;[8];71;7100;7100;5.54502e+03;1;1;1;1.00000e+00;1.00000e+00;1.00000e+00;62;-3.38984e-03;3.69056e-03;8.71235e-04
nav-lives;me-freeForm;4;[8];57;5700;5700;4.62440e+03;25;1;1;1.00000e+00;1.00000e+00;1.00000e+00;179;3.23971e-01;3.33747e-01;4.71225e-01
nav-lives;me-freeForm;3;[8];72;7200;7200;5.62546e+03;1;1;1;1.00000e+00;1.00000e+00;1.00000e+00;62;-3.38984e-03;3.69056e-03;8.71235e-04
nav-lives;me-freeForm;4;[8];58;5800;5800;4.70227e+03;25;1;1;1.00000e+00;1.00000e+00;1.00000e+00;179;3.23971e-01;3.33747e-01;4.71225e-01
nav-lives;me-freeForm;3;[8];73;7300;7300;5.70533e+03;1;1;1;1.00000e+00;1.00000e+00;1.00000e+00;62;-3.38984e-03;3.69056e-03;8.71235e-04
nav-lives;me-freeForm;4;[8];59;5900;5900;4.78210e+03;25;1;1;1.00000e+00;1.00000e+00;1.00000e+00;179;3.23971e-01;3.33747e-01;4.71225e-01
nav-lives;me-freeForm;3;[8];74;7400;7400;5.78365e+03;1;1;1;1.00000e+00;1.00000e+00;1.00000e+00;62;-3.38984e-03;3.69056e-03;8.71235e-04
nav-lives;me-freeForm;4;[8];60;6000;6000;4.86357e+03;25;1;1;1.00000e+00;1.00000e+00;1.00000e+00;179;3.23971e-01;3.33747e-01;4.71225e-01
nav-lives;me-freeForm;3;[8];75;7500;7500;5.86147e+03;1;1;1;1.00000e+00;1.00000e+00;1.00000e+00;62;-3.38984e-03;3.69056e-03;8.71235e-04
nav-lives;me-freeForm;4;[8];61;6100;6100;4.94321e+03;26;1;1;1.00000e+00;1.00000e+00;1.00000e+00;179;3.23971e-01;3.33747e-01;4.71225e-01
nav-lives;me-freeForm;3;[8];76;7600;7600;5.94438e+03;1;1;1;1.00000e+00;1.00000e+00;1.00000e+00;62;-3.38984e-03;3.69056e-03;8.71235e-04
nav-lives;me-freeForm;4;[8];62;6200;6200;5.02165e+03;26;1;1;1.00000e+00;1.00000e+00;1.00000e+00;179;3.23971e-01;3.33747e-01;4.71225e-01
nav-lives;me-freeForm;3;[8];77;7700;7700;6.02361e+03;1;1;1;1.00000e+00;1.00000e+00;1.00000e+00;62;-3.38984e-03;3.69056e-03;8.71235e-04
nav-lives;me-freeForm;4;[8];63;6300;6300;5.10124e+03;26;1;1;1.00000e+00;1.00000e+00;1.00000e+00;179;3.23971e-01;3.33747e-01;4.71225e-01
nav-lives;me-freeForm;3;[8];78;7800;7800;6.10112e+03;1;1;1;1.00000e+00;1.00000e+00;1.00000e+00;62;-3.38984e-03;3.69056e-03;8.71235e-04
nav-lives;me-freeForm;4;[8];64;6400;6400;5.17893e+03;26;1;1;1.00000e+00;1.00000e+00;1.00000e+00;179;3.23971e-01;3.33747e-01;4.71225e-01
nav-lives;me-freeForm;3;[8];79;7900;7900;6.18211e+03;1;1;1;1.00000e+00;1.00000e+00;1.00000e+00;63;-3.20980e-03;3.85263e-03;7.92171e-04
nav-lives;me-freeForm;4;[8];65;6500;6500;5.25930e+03;26;1;1;1.00000e+00;1.00000e+00;1.00000e+00;179;3.23971e-01;3.33747e-01;4.71225e-01
nav-lives;me-freeForm;3;[8];80;8000;8000;6.26048e+03;1;1;1;1.00000e+00;1.00000e+00;1.00000e+00;63;-3.20980e-03;3.85263e-03;7.92171e-04
nav-lives;me-freeForm;4;[8];66;6600;6600;5.33775e+03;26;1;1;1.00000e+00;1.00000e+00;1.00000e+00;179;3.23971e-01;3.33747e-01;4.71225e-01
nav-lives;me-freeForm;3;[8];81;8100;8100;6.33798e+03;1;1;1;1.00000e+00;1.00000e+00;1.00000e+00;63;-3.20980e-03;3.85263e-03;7.92171e-04
nav-lives;me-freeForm;4;[8];67;6700;6700;5.41633e+03;26;1;1;1.00000e+00;1.00000e+00;1.00000e+00;179;3.23971e-01;3.33747e-01;4.71225e-01
nav-lives;me-freeForm;3;[8];82;8200;8200;6.41832e+03;1;1;1;1.00000e+00;1.00000e+00;1.00000e+00;63;-3.20980e-03;3.85263e-03;7.92171e-04
nav-lives;me-freeForm;4;[8];68;6800;6800;5.49547e+03;26;1;1;1.00000e+00;1.00000e+00;1.00000e+00;179;3.23971e-01;3.33747e-01;4.71225e-01
nav-lives;me-freeForm;3;[8];83;8300;8300;6.49788e+03;1;1;1;1.00000e+00;1.00000e+00;1.00000e+00;63;-3.20980e-03;3.85263e-03;7.92171e-04
nav-lives;me-freeForm;4;[8];69;6900;6900;5.57486e+03;26;1;1;1.00000e+00;1.00000e+00;1.00000e+00;179;3.23971e-01;3.33747e-01;4.71225e-01
nav-lives;me-freeForm;3;[8];84;8400;8400;6.57727e+03;1;1;1;1.00000e+00;1.00000e+00;1.00000e+00;63;-3.20980e-03;3.85263e-03;7.92171e-04
nav-lives;me-freeForm;4;[8];70;7000;7000;5.65416e+03;26;1;1;1.00000e+00;1.00000e+00;1.00000e+00;179;3.23971e-01;3.33747e-01;4.71225e-01
nav-lives;me-freeForm;3;[8];85;8500;8500;6.65580e+03;1;1;1;1.00000e+00;1.00000e+00;1.00000e+00;63;-3.20980e-03;3.85263e-03;7.92171e-04
nav-lives;me-freeForm;4;[8];71;7100;7100;5.73369e+03;26;1;1;1.00000e+00;1.00000e+00;1.00000e+00;179;3.23971e-01;3.33747e-01;4.71225e-01
nav-lives;me-freeForm;3;[8];86;8600;8600;6.73502e+03;1;1;1;1.00000e+00;1.00000e+00;1.00000e+00;63;-3.20980e-03;3.85263e-03;7.92171e-04
nav-lives;me-freeForm;4;[8];72;7200;7200;5.81241e+03;26;1;1;1.00000e+00;1.00000e+00;1.00000e+00;179;3.23971e-01;3.33747e-01;4.71225e-01
nav-lives;me-freeForm;3;[8];87;8700;8700;6.81604e+03;1;1;1;1.00000e+00;1.00000e+00;1.00000e+00;63;-3.20980e-03;3.85263e-03;7.92171e-04
nav-lives;me-freeForm;4;[8];73;7300;7300;5.89099e+03;26;1;1;1.00000e+00;1.00000e+00;1.00000e+00;179;3.23971e-01;3.33747e-01;4.71225e-01
nav-lives;me-freeForm;3;[8];88;8800;8800;6.89358e+03;1;1;1;1.00000e+00;1.00000e+00;1.00000e+00;63;-3.20980e-03;3.85263e-03;7.92171e-04
nav-lives;me-freeForm;4;[8];74;7400;7400;5.96955e+03;26;1;1;1.00000e+00;1.00000e+00;1.00000e+00;179;3.23971e-01;3.33747e-01;4.71225e-01
nav-lives;me-freeForm;3;[8];89;8900;8900;6.97204e+03;1;1;1;1.00000e+00;1.00000e+00;1.00000e+00;63;-3.20980e-03;3.85263e-03;7.92171e-04
nav-lives;me-freeForm;4;[8];75;7500;7500;6.05005e+03;26;1;1;1.00000e+00;1.00000e+00;1.00000e+00;179;3.23971e-01;3.33747e-01;4.71225e-01
nav-lives;me-freeForm;3;[8];90;9000;9000;7.05196e+03;1;1;1;1.00000e+00;1.00000e+00;1.00000e+00;63;-3.20980e-03;3.85263e-03;7.92171e-04
nav-lives;me-freeForm;4;[8];76;7600;7600;6.13062e+03;26;1;1;1.00000e+00;1.00000e+00;1.00000e+00;179;3.23971e-01;3.33747e-01;4.71225e-01
nav-lives;me-freeForm;3;[8];91;9100;9100;7.12989e+03;1;1;1;1.00000e+00;1.00000e+00;1.00000e+00;63;-3.20980e-03;3.85263e-03;7.92171e-04
nav-lives;me-freeForm;4;[8];77;7700;7700;6.20966e+03;26;1;1;1.00000e+00;1.00000e+00;1.00000e+00;179;3.23971e-01;3.33747e-01;4.71225e-01
nav-lives;me-freeForm;3;[8];92;9200;9200;7.21288e+03;1;1;1;1.00000e+00;1.00000e+00;1.00000e+00;63;-3.20980e-03;3.85263e-03;7.92171e-04
nav-lives;me-freeForm;4;[8];78;7800;7800;6.28844e+03;26;1;1;1.00000e+00;1.00000e+00;1.00000e+00;179;3.23971e-01;3.33747e-01;4.71225e-01
nav-lives;me-freeForm;3;[8];93;9300;9300;7.29048e+03;1;1;1;1.00000e+00;1.00000e+00;1.00000e+00;63;-3.20980e-03;3.85263e-03;7.92171e-04
nav-lives;me-freeForm;4;[8];79;7900;7900;6.36644e+03;28;1;1;1.00000e+00;1.00000e+00;1.00000e+00;179;3.23971e-01;3.33747e-01;4.71225e-01
nav-lives;me-freeForm;3;[8];94;9400;9400;7.37025e+03;1;1;1;1.00000e+00;1.00000e+00;1.00000e+00;63;-3.20980e-03;3.85263e-03;7.92171e-04
nav-lives;me-freeForm;4;[8];80;8000;8000;6.44719e+03;28;1;1;1.00000e+00;1.00000e+00;1.00000e+00;179;3.23971e-01;3.33747e-01;4.71225e-01
nav-lives;me-freeForm;3;[8];95;9500;9500;7.44709e+03;1;1;1;1.00000e+00;1.00000e+00;1.00000e+00;63;-3.20980e-03;3.85263e-03;7.92171e-04
nav-lives;me-freeForm;4;[8];81;8100;8100;6.52672e+03;28;1;1;1.00000e+00;1.00000e+00;1.00000e+00;179;3.23971e-01;3.33747e-01;4.71225e-01
nav-lives;me-freeForm;3;[8];96;9600;9600;7.52855e+03;1;1;1;1.00000e+00;1.00000e+00;1.00000e+00;63;-3.20980e-03;3.85263e-03;7.92171e-04
nav-lives;me-freeForm;4;[8];82;8200;8200;6.60526e+03;28;1;1;1.00000e+00;1.00000e+00;1.00000e+00;179;3.23971e-01;3.33747e-01;4.71225e-01
nav-lives;me-freeForm;3;[8];97;9700;9700;7.60929e+03;1;1;1;1.00000e+00;1.00000e+00;1.00000e+00;63;-3.20980e-03;3.85263e-03;7.92171e-04
nav-lives;me-freeForm;4;[8];83;8300;8300;6.68545e+03;28;1;1;1.00000e+00;1.00000e+00;1.00000e+00;179;3.23971e-01;3.33747e-01;4.71225e-01
nav-lives;me-freeForm;3;[8];98;9800;9800;7.68778e+03;1;1;1;1.00000e+00;1.00000e+00;1.00000e+00;63;-3.20980e-03;3.85263e-03;7.92171e-04
nav-lives;me-freeForm;4;[8];84;8400;8400;6.76575e+03;28;1;1;1.00000e+00;1.00000e+00;1.00000e+00;179;3.23971e-01;3.33747e-01;4.71225e-01
nav-lives;me-freeForm;3;[8];99;9900;9900;7.76610e+03;1;1;1;1.00000e+00;1.00000e+00;1.00000e+00;63;-3.20980e-03;3.85263e-03;7.92171e-04
nav-lives;me-freeForm;4;[8];85;8500;8500;6.84546e+03;28;1;1;1.00000e+00;1.00000e+00;1.00000e+00;179;3.23971e-01;3.33747e-01;4.71225e-01
nav-lives;me-freeForm;3;[8];100;10000;10000;7.84717e+03;1;1;1;1.00000e+00;1.00000e+00;1.00000e+00;63;-3.20980e-03;3.85263e-03;7.92171e-04
nav-lives;me-freeForm;4;[8];86;8600;8600;6.92564e+03;28;1;1;1.00000e+00;1.00000e+00;1.00000e+00;179;3.23971e-01;3.33747e-01;4.71225e-01
nav-lives;me-freeForm;3;[8];101;10100;10100;7.92624e+03;1;1;1;1.00000e+00;1.00000e+00;1.00000e+00;63;-3.20980e-03;3.85263e-03;7.92171e-04
nav-lives;me-freeForm;4;[8];87;8700;8700;7.00475e+03;28;1;1;1.00000e+00;1.00000e+00;1.00000e+00;179;3.23971e-01;3.33747e-01;4.71225e-01
nav-lives;me-freeForm;3;[8];102;10200;10200;8.00817e+03;1;1;1;1.00000e+00;1.00000e+00;1.00000e+00;63;-3.20980e-03;3.85263e-03;7.92171e-04
nav-lives;me-freeForm;4;[8];88;8800;8800;7.08448e+03;28;1;1;1.00000e+00;1.00000e+00;1.00000e+00;179;3.23971e-01;3.33747e-01;4.71225e-01
nav-lives;me-freeForm;3;[8];103;10300;10300;8.08417e+03;1;1;1;1.00000e+00;1.00000e+00;1.00000e+00;63;-3.20980e-03;3.85263e-03;7.92171e-04
nav-lives;me-freeForm;4;[8];89;8900;8900;7.16393e+03;28;1;1;1.00000e+00;1.00000e+00;1.00000e+00;179;3.23971e-01;3.33747e-01;4.71225e-01
nav-lives;me-freeForm;3;[8];104;10400;10400;8.16499e+03;1;1;1;1.00000e+00;1.00000e+00;1.00000e+00;63;-3.20980e-03;3.85263e-03;7.92171e-04
nav-lives;me-freeForm;4;[8];90;9000;9000;7.24373e+03;28;1;1;1.00000e+00;1.00000e+00;1.00000e+00;179;3.23971e-01;3.33747e-01;4.71225e-01
nav-lives;me-freeForm;3;[8];105;10500;10500;8.24459e+03;1;1;1;1.00000e+00;1.00000e+00;1.00000e+00;63;-3.20980e-03;3.85263e-03;7.92171e-04
nav-lives;me-freeForm;4;[8];91;9100;9100;7.32332e+03;28;1;1;1.00000e+00;1.00000e+00;1.00000e+00;179;3.23971e-01;3.33747e-01;4.71225e-01
nav-lives;me-freeForm;3;[8];106;10600;10600;8.32584e+03;1;1;1;1.00000e+00;1.00000e+00;1.00000e+00;63;-3.20980e-03;3.85263e-03;7.92171e-04
nav-lives;me-freeForm;4;[8];92;9200;9200;7.40264e+03;28;1;1;1.00000e+00;1.00000e+00;1.00000e+00;179;3.23971e-01;3.33747e-01;4.71225e-01
nav-lives;me-freeForm;3;[8];107;10700;10700;8.40377e+03;1;1;1;1.00000e+00;1.00000e+00;1.00000e+00;63;-3.20980e-03;3.85263e-03;7.92171e-04
nav-lives;me-freeForm;4;[8];93;9300;9300;7.48077e+03;28;1;1;1.00000e+00;1.00000e+00;1.00000e+00;179;3.23971e-01;3.33747e-01;4.71225e-01
nav-lives;me-freeForm;3;[8];108;10800;10800;8.48584e+03;1;1;1;1.00000e+00;1.00000e+00;1.00000e+00;63;-3.20980e-03;3.85263e-03;7.92171e-04
nav-lives;me-freeForm;4;[8];94;9400;9400;7.56081e+03;28;1;1;1.00000e+00;1.00000e+00;1.00000e+00;179;3.23971e-01;3.33747e-01;4.71225e-01
nav-lives;me-freeForm;3;[8];109;10900;10900;8.56285e+03;1;1;1;1.00000e+00;1.00000e+00;1.00000e+00;63;-3.20980e-03;3.85263e-03;7.92171e-04
nav-lives;me-freeForm;4;[8];95;9500;9500;7.64132e+03;28;1;1;1.00000e+00;1.00000e+00;1.00000e+00;173;3.39366e-01;3.30115e-01;4.77044e-01
nav-lives;me-freeForm;3;[8];110;11000;11000;8.64262e+03;1;1;1;1.00000e+00;1.00000e+00;1.00000e+00;63;-3.20980e-03;3.85263e-03;7.92171e-04
nav-lives;me-freeForm;4;[8];96;9600;9600;7.72017e+03;28;1;1;1.00000e+00;1.00000e+00;1.00000e+00;173;3.39366e-01;3.30115e-01;4.77044e-01
nav-lives;me-freeForm;3;[8];111;11100;11100;8.72339e+03;1;1;1;1.00000e+00;1.00000e+00;1.00000e+00;63;-3.20980e-03;3.85263e-03;7.92171e-04
nav-lives;me-freeForm;4;[8];97;9700;9700;7.80057e+03;28;1;1;1.00000e+00;1.00000e+00;1.00000e+00;173;3.39366e-01;3.30115e-01;4.77044e-01
nav-lives;me-freeForm;3;[8];112;11200;11200;8.80361e+03;1;1;1;1.00000e+00;1.00000e+00;1.00000e+00;63;-3.20980e-03;3.85263e-03;7.92171e-04
nav-lives;me-freeForm;4;[8];98;9800;9800;7.87934e+03;28;1;1;1.00000e+00;1.00000e+00;1.00000e+00;173;3.39366e-01;3.30115e-01;4.77044e-01
nav-lives;me-freeForm;3;[8];113;11300;11300;8.88538e+03;1;1;1;1.00000e+00;1.00000e+00;1.00000e+00;110;-3.02922e-03;2.65989e-03;9.54477e-04
nav-lives;me-freeForm;4;[8];99;9900;9900;7.96030e+03;28;1;1;1.00000e+00;1.00000e+00;1.00000e+00;173;3.39366e-01;3.30115e-01;4.77044e-01
nav-lives;me-freeForm;3;[8];114;11400;11400;8.96940e+03;2;1;1;1.00000e+00;1.00000e+00;1.00000e+00;81;4.46128e-04;9.17697e-03;5.55022e-02
nav-lives;me-freeForm;4;[8];100;10000;10000;8.04317e+03;28;1;1;1.00000e+00;1.00000e+00;1.00000e+00;173;3.39366e-01;3.30115e-01;4.77044e-01
nav-lives;me-freeForm;3;[8];115;11500;11500;9.04991e+03;4;1;1;1.00000e+00;1.00000e+00;1.00000e+00;81;9.82433e-02;1.06904e-01;2.06510e-01
nav-lives;me-freeForm;4;[8];101;10100;10100;8.12804e+03;28;1;1;1.00000e+00;1.00000e+00;1.00000e+00;173;3.39366e-01;3.30115e-01;4.77044e-01
nav-lives;me-freeForm;3;[8];116;11600;11600;9.13103e+03;7;1;1;1.00000e+00;1.00000e+00;1.00000e+00;81;9.82433e-02;1.06904e-01;2.06510e-01
nav-lives;me-freeForm;4;[8];102;10200;10200;8.20871e+03;28;1;1;1.00000e+00;1.00000e+00;1.00000e+00;173;3.39366e-01;3.30115e-01;4.77044e-01
nav-lives;me-freeForm;3;[8];117;11700;11700;9.21378e+03;13;1;1;1.00000e+00;1.00000e+00;1.00000e+00;82;1.36022e-01;1.47391e-01;2.32558e-01
nav-lives;me-freeForm;4;[8];103;10300;10300;8.28967e+03;29;1;1;1.00000e+00;1.00000e+00;1.00000e+00;173;3.39366e-01;3.30115e-01;4.77044e-01
nav-lives;me-freeForm;3;[8];118;11800;11800;9.29441e+03;18;1;1;1.00000e+00;1.00000e+00;1.00000e+00;76;4.39917e-01;4.47526e-01;4.94054e-01
nav-lives;me-freeForm;4;[8];104;10400;10400;8.37216e+03;29;1;1;1.00000e+00;1.00000e+00;1.00000e+00;173;3.39366e-01;3.30115e-01;4.77044e-01
nav-lives;me-freeForm;3;[8];119;11900;11900;9.37584e+03;23;1;1;1.00000e+00;1.00000e+00;1.00000e+00;76;4.39917e-01;4.47526e-01;4.94054e-01
nav-lives;me-freeForm;4;[8];105;10500;10500;8.45553e+03;29;1;1;1.00000e+00;1.00000e+00;1.00000e+00;173;3.39366e-01;3.30115e-01;4.77044e-01
nav-lives;me-freeForm;3;[8];120;12000;12000;9.45842e+03;24;1;1;1.00000e+00;1.00000e+00;1.00000e+00;76;4.39917e-01;4.47526e-01;4.94054e-01
nav-lives;me-freeForm;4;[8];106;10600;10600;8.53988e+03;29;1;1;1.00000e+00;1.00000e+00;1.00000e+00;173;3.39366e-01;3.30115e-01;4.77044e-01
nav-lives;me-freeForm;3;[8];121;12100;12100;9.53842e+03;24;1;1;1.00000e+00;1.00000e+00;1.00000e+00;76;4.39917e-01;4.47526e-01;4.94054e-01
nav-lives;me-freeForm;4;[8];107;10700;10700;8.62059e+03;30;1;1;1.00000e+00;1.00000e+00;1.00000e+00;163;3.92961e-01;3.99204e-01;4.90660e-01
nav-lives;me-freeForm;3;[8];122;12200;12200;9.62367e+03;26;1;1;1.00000e+00;1.00000e+00;1.00000e+00;76;4.39917e-01;4.47526e-01;4.94054e-01
nav-lives;me-freeForm;4;[8];108;10800;10800;8.69975e+03;30;1;1;1.00000e+00;1.00000e+00;1.00000e+00;163;3.92961e-01;3.99204e-01;4.90660e-01
nav-lives;me-freeForm;3;[8];123;12300;12300;9.70341e+03;26;1;1;1.00000e+00;1.00000e+00;1.00000e+00;76;4.39917e-01;4.47526e-01;4.94054e-01
nav-lives;me-freeForm;4;[8];109;10900;10900;8.78147e+03;30;1;1;1.00000e+00;1.00000e+00;1.00000e+00;163;3.92961e-01;3.99204e-01;4.90660e-01
nav-lives;me-freeForm;3;[8];124;12400;12400;9.78257e+03;27;1;1;1.00000e+00;1.00000e+00;1.00000e+00;76;4.39917e-01;4.47526e-01;4.94054e-01
nav-lives;me-freeForm;4;[8];110;11000;11000;8.86241e+03;30;1;1;1.00000e+00;1.00000e+00;1.00000e+00;163;3.92961e-01;3.99204e-01;4.90660e-01
nav-lives;me-freeForm;3;[8];125;12500;12500;9.86529e+03;27;1;1;1.00000e+00;1.00000e+00;1.00000e+00;76;4.39917e-01;4.47526e-01;4.94054e-01
nav-lives;me-freeForm;4;[8];111;11100;11100;8.94348e+03;30;1;1;1.00000e+00;1.00000e+00;1.00000e+00;163;3.92961e-01;3.99204e-01;4.90660e-01
nav-lives;me-freeForm;3;[8];126;12600;12600;9.94699e+03;28;1;1;1.00000e+00;1.00000e+00;1.00000e+00;76;4.39917e-01;4.47526e-01;4.94054e-01
nav-lives;me-freeForm;4;[8];112;11200;11200;9.02496e+03;30;1;1;1.00000e+00;1.00000e+00;1.00000e+00;163;3.92961e-01;3.99204e-01;4.90660e-01
nav-lives;me-freeForm;3;[8];127;12700;12700;1.00305e+04;28;1;1;1.00000e+00;1.00000e+00;1.00000e+00;76;4.39917e-01;4.47526e-01;4.94054e-01
nav-lives;me-freeForm;4;[8];113;11300;11300;9.10816e+03;30;1;1;1.00000e+00;1.00000e+00;1.00000e+00;163;3.92961e-01;3.99204e-01;4.90660e-01
nav-lives;me-freeForm;3;[8];128;12800;12800;1.01130e+04;28;1;1;1.00000e+00;1.00000e+00;1.00000e+00;76;4.39917e-01;4.47526e-01;4.94054e-01
nav-lives;me-freeForm;4;[8];114;11400;11400;9.18741e+03;30;1;1;1.00000e+00;1.00000e+00;1.00000e+00;163;3.92961e-01;3.99204e-01;4.90660e-01
nav-lives;me-freeForm;3;[8];129;12900;12900;1.01920e+04;28;1;1;1.00000e+00;1.00000e+00;1.00000e+00;76;4.39917e-01;4.47526e-01;4.94054e-01
nav-lives;me-freeForm;4;[8];115;11500;11500;9.27027e+03;30;1;1;1.00000e+00;1.00000e+00;1.00000e+00;163;3.92961e-01;3.99204e-01;4.90660e-01
nav-lives;me-freeForm;3;[8];130;13000;13000;1.02702e+04;28;1;1;1.00000e+00;1.00000e+00;1.00000e+00;76;4.39917e-01;4.47526e-01;4.94054e-01
nav-lives;me-freeForm;4;[8];116;11600;11600;9.35219e+03;30;1;1;1.00000e+00;1.00000e+00;1.00000e+00;163;3.92961e-01;3.99204e-01;4.90660e-01
nav-lives;me-freeForm;3;[8];131;13100;13100;1.03560e+04;29;1;1;1.00000e+00;1.00000e+00;1.00000e+00;76;4.39917e-01;4.47526e-01;4.94054e-01
nav-lives;me-freeForm;4;[8];117;11700;11700;9.43505e+03;30;1;1;1.00000e+00;1.00000e+00;1.00000e+00;163;3.92961e-01;3.99204e-01;4.90660e-01
nav-lives;me-freeForm;3;[8];132;13200;13200;1.04382e+04;29;1;1;1.00000e+00;1.00000e+00;1.00000e+00;76;4.39917e-01;4.47526e-01;4.94054e-01
nav-lives;me-freeForm;4;[8];118;11800;11800;9.51620e+03;31;1;1;1.00000e+00;1.00000e+00;1.00000e+00;163;3.92961e-01;3.99204e-01;4.90660e-01
nav-lives;me-freeForm;3;[8];133;13300;13300;1.05202e+04;29;1;1;1.00000e+00;1.00000e+00;1.00000e+00;76;4.39917e-01;4.47526e-01;4.94054e-01
nav-lives;me-freeForm;4;[8];119;11900;11900;9.59828e+03;31;1;1;1.00000e+00;1.00000e+00;1.00000e+00;163;3.92961e-01;3.99204e-01;4.90660e-01
nav-lives;me-freeForm;3;[8];134;13400;13400;1.06013e+04;30;1;1;1.00000e+00;1.00000e+00;1.00000e+00;76;4.39917e-01;4.47526e-01;4.94054e-01
nav-lives;me-freeForm;4;[8];120;12000;12000;9.67896e+03;31;1;1;1.00000e+00;1.00000e+00;1.00000e+00;163;3.92961e-01;3.99204e-01;4.90660e-01
nav-lives;me-freeForm;3;[8];135;13500;13500;1.06835e+04;30;1;1;1.00000e+00;1.00000e+00;1.00000e+00;76;4.39917e-01;4.47526e-01;4.94054e-01
nav-lives;me-freeForm;4;[8];121;12100;12100;9.76049e+03;31;1;1;1.00000e+00;1.00000e+00;1.00000e+00;163;3.92961e-01;3.99204e-01;4.90660e-01
nav-lives;me-freeForm;3;[8];136;13600;13600;1.07633e+04;31;1;1;1.00000e+00;1.00000e+00;1.00000e+00;76;4.39917e-01;4.47526e-01;4.94054e-01
nav-lives;me-freeForm;4;[8];122;12200;12200;9.84253e+03;31;1;1;1.00000e+00;1.00000e+00;1.00000e+00;163;3.92961e-01;3.99204e-01;4.90660e-01
nav-lives;me-freeForm;3;[8];137;13700;13700;1.08479e+04;31;1;1;1.00000e+00;1.00000e+00;1.00000e+00;76;4.39917e-01;4.47526e-01;4.94054e-01
nav-lives;me-freeForm;4;[8];123;12300;12300;9.92488e+03;31;1;1;1.00000e+00;1.00000e+00;1.00000e+00;163;3.92961e-01;3.99204e-01;4.90660e-01
nav-lives;me-freeForm;3;[8];138;13800;13800;1.09290e+04;31;1;1;1.00000e+00;1.00000e+00;1.00000e+00;76;4.39917e-01;4.47526e-01;4.94054e-01
nav-lives;me-freeForm;4;[8];124;12400;12400;1.00073e+04;31;1;1;1.00000e+00;1.00000e+00;1.00000e+00;163;3.92961e-01;3.99204e-01;4.90660e-01
nav-lives;me-freeForm;3;[8];139;13900;13900;1.10131e+04;31;1;1;1.00000e+00;1.00000e+00;1.00000e+00;76;4.39917e-01;4.47526e-01;4.94054e-01
nav-lives;me-freeForm;4;[8];125;12500;12500;1.00897e+04;31;1;1;1.00000e+00;1.00000e+00;1.00000e+00;163;3.92961e-01;3.99204e-01;4.90660e-01
nav-lives;me-freeForm;3;[8];140;14000;14000;1.10948e+04;31;1;1;1.00000e+00;1.00000e+00;1.00000e+00;76;4.39917e-01;4.47526e-01;4.94054e-01
nav-lives;me-freeForm;4;[8];126;12600;12600;1.01720e+04;31;1;1;1.00000e+00;1.00000e+00;1.00000e+00;163;3.92961e-01;3.99204e-01;4.90660e-01
nav-lives;me-freeForm;3;[8];141;14100;14100;1.11763e+04;31;1;1;1.00000e+00;1.00000e+00;1.00000e+00;76;4.39917e-01;4.47526e-01;4.94054e-01
nav-lives;me-freeForm;4;[8];127;12700;12700;1.02534e+04;31;1;1;1.00000e+00;1.00000e+00;1.00000e+00;163;3.92961e-01;3.99204e-01;4.90660e-01
nav-lives;me-freeForm;3;[8];142;14200;14200;1.12575e+04;31;1;1;1.00000e+00;1.00000e+00;1.00000e+00;76;4.39917e-01;4.47526e-01;4.94054e-01
nav-lives;me-freeForm;4;[8];128;12800;12800;1.03335e+04;32;1;1;1.00000e+00;1.00000e+00;1.00000e+00;163;3.92961e-01;3.99204e-01;4.90660e-01
nav-lives;me-freeForm;3;[8];143;14300;14300;1.13389e+04;31;1;1;1.00000e+00;1.00000e+00;1.00000e+00;76;4.39917e-01;4.47526e-01;4.94054e-01
nav-lives;me-freeForm;4;[8];129;12900;12900;1.04192e+04;32;1;1;1.00000e+00;1.00000e+00;1.00000e+00;163;3.92961e-01;3.99204e-01;4.90660e-01
nav-lives;me-freeForm;3;[8];144;14400;14400;1.14259e+04;31;1;1;1.00000e+00;1.00000e+00;1.00000e+00;76;4.39917e-01;4.47526e-01;4.94054e-01
nav-lives;me-freeForm;4;[8];130;13000;13000;1.05026e+04;32;1;1;1.00000e+00;1.00000e+00;1.00000e+00;163;3.92961e-01;3.99204e-01;4.90660e-01
nav-lives;me-freeForm;3;[8];145;14500;14500;1.15113e+04;31;1;1;1.00000e+00;1.00000e+00;1.00000e+00;76;4.39917e-01;4.47526e-01;4.94054e-01
nav-lives;me-freeForm;4;[8];131;13100;13100;1.05858e+04;32;1;1;1.00000e+00;1.00000e+00;1.00000e+00;163;3.92961e-01;3.99204e-01;4.90660e-01
nav-lives;me-freeForm;3;[8];146;14600;14600;1.15929e+04;31;1;1;9.67742e-01;1.00000e+00;1.00000e+00;76;4.39917e-01;4.47526e-01;4.94054e-01
nav-lives;me-freeForm;4;[8];132;13200;13200;1.06695e+04;32;1;1;1.00000e+00;1.00000e+00;1.00000e+00;163;3.92961e-01;3.99204e-01;4.90660e-01
nav-lives;me-freeForm;3;[8];147;14700;14700;1.16745e+04;31;1;1;9.67742e-01;1.00000e+00;1.00000e+00;76;4.39917e-01;4.47526e-01;4.94054e-01
nav-lives;me-freeForm;4;[8];133;13300;13300;1.07507e+04;32;1;1;1.00000e+00;1.00000e+00;1.00000e+00;163;3.92961e-01;3.99204e-01;4.90660e-01
nav-lives;me-freeForm;3;[8];148;14800;14800;1.17584e+04;31;1;1;9.67742e-01;1.00000e+00;1.00000e+00;76;4.39917e-01;4.47526e-01;4.94054e-01
nav-lives;me-freeForm;4;[8];134;13400;13400;1.08364e+04;32;1;1;1.00000e+00;1.00000e+00;1.00000e+00;163;3.92961e-01;3.99204e-01;4.90660e-01
nav-lives;me-freeForm;3;[8];149;14900;14900;1.18425e+04;31;1;1;9.67742e-01;1.00000e+00;1.00000e+00;76;4.39917e-01;4.47526e-01;4.94054e-01
nav-lives;me-freeForm;4;[8];135;13500;13500;1.09232e+04;32;1;1;1.00000e+00;1.00000e+00;1.00000e+00;187;4.26881e-01;4.35245e-01;4.97985e-01
nav-lives;me-freeForm;3;[8];150;15000;15000;1.19274e+04;31;1;1;9.67742e-01;1.00000e+00;1.00000e+00;76;4.39917e-01;4.47526e-01;4.94054e-01
nav-lives;me-freeForm;4;[8];136;13600;13600;1.10082e+04;32;1;1;1.00000e+00;1.00000e+00;1.00000e+00;187;4.26881e-01;4.35245e-01;4.97985e-01
nav-lives;me-freeForm;3;[8];151;15100;15100;1.20106e+04;31;1;1;9.67742e-01;1.00000e+00;1.00000e+00;76;4.39917e-01;4.47526e-01;4.94054e-01
nav-lives;me-freeForm;4;[8];137;13700;13700;1.10909e+04;32;1;1;1.00000e+00;1.00000e+00;1.00000e+00;187;4.26881e-01;4.35245e-01;4.97985e-01
nav-lives;me-freeForm;3;[8];152;15200;15200;1.20966e+04;31;1;1;9.67742e-01;1.00000e+00;1.00000e+00;76;4.39917e-01;4.47526e-01;4.94054e-01
nav-lives;me-freeForm;4;[8];138;13800;13800;1.11743e+04;32;1;1;1.00000e+00;1.00000e+00;1.00000e+00;187;4.26881e-01;4.35245e-01;4.97985e-01
nav-lives;me-freeForm;3;[8];153;15300;15300;1.21774e+04;31;1;1;9.67742e-01;1.00000e+00;1.00000e+00;109;4.86414e-01;3.18864e-01;4.61786e-01
nav-lives;me-freeForm;4;[8];139;13900;13900;1.12562e+04;32;1;1;1.00000e+00;1.00000e+00;1.00000e+00;187;4.26881e-01;4.35245e-01;4.97985e-01
nav-lives;me-freeForm;3;[8];154;15400;15400;1.22627e+04;31;1;1;9.67742e-01;1.00000e+00;1.00000e+00;109;4.86414e-01;3.18864e-01;4.61786e-01
nav-lives;me-freeForm;4;[8];140;14000;14000;1.13407e+04;32;1;1;1.00000e+00;1.00000e+00;1.00000e+00;187;4.26881e-01;4.35245e-01;4.97985e-01
nav-lives;me-freeForm;3;[8];155;15500;15500;1.23430e+04;31;1;1;9.67742e-01;1.00000e+00;1.00000e+00;109;4.86414e-01;3.18864e-01;4.61786e-01
nav-lives;me-freeForm;4;[8];141;14100;14100;1.14235e+04;32;1;1;1.00000e+00;1.00000e+00;1.00000e+00;187;4.26881e-01;4.35245e-01;4.97985e-01
nav-lives;me-freeForm;3;[8];156;15600;15600;1.24304e+04;31;1;1;9.67742e-01;1.00000e+00;1.00000e+00;109;4.86414e-01;3.18864e-01;4.61786e-01
nav-lives;me-freeForm;4;[8];142;14200;14200;1.15056e+04;32;1;1;1.00000e+00;1.00000e+00;1.00000e+00;187;4.26881e-01;4.35245e-01;4.97985e-01
nav-lives;me-freeForm;3;[8];157;15700;15700;1.25130e+04;31;1;1;9.67742e-01;1.00000e+00;1.00000e+00;109;4.86414e-01;3.18864e-01;4.61786e-01
nav-lives;me-freeForm;4;[8];143;14300;14300;1.15893e+04;32;1;1;1.00000e+00;1.00000e+00;1.00000e+00;187;4.26881e-01;4.35245e-01;4.97985e-01
nav-lives;me-freeForm;3;[8];158;15800;15800;1.25957e+04;31;1;1;9.67742e-01;1.00000e+00;1.00000e+00;109;4.86414e-01;3.18864e-01;4.61786e-01
nav-lives;me-freeForm;4;[8];144;14400;14400;1.16758e+04;32;1;1;1.00000e+00;1.00000e+00;1.00000e+00;187;4.26881e-01;4.35245e-01;4.97985e-01
nav-lives;me-freeForm;3;[8];159;15900;15900;1.26810e+04;31;1;1;9.67742e-01;1.00000e+00;1.00000e+00;109;4.86414e-01;3.18864e-01;4.61786e-01
nav-lives;me-freeForm;4;[8];145;14500;14500;1.17609e+04;32;1;1;1.00000e+00;1.00000e+00;1.00000e+00;187;4.26881e-01;4.35245e-01;4.97985e-01
nav-lives;me-freeForm;3;[8];160;16000;16000;1.27647e+04;31;1;1;9.67742e-01;1.00000e+00;1.00000e+00;109;4.86414e-01;3.18864e-01;4.61786e-01
nav-lives;me-freeForm;4;[8];146;14600;14600;1.18467e+04;32;1;1;1.00000e+00;1.00000e+00;1.00000e+00;187;4.26881e-01;4.35245e-01;4.97985e-01
nav-lives;me-freeForm;3;[8];161;16100;16100;1.28519e+04;31;1;1;9.67742e-01;1.00000e+00;1.00000e+00;109;4.86414e-01;3.18864e-01;4.61786e-01
nav-lives;me-freeForm;4;[8];147;14700;14700;1.19270e+04;32;1;1;1.00000e+00;1.00000e+00;1.00000e+00;187;4.26881e-01;4.35245e-01;4.97985e-01
nav-lives;me-freeForm;3;[8];162;16200;16200;1.29342e+04;31;1;1;9.67742e-01;1.00000e+00;1.00000e+00;109;4.86414e-01;3.18864e-01;4.61786e-01
nav-lives;me-freeForm;4;[8];148;14800;14800;1.20114e+04;32;1;1;1.00000e+00;1.00000e+00;1.00000e+00;187;4.26881e-01;4.35245e-01;4.97985e-01
nav-lives;me-freeForm;3;[8];163;16300;16300;1.30168e+04;31;1;1;9.67742e-01;1.00000e+00;1.00000e+00;109;4.86414e-01;3.18864e-01;4.61786e-01
nav-lives;me-freeForm;4;[8];149;14900;14900;1.20915e+04;32;1;1;1.00000e+00;1.00000e+00;1.00000e+00;187;4.26881e-01;4.35245e-01;4.97985e-01
nav-lives;me-freeForm;3;[8];164;16400;16400;1.31003e+04;31;1;1;9.67742e-01;1.00000e+00;1.00000e+00;109;4.86414e-01;3.18864e-01;4.61786e-01
nav-lives;me-freeForm;4;[8];150;15000;15000;1.21765e+04;32;1;1;1.00000e+00;1.00000e+00;1.00000e+00;187;4.26881e-01;4.35245e-01;4.97985e-01
nav-lives;me-freeForm;3;[8];165;16500;16500;1.31832e+04;31;1;1;9.67742e-01;1.00000e+00;1.00000e+00;109;4.86414e-01;3.18864e-01;4.61786e-01
nav-lives;me-freeForm;4;[8];151;15100;15100;1.22608e+04;32;1;1;1.00000e+00;1.00000e+00;1.00000e+00;187;4.26881e-01;4.35245e-01;4.97985e-01
nav-lives;me-freeForm;3;[8];166;16600;16600;1.32699e+04;31;1;1;9.67742e-01;1.00000e+00;1.00000e+00;109;4.86414e-01;3.18864e-01;4.61786e-01
nav-lives;me-freeForm;4;[8];152;15200;15200;1.23470e+04;32;1;1;1.00000e+00;1.00000e+00;1.00000e+00;187;4.26881e-01;4.35245e-01;4.97985e-01
nav-lives;me-freeForm;3;[8];167;16700;16700;1.33526e+04;31;1;1;9.67742e-01;1.00000e+00;1.00000e+00;109;4.86414e-01;3.18864e-01;4.61786e-01
nav-lives;me-freeForm;4;[8];153;15300;15300;1.24298e+04;32;1;1;1.00000e+00;1.00000e+00;1.00000e+00;187;4.26881e-01;4.35245e-01;4.97985e-01
nav-lives;me-freeForm;3;[8];168;16800;16800;1.34375e+04;31;1;1;9.67742e-01;1.00000e+00;1.00000e+00;109;4.86414e-01;3.18864e-01;4.61786e-01
nav-lives;me-freeForm;4;[8];154;15400;15400;1.25141e+04;32;1;1;1.00000e+00;1.00000e+00;1.00000e+00;187;4.26881e-01;4.35245e-01;4.97985e-01
nav-lives;me-freeForm;3;[8];169;16900;16900;1.35178e+04;31;1;1;9.67742e-01;1.00000e+00;1.00000e+00;109;4.86414e-01;3.18864e-01;4.61786e-01
nav-lives;me-freeForm;4;[8];155;15500;15500;1.25989e+04;32;1;1;1.00000e+00;1.00000e+00;1.00000e+00;187;4.26881e-01;4.35245e-01;4.97985e-01
nav-lives;me-freeForm;3;[8];170;17000;17000;1.36049e+04;31;1;1;9.67742e-01;1.00000e+00;1.00000e+00;109;4.86414e-01;3.18864e-01;4.61786e-01
nav-lives;me-freeForm;4;[8];156;15600;15600;1.26849e+04;32;1;1;1.00000e+00;1.00000e+00;1.00000e+00;187;4.26881e-01;4.35245e-01;4.97985e-01
nav-lives;me-freeForm;3;[8];171;17100;17100;1.36878e+04;31;1;1;9.67742e-01;1.00000e+00;1.00000e+00;109;4.86414e-01;3.18864e-01;4.61786e-01
nav-lives;me-freeForm;4;[8];157;15700;15700;1.27693e+04;32;1;1;1.00000e+00;1.00000e+00;1.00000e+00;187;4.26881e-01;4.35245e-01;4.97985e-01
nav-lives;me-freeForm;3;[8];172;17200;17200;1.37731e+04;31;1;1;9.67742e-01;1.00000e+00;1.00000e+00;109;4.86414e-01;3.18864e-01;4.61786e-01
nav-lives;me-freeForm;4;[8];158;15800;15800;1.28533e+04;32;1;1;1.00000e+00;1.00000e+00;1.00000e+00;187;4.26881e-01;4.35245e-01;4.97985e-01
nav-lives;me-freeForm;3;[8];173;17300;17300;1.38575e+04;31;1;1;9.67742e-01;1.00000e+00;1.00000e+00;109;4.86414e-01;3.18864e-01;4.61786e-01
nav-lives;me-freeForm;4;[8];159;15900;15900;1.29354e+04;32;1;1;1.00000e+00;1.00000e+00;1.00000e+00;187;4.26881e-01;4.35245e-01;4.97985e-01
nav-lives;me-freeForm;3;[8];174;17400;17400;1.39402e+04;31;1;1;9.67742e-01;1.00000e+00;1.00000e+00;107;6.12504e-01;6.04645e-01;4.88020e-01
nav-lives;me-freeForm;4;[8];160;16000;16000;1.30174e+04;32;1;1;1.00000e+00;1.00000e+00;1.00000e+00;187;4.26881e-01;4.35245e-01;4.97985e-01
nav-lives;me-freeForm;3;[8];175;17500;17500;1.40266e+04;31;1;1;9.67742e-01;1.00000e+00;1.00000e+00;107;6.12504e-01;6.04645e-01;4.88020e-01
nav-lives;me-freeForm;4;[8];161;16100;16100;1.31024e+04;32;1;1;1.00000e+00;1.00000e+00;1.00000e+00;187;4.26881e-01;4.35245e-01;4.97985e-01
nav-lives;me-freeForm;3;[8];176;17600;17600;1.41085e+04;31;1;1;9.67742e-01;1.00000e+00;1.00000e+00;107;6.12504e-01;6.04645e-01;4.88020e-01
nav-lives;me-freeForm;4;[8];162;16200;16200;1.31857e+04;32;1;1;1.00000e+00;1.00000e+00;1.00000e+00;187;4.26881e-01;4.35245e-01;4.97985e-01
nav-lives;me-freeForm;3;[8];177;17700;17700;1.41924e+04;31;1;1;9.67742e-01;1.00000e+00;1.00000e+00;107;6.12504e-01;6.04645e-01;4.88020e-01
nav-lives;me-freeForm;4;[8];163;16300;16300;1.32701e+04;32;1;1;1.00000e+00;1.00000e+00;1.00000e+00;187;4.26881e-01;4.35245e-01;4.97985e-01
nav-lives;me-freeForm;3;[8];178;17800;17800;1.42782e+04;31;1;1;9.67742e-01;1.00000e+00;1.00000e+00;107;6.12504e-01;6.04645e-01;4.88020e-01
nav-lives;me-freeForm;4;[8];164;16400;16400;1.33550e+04;32;1;1;1.00000e+00;1.00000e+00;1.00000e+00;187;4.26881e-01;4.35245e-01;4.97985e-01
nav-lives;me-freeForm;3;[8];179;17900;17900;1.43616e+04;31;1;1;9.67742e-01;1.00000e+00;1.00000e+00;107;6.12504e-01;6.04645e-01;4.88020e-01
nav-lives;me-freeForm;4;[8];165;16500;16500;1.34411e+04;32;1;1;1.00000e+00;1.00000e+00;1.00000e+00;187;4.26881e-01;4.35245e-01;4.97985e-01
nav-lives;me-freeForm;3;[8];180;18000;18000;1.44456e+04;31;1;1;9.67742e-01;1.00000e+00;1.00000e+00;107;6.12504e-01;6.04645e-01;4.88020e-01
nav-lives;me-freeForm;4;[8];166;16600;16600;1.35239e+04;32;1;1;1.00000e+00;1.00000e+00;1.00000e+00;187;4.26881e-01;4.35245e-01;4.97985e-01
nav-lives;me-freeForm;3;[8];181;18100;18100;1.45299e+04;31;1;1;9.67742e-01;1.00000e+00;1.00000e+00;107;6.12504e-01;6.04645e-01;4.88020e-01
nav-lives;me-freeForm;4;[8];167;16700;16700;1.36087e+04;32;1;1;1.00000e+00;1.00000e+00;1.00000e+00;187;4.26881e-01;4.35245e-01;4.97985e-01
nav-lives;me-freeForm;3;[8];182;18200;18200;1.46125e+04;31;1;1;9.67742e-01;1.00000e+00;1.00000e+00;107;6.12504e-01;6.04645e-01;4.88020e-01
nav-lives;me-freeForm;4;[8];168;16800;16800;1.36907e+04;32;1;1;1.00000e+00;1.00000e+00;1.00000e+00;187;4.26881e-01;4.35245e-01;4.97985e-01
nav-lives;me-freeForm;3;[8];183;18300;18300;1.46974e+04;31;1;1;9.67742e-01;1.00000e+00;1.00000e+00;107;6.12504e-01;6.04645e-01;4.88020e-01
nav-lives;me-freeForm;4;[8];169;16900;16900;1.37758e+04;32;1;1;1.00000e+00;1.00000e+00;1.00000e+00;187;4.26881e-01;4.35245e-01;4.97985e-01
nav-lives;me-freeForm;3;[8];184;18400;18400;1.47802e+04;31;1;1;9.67742e-01;1.00000e+00;1.00000e+00;107;6.12504e-01;6.04645e-01;4.88020e-01
nav-lives;me-freeForm;4;[8];170;17000;17000;1.38586e+04;32;1;1;1.00000e+00;1.00000e+00;1.00000e+00;187;4.26881e-01;4.35245e-01;4.97985e-01
nav-lives;me-freeForm;3;[8];185;18500;18500;1.48637e+04;31;1;1;1.00000e+00;1.00000e+00;1.00000e+00;107;6.12504e-01;6.04645e-01;4.88020e-01
nav-lives;me-freeForm;4;[8];171;17100;17100;1.39432e+04;32;1;1;1.00000e+00;1.00000e+00;1.00000e+00;187;4.26881e-01;4.35245e-01;4.97985e-01
nav-lives;me-freeForm;3;[8];186;18600;18600;1.49508e+04;31;1;1;1.00000e+00;1.00000e+00;1.00000e+00;107;6.12504e-01;6.04645e-01;4.88020e-01
nav-lives;me-freeForm;4;[8];172;17200;17200;1.40283e+04;32;1;1;1.00000e+00;1.00000e+00;1.00000e+00;187;4.26881e-01;4.35245e-01;4.97985e-01
nav-lives;me-freeForm;3;[8];187;18700;18700;1.50369e+04;31;1;1;1.00000e+00;1.00000e+00;1.00000e+00;107;6.12504e-01;6.04645e-01;4.88020e-01
nav-lives;me-freeForm;4;[8];173;17300;17300;1.41072e+04;32;1;1;1.00000e+00;1.00000e+00;1.00000e+00;187;4.26881e-01;4.35245e-01;4.97985e-01
nav-lives;me-freeForm;3;[8];188;18800;18800;1.51165e+04;31;1;1;1.00000e+00;1.00000e+00;1.00000e+00;107;6.12504e-01;6.04645e-01;4.88020e-01
nav-lives;me-freeForm;4;[8];174;17400;17400;1.41913e+04;32;1;1;1.00000e+00;1.00000e+00;1.00000e+00;187;4.26881e-01;4.35245e-01;4.97985e-01
nav-lives;me-freeForm;3;[8];189;18900;18900;1.52007e+04;31;1;1;1.00000e+00;1.00000e+00;1.00000e+00;107;6.12504e-01;6.04645e-01;4.88020e-01
nav-lives;me-freeForm;4;[8];175;17500;17500;1.42753e+04;32;1;1;1.00000e+00;1.00000e+00;1.00000e+00;187;4.26881e-01;4.35245e-01;4.97985e-01
nav-lives;me-freeForm;3;[8];190;19000;19000;1.52847e+04;31;1;1;1.00000e+00;1.00000e+00;1.00000e+00;107;6.12504e-01;6.04645e-01;4.88020e-01
nav-lives;me-freeForm;4;[8];176;17600;17600;1.43627e+04;32;1;1;1.00000e+00;1.00000e+00;1.00000e+00;187;4.26881e-01;4.35245e-01;4.97985e-01
nav-lives;me-freeForm;3;[8];191;19100;19100;1.53670e+04;31;1;1;1.00000e+00;1.00000e+00;1.00000e+00;107;6.12504e-01;6.04645e-01;4.88020e-01
nav-lives;me-freeForm;4;[8];177;17700;17700;1.44490e+04;32;1;1;1.00000e+00;1.00000e+00;1.00000e+00;187;4.26881e-01;4.35245e-01;4.97985e-01
nav-lives;me-freeForm;3;[8];192;19200;19200;1.54532e+04;31;1;1;1.00000e+00;1.00000e+00;1.00000e+00;107;6.12504e-01;6.04645e-01;4.88020e-01
nav-lives;me-freeForm;4;[8];178;17800;17800;1.45316e+04;32;1;1;1.00000e+00;1.00000e+00;1.00000e+00;187;4.26881e-01;4.35245e-01;4.97985e-01
nav-lives;me-freeForm;3;[8];193;19300;19300;1.55387e+04;31;1;1;1.00000e+00;1.00000e+00;1.00000e+00;107;6.12504e-01;6.04645e-01;4.88020e-01
nav-lives;me-freeForm;4;[8];179;17900;17900;1.46169e+04;32;1;1;1.00000e+00;1.00000e+00;1.00000e+00;187;4.26881e-01;4.35245e-01;4.97985e-01
nav-lives;me-freeForm;3;[8];194;19400;19400;1.56211e+04;31;1;1;1.00000e+00;1.00000e+00;1.00000e+00;107;6.12504e-01;6.04645e-01;4.88020e-01
nav-lives;me-freeForm;4;[8];180;18000;18000;1.47008e+04;32;1;1;1.00000e+00;1.00000e+00;1.00000e+00;187;4.26881e-01;4.35245e-01;4.97985e-01
nav-lives;me-freeForm;3;[8];195;19500;19500;1.57054e+04;31;1;1;1.00000e+00;1.00000e+00;1.00000e+00;107;6.12504e-01;6.04645e-01;4.88020e-01
nav-lives;me-freeForm;4;[8];181;18100;18100;1.47809e+04;32;1;1;1.00000e+00;1.00000e+00;1.00000e+00;187;4.26881e-01;4.35245e-01;4.97985e-01
nav-lives;me-freeForm;3;[8];196;19600;19600;1.57905e+04;31;1;1;1.00000e+00;1.00000e+00;1.00000e+00;107;6.12504e-01;6.04645e-01;4.88020e-01
nav-lives;me-freeForm;4;[8];182;18200;18200;1.48670e+04;32;1;1;1.00000e+00;1.00000e+00;1.00000e+00;187;4.26881e-01;4.35245e-01;4.97985e-01
nav-lives;me-freeForm;3;[8];197;19700;19700;1.58731e+04;31;1;1;1.00000e+00;1.00000e+00;1.00000e+00;107;6.12504e-01;6.04645e-01;4.88020e-01
nav-lives;me-freeForm;4;[8];183;18300;18300;1.49506e+04;32;1;1;1.00000e+00;1.00000e+00;1.00000e+00;187;4.26881e-01;4.35245e-01;4.97985e-01
nav-lives;me-freeForm;3;[8];198;19800;19800;1.59585e+04;32;1;1;1.00000e+00;1.00000e+00;1.00000e+00;107;6.12504e-01;6.04645e-01;4.88020e-01
nav-lives;me-freeForm;4;[8];184;18400;18400;1.50336e+04;32;1;1;1.00000e+00;1.00000e+00;1.00000e+00;187;4.26881e-01;4.35245e-01;4.97985e-01
nav-lives;me-freeForm;3;[8];199;19900;19900;1.60435e+04;32;1;1;1.00000e+00;1.00000e+00;1.00000e+00;107;6.12504e-01;6.04645e-01;4.88020e-01
nav-lives;me-freeForm;4;[8];185;18500;18500;1.51202e+04;32;1;1;1.00000e+00;1.00000e+00;1.00000e+00;187;4.26881e-01;4.35245e-01;4.97985e-01
nav-lives;me-freeForm;3;[8];200;20000;20000;1.61252e+04;32;1;1;1.00000e+00;1.00000e+00;1.00000e+00;107;6.12504e-01;6.04645e-01;4.88020e-01
nav-lives;me-freeForm;4;[8];186;18600;18600;1.52055e+04;32;1;1;1.00000e+00;1.00000e+00;1.00000e+00;187;4.26881e-01;4.35245e-01;4.97985e-01
nav-lives;me-freeForm;3;[8];201;20100;20100;1.62097e+04;32;1;1;1.00000e+00;1.00000e+00;1.00000e+00;107;6.12504e-01;6.04645e-01;4.88020e-01
nav-lives;me-freeForm;4;[8];187;18700;18700;1.52866e+04;32;1;1;1.00000e+00;1.00000e+00;1.00000e+00;187;4.26881e-01;4.35245e-01;4.97985e-01
nav-lives;me-freeForm;3;[8];202;20200;20200;1.62964e+04;32;1;1;1.00000e+00;1.00000e+00;1.00000e+00;107;6.12504e-01;6.04645e-01;4.88020e-01
nav-lives;me-freeForm;4;[8];188;18800;18800;1.53700e+04;32;1;1;1.00000e+00;1.00000e+00;1.00000e+00;187;4.26881e-01;4.35245e-01;4.97985e-01
nav-lives;me-freeForm;3;[8];203;20300;20300;1.63785e+04;32;1;1;1.00000e+00;1.00000e+00;1.00000e+00;107;6.12504e-01;6.04645e-01;4.88020e-01
nav-lives;me-freeForm;4;[8];189;18900;18900;1.54539e+04;32;1;1;1.00000e+00;1.00000e+00;1.00000e+00;187;4.26881e-01;4.35245e-01;4.97985e-01
nav-lives;me-freeForm;3;[8];204;20400;20400;1.64602e+04;32;1;1;1.00000e+00;1.00000e+00;1.00000e+00;107;6.12504e-01;6.04645e-01;4.88020e-01
nav-lives;me-freeForm;4;[8];190;19000;19000;1.55382e+04;32;1;1;1.00000e+00;1.00000e+00;1.00000e+00;187;4.26881e-01;4.35245e-01;4.97985e-01
nav-lives;me-freeForm;3;[8];205;20500;20500;1.65454e+04;32;1;1;1.00000e+00;1.00000e+00;1.00000e+00;107;6.12504e-01;6.04645e-01;4.88020e-01
nav-lives;me-freeForm;4;[8];191;19100;19100;1.56215e+04;32;1;1;1.00000e+00;1.00000e+00;1.00000e+00;187;4.26881e-01;4.35245e-01;4.97985e-01
nav-lives;me-freeForm;3;[8];206;20600;20600;1.66305e+04;32;1;1;1.00000e+00;1.00000e+00;1.00000e+00;107;6.12504e-01;6.04645e-01;4.88020e-01
nav-lives;me-freeForm;4;[8];192;19200;19200;1.57082e+04;32;1;1;1.00000e+00;1.00000e+00;1.00000e+00;187;4.26881e-01;4.35245e-01;4.97985e-01
nav-lives;me-freeForm;3;[8];207;20700;20700;1.67133e+04;32;1;1;1.00000e+00;1.00000e+00;1.00000e+00;107;6.12504e-01;6.04645e-01;4.88020e-01
nav-lives;me-freeForm;4;[8];193;19300;19300;1.57918e+04;32;1;1;1.00000e+00;1.00000e+00;1.00000e+00;187;4.26881e-01;4.35245e-01;4.97985e-01
nav-lives;me-freeForm;3;[8];208;20800;20800;1.67975e+04;32;1;1;1.00000e+00;1.00000e+00;1.00000e+00;107;6.12504e-01;6.04645e-01;4.88020e-01
nav-lives;me-freeForm;4;[8];194;19400;19400;1.58794e+04;32;1;1;1.00000e+00;1.00000e+00;1.00000e+00;187;4.26881e-01;4.35245e-01;4.97985e-01
nav-lives;me-freeForm;3;[8];209;20900;20900;1.68829e+04;32;1;1;1.00000e+00;1.00000e+00;1.00000e+00;107;6.12504e-01;6.04645e-01;4.88020e-01
nav-lives;me-freeForm;4;[8];195;19500;19500;1.59626e+04;32;1;1;1.00000e+00;1.00000e+00;1.00000e+00;187;4.26881e-01;4.35245e-01;4.97985e-01
nav-lives;me-freeForm;3;[8];210;21000;21000;1.69696e+04;32;1;1;1.00000e+00;1.00000e+00;1.00000e+00;107;6.12504e-01;6.04645e-01;4.88020e-01
nav-lives;me-freeForm;4;[8];196;19600;19600;1.60488e+04;32;1;1;1.00000e+00;1.00000e+00;1.00000e+00;187;4.26881e-01;4.35245e-01;4.97985e-01
nav-lives;me-freeForm;3;[8];211;21100;21100;1.70503e+04;32;1;1;1.00000e+00;1.00000e+00;1.00000e+00;107;6.12504e-01;6.04645e-01;4.88020e-01
nav-lives;me-freeForm;4;[8];197;19700;19700;1.61325e+04;32;1;1;1.00000e+00;1.00000e+00;1.00000e+00;187;4.26881e-01;4.35245e-01;4.97985e-01
nav-lives;me-freeForm;3;[8];212;21200;21200;1.71371e+04;32;1;1;1.00000e+00;1.00000e+00;1.00000e+00;107;6.12504e-01;6.04645e-01;4.88020e-01
nav-lives;me-freeForm;4;[8];198;19800;19800;1.62160e+04;32;1;1;1.00000e+00;1.00000e+00;1.00000e+00;187;4.26881e-01;4.35245e-01;4.97985e-01
nav-lives;me-freeForm;3;[8];213;21300;21300;1.72202e+04;32;1;1;1.00000e+00;1.00000e+00;1.00000e+00;107;6.12504e-01;6.04645e-01;4.88020e-01
nav-lives;me-freeForm;4;[8];199;19900;19900;1.62998e+04;32;1;1;1.00000e+00;1.00000e+00;1.00000e+00;187;4.26881e-01;4.35245e-01;4.97985e-01
nav-lives;me-freeForm;3;[8];214;21400;21400;1.73031e+04;32;1;1;1.00000e+00;1.00000e+00;1.00000e+00;107;6.12504e-01;6.04645e-01;4.88020e-01
nav-lives;me-freeForm;4;[8];200;20000;20000;1.63848e+04;32;1;1;1.00000e+00;1.00000e+00;1.00000e+00;187;4.26881e-01;4.35245e-01;4.97985e-01
nav-lives;me-freeForm;3;[8];215;21500;21500;1.73883e+04;32;1;1;1.00000e+00;1.00000e+00;1.00000e+00;107;6.12504e-01;6.04645e-01;4.88020e-01
nav-lives;me-freeForm;4;[8];201;20100;20100;1.64682e+04;32;1;1;1.00000e+00;1.00000e+00;1.00000e+00;187;4.26881e-01;4.35245e-01;4.97985e-01
nav-lives;me-freeForm;3;[8];216;21600;21600;1.74753e+04;32;1;1;1.00000e+00;1.00000e+00;1.00000e+00;107;6.12504e-01;6.04645e-01;4.88020e-01
nav-lives;me-freeForm;4;[8];202;20200;20200;1.65494e+04;32;1;1;1.00000e+00;1.00000e+00;1.00000e+00;187;4.26881e-01;4.35245e-01;4.97985e-01
nav-lives;me-freeForm;3;[8];217;21700;21700;1.75585e+04;32;1;1;1.00000e+00;1.00000e+00;1.00000e+00;107;6.12504e-01;6.04645e-01;4.88020e-01
nav-lives;me-freeForm;4;[8];203;20300;20300;1.66332e+04;32;1;1;1.00000e+00;1.00000e+00;1.00000e+00;187;4.26881e-01;4.35245e-01;4.97985e-01
nav-lives;me-freeForm;3;[8];218;21800;21800;1.76406e+04;32;1;1;1.00000e+00;1.00000e+00;1.00000e+00;107;6.12504e-01;6.04645e-01;4.88020e-01
nav-lives;me-freeForm;4;[8];204;20400;20400;1.67208e+04;32;1;1;1.00000e+00;1.00000e+00;1.00000e+00;187;4.26881e-01;4.35245e-01;4.97985e-01
nav-lives;me-freeForm;3;[8];219;21900;21900;1.77238e+04;32;1;1;1.00000e+00;1.00000e+00;1.00000e+00;107;6.12504e-01;6.04645e-01;4.88020e-01
nav-lives;me-freeForm;4;[8];205;20500;20500;1.68051e+04;32;1;1;1.00000e+00;1.00000e+00;1.00000e+00;187;4.26881e-01;4.35245e-01;4.97985e-01
nav-lives;me-freeForm;3;[8];220;22000;22000;1.78121e+04;32;1;1;1.00000e+00;1.00000e+00;1.00000e+00;107;6.12504e-01;6.04645e-01;4.88020e-01
nav-lives;me-freeForm;4;[8];206;20600;20600;1.68879e+04;32;1;1;1.00000e+00;1.00000e+00;1.00000e+00;187;4.26881e-01;4.35245e-01;4.97985e-01
nav-lives;me-freeForm;3;[8];221;22100;22100;1.78980e+04;32;1;1;1.00000e+00;1.00000e+00;1.00000e+00;107;6.12504e-01;6.04645e-01;4.88020e-01
nav-lives;me-freeForm;4;[8];207;20700;20700;1.69727e+04;32;1;1;1.00000e+00;1.00000e+00;1.00000e+00;187;4.26881e-01;4.35245e-01;4.97985e-01
nav-lives;me-freeForm;3;[8];222;22200;22200;1.79796e+04;32;1;1;1.00000e+00;1.00000e+00;1.00000e+00;107;6.12504e-01;6.04645e-01;4.88020e-01
nav-lives;me-freeForm;4;[8];208;20800;20800;1.70569e+04;32;1;1;1.00000e+00;1.00000e+00;1.00000e+00;187;4.26881e-01;4.35245e-01;4.97985e-01
nav-lives;me-freeForm;3;[8];223;22300;22300;1.80636e+04;32;1;1;1.00000e+00;1.00000e+00;1.00000e+00;107;6.12504e-01;6.04645e-01;4.88020e-01
nav-lives;me-freeForm;4;[8];209;20900;20900;1.71400e+04;32;1;1;1.00000e+00;1.00000e+00;1.00000e+00;187;4.26881e-01;4.35245e-01;4.97985e-01
nav-lives;me-freeForm;3;[8];224;22400;22400;1.81486e+04;32;1;1;1.00000e+00;1.00000e+00;1.00000e+00;115;6.86046e-01;5.31846e-01;4.54622e-01
nav-lives;me-freeForm;4;[8];210;21000;21000;1.72256e+04;32;1;1;1.00000e+00;1.00000e+00;1.00000e+00;187;4.26881e-01;4.35245e-01;4.97985e-01
nav-lives;me-freeForm;3;[8];225;22500;22500;1.82321e+04;32;1;1;1.00000e+00;1.00000e+00;1.00000e+00;115;6.86046e-01;5.31846e-01;4.54622e-01
nav-lives;me-freeForm;4;[8];211;21100;21100;1.73098e+04;32;1;1;1.00000e+00;1.00000e+00;1.00000e+00;212;4.46086e-01;4.10921e-01;4.90804e-01
nav-lives;me-freeForm;3;[8];226;22600;22600;1.83174e+04;32;1;1;1.00000e+00;1.00000e+00;1.00000e+00;115;6.86046e-01;5.31846e-01;4.54622e-01
nav-lives;me-freeForm;4;[8];212;21200;21200;1.73959e+04;32;1;1;1.00000e+00;1.00000e+00;1.00000e+00;212;4.46086e-01;4.10921e-01;4.90804e-01
nav-lives;me-freeForm;3;[8];227;22700;22700;1.84006e+04;32;1;1;1.00000e+00;1.00000e+00;1.00000e+00;115;6.86046e-01;5.31846e-01;4.54622e-01
nav-lives;me-freeForm;4;[8];213;21300;21300;1.74810e+04;32;1;1;1.00000e+00;1.00000e+00;1.00000e+00;212;4.46086e-01;4.10921e-01;4.90804e-01
nav-lives;me-freeForm;3;[8];228;22800;22800;1.84855e+04;32;1;1;1.00000e+00;1.00000e+00;1.00000e+00;115;6.86046e-01;5.31846e-01;4.54622e-01
nav-lives;me-freeForm;4;[8];214;21400;21400;1.75617e+04;32;1;1;1.00000e+00;1.00000e+00;1.00000e+00;212;4.46086e-01;4.10921e-01;4.90804e-01
nav-lives;me-freeForm;3;[8];229;22900;22900;1.85699e+04;32;1;1;1.00000e+00;1.00000e+00;1.00000e+00;115;6.86046e-01;5.31846e-01;4.54622e-01
nav-lives;me-freeForm;4;[8];215;21500;21500;1.76483e+04;32;1;1;1.00000e+00;1.00000e+00;1.00000e+00;212;4.46086e-01;4.10921e-01;4.90804e-01
nav-lives;me-freeForm;3;[8];230;23000;23000;1.86527e+04;32;1;1;1.00000e+00;1.00000e+00;1.00000e+00;115;6.86046e-01;5.31846e-01;4.54622e-01
nav-lives;me-freeForm;4;[8];216;21600;21600;1.77315e+04;32;1;1;1.00000e+00;1.00000e+00;1.00000e+00;212;4.46086e-01;4.10921e-01;4.90804e-01
nav-lives;me-freeForm;3;[8];231;23100;23100;1.87404e+04;32;1;1;1.00000e+00;1.00000e+00;1.00000e+00;115;6.86046e-01;5.31846e-01;4.54622e-01
nav-lives;me-freeForm;4;[8];217;21700;21700;1.78167e+04;32;1;1;1.00000e+00;1.00000e+00;1.00000e+00;212;4.46086e-01;4.10921e-01;4.90804e-01
nav-lives;me-freeForm;3;[8];232;23200;23200;1.88257e+04;32;1;1;1.00000e+00;1.00000e+00;1.00000e+00;115;6.86046e-01;5.31846e-01;4.54622e-01
nav-lives;me-freeForm;4;[8];218;21800;21800;1.79015e+04;32;1;1;1.00000e+00;1.00000e+00;1.00000e+00;226;4.60291e-01;2.64874e-01;5.01620e-01
nav-lives;me-freeForm;3;[8];233;23300;23300;1.89082e+04;32;1;1;1.00000e+00;1.00000e+00;1.00000e+00;115;6.86046e-01;5.31846e-01;4.54622e-01
nav-lives;me-freeForm;4;[8];219;21900;21900;1.79840e+04;32;1;1;1.00000e+00;1.00000e+00;1.00000e+00;226;4.60291e-01;2.64874e-01;5.01620e-01
nav-lives;me-freeForm;3;[8];234;23400;23400;1.89925e+04;32;1;1;1.00000e+00;1.00000e+00;1.00000e+00;115;6.86046e-01;5.31846e-01;4.54622e-01
nav-lives;me-freeForm;4;[8];220;22000;22000;1.80721e+04;32;1;1;1.00000e+00;1.00000e+00;1.00000e+00;226;4.60291e-01;2.64874e-01;5.01620e-01
nav-lives;me-freeForm;3;[8];235;23500;23500;1.90781e+04;32;1;1;1.00000e+00;1.00000e+00;1.00000e+00;115;6.86046e-01;5.31846e-01;4.54622e-01
nav-lives;me-freeForm;4;[8];221;22100;22100;1.81558e+04;32;1;1;1.00000e+00;1.00000e+00;1.00000e+00;231;4.60291e-01;4.68481e-01;5.01620e-01
nav-lives;me-freeForm;3;[8];236;23600;23600;1.91630e+04;32;1;1;1.00000e+00;1.00000e+00;1.00000e+00;115;6.86046e-01;5.31846e-01;4.54622e-01
nav-lives;me-freeForm;4;[8];222;22200;22200;1.82423e+04;32;1;1;1.00000e+00;1.00000e+00;1.00000e+00;220;5.34779e-01;3.03805e-01;5.01477e-01
nav-lives;me-freeForm;3;[8];237;23700;23700;1.92458e+04;32;1;1;1.00000e+00;1.00000e+00;1.00000e+00;115;6.86046e-01;5.31846e-01;4.54622e-01
nav-lives;me-freeForm;4;[8];223;22300;22300;1.83265e+04;32;1;1;1.00000e+00;1.00000e+00;1.00000e+00;220;5.34779e-01;3.03805e-01;5.01477e-01
nav-lives;me-freeForm;3;[8];238;23800;23800;1.93332e+04;32;1;1;1.00000e+00;1.00000e+00;1.00000e+00;115;6.86046e-01;5.31846e-01;4.54622e-01
nav-lives;me-freeForm;4;[8];224;22400;22400;1.84151e+04;32;1;1;1.00000e+00;1.00000e+00;1.00000e+00;220;5.34779e-01;3.03805e-01;5.01477e-01
nav-lives;me-freeForm;3;[8];239;23900;23900;1.94186e+04;32;1;1;1.00000e+00;1.00000e+00;1.00000e+00;115;6.86046e-01;5.31846e-01;4.54622e-01
nav-lives;me-freeForm;4;[8];225;22500;22500;1.84978e+04;32;1;1;1.00000e+00;1.00000e+00;1.00000e+00;220;5.34779e-01;3.03805e-01;5.01477e-01
nav-lives;me-freeForm;3;[8];240;24000;24000;1.95035e+04;32;1;1;1.00000e+00;1.00000e+00;1.00000e+00;115;6.86046e-01;5.31846e-01;4.54622e-01
nav-lives;me-freeForm;4;[8];226;22600;22600;1.85796e+04;32;1;1;1.00000e+00;1.00000e+00;1.00000e+00;220;5.34779e-01;3.03805e-01;5.01477e-01
nav-lives;me-freeForm;3;[8];241;24100;24100;1.95877e+04;32;1;1;1.00000e+00;1.00000e+00;1.00000e+00;115;6.86046e-01;5.31846e-01;4.54622e-01
nav-lives;me-freeForm;4;[8];227;22700;22700;1.86646e+04;32;1;1;1.00000e+00;1.00000e+00;1.00000e+00;220;5.34779e-01;3.03805e-01;5.01477e-01
nav-lives;me-freeForm;3;[8];242;24200;24200;1.96704e+04;32;1;1;1.00000e+00;1.00000e+00;1.00000e+00;115;6.86046e-01;5.31846e-01;4.54622e-01
nav-lives;me-freeForm;4;[8];228;22800;22800;1.87506e+04;32;1;1;1.00000e+00;1.00000e+00;1.00000e+00;220;5.34779e-01;3.03805e-01;5.01477e-01
nav-lives;me-freeForm;3;[8];243;24300;24300;1.97579e+04;32;1;1;1.00000e+00;1.00000e+00;1.00000e+00;115;6.86046e-01;5.31846e-01;4.54622e-01
nav-lives;me-freeForm;4;[8];229;22900;22900;1.88383e+04;32;1;1;1.00000e+00;1.00000e+00;1.00000e+00;220;5.34779e-01;3.03805e-01;5.01477e-01
nav-lives;me-freeForm;3;[8];244;24400;24400;1.98402e+04;33;1;1;1.00000e+00;1.00000e+00;1.00000e+00;115;6.86046e-01;5.31846e-01;4.54622e-01
nav-lives;me-freeForm;4;[8];230;23000;23000;1.89231e+04;32;1;1;1.00000e+00;1.00000e+00;1.00000e+00;220;5.34779e-01;3.03805e-01;5.01477e-01
nav-lives;me-freeForm;3;[8];245;24500;24500;1.99259e+04;33;1;1;1.00000e+00;1.00000e+00;1.00000e+00;115;6.86046e-01;5.31846e-01;4.54622e-01
nav-lives;me-freeForm;4;[8];231;23100;23100;1.90082e+04;32;1;1;1.00000e+00;1.00000e+00;1.00000e+00;220;5.34779e-01;3.03805e-01;5.01477e-01
nav-lives;me-freeForm;3;[8];246;24600;24600;2.00114e+04;33;1;1;1.00000e+00;1.00000e+00;1.00000e+00;115;6.86046e-01;5.31846e-01;4.54622e-01
nav-lives;me-freeForm;4;[8];232;23200;23200;1.90923e+04;32;1;1;1.00000e+00;1.00000e+00;1.00000e+00;220;5.34779e-01;3.03805e-01;5.01477e-01
nav-lives;me-freeForm;3;[8];247;24700;24700;2.00966e+04;33;1;1;1.00000e+00;1.00000e+00;1.00000e+00;115;6.86046e-01;5.31846e-01;4.54622e-01
nav-lives;me-freeForm;4;[8];233;23300;23300;1.91763e+04;32;1;1;1.00000e+00;1.00000e+00;1.00000e+00;220;5.34779e-01;3.03805e-01;5.01477e-01
nav-lives;me-freeForm;3;[8];248;24800;24800;2.01812e+04;33;1;1;1.00000e+00;1.00000e+00;1.00000e+00;115;6.86046e-01;5.31846e-01;4.54622e-01
nav-lives;me-freeForm;4;[8];234;23400;23400;1.92596e+04;32;1;1;1.00000e+00;1.00000e+00;1.00000e+00;220;5.34779e-01;3.03805e-01;5.01477e-01
nav-lives;me-freeForm;3;[8];249;24900;24900;2.02660e+04;33;1;1;1.00000e+00;1.00000e+00;1.00000e+00;115;6.86046e-01;5.31846e-01;4.54622e-01
nav-lives;me-freeForm;4;[8];235;23500;23500;1.93431e+04;32;1;1;1.00000e+00;1.00000e+00;1.00000e+00;220;5.34779e-01;3.03805e-01;5.01477e-01
nav-lives;me-freeForm;3;[8];250;25000;25000;2.03509e+04;33;1;1;1.00000e+00;1.00000e+00;1.00000e+00;115;6.86046e-01;5.31846e-01;4.54622e-01
nav-lives;me-freeForm;4;[8];236;23600;23600;1.94287e+04;32;1;1;1.00000e+00;1.00000e+00;1.00000e+00;220;5.34779e-01;3.03805e-01;5.01477e-01
nav-lives;me-freeForm;3;[8];251;25100;25100;2.04354e+04;33;1;1;1.00000e+00;1.00000e+00;1.00000e+00;115;6.86046e-01;5.31846e-01;4.54622e-01
nav-lives;me-freeForm;4;[8];237;23700;23700;1.95165e+04;32;1;1;1.00000e+00;1.00000e+00;1.00000e+00;220;5.34779e-01;3.03805e-01;5.01477e-01
nav-lives;me-freeForm;3;[8];252;25200;25200;2.05205e+04;33;1;1;1.00000e+00;1.00000e+00;1.00000e+00;115;6.86046e-01;5.31846e-01;4.54622e-01
nav-lives;me-freeForm;4;[8];238;23800;23800;1.96019e+04;32;1;1;1.00000e+00;1.00000e+00;1.00000e+00;220;5.34779e-01;3.03805e-01;5.01477e-01
nav-lives;me-freeForm;3;[8];253;25300;25300;2.06062e+04;33;1;1;1.00000e+00;1.00000e+00;1.00000e+00;115;6.86046e-01;5.31846e-01;4.54622e-01
nav-lives;me-freeForm;4;[8];239;23900;23900;1.96864e+04;32;1;1;1.00000e+00;1.00000e+00;1.00000e+00;220;5.34779e-01;3.03805e-01;5.01477e-01
nav-lives;me-freeForm;3;[8];254;25400;25400;2.06920e+04;33;1;1;1.00000e+00;1.00000e+00;1.00000e+00;115;6.86046e-01;5.31846e-01;4.54622e-01
nav-lives;me-freeForm;4;[8];240;24000;24000;1.97710e+04;32;1;1;1.00000e+00;1.00000e+00;1.00000e+00;220;5.34779e-01;3.03805e-01;5.01477e-01
nav-lives;me-freeForm;3;[8];255;25500;25500;2.07760e+04;33;1;1;1.00000e+00;1.00000e+00;1.00000e+00;115;6.86046e-01;5.31846e-01;4.54622e-01
nav-lives;me-freeForm;4;[8];241;24100;24100;1.98569e+04;32;1;1;1.00000e+00;1.00000e+00;1.00000e+00;220;5.34779e-01;3.03805e-01;5.01477e-01
nav-lives;me-freeForm;3;[8];256;25600;25600;2.08630e+04;33;1;1;1.00000e+00;1.00000e+00;1.00000e+00;115;6.86046e-01;5.31846e-01;4.54622e-01
nav-lives;me-freeForm;4;[8];242;24200;24200;1.99407e+04;32;1;1;1.00000e+00;1.00000e+00;1.00000e+00;220;5.34779e-01;3.03805e-01;5.01477e-01
nav-lives;me-freeForm;3;[8];257;25700;25700;2.09458e+04;33;1;1;1.00000e+00;1.00000e+00;1.00000e+00;115;6.86046e-01;5.31846e-01;4.54622e-01
nav-lives;me-freeForm;4;[8];243;24300;24300;2.00235e+04;32;1;1;1.00000e+00;1.00000e+00;1.00000e+00;220;5.34779e-01;3.03805e-01;5.01477e-01
nav-lives;me-freeForm;3;[8];258;25800;25800;2.10314e+04;33;1;1;1.00000e+00;1.00000e+00;1.00000e+00;115;6.86046e-01;5.31846e-01;4.54622e-01
nav-lives;me-freeForm;4;[8];244;24400;24400;2.01113e+04;32;1;1;1.00000e+00;1.00000e+00;1.00000e+00;220;5.34779e-01;3.03805e-01;5.01477e-01
nav-lives;me-freeForm;3;[8];259;25900;25900;2.11132e+04;33;1;1;1.00000e+00;1.00000e+00;1.00000e+00;115;6.86046e-01;5.31846e-01;4.54622e-01
nav-lives;me-freeForm;4;[8];245;24500;24500;2.01944e+04;32;1;1;1.00000e+00;1.00000e+00;1.00000e+00;220;5.34779e-01;3.03805e-01;5.01477e-01
nav-lives;me-freeForm;3;[8];260;26000;26000;2.12003e+04;33;1;1;1.00000e+00;1.00000e+00;1.00000e+00;115;6.86046e-01;5.31846e-01;4.54622e-01
nav-lives;me-freeForm;4;[8];246;24600;24600;2.02789e+04;32;1;1;1.00000e+00;1.00000e+00;1.00000e+00;220;5.35617e-01;5.43172e-01;5.01412e-01
nav-lives;me-freeForm;3;[8];261;26100;26100;2.12850e+04;33;1;1;1.00000e+00;1.00000e+00;1.00000e+00;115;6.86046e-01;5.31846e-01;4.54622e-01
nav-lives;me-freeForm;4;[8];247;24700;24700;2.03622e+04;32;1;1;1.00000e+00;1.00000e+00;1.00000e+00;220;5.35617e-01;5.43172e-01;5.01412e-01
nav-lives;me-freeForm;3;[8];262;26200;26200;2.13703e+04;33;1;1;1.00000e+00;1.00000e+00;1.00000e+00;115;6.86046e-01;5.31846e-01;4.54622e-01
nav-lives;me-freeForm;4;[8];248;24800;24800;2.04483e+04;32;1;1;1.00000e+00;1.00000e+00;1.00000e+00;220;5.35617e-01;5.43172e-01;5.01412e-01
nav-lives;me-freeForm;3;[8];263;26300;26300;2.14530e+04;33;1;1;1.00000e+00;1.00000e+00;1.00000e+00;115;6.86046e-01;5.31846e-01;4.54622e-01
nav-lives;me-freeForm;4;[8];249;24900;24900;2.05336e+04;32;1;1;1.00000e+00;1.00000e+00;1.00000e+00;220;5.35617e-01;5.43172e-01;5.01412e-01
nav-lives;me-freeForm;3;[8];264;26400;26400;2.15391e+04;33;1;1;1.00000e+00;1.00000e+00;1.00000e+00;115;6.86046e-01;5.31846e-01;4.54622e-01
nav-lives;me-freeForm;4;[8];250;25000;25000;2.06178e+04;32;1;1;1.00000e+00;1.00000e+00;1.00000e+00;220;5.35617e-01;5.43172e-01;5.01412e-01
nav-lives;me-freeForm;3;[8];265;26500;26500;2.16248e+04;33;1;1;1.00000e+00;1.00000e+00;1.00000e+00;115;6.86046e-01;5.31846e-01;4.54622e-01
nav-lives;me-freeForm;4;[8];251;25100;25100;2.07059e+04;32;1;1;1.00000e+00;1.00000e+00;1.00000e+00;220;5.35617e-01;5.43172e-01;5.01412e-01
nav-lives;me-freeForm;3;[8];266;26600;26600;2.17076e+04;33;1;1;1.00000e+00;1.00000e+00;1.00000e+00;115;6.86046e-01;5.31846e-01;4.54622e-01
nav-lives;me-freeForm;4;[8];252;25200;25200;2.07864e+04;32;1;1;1.00000e+00;1.00000e+00;1.00000e+00;220;5.35617e-01;5.43172e-01;5.01412e-01
nav-lives;me-freeForm;3;[8];267;26700;26700;2.17946e+04;33;1;1;1.00000e+00;1.00000e+00;1.00000e+00;115;6.86046e-01;5.31846e-01;4.54622e-01
nav-lives;me-freeForm;4;[8];253;25300;25300;2.08734e+04;32;1;1;1.00000e+00;1.00000e+00;1.00000e+00;220;5.35617e-01;5.43172e-01;5.01412e-01
nav-lives;me-freeForm;3;[8];268;26800;26800;2.18800e+04;33;1;1;1.00000e+00;1.00000e+00;1.00000e+00;115;6.86046e-01;5.31846e-01;4.54622e-01
nav-lives;me-freeForm;4;[8];254;25400;25400;2.09600e+04;32;1;1;1.00000e+00;1.00000e+00;1.00000e+00;220;5.35617e-01;5.43172e-01;5.01412e-01
nav-lives;me-freeForm;3;[8];269;26900;26900;2.19635e+04;33;1;1;1.00000e+00;1.00000e+00;1.00000e+00;115;6.86046e-01;5.31846e-01;4.54622e-01
nav-lives;me-freeForm;4;[8];255;25500;25500;2.10449e+04;32;1;1;1.00000e+00;1.00000e+00;1.00000e+00;220;5.35617e-01;5.43172e-01;5.01412e-01
nav-lives;me-freeForm;3;[8];270;27000;27000;2.20484e+04;33;1;1;1.00000e+00;1.00000e+00;1.00000e+00;115;6.86046e-01;5.31846e-01;4.54622e-01
nav-lives;me-freeForm;4;[8];256;25600;25600;2.11304e+04;32;1;1;1.00000e+00;1.00000e+00;1.00000e+00;220;5.35617e-01;5.43172e-01;5.01412e-01
nav-lives;me-freeForm;3;[8];271;27100;27100;2.21330e+04;33;1;1;1.00000e+00;1.00000e+00;1.00000e+00;115;6.86046e-01;5.31846e-01;4.54622e-01
nav-lives;me-freeForm;4;[8];257;25700;25700;2.12136e+04;32;1;1;1.00000e+00;1.00000e+00;1.00000e+00;220;5.35617e-01;5.43172e-01;5.01412e-01
nav-lives;me-freeForm;3;[8];272;27200;27200;2.22193e+04;33;1;1;1.00000e+00;1.00000e+00;1.00000e+00;115;6.86046e-01;5.31846e-01;4.54622e-01
nav-lives;me-freeForm;4;[8];258;25800;25800;2.12952e+04;32;1;1;1.00000e+00;1.00000e+00;1.00000e+00;220;5.35617e-01;5.43172e-01;5.01412e-01
nav-lives;me-freeForm;3;[8];273;27300;27300;2.23017e+04;33;1;1;1.00000e+00;1.00000e+00;1.00000e+00;115;6.86046e-01;5.31846e-01;4.54622e-01
nav-lives;me-freeForm;4;[8];259;25900;25900;2.13804e+04;32;1;1;1.00000e+00;1.00000e+00;1.00000e+00;220;5.35617e-01;5.43172e-01;5.01412e-01
nav-lives;me-freeForm;3;[8];274;27400;27400;2.23855e+04;33;1;1;1.00000e+00;1.00000e+00;1.00000e+00;115;6.86046e-01;5.31846e-01;4.54622e-01
nav-lives;me-freeForm;4;[8];260;26000;26000;2.14663e+04;32;1;1;1.00000e+00;1.00000e+00;1.00000e+00;220;5.35617e-01;5.43172e-01;5.01412e-01
nav-lives;me-freeForm;3;[8];275;27500;27500;2.24743e+04;33;1;1;1.00000e+00;1.00000e+00;1.00000e+00;115;6.86046e-01;5.31846e-01;4.54622e-01
nav-lives;me-freeForm;4;[8];261;26100;26100;2.15512e+04;32;1;1;1.00000e+00;1.00000e+00;1.00000e+00;220;5.35617e-01;5.43172e-01;5.01412e-01
nav-lives;me-freeForm;3;[8];276;27600;27600;2.25593e+04;33;1;1;1.00000e+00;1.00000e+00;1.00000e+00;115;6.86046e-01;5.31846e-01;4.54622e-01
nav-lives;me-freeForm;4;[8];262;26200;26200;2.16385e+04;32;1;1;1.00000e+00;1.00000e+00;1.00000e+00;220;5.35617e-01;5.43172e-01;5.01412e-01
nav-lives;me-freeForm;3;[8];277;27700;27700;2.26445e+04;33;1;1;1.00000e+00;1.00000e+00;1.00000e+00;115;6.86046e-01;5.31846e-01;4.54622e-01
nav-lives;me-freeForm;4;[8];263;26300;26300;2.17220e+04;32;1;1;1.00000e+00;1.00000e+00;1.00000e+00;200;6.65575e-01;6.74310e-01;4.72932e-01
nav-lives;me-freeForm;3;[8];278;27800;27800;2.27278e+04;33;1;1;1.00000e+00;1.00000e+00;1.00000e+00;115;6.86046e-01;5.31846e-01;4.54622e-01
nav-lives;me-freeForm;4;[8];264;26400;26400;2.18068e+04;32;1;1;1.00000e+00;1.00000e+00;1.00000e+00;200;6.65575e-01;6.74310e-01;4.72932e-01
nav-lives;me-freeForm;3;[8];279;27900;27900;2.28143e+04;33;1;1;1.00000e+00;1.00000e+00;1.00000e+00;115;6.86046e-01;5.31846e-01;4.54622e-01
nav-lives;me-freeForm;4;[8];265;26500;26500;2.18932e+04;32;1;1;1.00000e+00;1.00000e+00;1.00000e+00;200;6.65575e-01;6.74310e-01;4.72932e-01
nav-lives;me-freeForm;3;[8];280;28000;28000;2.28975e+04;33;1;1;1.00000e+00;1.00000e+00;1.00000e+00;115;6.86046e-01;5.31846e-01;4.54622e-01
nav-lives;me-freeForm;4;[8];266;26600;26600;2.19787e+04;32;1;1;1.00000e+00;1.00000e+00;1.00000e+00;200;6.65575e-01;6.74310e-01;4.72932e-01
nav-lives;me-freeForm;3;[8];281;28100;28100;2.29840e+04;33;1;1;1.00000e+00;1.00000e+00;1.00000e+00;115;6.86046e-01;5.31846e-01;4.54622e-01
nav-lives;me-freeForm;4;[8];267;26700;26700;2.20654e+04;32;1;1;1.00000e+00;1.00000e+00;1.00000e+00;200;6.65575e-01;6.74310e-01;4.72932e-01
nav-lives;me-freeForm;3;[8];282;28200;28200;2.30680e+04;33;1;1;1.00000e+00;1.00000e+00;1.00000e+00;115;6.86046e-01;5.31846e-01;4.54622e-01
nav-lives;me-freeForm;4;[8];268;26800;26800;2.21503e+04;32;1;1;1.00000e+00;1.00000e+00;1.00000e+00;200;6.65575e-01;6.74310e-01;4.72932e-01
nav-lives;me-freeForm;3;[8];283;28300;28300;2.31560e+04;34;1;1;1.00000e+00;1.00000e+00;1.00000e+00;115;6.86046e-01;5.31846e-01;4.54622e-01
nav-lives;me-freeForm;4;[8];269;26900;26900;2.22365e+04;32;1;1;1.00000e+00;1.00000e+00;1.00000e+00;200;6.65575e-01;6.74310e-01;4.72932e-01
nav-lives;me-freeForm;3;[8];284;28400;28400;2.32415e+04;34;1;1;1.00000e+00;1.00000e+00;1.00000e+00;115;6.86046e-01;5.31846e-01;4.54622e-01
nav-lives;me-freeForm;4;[8];270;27000;27000;2.23226e+04;32;1;1;1.00000e+00;1.00000e+00;1.00000e+00;200;6.65575e-01;6.74310e-01;4.72932e-01
nav-lives;me-freeForm;3;[8];285;28500;28500;2.33273e+04;34;1;1;1.00000e+00;1.00000e+00;1.00000e+00;115;6.86046e-01;5.31846e-01;4.54622e-01
nav-lives;me-freeForm;4;[8];271;27100;27100;2.24063e+04;32;1;1;1.00000e+00;1.00000e+00;1.00000e+00;200;6.65575e-01;6.74310e-01;4.72932e-01
nav-lives;me-freeForm;3;[8];286;28600;28600;2.34131e+04;34;1;1;1.00000e+00;1.00000e+00;1.00000e+00;115;6.86046e-01;5.31846e-01;4.54622e-01
nav-lives;me-freeForm;4;[8];272;27200;27200;2.24924e+04;32;1;1;1.00000e+00;1.00000e+00;1.00000e+00;200;6.65575e-01;6.74310e-01;4.72932e-01
nav-lives;me-freeForm;3;[8];287;28700;28700;2.34960e+04;34;1;1;1.00000e+00;1.00000e+00;1.00000e+00;115;6.86046e-01;5.31846e-01;4.54622e-01
nav-lives;me-freeForm;4;[8];273;27300;27300;2.25776e+04;32;1;1;1.00000e+00;1.00000e+00;1.00000e+00;200;6.65575e-01;6.74310e-01;4.72932e-01
nav-lives;me-freeForm;3;[8];288;28800;28800;2.35831e+04;34;1;1;1.00000e+00;1.00000e+00;1.00000e+00;115;6.86046e-01;5.31846e-01;4.54622e-01
nav-lives;me-freeForm;4;[8];274;27400;27400;2.26617e+04;32;1;1;1.00000e+00;1.00000e+00;1.00000e+00;200;6.65575e-01;6.74310e-01;4.72932e-01
nav-lives;me-freeForm;3;[8];289;28900;28900;2.36681e+04;34;1;1;1.00000e+00;1.00000e+00;1.00000e+00;115;6.86046e-01;5.31846e-01;4.54622e-01
nav-lives;me-freeForm;4;[8];275;27500;27500;2.27489e+04;32;1;1;1.00000e+00;1.00000e+00;1.00000e+00;200;6.65575e-01;6.74310e-01;4.72932e-01
nav-lives;me-freeForm;3;[8];290;29000;29000;2.37521e+04;34;1;1;1.00000e+00;1.00000e+00;1.00000e+00;115;6.86046e-01;5.31846e-01;4.54622e-01
nav-lives;me-freeForm;4;[8];276;27600;27600;2.28342e+04;32;1;1;1.00000e+00;1.00000e+00;1.00000e+00;200;6.65575e-01;6.74310e-01;4.72932e-01
nav-lives;me-freeForm;3;[8];291;29100;29100;2.38376e+04;34;1;1;1.00000e+00;1.00000e+00;1.00000e+00;115;6.86046e-01;5.31846e-01;4.54622e-01
nav-lives;me-freeForm;4;[8];277;27700;27700;2.29183e+04;32;1;1;1.00000e+00;1.00000e+00;1.00000e+00;200;6.65575e-01;6.74310e-01;4.72932e-01
nav-lives;me-freeForm;3;[8];292;29200;29200;2.39225e+04;34;1;1;1.00000e+00;1.00000e+00;1.00000e+00;115;6.86046e-01;5.31846e-01;4.54622e-01
nav-lives;me-freeForm;4;[8];278;27800;27800;2.30013e+04;32;1;1;1.00000e+00;1.00000e+00;1.00000e+00;200;6.65575e-01;6.74310e-01;4.72932e-01
nav-lives;me-freeForm;3;[8];293;29300;29300;2.40077e+04;34;1;1;1.00000e+00;1.00000e+00;1.00000e+00;115;6.86046e-01;5.31846e-01;4.54622e-01
nav-lives;me-freeForm;4;[8];279;27900;27900;2.30883e+04;32;1;1;1.00000e+00;1.00000e+00;1.00000e+00;200;6.65575e-01;6.74310e-01;4.72932e-01
nav-lives;me-freeForm;3;[8];294;29400;29400;2.40916e+04;34;1;1;1.00000e+00;1.00000e+00;1.00000e+00;115;6.86046e-01;5.31846e-01;4.54622e-01
nav-lives;me-freeForm;4;[8];280;28000;28000;2.31730e+04;32;1;1;1.00000e+00;1.00000e+00;1.00000e+00;200;6.65575e-01;6.74310e-01;4.72932e-01
nav-lives;me-freeForm;3;[8];295;29500;29500;2.41793e+04;34;1;1;1.00000e+00;1.00000e+00;1.00000e+00;115;6.86046e-01;5.31846e-01;4.54622e-01
nav-lives;me-freeForm;4;[8];281;28100;28100;2.32555e+04;32;1;1;1.00000e+00;1.00000e+00;1.00000e+00;200;6.65575e-01;6.74310e-01;4.72932e-01
nav-lives;me-freeForm;3;[8];296;29600;29600;2.42629e+04;34;1;1;1.00000e+00;1.00000e+00;1.00000e+00;115;6.86046e-01;5.31846e-01;4.54622e-01
nav-lives;me-freeForm;4;[8];282;28200;28200;2.33424e+04;32;1;1;1.00000e+00;1.00000e+00;1.00000e+00;200;6.65575e-01;6.74310e-01;4.72932e-01
nav-lives;me-freeForm;3;[8];297;29700;29700;2.43480e+04;34;1;1;1.00000e+00;1.00000e+00;1.00000e+00;115;6.86046e-01;5.31846e-01;4.54622e-01
nav-lives;me-freeForm;4;[8];283;28300;28300;2.34264e+04;32;1;1;1.00000e+00;1.00000e+00;1.00000e+00;200;6.65575e-01;6.74310e-01;4.72932e-01
nav-lives;me-freeForm;3;[8];298;29800;29800;2.44339e+04;34;1;1;1.00000e+00;1.00000e+00;1.00000e+00;115;6.86046e-01;5.31846e-01;4.54622e-01
nav-lives;me-freeForm;4;[8];284;28400;28400;2.35109e+04;32;1;1;1.00000e+00;1.00000e+00;1.00000e+00;200;6.65575e-01;6.74310e-01;4.72932e-01
nav-lives;me-freeForm;3;[8];299;29900;29900;2.45186e+04;34;1;1;1.00000e+00;1.00000e+00;1.00000e+00;115;6.86046e-01;5.31846e-01;4.54622e-01
nav-lives;me-freeForm;4;[8];285;28500;28500;2.35967e+04;32;1;1;1.00000e+00;1.00000e+00;1.00000e+00;200;6.65575e-01;6.74310e-01;4.72932e-01
nav-lives;me-freeForm;3;[8];300;30000;30000;2.46013e+04;34;1;1;1.00000e+00;1.00000e+00;1.00000e+00;115;6.86046e-01;5.31846e-01;4.54622e-01
nav-lives;me-freeForm;4;[8];286;28600;28600;2.36831e+04;32;1;1;1.00000e+00;1.00000e+00;1.00000e+00;200;6.65575e-01;6.74310e-01;4.72932e-01
nav-lives;me-freeForm;3;[8];301;30100;30100;2.46879e+04;34;1;1;1.00000e+00;1.00000e+00;1.00000e+00;115;6.86046e-01;5.31846e-01;4.54622e-01
nav-lives;me-freeForm;4;[8];287;28700;28700;2.37703e+04;32;1;1;1.00000e+00;1.00000e+00;1.00000e+00;200;6.65575e-01;6.74310e-01;4.72932e-01
nav-lives;me-freeForm;3;[8];302;30200;30200;2.47750e+04;34;1;1;1.00000e+00;1.00000e+00;1.00000e+00;115;6.86046e-01;5.31846e-01;4.54622e-01
nav-lives;me-freeForm;4;[8];288;28800;28800;2.38547e+04;32;1;1;1.00000e+00;1.00000e+00;1.00000e+00;200;6.65575e-01;6.74310e-01;4.72932e-01
nav-lives;me-freeForm;3;[8];303;30300;30300;2.48601e+04;34;1;1;1.00000e+00;1.00000e+00;1.00000e+00;115;6.86046e-01;5.31846e-01;4.54622e-01
nav-lives;me-freeForm;4;[8];289;28900;28900;2.39358e+04;32;1;1;1.00000e+00;1.00000e+00;1.00000e+00;200;6.65575e-01;6.74310e-01;4.72932e-01
nav-lives;me-freeForm;3;[8];304;30400;30400;2.49460e+04;34;1;1;1.00000e+00;1.00000e+00;1.00000e+00;115;6.86046e-01;5.31846e-01;4.54622e-01
nav-lives;me-freeForm;4;[8];290;29000;29000;2.40210e+04;32;1;1;1.00000e+00;1.00000e+00;1.00000e+00;200;6.65575e-01;6.74310e-01;4.72932e-01
nav-lives;me-freeForm;3;[8];305;30500;30500;2.50259e+04;34;1;1;1.00000e+00;1.00000e+00;1.00000e+00;115;6.86046e-01;5.31846e-01;4.54622e-01
nav-lives;me-freeForm;4;[8];291;29100;29100;2.41047e+04;32;1;1;1.00000e+00;1.00000e+00;1.00000e+00;200;6.65575e-01;6.74310e-01;4.72932e-01
nav-lives;me-freeForm;3;[8];306;30600;30600;2.51130e+04;34;1;1;1.00000e+00;1.00000e+00;1.00000e+00;115;6.86046e-01;5.31846e-01;4.54622e-01
nav-lives;me-freeForm;4;[8];292;29200;29200;2.41886e+04;32;1;1;1.00000e+00;1.00000e+00;1.00000e+00;200;6.65575e-01;6.74310e-01;4.72932e-01
nav-lives;me-freeForm;3;[8];307;30700;30700;2.51988e+04;34;1;1;1.00000e+00;1.00000e+00;1.00000e+00;115;6.86046e-01;5.31846e-01;4.54622e-01
nav-lives;me-freeForm;4;[8];293;29300;29300;2.42788e+04;32;1;1;1.00000e+00;1.00000e+00;1.00000e+00;200;6.65575e-01;6.74310e-01;4.72932e-01
nav-lives;me-freeForm;3;[8];308;30800;30800;2.52840e+04;34;1;1;1.00000e+00;1.00000e+00;1.00000e+00;115;6.86046e-01;5.31846e-01;4.54622e-01
nav-lives;me-freeForm;4;[8];294;29400;29400;2.43631e+04;32;1;1;1.00000e+00;1.00000e+00;1.00000e+00;200;6.65575e-01;6.74310e-01;4.72932e-01
nav-lives;me-freeForm;3;[8];309;30900;30900;2.53693e+04;34;1;1;1.00000e+00;1.00000e+00;1.00000e+00;115;6.86046e-01;5.31846e-01;4.54622e-01
nav-lives;me-freeForm;4;[8];295;29500;29500;2.44498e+04;32;1;1;1.00000e+00;1.00000e+00;1.00000e+00;200;6.65575e-01;6.74310e-01;4.72932e-01
nav-lives;me-freeForm;3;[8];310;31000;31000;2.54527e+04;34;1;1;1.00000e+00;1.00000e+00;1.00000e+00;115;6.86046e-01;5.31846e-01;4.54622e-01
nav-lives;me-freeForm;4;[8];296;29600;29600;2.45334e+04;32;1;1;1.00000e+00;1.00000e+00;1.00000e+00;200;6.65575e-01;6.74310e-01;4.72932e-01
nav-lives;me-freeForm;3;[8];311;31100;31100;2.55386e+04;34;1;1;1.00000e+00;1.00000e+00;1.00000e+00;115;6.86046e-01;5.31846e-01;4.54622e-01
nav-lives;me-freeForm;4;[8];297;29700;29700;2.46178e+04;32;1;1;1.00000e+00;1.00000e+00;1.00000e+00;200;6.65575e-01;6.74310e-01;4.72932e-01
nav-lives;me-freeForm;3;[8];312;31200;31200;2.56221e+04;34;1;1;1.00000e+00;1.00000e+00;1.00000e+00;115;6.86046e-01;5.31846e-01;4.54622e-01
nav-lives;me-freeForm;4;[8];298;29800;29800;2.47017e+04;32;1;1;1.00000e+00;1.00000e+00;1.00000e+00;200;6.65575e-01;6.74310e-01;4.72932e-01
nav-lives;me-freeForm;3;[8];313;31300;31300;2.57077e+04;34;1;1;1.00000e+00;1.00000e+00;1.00000e+00;115;6.86046e-01;5.31846e-01;4.54622e-01
nav-lives;me-freeForm;4;[8];299;29900;29900;2.47856e+04;32;1;1;1.00000e+00;1.00000e+00;1.00000e+00;200;6.65575e-01;6.74310e-01;4.72932e-01
nav-lives;me-freeForm;3;[8];314;31400;31400;2.57919e+04;34;1;1;1.00000e+00;1.00000e+00;1.00000e+00;115;6.86046e-01;5.31846e-01;4.54622e-01
nav-lives;me-freeForm;4;[8];300;30000;30000;2.48695e+04;32;1;1;1.00000e+00;1.00000e+00;1.00000e+00;200;6.65575e-01;6.74310e-01;4.72932e-01
nav-lives;me-freeForm;3;[8];315;31500;31500;2.58761e+04;34;1;1;1.00000e+00;1.00000e+00;1.00000e+00;115;6.86046e-01;5.31846e-01;4.54622e-01
nav-lives;me-freeForm;4;[8];301;30100;30100;2.49567e+04;32;1;1;1.00000e+00;1.00000e+00;1.00000e+00;200;6.65575e-01;6.74310e-01;4.72932e-01
nav-lives;me-freeForm;3;[8];316;31600;31600;2.59644e+04;34;1;1;1.00000e+00;1.00000e+00;1.00000e+00;115;6.86046e-01;5.31846e-01;4.54622e-01
nav-lives;me-freeForm;4;[8];302;30200;30200;2.50433e+04;32;1;1;1.00000e+00;1.00000e+00;1.00000e+00;200;6.65575e-01;6.74310e-01;4.72932e-01
nav-lives;me-freeForm;3;[8];317;31700;31700;2.60499e+04;34;1;1;1.00000e+00;1.00000e+00;1.00000e+00;115;6.86046e-01;5.31846e-01;4.54622e-01
nav-lives;me-freeForm;4;[8];303;30300;30300;2.51280e+04;32;1;1;1.00000e+00;1.00000e+00;1.00000e+00;200;6.65575e-01;6.74310e-01;4.72932e-01
nav-lives;me-freeForm;3;[8];318;31800;31800;2.61336e+04;34;1;1;1.00000e+00;1.00000e+00;1.00000e+00;115;6.86046e-01;5.31846e-01;4.54622e-01
nav-lives;me-freeForm;4;[8];304;30400;30400;2.52143e+04;32;1;1;1.00000e+00;1.00000e+00;1.00000e+00;200;6.65575e-01;6.74310e-01;4.72932e-01
nav-lives;me-freeForm;3;[8];319;31900;31900;2.62172e+04;34;1;1;1.00000e+00;1.00000e+00;1.00000e+00;115;6.86046e-01;5.31846e-01;4.54622e-01
nav-lives;me-freeForm;4;[8];305;30500;30500;2.52971e+04;32;1;1;1.00000e+00;1.00000e+00;1.00000e+00;200;6.65575e-01;6.74310e-01;4.72932e-01
nav-lives;me-freeForm;3;[8];320;32000;32000;2.63042e+04;34;1;1;1.00000e+00;1.00000e+00;1.00000e+00;115;6.86046e-01;5.31846e-01;4.54622e-01
nav-lives;me-freeForm;4;[8];306;30600;30600;2.53802e+04;32;1;1;1.00000e+00;1.00000e+00;1.00000e+00;200;6.65575e-01;6.74310e-01;4.72932e-01
nav-lives;me-freeForm;3;[8];321;32100;32100;2.63884e+04;34;1;1;1.00000e+00;1.00000e+00;1.00000e+00;115;6.86046e-01;5.31846e-01;4.54622e-01
nav-lives;me-freeForm;4;[8];307;30700;30700;2.54661e+04;32;1;1;1.00000e+00;1.00000e+00;1.00000e+00;200;6.65575e-01;6.74310e-01;4.72932e-01
nav-lives;me-freeForm;3;[8];322;32200;32200;2.64716e+04;34;1;1;1.00000e+00;1.00000e+00;1.00000e+00;115;6.86046e-01;5.31846e-01;4.54622e-01
nav-lives;me-freeForm;4;[8];308;30800;30800;2.55495e+04;32;1;1;1.00000e+00;1.00000e+00;1.00000e+00;200;6.65575e-01;6.74310e-01;4.72932e-01
nav-lives;me-freeForm;3;[8];323;32300;32300;2.65571e+04;34;1;1;1.00000e+00;1.00000e+00;1.00000e+00;115;6.86046e-01;5.31846e-01;4.54622e-01
nav-lives;me-freeForm;4;[8];309;30900;30900;2.56351e+04;32;1;1;1.00000e+00;1.00000e+00;1.00000e+00;200;6.65575e-01;6.74310e-01;4.72932e-01
nav-lives;me-freeForm;3;[8];324;32400;32400;2.66414e+04;34;1;1;1.00000e+00;1.00000e+00;1.00000e+00;115;6.86046e-01;5.31846e-01;4.54622e-01
nav-lives;me-freeForm;4;[8];310;31000;31000;2.57198e+04;32;1;1;1.00000e+00;1.00000e+00;1.00000e+00;200;6.65575e-01;6.74310e-01;4.72932e-01
nav-lives;me-freeForm;3;[8];325;32500;32500;2.67269e+04;34;1;1;1.00000e+00;1.00000e+00;1.00000e+00;115;6.86046e-01;5.31846e-01;4.54622e-01
nav-lives;me-freeForm;4;[8];311;31100;31100;2.58034e+04;32;1;1;1.00000e+00;1.00000e+00;1.00000e+00;200;6.65575e-01;6.74310e-01;4.72932e-01
nav-lives;me-freeForm;3;[8];326;32600;32600;2.68125e+04;34;1;1;1.00000e+00;1.00000e+00;1.00000e+00;115;6.86046e-01;5.31846e-01;4.54622e-01
nav-lives;me-freeForm;4;[8];312;31200;31200;2.58892e+04;32;1;1;1.00000e+00;1.00000e+00;1.00000e+00;200;6.65575e-01;6.74310e-01;4.72932e-01
nav-lives;me-freeForm;3;[8];327;32700;32700;2.68966e+04;34;1;1;1.00000e+00;1.00000e+00;1.00000e+00;115;6.86046e-01;5.31846e-01;4.54622e-01
nav-lives;me-freeForm;4;[8];313;31300;31300;2.59765e+04;32;1;1;1.00000e+00;1.00000e+00;1.00000e+00;200;6.65575e-01;6.74310e-01;4.72932e-01
nav-lives;me-freeForm;3;[8];328;32800;32800;2.69825e+04;34;1;1;1.00000e+00;1.00000e+00;1.00000e+00;115;6.86046e-01;5.31846e-01;4.54622e-01
nav-lives;me-freeForm;4;[8];314;31400;31400;2.60641e+04;32;1;1;1.00000e+00;1.00000e+00;1.00000e+00;200;6.65575e-01;6.74310e-01;4.72932e-01
nav-lives;me-freeForm;3;[8];329;32900;32900;2.70667e+04;34;1;1;1.00000e+00;1.00000e+00;1.00000e+00;115;6.86046e-01;5.31846e-01;4.54622e-01
nav-lives;me-freeForm;4;[8];315;31500;31500;2.61496e+04;32;1;1;1.00000e+00;1.00000e+00;1.00000e+00;200;6.65575e-01;6.74310e-01;4.72932e-01
nav-lives;me-freeForm;3;[8];330;33000;33000;2.71526e+04;34;1;1;1.00000e+00;1.00000e+00;1.00000e+00;115;6.86046e-01;5.31846e-01;4.54622e-01
nav-lives;me-freeForm;4;[8];316;31600;31600;2.62340e+04;32;1;1;1.00000e+00;1.00000e+00;1.00000e+00;200;6.65575e-01;6.74310e-01;4.72932e-01
nav-lives;me-freeForm;3;[8];331;33100;33100;2.72375e+04;34;1;1;1.00000e+00;1.00000e+00;1.00000e+00;115;6.86046e-01;5.31846e-01;4.54622e-01
nav-lives;me-freeForm;4;[8];317;31700;31700;2.63185e+04;32;1;1;1.00000e+00;1.00000e+00;1.00000e+00;200;6.65575e-01;6.74310e-01;4.72932e-01
nav-lives;me-freeForm;3;[8];332;33200;33200;2.73232e+04;34;1;1;1.00000e+00;1.00000e+00;1.00000e+00;115;6.86046e-01;5.31846e-01;4.54622e-01
nav-lives;me-freeForm;4;[8];318;31800;31800;2.64006e+04;32;1;1;1.00000e+00;1.00000e+00;1.00000e+00;200;6.65575e-01;6.74310e-01;4.72932e-01
nav-lives;me-freeForm;3;[8];333;33300;33300;2.74083e+04;34;1;1;1.00000e+00;1.00000e+00;1.00000e+00;115;6.86046e-01;5.31846e-01;4.54622e-01
nav-lives;me-freeForm;4;[8];319;31900;31900;2.64871e+04;32;1;1;1.00000e+00;1.00000e+00;1.00000e+00;200;6.65575e-01;6.74310e-01;4.72932e-01
nav-lives;me-freeForm;3;[8];334;33400;33400;2.74918e+04;34;1;1;1.00000e+00;1.00000e+00;1.00000e+00;115;6.86046e-01;5.31846e-01;4.54622e-01
nav-lives;me-freeForm;4;[8];320;32000;32000;2.65702e+04;32;1;1;1.00000e+00;1.00000e+00;1.00000e+00;200;6.65575e-01;6.74310e-01;4.72932e-01
nav-lives;me-freeForm;3;[8];335;33500;33500;2.75773e+04;34;1;1;1.00000e+00;1.00000e+00;1.00000e+00;115;6.86046e-01;5.31846e-01;4.54622e-01
nav-lives;me-freeForm;4;[8];321;32100;32100;2.66552e+04;32;1;1;1.00000e+00;1.00000e+00;1.00000e+00;200;6.65575e-01;6.74310e-01;4.72932e-01
nav-lives;me-freeForm;3;[8];336;33600;33600;2.76615e+04;34;1;1;1.00000e+00;1.00000e+00;1.00000e+00;115;6.86046e-01;5.31846e-01;4.54622e-01
nav-lives;me-freeForm;4;[8];322;32200;32200;2.67420e+04;32;1;1;1.00000e+00;1.00000e+00;1.00000e+00;200;6.65575e-01;6.74310e-01;4.72932e-01
nav-lives;me-freeForm;3;[8];337;33700;33700;2.77468e+04;34;1;1;1.00000e+00;1.00000e+00;1.00000e+00;115;6.86046e-01;5.31846e-01;4.54622e-01
nav-lives;me-freeForm;4;[8];323;32300;32300;2.68261e+04;32;1;1;1.00000e+00;1.00000e+00;1.00000e+00;200;6.65575e-01;6.74310e-01;4.72932e-01
nav-lives;me-freeForm;3;[8];338;33800;33800;2.78331e+04;34;1;1;1.00000e+00;1.00000e+00;1.00000e+00;115;6.86046e-01;5.31846e-01;4.54622e-01
nav-lives;me-freeForm;4;[8];324;32400;32400;2.69140e+04;32;1;1;1.00000e+00;1.00000e+00;1.00000e+00;200;6.65575e-01;6.74310e-01;4.72932e-01
nav-lives;me-freeForm;3;[8];339;33900;33900;2.79178e+04;34;1;1;1.00000e+00;1.00000e+00;1.00000e+00;115;6.86046e-01;5.31846e-01;4.54622e-01
nav-lives;me-freeForm;4;[8];325;32500;32500;2.69983e+04;32;1;1;1.00000e+00;1.00000e+00;1.00000e+00;200;6.65575e-01;6.74310e-01;4.72932e-01
nav-lives;me-freeForm;3;[8];340;34000;34000;2.80039e+04;34;1;1;1.00000e+00;1.00000e+00;1.00000e+00;115;6.86046e-01;5.31846e-01;4.54622e-01
nav-lives;me-freeForm;4;[8];326;32600;32600;2.70844e+04;32;1;1;1.00000e+00;1.00000e+00;1.00000e+00;200;6.65575e-01;6.74310e-01;4.72932e-01
nav-lives;me-freeForm;3;[8];341;34100;34100;2.80875e+04;34;1;1;1.00000e+00;1.00000e+00;1.00000e+00;115;6.86046e-01;5.31846e-01;4.54622e-01
nav-lives;me-freeForm;4;[8];327;32700;32700;2.71671e+04;32;1;1;1.00000e+00;1.00000e+00;1.00000e+00;200;6.65575e-01;6.74310e-01;4.72932e-01
nav-lives;me-freeForm;3;[8];342;34200;34200;2.81744e+04;34;1;1;1.00000e+00;1.00000e+00;1.00000e+00;115;6.86046e-01;5.31846e-01;4.54622e-01
nav-lives;me-freeForm;4;[8];328;32800;32800;2.72517e+04;32;1;1;1.00000e+00;1.00000e+00;1.00000e+00;200;6.65575e-01;6.74310e-01;4.72932e-01
nav-lives;me-freeForm;3;[8];343;34300;34300;2.82590e+04;35;1;1;1.00000e+00;1.00000e+00;1.00000e+00;115;6.86046e-01;5.31846e-01;4.54622e-01
nav-lives;me-freeForm;4;[8];329;32900;32900;2.73391e+04;32;1;1;1.00000e+00;1.00000e+00;1.00000e+00;200;6.65575e-01;6.74310e-01;4.72932e-01
nav-lives;me-freeForm;3;[8];344;34400;34400;2.83447e+04;35;1;1;1.00000e+00;1.00000e+00;1.00000e+00;115;6.86046e-01;5.31846e-01;4.54622e-01
nav-lives;me-freeForm;4;[8];330;33000;33000;2.74255e+04;32;1;1;1.00000e+00;1.00000e+00;1.00000e+00;200;6.65575e-01;6.74310e-01;4.72932e-01
nav-lives;me-freeForm;3;[8];345;34500;34500;2.84304e+04;35;1;1;1.00000e+00;1.00000e+00;1.00000e+00;115;6.86046e-01;5.31846e-01;4.54622e-01
nav-lives;me-freeForm;4;[8];331;33100;33100;2.75105e+04;32;1;1;1.00000e+00;1.00000e+00;1.00000e+00;200;6.65575e-01;6.74310e-01;4.72932e-01
nav-lives;me-freeForm;3;[8];346;34600;34600;2.85156e+04;35;1;1;1.00000e+00;1.00000e+00;1.00000e+00;115;6.86046e-01;5.31846e-01;4.54622e-01
nav-lives;me-freeForm;4;[8];332;33200;33200;2.75976e+04;32;1;1;1.00000e+00;1.00000e+00;1.00000e+00;200;6.65575e-01;6.74310e-01;4.72932e-01
nav-lives;me-freeForm;3;[8];347;34700;34700;2.85992e+04;35;1;1;1.00000e+00;1.00000e+00;1.00000e+00;115;6.86046e-01;5.31846e-01;4.54622e-01
nav-lives;me-freeForm;4;[8];333;33300;33300;2.76828e+04;32;1;1;1.00000e+00;1.00000e+00;1.00000e+00;200;6.65575e-01;6.74310e-01;4.72932e-01
nav-lives;me-freeForm;3;[8];348;34800;34800;2.86857e+04;35;1;1;1.00000e+00;1.00000e+00;1.00000e+00;115;6.86046e-01;5.31846e-01;4.54622e-01
nav-lives;me-freeForm;4;[8];334;33400;33400;2.77674e+04;32;1;1;1.00000e+00;1.00000e+00;1.00000e+00;200;6.65575e-01;6.74310e-01;4.72932e-01
nav-lives;me-freeForm;3;[8];349;34900;34900;2.87714e+04;35;1;1;1.00000e+00;1.00000e+00;1.00000e+00;115;6.86046e-01;5.31846e-01;4.54622e-01
nav-lives;me-freeForm;4;[8];335;33500;33500;2.78495e+04;32;1;1;1.00000e+00;1.00000e+00;1.00000e+00;200;6.65575e-01;6.74310e-01;4.72932e-01
nav-lives;me-freeForm;3;[8];350;35000;35000;2.88571e+04;35;1;1;1.00000e+00;1.00000e+00;1.00000e+00;115;6.86046e-01;5.31846e-01;4.54622e-01
nav-lives;me-freeForm;4;[8];336;33600;33600;2.79348e+04;32;1;1;1.00000e+00;1.00000e+00;1.00000e+00;200;6.65575e-01;6.74310e-01;4.72932e-01
nav-lives;me-freeForm;3;[8];351;35100;35100;2.89371e+04;35;1;1;1.00000e+00;1.00000e+00;1.00000e+00;115;6.86046e-01;5.31846e-01;4.54622e-01
nav-lives;me-freeForm;4;[8];337;33700;33700;2.80169e+04;32;1;1;1.00000e+00;1.00000e+00;1.00000e+00;200;6.65575e-01;6.74310e-01;4.72932e-01
nav-lives;me-freeForm;3;[8];352;35200;35200;2.90262e+04;35;1;1;1.00000e+00;1.00000e+00;1.00000e+00;115;6.86046e-01;5.31846e-01;4.54622e-01
nav-lives;me-freeForm;4;[8];338;33800;33800;2.81055e+04;32;1;1;1.00000e+00;1.00000e+00;1.00000e+00;200;6.65575e-01;6.74310e-01;4.72932e-01
nav-lives;me-freeForm;3;[8];353;35300;35300;2.91106e+04;35;1;1;1.00000e+00;1.00000e+00;1.00000e+00;115;6.86046e-01;5.31846e-01;4.54622e-01
nav-lives;me-freeForm;4;[8];339;33900;33900;2.81912e+04;32;1;1;1.00000e+00;1.00000e+00;1.00000e+00;200;6.65575e-01;6.74310e-01;4.72932e-01
nav-lives;me-freeForm;3;[8];354;35400;35400;2.91956e+04;35;1;1;1.00000e+00;1.00000e+00;1.00000e+00;115;6.86046e-01;5.31846e-01;4.54622e-01
nav-lives;me-freeForm;4;[8];340;34000;34000;2.82734e+04;32;1;1;1.00000e+00;1.00000e+00;1.00000e+00;200;6.65575e-01;6.74310e-01;4.72932e-01
nav-lives;me-freeForm;3;[8];355;35500;35500;2.92808e+04;35;1;1;1.00000e+00;1.00000e+00;1.00000e+00;115;6.86046e-01;5.31846e-01;4.54622e-01
nav-lives;me-freeForm;4;[8];341;34100;34100;2.83590e+04;32;1;1;1.00000e+00;1.00000e+00;1.00000e+00;200;6.65575e-01;6.74310e-01;4.72932e-01
nav-lives;me-freeForm;3;[8];356;35600;35600;2.93648e+04;35;1;1;1.00000e+00;1.00000e+00;1.00000e+00;115;6.86046e-01;5.31846e-01;4.54622e-01
nav-lives;me-freeForm;4;[8];342;34200;34200;2.84439e+04;32;1;1;1.00000e+00;1.00000e+00;1.00000e+00;200;6.65575e-01;6.74310e-01;4.72932e-01
nav-lives;me-freeForm;3;[8];357;35700;35700;2.94514e+04;35;1;1;1.00000e+00;1.00000e+00;1.00000e+00;115;6.86046e-01;5.31846e-01;4.54622e-01
nav-lives;me-freeForm;4;[8];343;34300;34300;2.85296e+04;32;1;1;1.00000e+00;1.00000e+00;1.00000e+00;200;6.65575e-01;6.74310e-01;4.72932e-01
nav-lives;me-freeForm;3;[8];358;35800;35800;2.95352e+04;35;1;1;1.00000e+00;1.00000e+00;1.00000e+00;115;6.86046e-01;5.31846e-01;4.54622e-01
nav-lives;me-freeForm;4;[8];344;34400;34400;2.86135e+04;32;1;1;1.00000e+00;1.00000e+00;1.00000e+00;200;6.65575e-01;6.74310e-01;4.72932e-01
nav-lives;me-freeForm;3;[8];359;35900;35900;2.96200e+04;35;1;1;1.00000e+00;1.00000e+00;1.00000e+00;115;6.86046e-01;5.31846e-01;4.54622e-01
nav-lives;me-freeForm;4;[8];345;34500;34500;2.87010e+04;32;1;1;1.00000e+00;1.00000e+00;1.00000e+00;200;6.65575e-01;6.74310e-01;4.72932e-01
nav-lives;me-freeForm;3;[8];360;36000;36000;2.97035e+04;35;1;1;1.00000e+00;1.00000e+00;1.00000e+00;115;6.86046e-01;5.31846e-01;4.54622e-01
nav-lives;me-freeForm;4;[8];346;34600;34600;2.87836e+04;32;1;1;1.00000e+00;1.00000e+00;1.00000e+00;200;6.65575e-01;6.74310e-01;4.72932e-01
nav-lives;me-freeForm;3;[8];361;36100;36100;2.97905e+04;35;1;1;1.00000e+00;1.00000e+00;1.00000e+00;115;6.86046e-01;5.31846e-01;4.54622e-01
nav-lives;me-freeForm;4;[8];347;34700;34700;2.88714e+04;32;1;1;1.00000e+00;1.00000e+00;1.00000e+00;200;6.65575e-01;6.74310e-01;4.72932e-01
nav-lives;me-freeForm;3;[8];362;36200;36200;2.98757e+04;35;1;1;1.00000e+00;1.00000e+00;1.00000e+00;115;6.86046e-01;5.31846e-01;4.54622e-01
nav-lives;me-freeForm;4;[8];348;34800;34800;2.89563e+04;32;1;1;1.00000e+00;1.00000e+00;1.00000e+00;200;6.65575e-01;6.74310e-01;4.72932e-01
nav-lives;me-freeForm;3;[8];363;36300;36300;2.99593e+04;35;1;1;1.00000e+00;1.00000e+00;1.00000e+00;115;6.86046e-01;5.31846e-01;4.54622e-01
nav-lives;me-freeForm;4;[8];349;34900;34900;2.90419e+04;32;1;1;1.00000e+00;1.00000e+00;1.00000e+00;200;6.65575e-01;6.74310e-01;4.72932e-01
nav-lives;me-freeForm;3;[8];364;36400;36400;3.00430e+04;35;1;1;1.00000e+00;1.00000e+00;1.00000e+00;115;6.86046e-01;5.31846e-01;4.54622e-01
nav-lives;me-freeForm;4;[8];350;35000;35000;2.91243e+04;32;1;1;1.00000e+00;1.00000e+00;1.00000e+00;200;6.65575e-01;6.74310e-01;4.72932e-01
nav-lives;me-freeForm;3;[8];365;36500;36500;3.01337e+04;35;1;1;1.00000e+00;1.00000e+00;1.00000e+00;115;6.86046e-01;5.31846e-01;4.54622e-01
nav-lives;me-freeForm;4;[8];351;35100;35100;2.92129e+04;32;1;1;1.00000e+00;1.00000e+00;1.00000e+00;200;6.65575e-01;6.74310e-01;4.72932e-01
nav-lives;me-freeForm;3;[8];366;36600;36600;3.02163e+04;35;1;1;1.00000e+00;1.00000e+00;1.00000e+00;115;6.86046e-01;5.31846e-01;4.54622e-01
nav-lives;me-freeForm;4;[8];352;35200;35200;2.92955e+04;32;1;1;1.00000e+00;1.00000e+00;1.00000e+00;200;6.65575e-01;6.74310e-01;4.72932e-01
nav-lives;me-freeForm;3;[8];367;36700;36700;3.03033e+04;35;1;1;1.00000e+00;1.00000e+00;1.00000e+00;115;6.86046e-01;5.31846e-01;4.54622e-01
nav-lives;me-freeForm;4;[8];353;35300;35300;2.93802e+04;32;1;1;1.00000e+00;1.00000e+00;1.00000e+00;200;6.65575e-01;6.74310e-01;4.72932e-01
nav-lives;me-freeForm;3;[8];368;36800;36800;3.03889e+04;35;1;1;1.00000e+00;1.00000e+00;1.00000e+00;115;6.86046e-01;5.31846e-01;4.54622e-01
nav-lives;me-freeForm;4;[8];354;35400;35400;2.94657e+04;32;1;1;1.00000e+00;1.00000e+00;1.00000e+00;200;6.65575e-01;6.74310e-01;4.72932e-01
nav-lives;me-freeForm;3;[8];369;36900;36900;3.04725e+04;35;1;1;1.00000e+00;1.00000e+00;1.00000e+00;115;6.86046e-01;5.31846e-01;4.54622e-01
nav-lives;me-freeForm;4;[8];355;35500;35500;2.95505e+04;32;1;1;1.00000e+00;1.00000e+00;1.00000e+00;200;6.65575e-01;6.74310e-01;4.72932e-01
nav-lives;me-freeForm;3;[8];370;37000;37000;3.05571e+04;35;1;1;1.00000e+00;1.00000e+00;1.00000e+00;115;6.86046e-01;5.31846e-01;4.54622e-01
nav-lives;me-freeForm;4;[8];356;35600;35600;2.96363e+04;32;1;1;1.00000e+00;1.00000e+00;1.00000e+00;200;6.65575e-01;6.74310e-01;4.72932e-01
nav-lives;me-freeForm;3;[8];371;37100;37100;3.06440e+04;35;1;1;1.00000e+00;1.00000e+00;1.00000e+00;115;6.86046e-01;5.31846e-01;4.54622e-01
nav-lives;me-freeForm;4;[8];357;35700;35700;2.97214e+04;32;1;1;1.00000e+00;1.00000e+00;1.00000e+00;200;6.65575e-01;6.74310e-01;4.72932e-01
nav-lives;me-freeForm;3;[8];372;37200;37200;3.07292e+04;35;1;1;1.00000e+00;1.00000e+00;1.00000e+00;115;6.86046e-01;5.31846e-01;4.54622e-01
nav-lives;me-freeForm;4;[8];358;35800;35800;2.98081e+04;32;1;1;1.00000e+00;1.00000e+00;1.00000e+00;200;6.65575e-01;6.74310e-01;4.72932e-01
nav-lives;me-freeForm;3;[8];373;37300;37300;3.08147e+04;35;1;1;1.00000e+00;1.00000e+00;1.00000e+00;115;6.86046e-01;5.31846e-01;4.54622e-01
nav-lives;me-freeForm;4;[8];359;35900;35900;2.98953e+04;32;1;1;1.00000e+00;1.00000e+00;1.00000e+00;200;6.65575e-01;6.74310e-01;4.72932e-01
nav-lives;me-freeForm;3;[8];374;37400;37400;3.08988e+04;35;1;1;1.00000e+00;1.00000e+00;1.00000e+00;115;6.86046e-01;5.31846e-01;4.54622e-01
nav-lives;me-freeForm;4;[8];360;36000;36000;2.99791e+04;32;1;1;1.00000e+00;1.00000e+00;1.00000e+00;200;6.65575e-01;6.74310e-01;4.72932e-01
nav-lives;me-freeForm;3;[8];375;37500;37500;3.09852e+04;35;1;1;1.00000e+00;1.00000e+00;1.00000e+00;115;6.86046e-01;5.31846e-01;4.54622e-01
nav-lives;me-freeForm;4;[8];361;36100;36100;3.00627e+04;32;1;1;1.00000e+00;1.00000e+00;1.00000e+00;200;6.65575e-01;6.74310e-01;4.72932e-01
nav-lives;me-freeForm;3;[8];376;37600;37600;3.10688e+04;36;1;1;1.00000e+00;1.00000e+00;1.00000e+00;115;6.86046e-01;5.31846e-01;4.54622e-01
nav-lives;me-freeForm;4;[8];362;36200;36200;3.01448e+04;32;1;1;1.00000e+00;1.00000e+00;1.00000e+00;200;6.65575e-01;6.74310e-01;4.72932e-01
nav-lives;me-freeForm;3;[8];377;37700;37700;3.11545e+04;36;1;1;1.00000e+00;1.00000e+00;1.00000e+00;115;6.86046e-01;5.31846e-01;4.54622e-01
nav-lives;me-freeForm;4;[8];363;36300;36300;3.02345e+04;32;1;1;1.00000e+00;1.00000e+00;1.00000e+00;200;6.65575e-01;6.74310e-01;4.72932e-01
nav-lives;me-freeForm;3;[8];378;37800;37800;3.12387e+04;36;1;1;1.00000e+00;1.00000e+00;1.00000e+00;115;6.86046e-01;5.31846e-01;4.54622e-01
nav-lives;me-freeForm;4;[8];364;36400;36400;3.03210e+04;32;1;1;1.00000e+00;1.00000e+00;1.00000e+00;200;6.65575e-01;6.74310e-01;4.72932e-01
nav-lives;me-freeForm;3;[8];379;37900;37900;3.13239e+04;36;1;1;1.00000e+00;1.00000e+00;1.00000e+00;115;6.86046e-01;5.31846e-01;4.54622e-01
nav-lives;me-freeForm;4;[8];365;36500;36500;3.04082e+04;32;1;1;1.00000e+00;1.00000e+00;1.00000e+00;200;6.65575e-01;6.74310e-01;4.72932e-01
nav-lives;me-freeForm;3;[8];380;38000;38000;3.14117e+04;36;1;1;1.00000e+00;1.00000e+00;1.00000e+00;115;6.86046e-01;5.31846e-01;4.54622e-01
nav-lives;me-freeForm;4;[8];366;36600;36600;3.04895e+04;32;1;1;1.00000e+00;1.00000e+00;1.00000e+00;200;6.65575e-01;6.74310e-01;4.72932e-01
nav-lives;me-freeForm;3;[8];381;38100;38100;3.14980e+04;36;1;1;1.00000e+00;1.00000e+00;1.00000e+00;115;6.86046e-01;5.31846e-01;4.54622e-01
nav-lives;me-freeForm;4;[8];367;36700;36700;3.05760e+04;32;1;1;1.00000e+00;1.00000e+00;1.00000e+00;200;6.65575e-01;6.74310e-01;4.72932e-01
nav-lives;me-freeForm;3;[8];382;38200;38200;3.15797e+04;36;1;1;1.00000e+00;1.00000e+00;1.00000e+00;115;6.86046e-01;5.31846e-01;4.54622e-01
nav-lives;me-freeForm;4;[8];368;36800;36800;3.06620e+04;32;1;1;1.00000e+00;1.00000e+00;1.00000e+00;200;6.65575e-01;6.74310e-01;4.72932e-01
nav-lives;me-freeForm;3;[8];383;38300;38300;3.16655e+04;36;1;1;1.00000e+00;1.00000e+00;1.00000e+00;115;6.86046e-01;5.31846e-01;4.54622e-01
nav-lives;me-freeForm;4;[8];369;36900;36900;3.07462e+04;32;1;1;1.00000e+00;1.00000e+00;1.00000e+00;200;6.65575e-01;6.74310e-01;4.72932e-01
nav-lives;me-freeForm;3;[8];384;38400;38400;3.17503e+04;36;1;1;1.00000e+00;1.00000e+00;1.00000e+00;115;6.86046e-01;5.31846e-01;4.54622e-01
nav-lives;me-freeForm;4;[8];370;37000;37000;3.08302e+04;32;1;1;1.00000e+00;1.00000e+00;1.00000e+00;200;6.65575e-01;6.74310e-01;4.72932e-01
nav-lives;me-freeForm;3;[8];385;38500;38500;3.18372e+04;36;1;1;1.00000e+00;1.00000e+00;1.00000e+00;115;6.86046e-01;5.31846e-01;4.54622e-01
nav-lives;me-freeForm;4;[8];371;37100;37100;3.09170e+04;32;1;1;1.00000e+00;1.00000e+00;1.00000e+00;200;6.65575e-01;6.74310e-01;4.72932e-01
nav-lives;me-freeForm;3;[8];386;38600;38600;3.19211e+04;36;1;1;1.00000e+00;1.00000e+00;1.00000e+00;115;6.86046e-01;5.31846e-01;4.54622e-01
nav-lives;me-freeForm;4;[8];372;37200;37200;3.10008e+04;32;1;1;1.00000e+00;1.00000e+00;1.00000e+00;200;6.65575e-01;6.74310e-01;4.72932e-01
nav-lives;me-freeForm;3;[8];387;38700;38700;3.20046e+04;36;1;1;1.00000e+00;1.00000e+00;1.00000e+00;115;6.86046e-01;5.31846e-01;4.54622e-01
nav-lives;me-freeForm;4;[8];373;37300;37300;3.10869e+04;32;1;1;1.00000e+00;1.00000e+00;1.00000e+00;200;6.65575e-01;6.74310e-01;4.72932e-01
nav-lives;me-freeForm;3;[8];388;38800;38800;3.20892e+04;36;1;1;1.00000e+00;1.00000e+00;1.00000e+00;115;6.86046e-01;5.31846e-01;4.54622e-01
nav-lives;me-freeForm;4;[8];374;37400;37400;3.11728e+04;32;1;1;1.00000e+00;1.00000e+00;1.00000e+00;200;6.65575e-01;6.74310e-01;4.72932e-01
nav-lives;me-freeForm;3;[8];389;38900;38900;3.21766e+04;36;1;1;1.00000e+00;1.00000e+00;1.00000e+00;115;6.86046e-01;5.31846e-01;4.54622e-01
nav-lives;me-freeForm;4;[8];375;37500;37500;3.12595e+04;32;1;1;1.00000e+00;1.00000e+00;1.00000e+00;200;6.65575e-01;6.74310e-01;4.72932e-01
nav-lives;me-freeForm;3;[8];390;39000;39000;3.22601e+04;36;1;1;1.00000e+00;1.00000e+00;1.00000e+00;115;6.86046e-01;5.31846e-01;4.54622e-01
nav-lives;me-freeForm;4;[8];376;37600;37600;3.13415e+04;32;1;1;1.00000e+00;1.00000e+00;1.00000e+00;200;6.65575e-01;6.74310e-01;4.72932e-01
nav-lives;me-freeForm;3;[8];391;39100;39100;3.23483e+04;36;1;1;1.00000e+00;1.00000e+00;1.00000e+00;115;6.86046e-01;5.31846e-01;4.54622e-01
nav-lives;me-freeForm;4;[8];377;37700;37700;3.14255e+04;32;1;1;1.00000e+00;1.00000e+00;1.00000e+00;200;6.65575e-01;6.74310e-01;4.72932e-01
nav-lives;me-freeForm;3;[8];392;39200;39200;3.24291e+04;36;1;1;1.00000e+00;1.00000e+00;1.00000e+00;115;6.86046e-01;5.31846e-01;4.54622e-01
nav-lives;me-freeForm;4;[8];378;37800;37800;3.15108e+04;32;1;1;1.00000e+00;1.00000e+00;1.00000e+00;200;6.65575e-01;6.74310e-01;4.72932e-01
nav-lives;me-freeForm;3;[8];393;39300;39300;3.25152e+04;36;1;1;1.00000e+00;1.00000e+00;1.00000e+00;115;6.86046e-01;5.31846e-01;4.54622e-01
nav-lives;me-freeForm;4;[8];379;37900;37900;3.15971e+04;32;1;1;1.00000e+00;1.00000e+00;1.00000e+00;200;6.65575e-01;6.74310e-01;4.72932e-01
nav-lives;me-freeForm;3;[8];394;39400;39400;3.26012e+04;36;1;1;1.00000e+00;1.00000e+00;1.00000e+00;115;6.86046e-01;5.31846e-01;4.54622e-01
nav-lives;me-freeForm;4;[8];380;38000;38000;3.16816e+04;32;1;1;1.00000e+00;1.00000e+00;1.00000e+00;200;6.65575e-01;6.74310e-01;4.72932e-01
nav-lives;me-freeForm;3;[8];395;39500;39500;3.26865e+04;36;1;1;1.00000e+00;1.00000e+00;1.00000e+00;115;6.86046e-01;5.31846e-01;4.54622e-01
nav-lives;me-freeForm;4;[8];381;38100;38100;3.17653e+04;32;1;1;1.00000e+00;1.00000e+00;1.00000e+00;200;6.65575e-01;6.74310e-01;4.72932e-01
nav-lives;me-freeForm;3;[8];396;39600;39600;3.27728e+04;36;1;1;1.00000e+00;1.00000e+00;1.00000e+00;115;6.86046e-01;5.31846e-01;4.54622e-01
nav-lives;me-freeForm;4;[8];382;38200;38200;3.18515e+04;32;1;1;1.00000e+00;1.00000e+00;1.00000e+00;200;6.65575e-01;6.74310e-01;4.72932e-01
nav-lives;me-freeForm;3;[8];397;39700;39700;3.28556e+04;36;1;1;1.00000e+00;1.00000e+00;1.00000e+00;115;6.86046e-01;5.31846e-01;4.54622e-01
nav-lives;me-freeForm;4;[8];383;38300;38300;3.19346e+04;32;1;1;1.00000e+00;1.00000e+00;1.00000e+00;200;6.65575e-01;6.74310e-01;4.72932e-01
nav-lives;me-freeForm;3;[8];398;39800;39800;3.29420e+04;36;1;1;1.00000e+00;1.00000e+00;1.00000e+00;115;6.86046e-01;5.31846e-01;4.54622e-01
nav-lives;me-freeForm;4;[8];384;38400;38400;3.20203e+04;32;1;1;1.00000e+00;1.00000e+00;1.00000e+00;200;6.65575e-01;6.74310e-01;4.72932e-01
nav-lives;me-freeForm;3;[8];399;39900;39900;3.30263e+04;36;1;1;1.00000e+00;1.00000e+00;1.00000e+00;115;6.86046e-01;5.31846e-01;4.54622e-01
nav-lives;me-freeForm;4;[8];385;38500;38500;3.21061e+04;32;1;1;1.00000e+00;1.00000e+00;1.00000e+00;200;6.65575e-01;6.74310e-01;4.72932e-01
nav-lives;me-freeForm;3;[8];400;40000;40000;3.31110e+04;36;1;1;1.00000e+00;1.00000e+00;1.00000e+00;115;6.86046e-01;5.31846e-01;4.54622e-01
nav-lives;me-freeForm;4;[8];386;38600;38600;3.21881e+04;32;1;1;1.00000e+00;1.00000e+00;1.00000e+00;200;6.65575e-01;6.74310e-01;4.72932e-01
nav-lives;me-freeForm;5;[8];1;100;100;1.10634e+02;2;1;1;1.00000e+00;1.00000e+00;1.00000e+00;12;2.05565e-02;2.72583e-02;1.14281e-01
nav-lives;me-freeForm;4;[8];387;38700;38700;3.22627e+04;32;1;1;1.00000e+00;1.00000e+00;1.00000e+00;200;6.65575e-01;6.74310e-01;4.72932e-01
nav-lives;me-freeForm;5;[8];2;200;200;1.70640e+02;4;1;1;1.00000e+00;1.00000e+00;1.00000e+00;12;6.07384e-02;6.81476e-02;2.18695e-01
nav-lives;me-freeForm;4;[8];388;38800;38800;3.23569e+04;32;1;1;1.00000e+00;1.00000e+00;1.00000e+00;200;6.65575e-01;6.74310e-01;4.72932e-01
nav-lives;me-freeForm;5;[8];3;300;300;2.39503e+02;5;1;1;1.00000e+00;1.00000e+00;1.00000e+00;12;6.07384e-02;6.81476e-02;2.18695e-01
nav-lives;me-freeForm;4;[8];389;38900;38900;3.24359e+04;32;1;1;1.00000e+00;1.00000e+00;1.00000e+00;200;6.65575e-01;6.74310e-01;4.72932e-01
nav-lives;me-freeForm;5;[8];4;400;400;3.18278e+02;6;1;1;1.00000e+00;1.00000e+00;1.00000e+00;12;6.07384e-02;6.81476e-02;2.18695e-01
nav-lives;me-freeForm;4;[8];390;39000;39000;3.25162e+04;32;1;1;1.00000e+00;1.00000e+00;1.00000e+00;200;6.65575e-01;6.74310e-01;4.72932e-01
nav-lives;me-freeForm;5;[8];5;500;500;3.99355e+02;8;1;1;1.00000e+00;1.00000e+00;1.00000e+00;12;6.07384e-02;6.81476e-02;2.18695e-01
nav-lives;me-freeForm;4;[8];391;39100;39100;3.25952e+04;32;1;1;1.00000e+00;1.00000e+00;1.00000e+00;200;6.65575e-01;6.74310e-01;4.72932e-01
nav-lives;me-freeForm;5;[8];6;600;600;4.79781e+02;9;1;1;1.00000e+00;1.00000e+00;1.00000e+00;71;6.57323e-02;-1.59155e-02;2.57765e-01
nav-lives;me-freeForm;4;[8];392;39200;39200;3.26755e+04;32;1;1;1.00000e+00;1.00000e+00;1.00000e+00;200;6.65575e-01;6.74310e-01;4.72932e-01
nav-lives;me-freeForm;5;[8];7;700;700;5.59999e+02;11;1;1;1.00000e+00;1.00000e+00;1.00000e+00;65;1.77855e-01;1.83767e-01;3.88186e-01
nav-lives;me-freeForm;4;[8];393;39300;39300;3.27575e+04;32;1;1;1.00000e+00;1.00000e+00;1.00000e+00;200;6.65575e-01;6.74310e-01;4.72932e-01
nav-lives;me-freeForm;5;[8];8;800;800;6.43268e+02;14;1;1;1.00000e+00;1.00000e+00;1.00000e+00;65;1.77855e-01;1.83767e-01;3.88186e-01
nav-lives;me-freeForm;4;[8];394;39400;39400;3.28381e+04;32;1;1;1.00000e+00;1.00000e+00;1.00000e+00;200;6.65575e-01;6.74310e-01;4.72932e-01
nav-lives;me-freeForm;5;[8];9;900;900;7.24705e+02;18;2;1;1.00000e+00;1.00000e+00;1.00000e+00;65;1.77855e-01;1.83767e-01;3.88186e-01
nav-lives;me-freeForm;4;[8];395;39500;39500;3.29199e+04;32;1;1;1.00000e+00;1.00000e+00;1.00000e+00;200;6.65575e-01;6.74310e-01;4.72932e-01
nav-lives;me-freeForm;5;[8];10;1000;1000;8.05764e+02;20;2;1;1.00000e+00;1.00000e+00;1.00000e+00;65;1.77855e-01;1.83767e-01;3.88186e-01
nav-lives;me-freeForm;4;[8];396;39600;39600;3.30005e+04;32;1;1;1.00000e+00;1.00000e+00;1.00000e+00;200;6.65575e-01;6.74310e-01;4.72932e-01
nav-lives;me-freeForm;5;[8];11;1100;1100;8.87082e+02;21;1;1;1.00000e+00;1.00000e+00;1.00000e+00;81;1.82724e-01;1.87216e-01;3.90137e-01
nav-lives;me-freeForm;4;[8];397;39700;39700;3.30803e+04;32;1;1;1.00000e+00;1.00000e+00;1.00000e+00;200;6.65575e-01;6.74310e-01;4.72932e-01
nav-lives;me-freeForm;5;[8];12;1200;1200;9.69364e+02;24;1;1;1.00000e+00;1.00000e+00;1.00000e+00;81;1.82724e-01;1.87216e-01;3.90137e-01
nav-lives;me-freeForm;4;[8];398;39800;39800;3.31627e+04;32;1;1;1.00000e+00;1.00000e+00;1.00000e+00;200;6.65575e-01;6.74310e-01;4.72932e-01
nav-lives;me-freeForm;5;[8];13;1300;1300;1.05009e+03;25;1;1;1.00000e+00;1.00000e+00;1.00000e+00;81;1.82724e-01;1.87216e-01;3.90137e-01
nav-lives;me-freeForm;4;[8];399;39900;39900;3.32461e+04;32;1;1;1.00000e+00;1.00000e+00;1.00000e+00;200;6.65575e-01;6.74310e-01;4.72932e-01
nav-lives;me-freeForm;5;[8];14;1400;1400;1.13213e+03;26;1;1;1.00000e+00;1.00000e+00;1.00000e+00;81;1.82724e-01;1.87216e-01;3.90137e-01
nav-lives;me-freeForm;4;[8];400;40000;40000;3.33275e+04;32;1;1;1.00000e+00;1.00000e+00;1.00000e+00;200;6.65575e-01;6.74310e-01;4.72932e-01
nav-lives;me-freeForm;5;[8];15;1500;1500;1.19653e+03;26;1;1;1.00000e+00;1.00000e+00;1.00000e+00;81;1.82724e-01;1.87216e-01;3.90137e-01
nav-lives;me-freeForm;5;[8];16;1600;1600;1.23548e+03;27;1;1;1.00000e+00;1.00000e+00;1.00000e+00;81;2.86139e-01;2.91821e-01;4.61358e-01
nav-lives;me-freeForm;5;[8];17;1700;1700;1.27402e+03;28;1;1;1.00000e+00;1.00000e+00;1.00000e+00;81;2.86139e-01;2.91821e-01;4.61358e-01
nav-lives;me-freeForm;5;[8];18;1800;1800;1.31276e+03;28;1;1;9.64286e-01;1.00000e+00;1.00000e+00;81;2.86139e-01;2.91821e-01;4.61358e-01
nav-lives;me-freeForm;5;[8];19;1900;1900;1.35134e+03;28;1;1;1.00000e+00;1.00000e+00;1.00000e+00;81;2.86139e-01;2.91821e-01;4.61358e-01
nav-lives;me-freeForm;5;[8];20;2000;2000;1.38996e+03;28;1;1;1.00000e+00;1.00000e+00;1.00000e+00;81;2.86139e-01;2.91821e-01;4.61358e-01
nav-lives;me-freeForm;5;[8];21;2100;2100;1.42859e+03;28;1;1;1.00000e+00;1.00000e+00;1.00000e+00;81;2.86139e-01;2.91821e-01;4.61358e-01
nav-lives;me-freeForm;5;[8];22;2200;2200;1.46726e+03;28;1;1;1.00000e+00;1.00000e+00;1.00000e+00;81;2.86139e-01;2.91821e-01;4.61358e-01
nav-lives;me-freeForm;5;[8];23;2300;2300;1.50607e+03;28;1;1;1.00000e+00;1.00000e+00;1.00000e+00;81;2.86139e-01;2.91821e-01;4.61358e-01
nav-lives;me-freeForm;5;[8];24;2400;2400;1.54436e+03;28;1;1;1.00000e+00;1.00000e+00;1.00000e+00;81;2.86139e-01;2.91821e-01;4.61358e-01
nav-lives;me-freeForm;5;[8];25;2500;2500;1.58324e+03;28;1;1;1.00000e+00;1.00000e+00;1.00000e+00;81;2.86139e-01;2.91821e-01;4.61358e-01
nav-lives;me-freeForm;5;[8];26;2600;2600;1.62202e+03;28;1;1;1.00000e+00;1.00000e+00;1.00000e+00;81;2.86139e-01;2.91821e-01;4.61358e-01
nav-lives;me-freeForm;5;[8];27;2700;2700;1.66020e+03;28;1;1;1.00000e+00;1.00000e+00;1.00000e+00;81;2.86139e-01;2.91821e-01;4.61358e-01
nav-lives;me-freeForm;5;[8];28;2800;2800;1.69899e+03;28;1;1;1.00000e+00;1.00000e+00;1.00000e+00;81;2.86139e-01;2.91821e-01;4.61358e-01
nav-lives;me-freeForm;5;[8];29;2900;2900;1.73770e+03;28;1;1;1.00000e+00;1.00000e+00;1.00000e+00;81;2.86139e-01;2.91821e-01;4.61358e-01
nav-lives;me-freeForm;5;[8];30;3000;3000;1.77622e+03;28;1;1;1.00000e+00;1.00000e+00;1.00000e+00;69;3.01135e-01;3.07537e-01;4.63406e-01
nav-lives;me-freeForm;5;[8];31;3100;3100;1.81482e+03;28;1;1;1.00000e+00;1.00000e+00;1.00000e+00;69;3.01135e-01;3.07537e-01;4.63406e-01
nav-lives;me-freeForm;5;[8];32;3200;3200;1.85368e+03;28;1;1;1.00000e+00;1.00000e+00;1.00000e+00;69;3.01135e-01;3.07537e-01;4.63406e-01
nav-lives;me-freeForm;5;[8];33;3300;3300;1.89210e+03;28;1;1;1.00000e+00;1.00000e+00;1.00000e+00;69;3.01135e-01;3.07537e-01;4.63406e-01
nav-lives;me-freeForm;5;[8];34;3400;3400;1.93066e+03;28;1;1;1.00000e+00;1.00000e+00;1.00000e+00;69;3.01135e-01;3.07537e-01;4.63406e-01
nav-lives;me-freeForm;5;[8];35;3500;3500;1.96915e+03;28;1;1;1.00000e+00;1.00000e+00;1.00000e+00;69;3.01135e-01;3.07537e-01;4.63406e-01
nav-lives;me-freeForm;5;[8];36;3600;3600;2.00832e+03;28;1;1;1.00000e+00;1.00000e+00;1.00000e+00;69;3.01135e-01;3.07537e-01;4.63406e-01
nav-lives;me-freeForm;5;[8];37;3700;3700;2.04698e+03;28;1;1;1.00000e+00;1.00000e+00;1.00000e+00;69;3.01135e-01;3.07537e-01;4.63406e-01
nav-lives;me-freeForm;5;[8];38;3800;3800;2.08585e+03;28;1;1;1.00000e+00;1.00000e+00;1.00000e+00;69;3.01135e-01;3.07537e-01;4.63406e-01
nav-lives;me-freeForm;5;[8];39;3900;3900;2.12527e+03;28;1;1;1.00000e+00;1.00000e+00;1.00000e+00;69;3.01135e-01;3.07537e-01;4.63406e-01
nav-lives;me-freeForm;5;[8];40;4000;4000;2.16406e+03;28;1;1;1.00000e+00;1.00000e+00;1.00000e+00;69;3.01135e-01;3.07537e-01;4.63406e-01
nav-lives;me-freeForm;5;[8];41;4100;4100;2.20283e+03;28;1;1;1.00000e+00;1.00000e+00;1.00000e+00;69;3.01135e-01;3.07537e-01;4.63406e-01
nav-lives;me-freeForm;5;[8];42;4200;4200;2.24105e+03;28;2;1;1.00000e+00;1.00000e+00;1.00000e+00;66;3.01135e-01;1.91370e-01;4.63406e-01
nav-lives;me-freeForm;5;[8];43;4300;4300;2.27965e+03;28;2;1;1.00000e+00;1.00000e+00;1.00000e+00;66;3.01135e-01;1.91370e-01;4.63406e-01
nav-lives;me-freeForm;5;[8];44;4400;4400;2.31817e+03;28;2;1;1.00000e+00;1.00000e+00;1.00000e+00;66;3.01135e-01;1.91370e-01;4.63406e-01
nav-lives;me-freeForm;5;[8];45;4500;4500;2.35667e+03;28;2;1;1.00000e+00;1.00000e+00;1.00000e+00;66;3.01135e-01;1.91370e-01;4.63406e-01
nav-lives;me-freeForm;5;[8];46;4600;4600;2.39540e+03;28;2;1;1.00000e+00;1.00000e+00;1.00000e+00;66;3.01135e-01;1.91370e-01;4.63406e-01
nav-lives;me-freeForm;5;[8];47;4700;4700;2.43439e+03;28;2;1;1.00000e+00;1.00000e+00;1.00000e+00;66;3.01135e-01;1.91370e-01;4.63406e-01
nav-lives;me-freeForm;5;[8];48;4800;4800;2.47303e+03;28;2;1;1.00000e+00;1.00000e+00;1.00000e+00;66;3.01135e-01;1.91370e-01;4.63406e-01
nav-lives;me-freeForm;5;[8];49;4900;4900;2.51170e+03;28;2;1;1.00000e+00;1.00000e+00;1.00000e+00;66;3.01135e-01;1.91370e-01;4.63406e-01
nav-lives;me-freeForm;5;[8];50;5000;5000;2.55053e+03;29;2;1;1.00000e+00;1.00000e+00;1.00000e+00;66;3.01135e-01;1.91370e-01;4.63406e-01
nav-lives;me-freeForm;5;[8];51;5100;5100;2.58959e+03;29;2;1;1.00000e+00;1.00000e+00;1.00000e+00;66;3.01135e-01;1.91370e-01;4.63406e-01
nav-lives;me-freeForm;5;[8];52;5200;5200;2.62883e+03;30;2;1;1.00000e+00;1.00000e+00;1.00000e+00;66;3.01135e-01;1.91370e-01;4.63406e-01
nav-lives;me-freeForm;5;[8];53;5300;5300;2.66768e+03;30;2;1;1.00000e+00;1.00000e+00;1.00000e+00;66;3.01135e-01;1.91370e-01;4.63406e-01
nav-lives;me-freeForm;5;[8];54;5400;5400;2.70630e+03;30;2;1;1.00000e+00;1.00000e+00;1.00000e+00;66;3.01135e-01;1.91370e-01;4.63406e-01
nav-lives;me-freeForm;5;[8];55;5500;5500;2.74516e+03;31;2;1;1.00000e+00;1.00000e+00;1.00000e+00;66;3.01135e-01;1.91370e-01;4.63406e-01
nav-lives;me-freeForm;5;[8];56;5600;5600;2.78419e+03;31;2;1;1.00000e+00;1.00000e+00;1.00000e+00;66;3.01135e-01;1.91370e-01;4.63406e-01
nav-lives;me-freeForm;5;[8];57;5700;5700;2.82275e+03;31;2;1;1.00000e+00;1.00000e+00;1.00000e+00;66;3.01135e-01;1.91370e-01;4.63406e-01
nav-lives;me-freeForm;5;[8];58;5800;5800;2.86201e+03;31;2;1;1.00000e+00;1.00000e+00;1.00000e+00;66;3.01135e-01;1.91370e-01;4.63406e-01
nav-lives;me-freeForm;5;[8];59;5900;5900;2.90077e+03;31;2;1;1.00000e+00;1.00000e+00;1.00000e+00;66;3.01135e-01;1.91370e-01;4.63406e-01
nav-lives;me-freeForm;5;[8];60;6000;6000;2.93961e+03;31;2;1;1.00000e+00;1.00000e+00;1.00000e+00;66;3.01135e-01;1.91370e-01;4.63406e-01
nav-lives;me-freeForm;5;[8];61;6100;6100;2.97873e+03;31;2;1;1.00000e+00;1.00000e+00;1.00000e+00;66;3.01135e-01;1.91370e-01;4.63406e-01
nav-lives;me-freeForm;5;[8];62;6200;6200;3.01806e+03;31;2;1;1.00000e+00;1.00000e+00;1.00000e+00;66;3.01135e-01;1.91370e-01;4.63406e-01
nav-lives;me-freeForm;5;[8];63;6300;6300;3.05682e+03;31;2;1;1.00000e+00;1.00000e+00;1.00000e+00;66;3.01135e-01;1.91370e-01;4.63406e-01
nav-lives;me-freeForm;5;[8];64;6400;6400;3.09602e+03;31;2;1;1.00000e+00;1.00000e+00;1.00000e+00;66;3.01135e-01;1.91370e-01;4.63406e-01
nav-lives;me-freeForm;5;[8];65;6500;6500;3.13479e+03;32;2;1;1.00000e+00;1.00000e+00;1.00000e+00;66;3.01135e-01;1.91370e-01;4.63406e-01
nav-lives;me-freeForm;5;[8];66;6600;6600;3.17344e+03;32;2;1;1.00000e+00;1.00000e+00;1.00000e+00;66;3.01135e-01;1.91370e-01;4.63406e-01
nav-lives;me-freeForm;5;[8];67;6700;6700;3.21208e+03;32;2;1;1.00000e+00;1.00000e+00;1.00000e+00;66;3.01135e-01;1.91370e-01;4.63406e-01
nav-lives;me-freeForm;5;[8];68;6800;6800;3.25147e+03;32;2;1;1.00000e+00;1.00000e+00;1.00000e+00;66;3.01135e-01;1.91370e-01;4.63406e-01
nav-lives;me-freeForm;5;[8];69;6900;6900;3.29052e+03;32;2;1;1.00000e+00;1.00000e+00;1.00000e+00;66;3.01135e-01;1.91370e-01;4.63406e-01
nav-lives;me-freeForm;5;[8];70;7000;7000;3.33050e+03;32;2;1;1.00000e+00;1.00000e+00;1.00000e+00;66;3.01135e-01;1.91370e-01;4.63406e-01
nav-lives;me-freeForm;5;[8];71;7100;7100;3.37001e+03;32;2;1;1.00000e+00;1.00000e+00;1.00000e+00;66;3.01135e-01;1.91370e-01;4.63406e-01
nav-lives;me-freeForm;5;[8];72;7200;7200;3.40938e+03;32;2;1;1.00000e+00;1.00000e+00;1.00000e+00;66;3.01135e-01;1.91370e-01;4.63406e-01
nav-lives;me-freeForm;5;[8];73;7300;7300;3.44899e+03;32;2;1;1.00000e+00;1.00000e+00;1.00000e+00;66;3.01135e-01;1.91370e-01;4.63406e-01
nav-lives;me-freeForm;5;[8];74;7400;7400;3.48838e+03;32;2;1;1.00000e+00;1.00000e+00;1.00000e+00;66;3.01135e-01;1.91370e-01;4.63406e-01
nav-lives;me-freeForm;5;[8];75;7500;7500;3.52749e+03;32;2;1;1.00000e+00;1.00000e+00;1.00000e+00;66;3.01135e-01;1.91370e-01;4.63406e-01
nav-lives;me-freeForm;5;[8];76;7600;7600;3.56685e+03;32;2;1;1.00000e+00;1.00000e+00;1.00000e+00;66;3.01135e-01;1.91370e-01;4.63406e-01
nav-lives;me-freeForm;5;[8];77;7700;7700;3.60638e+03;32;2;1;1.00000e+00;1.00000e+00;1.00000e+00;66;3.01135e-01;1.91370e-01;4.63406e-01
nav-lives;me-freeForm;5;[8];78;7800;7800;3.64597e+03;32;2;1;1.00000e+00;1.00000e+00;1.00000e+00;66;3.01135e-01;1.91370e-01;4.63406e-01
nav-lives;me-freeForm;5;[8];79;7900;7900;3.68554e+03;32;2;1;1.00000e+00;1.00000e+00;1.00000e+00;66;3.01135e-01;1.91370e-01;4.63406e-01
nav-lives;me-freeForm;5;[8];80;8000;8000;3.72503e+03;32;2;1;1.00000e+00;1.00000e+00;1.00000e+00;66;3.01135e-01;1.91370e-01;4.63406e-01
nav-lives;me-freeForm;5;[8];81;8100;8100;3.76454e+03;32;2;1;1.00000e+00;1.00000e+00;1.00000e+00;66;3.01135e-01;1.91370e-01;4.63406e-01
nav-lives;me-freeForm;5;[8];82;8200;8200;3.80409e+03;32;2;1;1.00000e+00;1.00000e+00;1.00000e+00;66;3.01135e-01;1.91370e-01;4.63406e-01
nav-lives;me-freeForm;5;[8];83;8300;8300;3.84447e+03;32;2;1;1.00000e+00;1.00000e+00;1.00000e+00;66;3.01135e-01;1.91370e-01;4.63406e-01
nav-lives;me-freeForm;5;[8];84;8400;8400;3.88361e+03;32;1;1;1.00000e+00;1.00000e+00;1.00000e+00;76;3.30746e-01;3.35528e-01;4.72781e-01
nav-lives;me-freeForm;5;[8];85;8500;8500;3.92301e+03;32;1;1;1.00000e+00;1.00000e+00;1.00000e+00;76;3.30746e-01;3.35528e-01;4.72781e-01
nav-lives;me-freeForm;5;[8];86;8600;8600;3.96240e+03;32;1;1;1.00000e+00;1.00000e+00;1.00000e+00;76;3.30746e-01;3.35528e-01;4.72781e-01
nav-lives;me-freeForm;5;[8];87;8700;8700;4.00182e+03;32;1;1;1.00000e+00;1.00000e+00;1.00000e+00;76;3.30746e-01;3.35528e-01;4.72781e-01
nav-lives;me-freeForm;5;[8];88;8800;8800;4.04148e+03;32;1;1;1.00000e+00;1.00000e+00;1.00000e+00;76;3.30746e-01;3.35528e-01;4.72781e-01
nav-lives;me-freeForm;5;[8];89;8900;8900;4.08118e+03;32;1;1;1.00000e+00;1.00000e+00;1.00000e+00;76;3.30746e-01;3.35528e-01;4.72781e-01
nav-lives;me-freeForm;5;[8];90;9000;9000;4.12089e+03;32;1;1;1.00000e+00;1.00000e+00;1.00000e+00;76;3.30746e-01;3.35528e-01;4.72781e-01
nav-lives;me-freeForm;5;[8];91;9100;9100;4.16073e+03;32;1;1;1.00000e+00;1.00000e+00;1.00000e+00;76;3.30746e-01;3.35528e-01;4.72781e-01
nav-lives;me-freeForm;5;[8];92;9200;9200;4.20031e+03;32;1;1;1.00000e+00;1.00000e+00;1.00000e+00;76;3.30746e-01;3.35528e-01;4.72781e-01
nav-lives;me-freeForm;5;[8];93;9300;9300;4.23990e+03;32;1;1;1.00000e+00;1.00000e+00;1.00000e+00;76;3.30746e-01;3.35528e-01;4.72781e-01
nav-lives;me-freeForm;5;[8];94;9400;9400;4.28029e+03;32;1;1;1.00000e+00;1.00000e+00;1.00000e+00;76;3.30746e-01;3.35528e-01;4.72781e-01
nav-lives;me-freeForm;5;[8];95;9500;9500;4.32034e+03;32;1;1;1.00000e+00;1.00000e+00;1.00000e+00;76;3.30746e-01;3.35528e-01;4.72781e-01
nav-lives;me-freeForm;5;[8];96;9600;9600;4.35998e+03;32;1;1;1.00000e+00;1.00000e+00;1.00000e+00;76;3.30746e-01;3.35528e-01;4.72781e-01
nav-lives;me-freeForm;5;[8];97;9700;9700;4.39977e+03;32;1;1;1.00000e+00;1.00000e+00;1.00000e+00;76;3.30746e-01;3.35528e-01;4.72781e-01
nav-lives;me-freeForm;5;[8];98;9800;9800;4.43944e+03;32;1;1;1.00000e+00;1.00000e+00;1.00000e+00;76;3.30746e-01;3.35528e-01;4.72781e-01
nav-lives;me-freeForm;5;[8];99;9900;9900;4.47939e+03;32;1;1;1.00000e+00;1.00000e+00;1.00000e+00;76;3.30746e-01;3.35528e-01;4.72781e-01
nav-lives;me-freeForm;5;[8];100;10000;10000;4.51882e+03;32;1;1;1.00000e+00;1.00000e+00;1.00000e+00;76;3.30746e-01;3.35528e-01;4.72781e-01
nav-lives;me-freeForm;5;[8];101;10100;10100;4.55880e+03;32;1;1;1.00000e+00;1.00000e+00;1.00000e+00;76;3.30746e-01;3.35528e-01;4.72781e-01
nav-lives;me-freeForm;5;[8];102;10200;10200;4.59864e+03;32;1;1;1.00000e+00;1.00000e+00;1.00000e+00;76;3.30746e-01;3.35528e-01;4.72781e-01
nav-lives;me-freeForm;5;[8];103;10300;10300;4.63856e+03;32;1;1;1.00000e+00;1.00000e+00;1.00000e+00;76;3.30746e-01;3.35528e-01;4.72781e-01
nav-lives;me-freeForm;5;[8];104;10400;10400;4.67853e+03;32;1;1;1.00000e+00;1.00000e+00;1.00000e+00;76;3.30746e-01;3.35528e-01;4.72781e-01
nav-lives;me-freeForm;5;[8];105;10500;10500;4.71825e+03;32;1;1;1.00000e+00;1.00000e+00;1.00000e+00;76;3.30746e-01;3.35528e-01;4.72781e-01
nav-lives;me-freeForm;5;[8];106;10600;10600;4.75828e+03;32;1;1;1.00000e+00;1.00000e+00;1.00000e+00;76;3.30746e-01;3.35528e-01;4.72781e-01
nav-lives;me-freeForm;5;[8];107;10700;10700;4.79797e+03;32;1;1;1.00000e+00;1.00000e+00;1.00000e+00;76;3.30746e-01;3.35528e-01;4.72781e-01
nav-lives;me-freeForm;5;[8];108;10800;10800;4.83801e+03;32;1;1;1.00000e+00;1.00000e+00;1.00000e+00;76;3.30746e-01;3.35528e-01;4.72781e-01
nav-lives;me-freeForm;5;[8];109;10900;10900;4.87773e+03;32;1;1;1.00000e+00;1.00000e+00;1.00000e+00;76;3.30746e-01;3.35528e-01;4.72781e-01
nav-lives;me-freeForm;5;[8];110;11000;11000;4.91817e+03;32;1;1;1.00000e+00;1.00000e+00;1.00000e+00;76;3.30746e-01;3.35528e-01;4.72781e-01
nav-lives;me-freeForm;5;[8];111;11100;11100;4.95821e+03;32;1;1;1.00000e+00;1.00000e+00;1.00000e+00;76;3.30746e-01;3.35528e-01;4.72781e-01
nav-lives;me-freeForm;5;[8];112;11200;11200;4.99836e+03;32;1;1;1.00000e+00;1.00000e+00;1.00000e+00;76;3.30746e-01;3.35528e-01;4.72781e-01
nav-lives;me-freeForm;5;[8];113;11300;11300;5.03857e+03;32;1;1;1.00000e+00;1.00000e+00;1.00000e+00;76;3.30746e-01;3.35528e-01;4.72781e-01
nav-lives;me-freeForm;5;[8];114;11400;11400;5.07867e+03;32;1;1;1.00000e+00;1.00000e+00;1.00000e+00;76;3.30746e-01;3.35528e-01;4.72781e-01
nav-lives;me-freeForm;5;[8];115;11500;11500;5.11888e+03;32;1;1;1.00000e+00;1.00000e+00;1.00000e+00;76;3.30746e-01;3.35528e-01;4.72781e-01
nav-lives;me-freeForm;5;[8];116;11600;11600;5.15909e+03;32;1;1;1.00000e+00;1.00000e+00;1.00000e+00;76;3.30746e-01;3.35528e-01;4.72781e-01
nav-lives;me-freeForm;5;[8];117;11700;11700;5.19918e+03;32;1;1;1.00000e+00;1.00000e+00;1.00000e+00;76;3.30746e-01;3.35528e-01;4.72781e-01
nav-lives;me-freeForm;5;[8];118;11800;11800;5.23940e+03;32;1;1;1.00000e+00;1.00000e+00;1.00000e+00;76;3.30746e-01;3.35528e-01;4.72781e-01
nav-lives;me-freeForm;5;[8];119;11900;11900;5.27968e+03;32;1;1;1.00000e+00;1.00000e+00;1.00000e+00;76;3.30746e-01;3.35528e-01;4.72781e-01
nav-lives;me-freeForm;5;[8];120;12000;12000;5.31962e+03;32;1;1;1.00000e+00;1.00000e+00;1.00000e+00;76;3.30746e-01;3.35528e-01;4.72781e-01
nav-lives;me-freeForm;5;[8];121;12100;12100;5.35938e+03;32;1;1;1.00000e+00;1.00000e+00;1.00000e+00;76;3.30746e-01;3.35528e-01;4.72781e-01
nav-lives;me-freeForm;5;[8];122;12200;12200;5.39935e+03;32;1;1;1.00000e+00;1.00000e+00;1.00000e+00;76;3.30746e-01;3.35528e-01;4.72781e-01
nav-lives;me-freeForm;5;[8];123;12300;12300;5.44006e+03;32;1;1;1.00000e+00;1.00000e+00;1.00000e+00;76;3.30746e-01;3.35528e-01;4.72781e-01
nav-lives;me-freeForm;5;[8];124;12400;12400;5.48058e+03;32;1;1;1.00000e+00;1.00000e+00;1.00000e+00;76;3.30746e-01;3.35528e-01;4.72781e-01
nav-lives;me-freeForm;5;[8];125;12500;12500;5.52055e+03;32;1;1;1.00000e+00;1.00000e+00;1.00000e+00;76;3.30746e-01;3.35528e-01;4.72781e-01
nav-lives;me-freeForm;5;[8];126;12600;12600;5.56094e+03;32;1;1;1.00000e+00;1.00000e+00;1.00000e+00;76;3.30746e-01;3.35528e-01;4.72781e-01
nav-lives;me-freeForm;5;[8];127;12700;12700;5.60116e+03;32;1;1;1.00000e+00;1.00000e+00;1.00000e+00;76;3.30746e-01;3.35528e-01;4.72781e-01
nav-lives;me-freeForm;5;[8];128;12800;12800;5.64111e+03;32;1;1;1.00000e+00;1.00000e+00;1.00000e+00;76;3.30746e-01;3.35528e-01;4.72781e-01
nav-lives;me-freeForm;5;[8];129;12900;12900;5.68120e+03;32;1;1;1.00000e+00;1.00000e+00;1.00000e+00;76;3.30746e-01;3.35528e-01;4.72781e-01
nav-lives;me-freeForm;5;[8];130;13000;13000;5.72141e+03;32;1;1;1.00000e+00;1.00000e+00;1.00000e+00;76;3.30746e-01;3.35528e-01;4.72781e-01
nav-lives;me-freeForm;5;[8];131;13100;13100;5.76129e+03;32;1;1;1.00000e+00;1.00000e+00;1.00000e+00;76;3.30746e-01;3.35528e-01;4.72781e-01
nav-lives;me-freeForm;5;[8];132;13200;13200;5.80148e+03;32;1;1;1.00000e+00;1.00000e+00;1.00000e+00;76;3.30746e-01;3.35528e-01;4.72781e-01
nav-lives;me-freeForm;5;[8];133;13300;13300;5.84155e+03;32;1;1;1.00000e+00;1.00000e+00;1.00000e+00;76;3.30746e-01;3.35528e-01;4.72781e-01
nav-lives;me-freeForm;5;[8];134;13400;13400;5.88181e+03;32;1;1;1.00000e+00;1.00000e+00;1.00000e+00;76;3.30746e-01;3.35528e-01;4.72781e-01
nav-lives;me-freeForm;5;[8];135;13500;13500;5.92206e+03;32;1;1;1.00000e+00;1.00000e+00;1.00000e+00;76;3.30746e-01;3.35528e-01;4.72781e-01
nav-lives;me-freeForm;5;[8];136;13600;13600;5.96241e+03;32;1;1;1.00000e+00;1.00000e+00;1.00000e+00;76;3.30746e-01;3.35528e-01;4.72781e-01
nav-lives;me-freeForm;5;[8];137;13700;13700;6.00234e+03;32;1;1;1.00000e+00;1.00000e+00;1.00000e+00;76;3.30746e-01;3.35528e-01;4.72781e-01
nav-lives;me-freeForm;5;[8];138;13800;13800;6.04252e+03;32;1;1;1.00000e+00;1.00000e+00;1.00000e+00;76;3.30746e-01;3.35528e-01;4.72781e-01
nav-lives;me-freeForm;5;[8];139;13900;13900;6.08276e+03;32;1;1;1.00000e+00;1.00000e+00;1.00000e+00;76;3.30746e-01;3.35528e-01;4.72781e-01
nav-lives;me-freeForm;5;[8];140;14000;14000;6.12278e+03;32;1;1;1.00000e+00;1.00000e+00;1.00000e+00;76;3.30746e-01;3.35528e-01;4.72781e-01
nav-lives;me-freeForm;5;[8];141;14100;14100;6.16275e+03;32;1;1;1.00000e+00;1.00000e+00;1.00000e+00;76;3.30746e-01;3.35528e-01;4.72781e-01
nav-lives;me-freeForm;5;[8];142;14200;14200;6.20281e+03;32;1;1;1.00000e+00;1.00000e+00;1.00000e+00;76;3.30746e-01;3.35528e-01;4.72781e-01
nav-lives;me-freeForm;5;[8];143;14300;14300;6.24291e+03;32;1;1;1.00000e+00;1.00000e+00;1.00000e+00;76;3.30746e-01;3.35528e-01;4.72781e-01
nav-lives;me-freeForm;5;[8];144;14400;14400;6.28296e+03;32;1;1;1.00000e+00;1.00000e+00;1.00000e+00;76;3.30746e-01;3.35528e-01;4.72781e-01
nav-lives;me-freeForm;5;[8];145;14500;14500;6.32331e+03;32;1;1;1.00000e+00;1.00000e+00;1.00000e+00;76;3.30746e-01;3.35528e-01;4.72781e-01
nav-lives;me-freeForm;5;[8];146;14600;14600;6.36326e+03;32;1;1;1.00000e+00;1.00000e+00;1.00000e+00;76;3.30746e-01;3.35528e-01;4.72781e-01
nav-lives;me-freeForm;5;[8];147;14700;14700;6.40350e+03;32;1;1;1.00000e+00;1.00000e+00;1.00000e+00;76;3.30746e-01;3.35528e-01;4.72781e-01
nav-lives;me-freeForm;5;[8];148;14800;14800;6.44383e+03;32;1;1;1.00000e+00;1.00000e+00;1.00000e+00;76;3.30746e-01;3.35528e-01;4.72781e-01
nav-lives;me-freeForm;5;[8];149;14900;14900;6.48437e+03;32;1;1;1.00000e+00;1.00000e+00;1.00000e+00;76;3.30746e-01;3.35528e-01;4.72781e-01
nav-lives;me-freeForm;5;[8];150;15000;15000;6.52448e+03;32;1;1;1.00000e+00;1.00000e+00;1.00000e+00;76;3.30746e-01;3.35528e-01;4.72781e-01
nav-lives;me-freeForm;5;[8];151;15100;15100;6.56468e+03;32;1;1;1.00000e+00;1.00000e+00;1.00000e+00;76;3.30746e-01;3.35528e-01;4.72781e-01
nav-lives;me-freeForm;5;[8];152;15200;15200;6.60539e+03;32;1;1;1.00000e+00;1.00000e+00;1.00000e+00;76;3.30746e-01;3.35528e-01;4.72781e-01
nav-lives;me-freeForm;5;[8];153;15300;15300;6.64576e+03;32;1;1;1.00000e+00;1.00000e+00;1.00000e+00;76;3.30746e-01;3.35528e-01;4.72781e-01
nav-lives;me-freeForm;5;[8];154;15400;15400;6.68578e+03;32;1;1;1.00000e+00;1.00000e+00;1.00000e+00;76;3.30746e-01;3.35528e-01;4.72781e-01
nav-lives;me-freeForm;5;[8];155;15500;15500;6.72650e+03;32;1;1;1.00000e+00;1.00000e+00;1.00000e+00;76;3.30746e-01;3.35528e-01;4.72781e-01
nav-lives;me-freeForm;5;[8];156;15600;15600;6.76670e+03;32;1;1;1.00000e+00;1.00000e+00;1.00000e+00;76;3.30746e-01;3.35528e-01;4.72781e-01
nav-lives;me-freeForm;5;[8];157;15700;15700;6.80666e+03;32;1;1;1.00000e+00;1.00000e+00;1.00000e+00;76;3.30746e-01;3.35528e-01;4.72781e-01
nav-lives;me-freeForm;5;[8];158;15800;15800;6.84720e+03;32;1;1;1.00000e+00;1.00000e+00;1.00000e+00;76;3.30746e-01;3.35528e-01;4.72781e-01
nav-lives;me-freeForm;5;[8];159;15900;15900;6.88764e+03;32;1;1;1.00000e+00;1.00000e+00;1.00000e+00;76;3.30746e-01;3.35528e-01;4.72781e-01
nav-lives;me-freeForm;5;[8];160;16000;16000;6.92788e+03;32;1;1;1.00000e+00;1.00000e+00;1.00000e+00;76;3.30746e-01;3.35528e-01;4.72781e-01
nav-lives;me-freeForm;5;[8];161;16100;16100;6.96851e+03;32;1;1;1.00000e+00;1.00000e+00;1.00000e+00;76;3.30746e-01;3.35528e-01;4.72781e-01
nav-lives;me-freeForm;5;[8];162;16200;16200;7.00875e+03;32;1;1;1.00000e+00;1.00000e+00;1.00000e+00;76;3.30746e-01;3.35528e-01;4.72781e-01
nav-lives;me-freeForm;5;[8];163;16300;16300;7.04916e+03;32;1;1;1.00000e+00;1.00000e+00;1.00000e+00;76;3.30746e-01;3.35528e-01;4.72781e-01
nav-lives;me-freeForm;5;[8];164;16400;16400;7.08950e+03;32;1;1;1.00000e+00;1.00000e+00;1.00000e+00;76;3.30746e-01;3.35528e-01;4.72781e-01
nav-lives;me-freeForm;5;[8];165;16500;16500;7.12982e+03;32;1;1;1.00000e+00;1.00000e+00;1.00000e+00;76;3.30746e-01;3.35528e-01;4.72781e-01
nav-lives;me-freeForm;5;[8];166;16600;16600;7.17060e+03;32;1;1;1.00000e+00;1.00000e+00;1.00000e+00;76;3.30746e-01;3.35528e-01;4.72781e-01
nav-lives;me-freeForm;5;[8];167;16700;16700;7.21099e+03;32;1;1;1.00000e+00;1.00000e+00;1.00000e+00;76;3.30746e-01;3.35528e-01;4.72781e-01
nav-lives;me-freeForm;5;[8];168;16800;16800;7.25143e+03;32;1;1;1.00000e+00;1.00000e+00;1.00000e+00;76;3.30746e-01;3.35528e-01;4.72781e-01
nav-lives;me-freeForm;5;[8];169;16900;16900;7.29139e+03;32;1;1;1.00000e+00;1.00000e+00;1.00000e+00;76;3.30746e-01;3.35528e-01;4.72781e-01
nav-lives;me-freeForm;5;[8];170;17000;17000;7.33151e+03;32;1;1;1.00000e+00;1.00000e+00;1.00000e+00;76;3.30746e-01;3.35528e-01;4.72781e-01
nav-lives;me-freeForm;5;[8];171;17100;17100;7.37221e+03;32;1;1;1.00000e+00;1.00000e+00;1.00000e+00;76;3.30746e-01;3.35528e-01;4.72781e-01
nav-lives;me-freeForm;5;[8];172;17200;17200;7.41196e+03;32;1;1;1.00000e+00;1.00000e+00;1.00000e+00;76;3.30746e-01;3.35528e-01;4.72781e-01
nav-lives;me-freeForm;5;[8];173;17300;17300;7.45213e+03;32;1;1;1.00000e+00;1.00000e+00;1.00000e+00;76;3.30746e-01;3.35528e-01;4.72781e-01
nav-lives;me-freeForm;5;[8];174;17400;17400;7.49205e+03;32;1;1;1.00000e+00;1.00000e+00;1.00000e+00;76;3.30746e-01;3.35528e-01;4.72781e-01
nav-lives;me-freeForm;5;[8];175;17500;17500;7.53281e+03;32;1;1;1.00000e+00;1.00000e+00;1.00000e+00;76;3.30746e-01;3.35528e-01;4.72781e-01
nav-lives;me-freeForm;5;[8];176;17600;17600;7.57342e+03;32;1;1;1.00000e+00;1.00000e+00;1.00000e+00;76;3.30746e-01;3.35528e-01;4.72781e-01
nav-lives;me-freeForm;5;[8];177;17700;17700;7.61348e+03;32;1;1;1.00000e+00;1.00000e+00;1.00000e+00;76;3.30746e-01;3.35528e-01;4.72781e-01
nav-lives;me-freeForm;5;[8];178;17800;17800;7.65341e+03;32;1;1;1.00000e+00;1.00000e+00;1.00000e+00;76;3.30746e-01;3.35528e-01;4.72781e-01
nav-lives;me-freeForm;5;[8];179;17900;17900;7.69417e+03;32;1;1;1.00000e+00;1.00000e+00;1.00000e+00;76;3.30746e-01;3.35528e-01;4.72781e-01
nav-lives;me-freeForm;5;[8];180;18000;18000;7.73417e+03;32;1;1;1.00000e+00;1.00000e+00;1.00000e+00;76;3.30746e-01;3.35528e-01;4.72781e-01
nav-lives;me-freeForm;5;[8];181;18100;18100;7.77399e+03;32;1;1;1.00000e+00;1.00000e+00;1.00000e+00;76;3.30746e-01;3.35528e-01;4.72781e-01
nav-lives;me-freeForm;5;[8];182;18200;18200;7.81417e+03;32;1;1;1.00000e+00;1.00000e+00;1.00000e+00;76;3.30746e-01;3.35528e-01;4.72781e-01
nav-lives;me-freeForm;5;[8];183;18300;18300;7.85434e+03;32;1;1;1.00000e+00;1.00000e+00;1.00000e+00;76;3.30746e-01;3.35528e-01;4.72781e-01
nav-lives;me-freeForm;5;[8];184;18400;18400;7.89452e+03;32;1;1;1.00000e+00;1.00000e+00;1.00000e+00;76;3.30746e-01;3.35528e-01;4.72781e-01
nav-lives;me-freeForm;5;[8];185;18500;18500;7.93499e+03;32;1;1;1.00000e+00;1.00000e+00;1.00000e+00;76;3.30746e-01;3.35528e-01;4.72781e-01
nav-lives;me-freeForm;5;[8];186;18600;18600;7.97532e+03;32;1;1;1.00000e+00;1.00000e+00;1.00000e+00;76;3.30746e-01;3.35528e-01;4.72781e-01
nav-lives;me-freeForm;5;[8];187;18700;18700;8.01513e+03;32;1;1;1.00000e+00;1.00000e+00;1.00000e+00;76;3.30746e-01;3.35528e-01;4.72781e-01
nav-lives;me-freeForm;5;[8];188;18800;18800;8.05581e+03;32;1;1;1.00000e+00;1.00000e+00;1.00000e+00;76;3.30746e-01;3.35528e-01;4.72781e-01
nav-lives;me-freeForm;5;[8];189;18900;18900;8.09604e+03;32;1;1;1.00000e+00;1.00000e+00;1.00000e+00;76;3.30746e-01;3.35528e-01;4.72781e-01
nav-lives;me-freeForm;5;[8];190;19000;19000;8.13649e+03;32;1;1;1.00000e+00;1.00000e+00;1.00000e+00;76;3.30746e-01;3.35528e-01;4.72781e-01
nav-lives;me-freeForm;5;[8];191;19100;19100;8.17678e+03;32;1;1;1.00000e+00;1.00000e+00;1.00000e+00;76;3.30746e-01;3.35528e-01;4.72781e-01
nav-lives;me-freeForm;5;[8];192;19200;19200;8.21719e+03;32;1;1;1.00000e+00;1.00000e+00;1.00000e+00;76;3.30746e-01;3.35528e-01;4.72781e-01
nav-lives;me-freeForm;5;[8];193;19300;19300;8.25790e+03;32;1;1;1.00000e+00;1.00000e+00;1.00000e+00;76;3.30746e-01;3.35528e-01;4.72781e-01
nav-lives;me-freeForm;5;[8];194;19400;19400;8.29809e+03;32;1;1;1.00000e+00;1.00000e+00;1.00000e+00;76;3.30746e-01;3.35528e-01;4.72781e-01
nav-lives;me-freeForm;5;[8];195;19500;19500;8.33821e+03;32;1;1;1.00000e+00;1.00000e+00;1.00000e+00;76;3.30746e-01;3.35528e-01;4.72781e-01
nav-lives;me-freeForm;5;[8];196;19600;19600;8.37803e+03;32;1;1;1.00000e+00;1.00000e+00;1.00000e+00;76;3.30746e-01;3.35528e-01;4.72781e-01
nav-lives;me-freeForm;5;[8];197;19700;19700;8.41818e+03;32;1;1;1.00000e+00;1.00000e+00;1.00000e+00;76;3.30746e-01;3.35528e-01;4.72781e-01
nav-lives;me-freeForm;5;[8];198;19800;19800;8.45845e+03;32;1;1;1.00000e+00;1.00000e+00;1.00000e+00;76;3.30746e-01;3.35528e-01;4.72781e-01
nav-lives;me-freeForm;5;[8];199;19900;19900;8.49835e+03;32;1;1;1.00000e+00;1.00000e+00;1.00000e+00;76;3.30746e-01;3.35528e-01;4.72781e-01
nav-lives;me-freeForm;5;[8];200;20000;20000;8.53844e+03;32;1;1;1.00000e+00;1.00000e+00;1.00000e+00;76;3.30746e-01;3.35528e-01;4.72781e-01
nav-lives;me-freeForm;5;[8];201;20100;20100;8.57867e+03;32;1;1;1.00000e+00;1.00000e+00;1.00000e+00;76;3.30746e-01;3.35528e-01;4.72781e-01
nav-lives;me-freeForm;5;[8];202;20200;20200;8.61889e+03;32;1;1;1.00000e+00;1.00000e+00;1.00000e+00;76;3.30746e-01;3.35528e-01;4.72781e-01
nav-lives;me-freeForm;5;[8];203;20300;20300;8.66006e+03;32;1;1;1.00000e+00;1.00000e+00;1.00000e+00;76;3.30746e-01;3.35528e-01;4.72781e-01
nav-lives;me-freeForm;5;[8];204;20400;20400;8.70052e+03;32;1;1;1.00000e+00;1.00000e+00;1.00000e+00;76;3.30746e-01;3.35528e-01;4.72781e-01
nav-lives;me-freeForm;5;[8];205;20500;20500;8.74078e+03;32;1;1;1.00000e+00;1.00000e+00;1.00000e+00;76;3.30746e-01;3.35528e-01;4.72781e-01
nav-lives;me-freeForm;5;[8];206;20600;20600;8.78099e+03;32;1;1;1.00000e+00;1.00000e+00;1.00000e+00;76;3.30746e-01;3.35528e-01;4.72781e-01
nav-lives;me-freeForm;5;[8];207;20700;20700;8.82208e+03;32;1;1;1.00000e+00;1.00000e+00;1.00000e+00;76;3.30746e-01;3.35528e-01;4.72781e-01
nav-lives;me-freeForm;5;[8];208;20800;20800;8.86234e+03;32;1;1;1.00000e+00;1.00000e+00;1.00000e+00;76;3.30746e-01;3.35528e-01;4.72781e-01
nav-lives;me-freeForm;5;[8];209;20900;20900;8.90272e+03;32;1;1;1.00000e+00;1.00000e+00;1.00000e+00;76;3.30746e-01;3.35528e-01;4.72781e-01
nav-lives;me-freeForm;5;[8];210;21000;21000;8.94325e+03;32;1;1;1.00000e+00;1.00000e+00;1.00000e+00;76;3.30746e-01;3.35528e-01;4.72781e-01
nav-lives;me-freeForm;5;[8];211;21100;21100;8.98471e+03;32;1;1;1.00000e+00;1.00000e+00;1.00000e+00;76;3.30746e-01;3.35528e-01;4.72781e-01
nav-lives;me-freeForm;5;[8];212;21200;21200;9.02494e+03;32;1;1;1.00000e+00;1.00000e+00;1.00000e+00;76;3.30746e-01;3.35528e-01;4.72781e-01
nav-lives;me-freeForm;5;[8];213;21300;21300;9.06503e+03;32;1;1;1.00000e+00;1.00000e+00;1.00000e+00;76;3.30746e-01;3.35528e-01;4.72781e-01
nav-lives;me-freeForm;5;[8];214;21400;21400;9.10537e+03;32;1;1;1.00000e+00;1.00000e+00;1.00000e+00;76;3.30746e-01;3.35528e-01;4.72781e-01
nav-lives;me-freeForm;5;[8];215;21500;21500;9.14559e+03;32;1;1;1.00000e+00;1.00000e+00;1.00000e+00;76;3.30746e-01;3.35528e-01;4.72781e-01
nav-lives;me-freeForm;5;[8];216;21600;21600;9.18626e+03;32;1;1;1.00000e+00;1.00000e+00;1.00000e+00;76;3.30746e-01;3.35528e-01;4.72781e-01
nav-lives;me-freeForm;5;[8];217;21700;21700;9.22649e+03;33;1;1;1.00000e+00;1.00000e+00;1.00000e+00;76;3.30746e-01;3.35528e-01;4.72781e-01
nav-lives;me-freeForm;5;[8];218;21800;21800;9.26691e+03;33;1;1;1.00000e+00;1.00000e+00;1.00000e+00;76;3.30746e-01;3.35528e-01;4.72781e-01
nav-lives;me-freeForm;5;[8];219;21900;21900;9.30788e+03;33;1;1;1.00000e+00;1.00000e+00;1.00000e+00;76;3.30746e-01;3.35528e-01;4.72781e-01
nav-lives;me-freeForm;5;[8];220;22000;22000;9.34825e+03;33;1;1;1.00000e+00;1.00000e+00;1.00000e+00;76;3.30746e-01;3.35528e-01;4.72781e-01
nav-lives;me-freeForm;5;[8];221;22100;22100;9.38879e+03;33;1;1;1.00000e+00;1.00000e+00;1.00000e+00;76;3.30746e-01;3.35528e-01;4.72781e-01
nav-lives;me-freeForm;5;[8];222;22200;22200;9.42971e+03;33;1;1;1.00000e+00;1.00000e+00;1.00000e+00;76;3.30746e-01;3.35528e-01;4.72781e-01
nav-lives;me-freeForm;5;[8];223;22300;22300;9.47123e+03;33;1;1;1.00000e+00;1.00000e+00;1.00000e+00;76;3.30746e-01;3.35528e-01;4.72781e-01
nav-lives;me-freeForm;5;[8];224;22400;22400;9.51196e+03;33;1;1;1.00000e+00;1.00000e+00;1.00000e+00;76;3.30746e-01;3.35528e-01;4.72781e-01
nav-lives;me-freeForm;5;[8];225;22500;22500;9.55306e+03;33;1;1;1.00000e+00;1.00000e+00;1.00000e+00;76;3.30746e-01;3.35528e-01;4.72781e-01
nav-lives;me-freeForm;5;[8];226;22600;22600;9.59333e+03;33;1;1;1.00000e+00;1.00000e+00;1.00000e+00;76;3.30746e-01;3.35528e-01;4.72781e-01
nav-lives;me-freeForm;5;[8];227;22700;22700;9.63384e+03;33;1;1;1.00000e+00;1.00000e+00;1.00000e+00;76;3.30746e-01;3.35528e-01;4.72781e-01
nav-lives;me-freeForm;5;[8];228;22800;22800;9.67457e+03;33;1;1;1.00000e+00;1.00000e+00;1.00000e+00;76;3.30746e-01;3.35528e-01;4.72781e-01
nav-lives;me-freeForm;5;[8];229;22900;22900;9.71506e+03;33;1;1;1.00000e+00;1.00000e+00;1.00000e+00;76;3.30746e-01;3.35528e-01;4.72781e-01
nav-lives;me-freeForm;5;[8];230;23000;23000;9.75562e+03;33;1;1;1.00000e+00;1.00000e+00;1.00000e+00;76;3.30746e-01;3.35528e-01;4.72781e-01
nav-lives;me-freeForm;5;[8];231;23100;23100;9.79636e+03;33;1;1;1.00000e+00;1.00000e+00;1.00000e+00;76;3.30746e-01;3.35528e-01;4.72781e-01
nav-lives;me-freeForm;5;[8];232;23200;23200;9.83712e+03;33;1;1;1.00000e+00;1.00000e+00;1.00000e+00;76;3.30746e-01;3.35528e-01;4.72781e-01
nav-lives;me-freeForm;5;[8];233;23300;23300;9.87737e+03;33;1;1;1.00000e+00;1.00000e+00;1.00000e+00;76;3.30746e-01;3.35528e-01;4.72781e-01
nav-lives;me-freeForm;5;[8];234;23400;23400;9.91768e+03;33;1;1;1.00000e+00;1.00000e+00;1.00000e+00;76;3.30746e-01;3.35528e-01;4.72781e-01
nav-lives;me-freeForm;5;[8];235;23500;23500;9.95827e+03;33;1;1;1.00000e+00;1.00000e+00;1.00000e+00;76;3.30746e-01;3.35528e-01;4.72781e-01
nav-lives;me-freeForm;5;[8];236;23600;23600;9.99893e+03;33;1;1;1.00000e+00;1.00000e+00;1.00000e+00;76;3.30746e-01;3.35528e-01;4.72781e-01
nav-lives;me-freeForm;5;[8];237;23700;23700;1.00402e+04;33;1;1;1.00000e+00;1.00000e+00;1.00000e+00;76;3.30746e-01;3.35528e-01;4.72781e-01
nav-lives;me-freeForm;5;[8];238;23800;23800;1.00810e+04;33;1;1;1.00000e+00;1.00000e+00;1.00000e+00;76;3.30746e-01;3.35528e-01;4.72781e-01
nav-lives;me-freeForm;5;[8];239;23900;23900;1.01214e+04;33;1;1;1.00000e+00;1.00000e+00;1.00000e+00;76;3.30746e-01;3.35528e-01;4.72781e-01
nav-lives;me-freeForm;5;[8];240;24000;24000;1.01618e+04;33;1;1;1.00000e+00;1.00000e+00;1.00000e+00;76;3.30746e-01;3.35528e-01;4.72781e-01
nav-lives;me-freeForm;5;[8];241;24100;24100;1.02026e+04;33;1;1;1.00000e+00;1.00000e+00;1.00000e+00;76;3.30746e-01;3.35528e-01;4.72781e-01
nav-lives;me-freeForm;5;[8];242;24200;24200;1.02432e+04;33;1;1;1.00000e+00;1.00000e+00;1.00000e+00;76;3.30746e-01;3.35528e-01;4.72781e-01
nav-lives;me-freeForm;5;[8];243;24300;24300;1.02838e+04;33;1;1;1.00000e+00;1.00000e+00;1.00000e+00;76;3.30746e-01;3.35528e-01;4.72781e-01
nav-lives;me-freeForm;5;[8];244;24400;24400;1.03246e+04;33;1;1;1.00000e+00;1.00000e+00;1.00000e+00;76;3.30746e-01;3.35528e-01;4.72781e-01
nav-lives;me-freeForm;5;[8];245;24500;24500;1.03651e+04;33;1;1;1.00000e+00;1.00000e+00;1.00000e+00;76;3.30746e-01;3.35528e-01;4.72781e-01
nav-lives;me-freeForm;5;[8];246;24600;24600;1.04058e+04;33;1;1;1.00000e+00;1.00000e+00;1.00000e+00;76;3.30746e-01;3.35528e-01;4.72781e-01
nav-lives;me-freeForm;5;[8];247;24700;24700;1.04459e+04;33;1;1;1.00000e+00;1.00000e+00;1.00000e+00;76;3.30746e-01;3.35528e-01;4.72781e-01
nav-lives;me-freeForm;5;[8];248;24800;24800;1.04867e+04;33;1;1;1.00000e+00;1.00000e+00;1.00000e+00;76;3.30746e-01;3.35528e-01;4.72781e-01
nav-lives;me-freeForm;5;[8];249;24900;24900;1.05277e+04;33;1;1;1.00000e+00;1.00000e+00;1.00000e+00;76;3.30746e-01;3.35528e-01;4.72781e-01
nav-lives;me-freeForm;5;[8];250;25000;25000;1.05682e+04;33;1;1;1.00000e+00;1.00000e+00;1.00000e+00;101;3.51027e-01;3.56928e-01;4.79244e-01
nav-lives;me-freeForm;5;[8];251;25100;25100;1.06088e+04;33;1;1;1.00000e+00;1.00000e+00;1.00000e+00;101;3.51027e-01;3.56928e-01;4.79244e-01
nav-lives;me-freeForm;5;[8];252;25200;25200;1.06495e+04;33;1;1;1.00000e+00;1.00000e+00;1.00000e+00;101;3.51027e-01;3.56928e-01;4.79244e-01
nav-lives;me-freeForm;5;[8];253;25300;25300;1.06905e+04;33;1;1;1.00000e+00;1.00000e+00;1.00000e+00;101;3.51027e-01;3.56928e-01;4.79244e-01
nav-lives;me-freeForm;5;[8];254;25400;25400;1.07311e+04;33;1;1;1.00000e+00;1.00000e+00;1.00000e+00;101;3.51027e-01;3.56928e-01;4.79244e-01
nav-lives;me-freeForm;5;[8];255;25500;25500;1.07722e+04;33;1;1;1.00000e+00;1.00000e+00;1.00000e+00;101;3.51027e-01;3.56928e-01;4.79244e-01
nav-lives;me-freeForm;5;[8];256;25600;25600;1.08133e+04;33;1;1;1.00000e+00;1.00000e+00;1.00000e+00;101;3.51027e-01;3.56928e-01;4.79244e-01
nav-lives;me-freeForm;5;[8];257;25700;25700;1.08546e+04;33;1;1;1.00000e+00;1.00000e+00;1.00000e+00;101;3.51027e-01;3.56928e-01;4.79244e-01
nav-lives;me-freeForm;5;[8];258;25800;25800;1.08954e+04;33;1;1;1.00000e+00;1.00000e+00;1.00000e+00;101;3.51027e-01;3.56928e-01;4.79244e-01
nav-lives;me-freeForm;5;[8];259;25900;25900;1.09361e+04;33;1;1;1.00000e+00;1.00000e+00;1.00000e+00;101;3.51027e-01;3.56928e-01;4.79244e-01
nav-lives;me-freeForm;5;[8];260;26000;26000;1.09770e+04;33;1;1;1.00000e+00;1.00000e+00;1.00000e+00;101;3.51027e-01;3.56928e-01;4.79244e-01
nav-lives;me-freeForm;5;[8];261;26100;26100;1.10180e+04;33;1;1;1.00000e+00;1.00000e+00;1.00000e+00;101;3.51027e-01;3.56928e-01;4.79244e-01
nav-lives;me-freeForm;5;[8];262;26200;26200;1.10595e+04;33;1;1;1.00000e+00;1.00000e+00;1.00000e+00;101;3.51027e-01;3.56928e-01;4.79244e-01
nav-lives;me-freeForm;5;[8];263;26300;26300;1.11001e+04;33;1;1;1.00000e+00;1.00000e+00;1.00000e+00;101;3.51027e-01;3.56928e-01;4.79244e-01
nav-lives;me-freeForm;5;[8];264;26400;26400;1.11407e+04;33;1;1;1.00000e+00;1.00000e+00;1.00000e+00;101;3.51027e-01;3.56928e-01;4.79244e-01
nav-lives;me-freeForm;5;[8];265;26500;26500;1.11816e+04;33;1;1;1.00000e+00;1.00000e+00;1.00000e+00;101;3.51027e-01;3.56928e-01;4.79244e-01
nav-lives;me-freeForm;5;[8];266;26600;26600;1.12221e+04;33;1;1;1.00000e+00;1.00000e+00;1.00000e+00;101;3.51027e-01;3.56928e-01;4.79244e-01
nav-lives;me-freeForm;5;[8];267;26700;26700;1.12636e+04;33;1;1;1.00000e+00;1.00000e+00;1.00000e+00;101;3.51027e-01;3.56928e-01;4.79244e-01
nav-lives;me-freeForm;5;[8];268;26800;26800;1.13044e+04;33;1;1;1.00000e+00;1.00000e+00;1.00000e+00;101;3.51027e-01;3.56928e-01;4.79244e-01
nav-lives;me-freeForm;5;[8];269;26900;26900;1.13452e+04;33;1;1;1.00000e+00;1.00000e+00;1.00000e+00;101;3.51027e-01;3.56928e-01;4.79244e-01
nav-lives;me-freeForm;5;[8];270;27000;27000;1.13859e+04;33;1;1;1.00000e+00;1.00000e+00;1.00000e+00;101;3.51027e-01;3.56928e-01;4.79244e-01
nav-lives;me-freeForm;5;[8];271;27100;27100;1.14265e+04;33;1;1;1.00000e+00;1.00000e+00;1.00000e+00;101;3.51027e-01;3.56928e-01;4.79244e-01
nav-lives;me-freeForm;5;[8];272;27200;27200;1.14671e+04;33;1;1;1.00000e+00;1.00000e+00;1.00000e+00;101;3.51027e-01;3.56928e-01;4.79244e-01
nav-lives;me-freeForm;5;[8];273;27300;27300;1.15077e+04;33;1;1;1.00000e+00;1.00000e+00;1.00000e+00;101;3.51027e-01;3.56928e-01;4.79244e-01
nav-lives;me-freeForm;5;[8];274;27400;27400;1.15486e+04;33;1;1;1.00000e+00;1.00000e+00;1.00000e+00;101;3.51027e-01;3.56928e-01;4.79244e-01
nav-lives;me-freeForm;5;[8];275;27500;27500;1.15892e+04;33;1;1;1.00000e+00;1.00000e+00;1.00000e+00;101;3.51027e-01;3.56928e-01;4.79244e-01
nav-lives;me-freeForm;5;[8];276;27600;27600;1.16301e+04;33;1;1;1.00000e+00;1.00000e+00;1.00000e+00;101;3.51027e-01;3.56928e-01;4.79244e-01
nav-lives;me-freeForm;5;[8];277;27700;27700;1.16710e+04;33;1;1;1.00000e+00;1.00000e+00;1.00000e+00;101;3.51027e-01;3.56928e-01;4.79244e-01
nav-lives;me-freeForm;5;[8];278;27800;27800;1.17117e+04;33;1;1;1.00000e+00;1.00000e+00;1.00000e+00;101;3.51027e-01;3.56928e-01;4.79244e-01
nav-lives;me-freeForm;5;[8];279;27900;27900;1.17523e+04;33;1;1;1.00000e+00;1.00000e+00;1.00000e+00;101;3.51027e-01;3.56928e-01;4.79244e-01
nav-lives;me-freeForm;5;[8];280;28000;28000;1.17928e+04;33;1;1;1.00000e+00;1.00000e+00;1.00000e+00;101;3.51027e-01;3.56928e-01;4.79244e-01
nav-lives;me-freeForm;5;[8];281;28100;28100;1.18338e+04;33;1;1;1.00000e+00;1.00000e+00;1.00000e+00;101;3.51027e-01;3.56928e-01;4.79244e-01
nav-lives;me-freeForm;5;[8];282;28200;28200;1.18747e+04;33;1;1;1.00000e+00;1.00000e+00;1.00000e+00;101;3.51027e-01;3.56928e-01;4.79244e-01
nav-lives;me-freeForm;5;[8];283;28300;28300;1.19161e+04;33;1;1;1.00000e+00;1.00000e+00;1.00000e+00;101;3.51027e-01;3.56928e-01;4.79244e-01
nav-lives;me-freeForm;5;[8];284;28400;28400;1.19568e+04;33;1;1;1.00000e+00;1.00000e+00;1.00000e+00;101;3.51027e-01;3.56928e-01;4.79244e-01
nav-lives;me-freeForm;5;[8];285;28500;28500;1.19974e+04;33;1;1;1.00000e+00;1.00000e+00;1.00000e+00;101;3.51027e-01;3.56928e-01;4.79244e-01
nav-lives;me-freeForm;5;[8];286;28600;28600;1.20381e+04;33;1;1;1.00000e+00;1.00000e+00;1.00000e+00;101;3.51027e-01;3.56928e-01;4.79244e-01
nav-lives;me-freeForm;5;[8];287;28700;28700;1.20786e+04;33;1;1;1.00000e+00;1.00000e+00;1.00000e+00;101;3.51027e-01;3.56928e-01;4.79244e-01
nav-lives;me-freeForm;5;[8];288;28800;28800;1.21192e+04;33;1;1;1.00000e+00;1.00000e+00;1.00000e+00;101;3.51027e-01;3.56928e-01;4.79244e-01
nav-lives;me-freeForm;5;[8];289;28900;28900;1.21604e+04;33;1;1;1.00000e+00;1.00000e+00;1.00000e+00;101;3.51027e-01;3.56928e-01;4.79244e-01
nav-lives;me-freeForm;5;[8];290;29000;29000;1.22009e+04;33;1;1;1.00000e+00;1.00000e+00;1.00000e+00;101;3.51027e-01;3.56928e-01;4.79244e-01
nav-lives;me-freeForm;5;[8];291;29100;29100;1.22418e+04;33;1;1;1.00000e+00;1.00000e+00;1.00000e+00;101;3.51027e-01;3.56928e-01;4.79244e-01
nav-lives;me-freeForm;5;[8];292;29200;29200;1.22824e+04;33;1;1;1.00000e+00;1.00000e+00;1.00000e+00;101;3.51027e-01;3.56928e-01;4.79244e-01
nav-lives;me-freeForm;5;[8];293;29300;29300;1.23233e+04;33;1;1;1.00000e+00;1.00000e+00;1.00000e+00;101;3.51027e-01;3.56928e-01;4.79244e-01
nav-lives;me-freeForm;5;[8];294;29400;29400;1.23638e+04;33;1;1;1.00000e+00;1.00000e+00;1.00000e+00;101;3.51027e-01;3.56928e-01;4.79244e-01
nav-lives;me-freeForm;5;[8];295;29500;29500;1.24048e+04;33;1;1;1.00000e+00;1.00000e+00;1.00000e+00;101;3.51027e-01;3.56928e-01;4.79244e-01
nav-lives;me-freeForm;5;[8];296;29600;29600;1.24459e+04;33;1;1;1.00000e+00;1.00000e+00;1.00000e+00;101;3.51027e-01;3.56928e-01;4.79244e-01
nav-lives;me-freeForm;5;[8];297;29700;29700;1.24870e+04;33;1;1;1.00000e+00;1.00000e+00;1.00000e+00;101;3.51027e-01;3.56928e-01;4.79244e-01
nav-lives;me-freeForm;5;[8];298;29800;29800;1.25276e+04;33;1;1;1.00000e+00;1.00000e+00;1.00000e+00;101;3.51027e-01;3.56928e-01;4.79244e-01
nav-lives;me-freeForm;5;[8];299;29900;29900;1.25686e+04;33;1;1;1.00000e+00;1.00000e+00;1.00000e+00;101;3.51027e-01;3.56928e-01;4.79244e-01
nav-lives;me-freeForm;5;[8];300;30000;30000;1.26093e+04;33;1;1;1.00000e+00;1.00000e+00;1.00000e+00;101;3.51027e-01;3.56928e-01;4.79244e-01
nav-lives;me-freeForm;5;[8];301;30100;30100;1.26500e+04;33;1;1;1.00000e+00;1.00000e+00;1.00000e+00;101;3.51027e-01;3.56928e-01;4.79244e-01
nav-lives;me-freeForm;5;[8];302;30200;30200;1.26908e+04;33;1;1;1.00000e+00;1.00000e+00;1.00000e+00;101;3.51027e-01;3.56928e-01;4.79244e-01
nav-lives;me-freeForm;5;[8];303;30300;30300;1.27313e+04;33;1;1;1.00000e+00;1.00000e+00;1.00000e+00;101;3.51027e-01;3.56928e-01;4.79244e-01
nav-lives;me-freeForm;5;[8];304;30400;30400;1.27720e+04;33;1;1;1.00000e+00;1.00000e+00;1.00000e+00;101;3.51027e-01;3.56928e-01;4.79244e-01
nav-lives;me-freeForm;5;[8];305;30500;30500;1.28125e+04;33;1;1;1.00000e+00;1.00000e+00;1.00000e+00;101;3.51027e-01;3.56928e-01;4.79244e-01
nav-lives;me-freeForm;5;[8];306;30600;30600;1.28533e+04;33;1;1;1.00000e+00;1.00000e+00;1.00000e+00;101;3.51027e-01;3.56928e-01;4.79244e-01
nav-lives;me-freeForm;5;[8];307;30700;30700;1.28942e+04;33;1;1;1.00000e+00;1.00000e+00;1.00000e+00;101;3.51027e-01;3.56928e-01;4.79244e-01
nav-lives;me-freeForm;5;[8];308;30800;30800;1.29352e+04;33;1;1;1.00000e+00;1.00000e+00;1.00000e+00;101;3.51027e-01;3.56928e-01;4.79244e-01
nav-lives;me-freeForm;5;[8];309;30900;30900;1.29762e+04;33;1;1;1.00000e+00;1.00000e+00;1.00000e+00;101;3.51027e-01;3.56928e-01;4.79244e-01
nav-lives;me-freeForm;5;[8];310;31000;31000;1.30173e+04;33;1;1;1.00000e+00;1.00000e+00;1.00000e+00;101;3.51027e-01;3.56928e-01;4.79244e-01
nav-lives;me-freeForm;5;[8];311;31100;31100;1.30587e+04;33;1;1;1.00000e+00;1.00000e+00;1.00000e+00;101;3.51027e-01;3.56928e-01;4.79244e-01
nav-lives;me-freeForm;5;[8];312;31200;31200;1.30996e+04;33;1;1;1.00000e+00;1.00000e+00;1.00000e+00;101;3.51027e-01;3.56928e-01;4.79244e-01
nav-lives;me-freeForm;5;[8];313;31300;31300;1.31405e+04;33;1;1;1.00000e+00;1.00000e+00;1.00000e+00;101;3.51027e-01;3.56928e-01;4.79244e-01
nav-lives;me-freeForm;5;[8];314;31400;31400;1.31810e+04;33;1;1;1.00000e+00;1.00000e+00;1.00000e+00;101;3.51027e-01;3.56928e-01;4.79244e-01
nav-lives;me-freeForm;5;[8];315;31500;31500;1.32217e+04;33;1;1;1.00000e+00;1.00000e+00;1.00000e+00;101;3.51027e-01;3.56928e-01;4.79244e-01
nav-lives;me-freeForm;5;[8];316;31600;31600;1.32629e+04;33;1;1;1.00000e+00;1.00000e+00;1.00000e+00;101;3.51027e-01;3.56928e-01;4.79244e-01
nav-lives;me-freeForm;5;[8];317;31700;31700;1.33044e+04;33;1;1;1.00000e+00;1.00000e+00;1.00000e+00;101;3.51027e-01;3.56928e-01;4.79244e-01
nav-lives;me-freeForm;5;[8];318;31800;31800;1.33449e+04;33;1;1;1.00000e+00;1.00000e+00;1.00000e+00;101;3.51027e-01;3.56928e-01;4.79244e-01
nav-lives;me-freeForm;5;[8];319;31900;31900;1.33857e+04;33;1;1;1.00000e+00;1.00000e+00;1.00000e+00;101;3.51027e-01;3.56928e-01;4.79244e-01
nav-lives;me-freeForm;5;[8];320;32000;32000;1.34267e+04;33;1;1;1.00000e+00;1.00000e+00;1.00000e+00;101;3.51027e-01;3.56928e-01;4.79244e-01
nav-lives;me-freeForm;5;[8];321;32100;32100;1.34674e+04;33;1;1;1.00000e+00;1.00000e+00;1.00000e+00;101;3.51027e-01;3.56928e-01;4.79244e-01
nav-lives;me-freeForm;5;[8];322;32200;32200;1.35090e+04;33;1;1;1.00000e+00;1.00000e+00;1.00000e+00;101;3.51027e-01;3.56928e-01;4.79244e-01
nav-lives;me-freeForm;5;[8];323;32300;32300;1.35498e+04;33;1;1;1.00000e+00;1.00000e+00;1.00000e+00;101;3.51027e-01;3.56928e-01;4.79244e-01
nav-lives;me-freeForm;5;[8];324;32400;32400;1.35904e+04;33;1;1;1.00000e+00;1.00000e+00;1.00000e+00;101;3.51027e-01;3.56928e-01;4.79244e-01
nav-lives;me-freeForm;5;[8];325;32500;32500;1.36312e+04;33;1;1;1.00000e+00;1.00000e+00;1.00000e+00;101;3.51027e-01;3.56928e-01;4.79244e-01
nav-lives;me-freeForm;5;[8];326;32600;32600;1.36722e+04;33;1;1;1.00000e+00;1.00000e+00;1.00000e+00;101;3.51027e-01;3.56928e-01;4.79244e-01
nav-lives;me-freeForm;5;[8];327;32700;32700;1.37133e+04;33;1;1;1.00000e+00;1.00000e+00;1.00000e+00;101;3.51027e-01;3.56928e-01;4.79244e-01
nav-lives;me-freeForm;5;[8];328;32800;32800;1.37542e+04;33;1;1;1.00000e+00;1.00000e+00;1.00000e+00;101;3.51027e-01;3.56928e-01;4.79244e-01
nav-lives;me-freeForm;5;[8];329;32900;32900;1.37951e+04;33;1;1;1.00000e+00;1.00000e+00;1.00000e+00;101;3.51027e-01;3.56928e-01;4.79244e-01
nav-lives;me-freeForm;5;[8];330;33000;33000;1.38363e+04;33;1;1;1.00000e+00;1.00000e+00;1.00000e+00;101;3.51027e-01;3.56928e-01;4.79244e-01
nav-lives;me-freeForm;5;[8];331;33100;33100;1.38771e+04;33;1;1;1.00000e+00;1.00000e+00;1.00000e+00;101;3.51027e-01;3.56928e-01;4.79244e-01
nav-lives;me-freeForm;5;[8];332;33200;33200;1.39177e+04;33;1;1;1.00000e+00;1.00000e+00;1.00000e+00;101;3.51027e-01;3.56928e-01;4.79244e-01
nav-lives;me-freeForm;5;[8];333;33300;33300;1.39586e+04;33;1;1;1.00000e+00;1.00000e+00;1.00000e+00;101;3.51027e-01;3.56928e-01;4.79244e-01
nav-lives;me-freeForm;5;[8];334;33400;33400;1.39995e+04;33;1;1;1.00000e+00;1.00000e+00;1.00000e+00;101;3.51027e-01;3.56928e-01;4.79244e-01
nav-lives;me-freeForm;5;[8];335;33500;33500;1.40406e+04;33;1;1;1.00000e+00;1.00000e+00;1.00000e+00;101;3.51027e-01;3.56928e-01;4.79244e-01
nav-lives;me-freeForm;5;[8];336;33600;33600;1.40817e+04;33;1;1;1.00000e+00;1.00000e+00;1.00000e+00;101;3.51027e-01;3.56928e-01;4.79244e-01
nav-lives;me-freeForm;5;[8];337;33700;33700;1.41222e+04;33;1;1;1.00000e+00;1.00000e+00;1.00000e+00;101;3.51027e-01;3.56928e-01;4.79244e-01
nav-lives;me-freeForm;5;[8];338;33800;33800;1.41633e+04;33;1;1;1.00000e+00;1.00000e+00;1.00000e+00;101;3.51027e-01;3.56928e-01;4.79244e-01
nav-lives;me-freeForm;5;[8];339;33900;33900;1.42038e+04;33;1;1;1.00000e+00;1.00000e+00;1.00000e+00;101;3.51027e-01;3.56928e-01;4.79244e-01
nav-lives;me-freeForm;5;[8];340;34000;34000;1.42449e+04;33;1;1;1.00000e+00;1.00000e+00;1.00000e+00;101;3.51027e-01;3.56928e-01;4.79244e-01
nav-lives;me-freeForm;5;[8];341;34100;34100;1.42865e+04;33;1;1;1.00000e+00;1.00000e+00;1.00000e+00;101;3.51027e-01;3.56928e-01;4.79244e-01
nav-lives;me-freeForm;5;[8];342;34200;34200;1.43273e+04;33;1;1;1.00000e+00;1.00000e+00;1.00000e+00;101;3.51027e-01;3.56928e-01;4.79244e-01
nav-lives;me-freeForm;5;[8];343;34300;34300;1.43685e+04;33;1;1;1.00000e+00;1.00000e+00;1.00000e+00;101;3.51027e-01;3.56928e-01;4.79244e-01
nav-lives;me-freeForm;5;[8];344;34400;34400;1.44092e+04;33;1;1;1.00000e+00;1.00000e+00;1.00000e+00;101;3.51027e-01;3.56928e-01;4.79244e-01
nav-lives;me-freeForm;5;[8];345;34500;34500;1.44501e+04;33;1;1;1.00000e+00;1.00000e+00;1.00000e+00;101;3.51027e-01;3.56928e-01;4.79244e-01
nav-lives;me-freeForm;5;[8];346;34600;34600;1.44911e+04;33;1;1;1.00000e+00;1.00000e+00;1.00000e+00;101;3.51027e-01;3.56928e-01;4.79244e-01
nav-lives;me-freeForm;5;[8];347;34700;34700;1.45318e+04;33;1;1;1.00000e+00;1.00000e+00;1.00000e+00;101;3.51027e-01;3.56928e-01;4.79244e-01
nav-lives;me-freeForm;5;[8];348;34800;34800;1.45725e+04;33;1;1;1.00000e+00;1.00000e+00;1.00000e+00;101;3.51027e-01;3.56928e-01;4.79244e-01
nav-lives;me-freeForm;5;[8];349;34900;34900;1.46135e+04;33;1;1;1.00000e+00;1.00000e+00;1.00000e+00;101;3.51027e-01;3.56928e-01;4.79244e-01
nav-lives;me-freeForm;5;[8];350;35000;35000;1.46543e+04;33;1;1;1.00000e+00;1.00000e+00;1.00000e+00;101;3.51027e-01;3.56928e-01;4.79244e-01
nav-lives;me-freeForm;5;[8];351;35100;35100;1.46950e+04;33;1;1;1.00000e+00;1.00000e+00;1.00000e+00;101;3.51027e-01;3.56928e-01;4.79244e-01
nav-lives;me-freeForm;5;[8];352;35200;35200;1.47361e+04;33;1;1;1.00000e+00;1.00000e+00;1.00000e+00;101;3.51027e-01;3.56928e-01;4.79244e-01
nav-lives;me-freeForm;5;[8];353;35300;35300;1.47769e+04;33;1;1;1.00000e+00;1.00000e+00;1.00000e+00;101;3.51027e-01;3.56928e-01;4.79244e-01
nav-lives;me-freeForm;5;[8];354;35400;35400;1.48173e+04;33;1;1;1.00000e+00;1.00000e+00;1.00000e+00;101;3.51027e-01;3.56928e-01;4.79244e-01
nav-lives;me-freeForm;5;[8];355;35500;35500;1.48584e+04;33;1;1;1.00000e+00;1.00000e+00;1.00000e+00;101;3.51027e-01;3.56928e-01;4.79244e-01
nav-lives;me-freeForm;5;[8];356;35600;35600;1.48995e+04;33;1;1;1.00000e+00;1.00000e+00;1.00000e+00;101;3.51027e-01;3.56928e-01;4.79244e-01
nav-lives;me-freeForm;5;[8];357;35700;35700;1.49408e+04;33;1;1;1.00000e+00;1.00000e+00;1.00000e+00;101;3.51027e-01;3.56928e-01;4.79244e-01
nav-lives;me-freeForm;5;[8];358;35800;35800;1.49818e+04;33;1;1;1.00000e+00;1.00000e+00;1.00000e+00;101;3.51027e-01;3.56928e-01;4.79244e-01
nav-lives;me-freeForm;5;[8];359;35900;35900;1.50228e+04;33;1;1;1.00000e+00;1.00000e+00;1.00000e+00;101;3.51027e-01;3.56928e-01;4.79244e-01
nav-lives;me-freeForm;5;[8];360;36000;36000;1.50639e+04;33;1;1;1.00000e+00;1.00000e+00;1.00000e+00;101;3.51027e-01;3.56928e-01;4.79244e-01
nav-lives;me-freeForm;5;[8];361;36100;36100;1.51051e+04;33;1;1;1.00000e+00;1.00000e+00;1.00000e+00;101;3.51027e-01;3.56928e-01;4.79244e-01
nav-lives;me-freeForm;5;[8];362;36200;36200;1.51458e+04;33;1;1;1.00000e+00;1.00000e+00;1.00000e+00;101;3.51027e-01;3.56928e-01;4.79244e-01
nav-lives;me-freeForm;5;[8];363;36300;36300;1.51864e+04;33;1;1;1.00000e+00;1.00000e+00;1.00000e+00;101;3.51027e-01;3.56928e-01;4.79244e-01
nav-lives;me-freeForm;5;[8];364;36400;36400;1.52269e+04;33;1;1;1.00000e+00;1.00000e+00;1.00000e+00;101;3.51027e-01;3.56928e-01;4.79244e-01
nav-lives;me-freeForm;5;[8];365;36500;36500;1.52678e+04;33;1;1;1.00000e+00;1.00000e+00;1.00000e+00;101;3.51027e-01;3.56928e-01;4.79244e-01
nav-lives;me-freeForm;5;[8];366;36600;36600;1.53089e+04;33;1;1;1.00000e+00;1.00000e+00;1.00000e+00;101;3.51027e-01;3.56928e-01;4.79244e-01
nav-lives;me-freeForm;5;[8];367;36700;36700;1.53497e+04;33;1;1;1.00000e+00;1.00000e+00;1.00000e+00;101;3.51027e-01;3.56928e-01;4.79244e-01
nav-lives;me-freeForm;5;[8];368;36800;36800;1.53911e+04;33;1;1;1.00000e+00;1.00000e+00;1.00000e+00;101;3.51027e-01;3.56928e-01;4.79244e-01
nav-lives;me-freeForm;5;[8];369;36900;36900;1.54319e+04;33;1;1;1.00000e+00;1.00000e+00;1.00000e+00;101;3.51027e-01;3.56928e-01;4.79244e-01
nav-lives;me-freeForm;5;[8];370;37000;37000;1.54726e+04;33;1;1;1.00000e+00;1.00000e+00;1.00000e+00;101;3.51027e-01;3.56928e-01;4.79244e-01
nav-lives;me-freeForm;5;[8];371;37100;37100;1.55136e+04;33;1;1;1.00000e+00;1.00000e+00;1.00000e+00;101;3.51027e-01;3.56928e-01;4.79244e-01
nav-lives;me-freeForm;5;[8];372;37200;37200;1.55546e+04;33;1;1;1.00000e+00;1.00000e+00;1.00000e+00;101;3.51027e-01;3.56928e-01;4.79244e-01
nav-lives;me-freeForm;5;[8];373;37300;37300;1.55954e+04;33;1;1;1.00000e+00;1.00000e+00;1.00000e+00;101;3.51027e-01;3.56928e-01;4.79244e-01
nav-lives;me-freeForm;5;[8];374;37400;37400;1.56369e+04;33;1;1;1.00000e+00;1.00000e+00;1.00000e+00;101;3.51027e-01;3.56928e-01;4.79244e-01
nav-lives;me-freeForm;5;[8];375;37500;37500;1.56778e+04;33;1;1;1.00000e+00;1.00000e+00;1.00000e+00;101;3.51027e-01;3.56928e-01;4.79244e-01
nav-lives;me-freeForm;5;[8];376;37600;37600;1.57185e+04;33;1;1;1.00000e+00;1.00000e+00;1.00000e+00;101;3.51027e-01;3.56928e-01;4.79244e-01
nav-lives;me-freeForm;5;[8];377;37700;37700;1.57593e+04;33;1;1;1.00000e+00;1.00000e+00;1.00000e+00;101;3.51027e-01;3.56928e-01;4.79244e-01
nav-lives;me-freeForm;5;[8];378;37800;37800;1.58005e+04;33;1;1;1.00000e+00;1.00000e+00;1.00000e+00;101;3.51027e-01;3.56928e-01;4.79244e-01
nav-lives;me-freeForm;5;[8];379;37900;37900;1.58416e+04;33;1;1;1.00000e+00;1.00000e+00;1.00000e+00;101;3.51027e-01;3.56928e-01;4.79244e-01
nav-lives;me-freeForm;5;[8];380;38000;38000;1.58822e+04;33;1;1;1.00000e+00;1.00000e+00;1.00000e+00;101;3.51027e-01;3.56928e-01;4.79244e-01
nav-lives;me-freeForm;5;[8];381;38100;38100;1.59231e+04;33;1;1;1.00000e+00;1.00000e+00;1.00000e+00;101;3.51027e-01;3.56928e-01;4.79244e-01
nav-lives;me-freeForm;5;[8];382;38200;38200;1.59643e+04;33;1;1;1.00000e+00;1.00000e+00;1.00000e+00;101;3.51027e-01;3.56928e-01;4.79244e-01
nav-lives;me-freeForm;5;[8];383;38300;38300;1.60049e+04;33;1;1;1.00000e+00;1.00000e+00;1.00000e+00;101;3.51027e-01;3.56928e-01;4.79244e-01
nav-lives;me-freeForm;5;[8];384;38400;38400;1.60463e+04;33;1;1;1.00000e+00;1.00000e+00;1.00000e+00;101;3.51027e-01;3.56928e-01;4.79244e-01
nav-lives;me-freeForm;5;[8];385;38500;38500;1.60875e+04;33;1;1;1.00000e+00;1.00000e+00;1.00000e+00;101;3.51027e-01;3.56928e-01;4.79244e-01
nav-lives;me-freeForm;5;[8];386;38600;38600;1.61279e+04;33;1;1;1.00000e+00;1.00000e+00;1.00000e+00;101;3.51027e-01;3.56928e-01;4.79244e-01
nav-lives;me-freeForm;5;[8];387;38700;38700;1.61686e+04;33;1;1;1.00000e+00;1.00000e+00;1.00000e+00;101;3.51027e-01;3.56928e-01;4.79244e-01
nav-lives;me-freeForm;5;[8];388;38800;38800;1.62096e+04;33;1;1;1.00000e+00;1.00000e+00;1.00000e+00;101;3.51027e-01;3.56928e-01;4.79244e-01
nav-lives;me-freeForm;5;[8];389;38900;38900;1.62504e+04;33;1;1;1.00000e+00;1.00000e+00;1.00000e+00;101;3.51027e-01;3.56928e-01;4.79244e-01
nav-lives;me-freeForm;5;[8];390;39000;39000;1.62915e+04;33;1;1;1.00000e+00;1.00000e+00;1.00000e+00;101;3.51027e-01;3.56928e-01;4.79244e-01
nav-lives;me-freeForm;5;[8];391;39100;39100;1.63324e+04;33;1;1;1.00000e+00;1.00000e+00;1.00000e+00;101;3.51027e-01;3.56928e-01;4.79244e-01
nav-lives;me-freeForm;5;[8];392;39200;39200;1.63733e+04;33;1;1;1.00000e+00;1.00000e+00;1.00000e+00;101;3.51027e-01;3.56928e-01;4.79244e-01
nav-lives;me-freeForm;5;[8];393;39300;39300;1.64147e+04;33;1;1;1.00000e+00;1.00000e+00;1.00000e+00;101;3.51027e-01;3.56928e-01;4.79244e-01
nav-lives;me-freeForm;5;[8];394;39400;39400;1.64558e+04;33;1;1;1.00000e+00;1.00000e+00;1.00000e+00;101;3.51027e-01;3.56928e-01;4.79244e-01
nav-lives;me-freeForm;5;[8];395;39500;39500;1.64969e+04;33;1;1;1.00000e+00;1.00000e+00;1.00000e+00;101;3.51027e-01;3.56928e-01;4.79244e-01
nav-lives;me-freeForm;5;[8];396;39600;39600;1.65380e+04;33;1;1;1.00000e+00;1.00000e+00;1.00000e+00;101;3.51027e-01;3.56928e-01;4.79244e-01
nav-lives;me-freeForm;5;[8];397;39700;39700;1.65793e+04;33;1;1;1.00000e+00;1.00000e+00;1.00000e+00;101;3.51027e-01;3.56928e-01;4.79244e-01
nav-lives;me-freeForm;5;[8];398;39800;39800;1.66204e+04;33;1;1;1.00000e+00;1.00000e+00;1.00000e+00;101;3.51027e-01;3.56928e-01;4.79244e-01
nav-lives;me-freeForm;5;[8];399;39900;39900;1.66613e+04;33;1;1;1.00000e+00;1.00000e+00;1.00000e+00;101;3.51027e-01;3.56928e-01;4.79244e-01
nav-lives;me-freeForm;5;[8];400;40000;40000;1.67026e+04;33;1;1;1.00000e+00;1.00000e+00;1.00000e+00;101;3.51027e-01;3.56928e-01;4.79244e-01
