problem.name;solver.name;randomGenerator.seed;numberOfInnerLayers→replace.all;n.iterations;n.evals;n.births;elapsed.secs;all→size;firsts→size;lasts→size;all→each[genotype]→uniqueness;all→each[solution]→uniqueness;all→each[quality]→uniqueness;best→genotype→size;best→quality→maturePerformance;best→quality→increase;best→quality→inconsistency
nav-lives;me-hebbian-neuron;1;[8];1;100;100;2.48800e+00;1;1;1;1.00000e+00;1.00000e+00;1.00000e+00;40;-3.08991e-03;3.69071e-03;4.85161e-04
nav-lives;me-hebbian-neuron;2;[8];1;100;100;2.96900e+00;2;1;1;1.00000e+00;1.00000e+00;1.00000e+00;40;4.92421e-02;5.56618e-02;1.50252e-01
nav-lives;me-hebbian-neuron;1;[8];2;200;200;4.25900e+00;1;1;1;1.00000e+00;1.00000e+00;1.00000e+00;40;-2.53984e-03;4.13998e-03;1.86180e-04
nav-lives;me-hebbian-neuron;2;[8];2;200;200;4.87100e+00;4;1;1;1.00000e+00;1.00000e+00;1.00000e+00;40;2.57754e-01;2.66131e-01;2.50892e-01
nav-lives;me-hebbian-neuron;1;[8];3;300;300;5.63700e+00;1;1;1;1.00000e+00;1.00000e+00;1.00000e+00;40;-2.01294e-03;4.53544e-03;5.89613e-04
nav-lives;me-hebbian-neuron;2;[8];3;300;300;7.69600e+00;7;1;1;1.00000e+00;1.00000e+00;1.00000e+00;40;9.99828e-01;1.00794e+00;5.83013e-04
nav-lives;me-hebbian-neuron;1;[8];4;400;400;8.49600e+00;3;1;1;1.00000e+00;1.00000e+00;1.00000e+00;40;1.04299e-01;1.13820e-01;2.07959e-01
nav-lives;me-hebbian-neuron;2;[8];4;400;400;9.20300e+00;11;1;1;1.00000e+00;1.00000e+00;1.00000e+00;40;9.99828e-01;1.00794e+00;5.83013e-04
nav-lives;me-hebbian-neuron;1;[8];5;500;500;9.92700e+00;5;1;1;1.00000e+00;1.00000e+00;1.00000e+00;40;4.56762e-01;4.63275e-01;1.38502e-01
nav-lives;me-hebbian-neuron;2;[8];5;500;500;1.05500e+01;14;1;1;1.00000e+00;1.00000e+00;1.00000e+00;40;9.99828e-01;1.00794e+00;5.83013e-04
nav-lives;me-hebbian-neuron;1;[8];6;600;600;1.13060e+01;5;1;1;1.00000e+00;1.00000e+00;1.00000e+00;40;4.56762e-01;4.63275e-01;1.38502e-01
nav-lives;me-hebbian-neuron;2;[8];6;600;600;1.20100e+01;17;1;1;1.00000e+00;1.00000e+00;1.00000e+00;40;9.99828e-01;1.00794e+00;5.83013e-04
nav-lives;me-hebbian-neuron;1;[8];7;700;700;1.26980e+01;6;1;1;1.00000e+00;1.00000e+00;1.00000e+00;40;4.56762e-01;4.63275e-01;1.38502e-01
nav-lives;me-hebbian-neuron;2;[8];7;700;700;1.33820e+01;18;1;1;1.00000e+00;1.00000e+00;1.00000e+00;40;9.99828e-01;1.00794e+00;5.83013e-04
nav-lives;me-hebbian-neuron;1;[8];8;800;800;1.40960e+01;8;1;1;1.00000e+00;1.00000e+00;1.00000e+00;40;4.56762e-01;4.63275e-01;1.38502e-01
nav-lives;me-hebbian-neuron;2;[8];8;800;800;1.47950e+01;20;1;1;1.00000e+00;1.00000e+00;1.00000e+00;40;9.99828e-01;1.00794e+00;5.83013e-04
nav-lives;me-hebbian-neuron;1;[8];9;900;900;1.55230e+01;10;1;1;1.00000e+00;1.00000e+00;1.00000e+00;40;4.56762e-01;4.63275e-01;1.38502e-01
nav-lives;me-hebbian-neuron;2;[8];9;900;900;1.61570e+01;21;1;1;1.00000e+00;1.00000e+00;1.00000e+00;40;9.99828e-01;1.00794e+00;5.83013e-04
nav-lives;me-hebbian-neuron;1;[8];10;1000;1000;1.68710e+01;12;1;1;1.00000e+00;1.00000e+00;1.00000e+00;40;4.56762e-01;4.63275e-01;1.38502e-01
nav-lives;me-hebbian-neuron;2;[8];10;1000;1000;1.75340e+01;21;1;1;1.00000e+00;1.00000e+00;1.00000e+00;40;9.99828e-01;1.00794e+00;5.83013e-04
nav-lives;me-hebbian-neuron;1;[8];11;1100;1100;1.82650e+01;15;1;1;1.00000e+00;1.00000e+00;1.00000e+00;40;6.16108e-01;6.22437e-01;4.11253e-01
nav-lives;me-hebbian-neuron;2;[8];11;1100;1100;1.89630e+01;22;1;1;1.00000e+00;1.00000e+00;1.00000e+00;40;9.99828e-01;1.00794e+00;5.83013e-04
nav-lives;me-hebbian-neuron;1;[8];12;1200;1200;1.96940e+01;16;1;1;1.00000e+00;1.00000e+00;1.00000e+00;40;6.16108e-01;6.22437e-01;4.11253e-01
nav-lives;me-hebbian-neuron;2;[8];12;1200;1200;2.03930e+01;24;1;1;1.00000e+00;1.00000e+00;1.00000e+00;40;9.99828e-01;1.00794e+00;5.83013e-04
nav-lives;me-hebbian-neuron;1;[8];13;1300;1300;2.11320e+01;18;1;1;1.00000e+00;1.00000e+00;1.00000e+00;40;6.16108e-01;6.22437e-01;4.11253e-01
nav-lives;me-hebbian-neuron;2;[8];13;1300;1300;2.17470e+01;26;1;1;1.00000e+00;1.00000e+00;1.00000e+00;40;9.99828e-01;1.00794e+00;5.83013e-04
nav-lives;me-hebbian-neuron;1;[8];14;1400;1400;2.24210e+01;18;1;1;1.00000e+00;1.00000e+00;1.00000e+00;40;6.16108e-01;6.22437e-01;4.11253e-01
nav-lives;me-hebbian-neuron;2;[8];14;1400;1400;2.31790e+01;27;1;1;1.00000e+00;1.00000e+00;1.00000e+00;40;9.99828e-01;1.00794e+00;5.83013e-04
nav-lives;me-hebbian-neuron;1;[8];15;1500;1500;2.38540e+01;18;1;1;1.00000e+00;1.00000e+00;1.00000e+00;40;6.16108e-01;6.22437e-01;4.11253e-01
nav-lives;me-hebbian-neuron;2;[8];15;1500;1500;2.47600e+01;29;1;1;1.00000e+00;1.00000e+00;1.00000e+00;40;9.99828e-01;1.00794e+00;5.83013e-04
nav-lives;me-hebbian-neuron;1;[8];16;1600;1600;2.52570e+01;20;1;1;1.00000e+00;1.00000e+00;1.00000e+00;40;6.16108e-01;6.22437e-01;4.11253e-01
nav-lives;me-hebbian-neuron;2;[8];16;1600;1600;2.60540e+01;31;1;1;1.00000e+00;1.00000e+00;1.00000e+00;40;9.99828e-01;1.00794e+00;5.83013e-04
nav-lives;me-hebbian-neuron;1;[8];17;1700;1700;2.67560e+01;23;1;1;1.00000e+00;1.00000e+00;1.00000e+00;40;8.99772e-01;9.06203e-01;2.99975e-01
nav-lives;me-hebbian-neuron;2;[8];17;1700;1700;2.73920e+01;33;1;1;1.00000e+00;1.00000e+00;1.00000e+00;40;9.99828e-01;1.00794e+00;5.83013e-04
nav-lives;me-hebbian-neuron;1;[8];18;1800;1800;2.80820e+01;24;1;1;1.00000e+00;1.00000e+00;1.00000e+00;40;8.99772e-01;9.06203e-01;2.99975e-01
nav-lives;me-hebbian-neuron;2;[8];18;1800;1800;2.87770e+01;33;1;1;1.00000e+00;1.00000e+00;1.00000e+00;40;9.99828e-01;1.00794e+00;5.83013e-04
nav-lives;me-hebbian-neuron;1;[8];19;1900;1900;2.94910e+01;25;1;1;1.00000e+00;1.00000e+00;1.00000e+00;40;8.99772e-01;9.06203e-01;2.99975e-01
nav-lives;me-hebbian-neuron;2;[8];19;1900;1900;3.01830e+01;34;1;1;1.00000e+00;1.00000e+00;1.00000e+00;40;9.99828e-01;1.00794e+00;5.83013e-04
nav-lives;me-hebbian-neuron;1;[8];20;2000;2000;3.08860e+01;27;1;1;1.00000e+00;1.00000e+00;1.00000e+00;40;8.99772e-01;9.06203e-01;2.99975e-01
nav-lives;me-hebbian-neuron;2;[8];20;2000;2000;3.15730e+01;34;1;1;1.00000e+00;1.00000e+00;1.00000e+00;40;9.99828e-01;1.00794e+00;5.83013e-04
nav-lives;me-hebbian-neuron;1;[8];21;2100;2100;3.23050e+01;27;1;1;1.00000e+00;1.00000e+00;1.00000e+00;40;8.99772e-01;9.06203e-01;2.99975e-01
nav-lives;me-hebbian-neuron;2;[8];21;2100;2100;3.29610e+01;35;1;1;1.00000e+00;1.00000e+00;1.00000e+00;40;9.99828e-01;1.00794e+00;5.83013e-04
nav-lives;me-hebbian-neuron;1;[8];22;2200;2200;3.36510e+01;29;1;1;1.00000e+00;1.00000e+00;1.00000e+00;40;8.99772e-01;9.06203e-01;2.99975e-01
nav-lives;me-hebbian-neuron;2;[8];22;2200;2200;3.43570e+01;36;1;1;1.00000e+00;1.00000e+00;1.00000e+00;40;9.99828e-01;1.00794e+00;5.83013e-04
nav-lives;me-hebbian-neuron;1;[8];23;2300;2300;3.50160e+01;31;1;1;1.00000e+00;1.00000e+00;1.00000e+00;40;8.99772e-01;9.06203e-01;2.99975e-01
nav-lives;me-hebbian-neuron;2;[8];23;2300;2300;3.56770e+01;36;1;1;1.00000e+00;1.00000e+00;1.00000e+00;40;9.99828e-01;1.00794e+00;5.83013e-04
nav-lives;me-hebbian-neuron;1;[8];24;2400;2400;3.64210e+01;32;1;1;1.00000e+00;1.00000e+00;1.00000e+00;40;9.41386e-01;9.47955e-01;1.61009e-01
nav-lives;me-hebbian-neuron;2;[8];24;2400;2400;3.71390e+01;38;1;1;1.00000e+00;1.00000e+00;1.00000e+00;40;9.99828e-01;1.00794e+00;5.83013e-04
nav-lives;me-hebbian-neuron;1;[8];25;2500;2500;3.78540e+01;32;1;1;1.00000e+00;1.00000e+00;1.00000e+00;40;9.41386e-01;9.47955e-01;1.61009e-01
nav-lives;me-hebbian-neuron;2;[8];25;2500;2500;3.86240e+01;38;1;1;1.00000e+00;1.00000e+00;1.00000e+00;40;9.99828e-01;1.00794e+00;5.83013e-04
nav-lives;me-hebbian-neuron;1;[8];26;2600;2600;3.92550e+01;32;1;1;1.00000e+00;1.00000e+00;1.00000e+00;40;9.41386e-01;9.47955e-01;1.61009e-01
nav-lives;me-hebbian-neuron;2;[8];26;2600;2600;3.99690e+01;39;1;1;1.00000e+00;1.00000e+00;1.00000e+00;40;9.99828e-01;1.00794e+00;5.83013e-04
nav-lives;me-hebbian-neuron;1;[8];27;2700;2700;4.05840e+01;32;1;1;1.00000e+00;1.00000e+00;1.00000e+00;40;9.41386e-01;9.47955e-01;1.61009e-01
nav-lives;me-hebbian-neuron;2;[8];27;2700;2700;4.12850e+01;39;1;1;1.00000e+00;1.00000e+00;1.00000e+00;40;9.99828e-01;1.00794e+00;5.83013e-04
nav-lives;me-hebbian-neuron;1;[8];28;2800;2800;4.20020e+01;33;1;1;1.00000e+00;1.00000e+00;1.00000e+00;40;9.41386e-01;9.47955e-01;1.61009e-01
nav-lives;me-hebbian-neuron;2;[8];28;2800;2800;4.27510e+01;39;1;1;1.00000e+00;1.00000e+00;1.00000e+00;40;9.99828e-01;1.00794e+00;5.83013e-04
nav-lives;me-hebbian-neuron;1;[8];29;2900;2900;4.34020e+01;33;1;1;1.00000e+00;1.00000e+00;1.00000e+00;40;9.41386e-01;9.47955e-01;1.61009e-01
nav-lives;me-hebbian-neuron;2;[8];29;2900;2900;4.41160e+01;39;1;1;1.00000e+00;1.00000e+00;1.00000e+00;40;9.99828e-01;1.00794e+00;5.83013e-04
nav-lives;me-hebbian-neuron;1;[8];30;3000;3000;4.47530e+01;33;1;1;1.00000e+00;1.00000e+00;1.00000e+00;40;9.41386e-01;9.47955e-01;1.61009e-01
nav-lives;me-hebbian-neuron;2;[8];30;3000;3000;4.54870e+01;40;1;1;1.00000e+00;1.00000e+00;1.00000e+00;40;9.99828e-01;1.00794e+00;5.83013e-04
nav-lives;me-hebbian-neuron;1;[8];31;3100;3100;4.61430e+01;33;1;1;1.00000e+00;1.00000e+00;1.00000e+00;40;9.41386e-01;9.47955e-01;1.61009e-01
nav-lives;me-hebbian-neuron;2;[8];31;3100;3100;4.68860e+01;40;1;1;1.00000e+00;1.00000e+00;1.00000e+00;40;9.99828e-01;1.00794e+00;5.83013e-04
nav-lives;me-hebbian-neuron;1;[8];32;3200;3200;4.75560e+01;33;1;1;1.00000e+00;1.00000e+00;1.00000e+00;40;9.41386e-01;9.47955e-01;1.61009e-01
nav-lives;me-hebbian-neuron;2;[8];32;3200;3200;4.82610e+01;41;1;1;1.00000e+00;1.00000e+00;1.00000e+00;40;9.99828e-01;1.00794e+00;5.83013e-04
nav-lives;me-hebbian-neuron;1;[8];33;3300;3300;4.89460e+01;33;1;1;1.00000e+00;1.00000e+00;1.00000e+00;40;9.41386e-01;9.47955e-01;1.61009e-01
nav-lives;me-hebbian-neuron;2;[8];33;3300;3300;4.96360e+01;41;1;1;1.00000e+00;1.00000e+00;1.00000e+00;40;9.99828e-01;1.00794e+00;5.83013e-04
nav-lives;me-hebbian-neuron;1;[8];34;3400;3400;5.03710e+01;33;1;1;1.00000e+00;1.00000e+00;1.00000e+00;40;9.41386e-01;9.47955e-01;1.61009e-01
nav-lives;me-hebbian-neuron;2;[8];34;3400;3400;5.10460e+01;42;1;1;1.00000e+00;1.00000e+00;1.00000e+00;40;9.99828e-01;1.00794e+00;5.83013e-04
nav-lives;me-hebbian-neuron;1;[8];35;3500;3500;5.18110e+01;35;1;1;1.00000e+00;1.00000e+00;1.00000e+00;40;9.99664e-01;1.00600e+00;3.47338e-04
nav-lives;me-hebbian-neuron;2;[8];35;3500;3500;5.24060e+01;42;1;1;1.00000e+00;1.00000e+00;1.00000e+00;40;9.99828e-01;1.00794e+00;5.83013e-04
nav-lives;me-hebbian-neuron;1;[8];36;3600;3600;5.31800e+01;35;1;1;1.00000e+00;1.00000e+00;1.00000e+00;40;9.99664e-01;1.00600e+00;3.47338e-04
nav-lives;me-hebbian-neuron;2;[8];36;3600;3600;5.38480e+01;42;1;1;1.00000e+00;1.00000e+00;1.00000e+00;40;9.99828e-01;1.00794e+00;5.83013e-04
nav-lives;me-hebbian-neuron;1;[8];37;3700;3700;5.45280e+01;36;1;1;1.00000e+00;1.00000e+00;1.00000e+00;40;9.99664e-01;1.00600e+00;3.47338e-04
nav-lives;me-hebbian-neuron;2;[8];37;3700;3700;5.52720e+01;42;1;1;1.00000e+00;1.00000e+00;1.00000e+00;40;9.99828e-01;1.00794e+00;5.83013e-04
nav-lives;me-hebbian-neuron;1;[8];38;3800;3800;5.59540e+01;36;1;1;1.00000e+00;1.00000e+00;1.00000e+00;40;9.99664e-01;1.00600e+00;3.47338e-04
nav-lives;me-hebbian-neuron;2;[8];38;3800;3800;5.66230e+01;42;1;1;1.00000e+00;1.00000e+00;1.00000e+00;40;9.99828e-01;1.00794e+00;5.83013e-04
nav-lives;me-hebbian-neuron;1;[8];39;3900;3900;5.73520e+01;37;1;1;1.00000e+00;1.00000e+00;1.00000e+00;40;9.99664e-01;1.00600e+00;3.47338e-04
nav-lives;me-hebbian-neuron;2;[8];39;3900;3900;5.80450e+01;43;1;1;1.00000e+00;1.00000e+00;1.00000e+00;40;9.99828e-01;1.00794e+00;5.83013e-04
nav-lives;me-hebbian-neuron;1;[8];40;4000;4000;5.87540e+01;38;1;1;1.00000e+00;1.00000e+00;1.00000e+00;40;9.99664e-01;1.00600e+00;3.47338e-04
nav-lives;me-hebbian-neuron;2;[8];40;4000;4000;5.93800e+01;44;1;1;1.00000e+00;1.00000e+00;1.00000e+00;40;9.99828e-01;1.00794e+00;5.83013e-04
nav-lives;me-hebbian-neuron;1;[8];41;4100;4100;6.01050e+01;39;1;1;1.00000e+00;1.00000e+00;1.00000e+00;40;9.99664e-01;1.00600e+00;3.47338e-04
nav-lives;me-hebbian-neuron;2;[8];41;4100;4100;6.09430e+01;44;1;1;1.00000e+00;1.00000e+00;1.00000e+00;40;9.99828e-01;1.00794e+00;5.83013e-04
nav-lives;me-hebbian-neuron;1;[8];42;4200;4200;6.15140e+01;39;1;1;1.00000e+00;1.00000e+00;1.00000e+00;40;9.99664e-01;1.00600e+00;3.47338e-04
nav-lives;me-hebbian-neuron;2;[8];42;4200;4200;6.22610e+01;45;1;1;1.00000e+00;1.00000e+00;1.00000e+00;40;9.99828e-01;1.00794e+00;5.83013e-04
nav-lives;me-hebbian-neuron;1;[8];43;4300;4300;6.28880e+01;39;1;1;1.00000e+00;1.00000e+00;1.00000e+00;40;9.99664e-01;1.00600e+00;3.47338e-04
nav-lives;me-hebbian-neuron;2;[8];43;4300;4300;6.36010e+01;46;1;1;1.00000e+00;1.00000e+00;1.00000e+00;40;9.99828e-01;1.00794e+00;5.83013e-04
nav-lives;me-hebbian-neuron;1;[8];44;4400;4400;6.42910e+01;40;1;1;1.00000e+00;1.00000e+00;1.00000e+00;40;9.99794e-01;1.00610e+00;3.26293e-04
nav-lives;me-hebbian-neuron;2;[8];44;4400;4400;6.49790e+01;47;1;1;1.00000e+00;1.00000e+00;1.00000e+00;40;9.99828e-01;1.00794e+00;5.83013e-04
nav-lives;me-hebbian-neuron;1;[8];45;4500;4500;6.57080e+01;41;1;1;1.00000e+00;1.00000e+00;1.00000e+00;40;9.99794e-01;1.00610e+00;3.26293e-04
nav-lives;me-hebbian-neuron;2;[8];45;4500;4500;6.64280e+01;47;1;1;1.00000e+00;1.00000e+00;1.00000e+00;40;9.99828e-01;1.00794e+00;5.83013e-04
nav-lives;me-hebbian-neuron;1;[8];46;4600;4600;6.71100e+01;41;1;1;1.00000e+00;1.00000e+00;1.00000e+00;40;9.99794e-01;1.00610e+00;3.26293e-04
nav-lives;me-hebbian-neuron;2;[8];46;4600;4600;6.78050e+01;48;1;1;1.00000e+00;1.00000e+00;1.00000e+00;40;9.99828e-01;1.00794e+00;5.83013e-04
nav-lives;me-hebbian-neuron;1;[8];47;4700;4700;6.85130e+01;43;1;1;1.00000e+00;1.00000e+00;1.00000e+00;40;9.99794e-01;1.00610e+00;3.26293e-04
nav-lives;me-hebbian-neuron;2;[8];47;4700;4700;6.91980e+01;48;1;1;1.00000e+00;1.00000e+00;1.00000e+00;40;9.99828e-01;1.00794e+00;5.83013e-04
nav-lives;me-hebbian-neuron;1;[8];48;4800;4800;6.98630e+01;43;1;1;1.00000e+00;1.00000e+00;1.00000e+00;40;9.99794e-01;1.00610e+00;3.26293e-04
nav-lives;me-hebbian-neuron;2;[8];48;4800;4800;7.05850e+01;48;1;1;1.00000e+00;1.00000e+00;1.00000e+00;40;9.99828e-01;1.00794e+00;5.83013e-04
nav-lives;me-hebbian-neuron;1;[8];49;4900;4900;7.12740e+01;43;1;1;1.00000e+00;1.00000e+00;1.00000e+00;40;9.99794e-01;1.00610e+00;3.26293e-04
nav-lives;me-hebbian-neuron;2;[8];49;4900;4900;7.19560e+01;48;1;1;1.00000e+00;1.00000e+00;1.00000e+00;40;9.99828e-01;1.00794e+00;5.83013e-04
nav-lives;me-hebbian-neuron;1;[8];50;5000;5000;7.26980e+01;43;1;1;1.00000e+00;1.00000e+00;1.00000e+00;40;9.99794e-01;1.00610e+00;3.26293e-04
nav-lives;me-hebbian-neuron;2;[8];50;5000;5000;7.33540e+01;49;1;1;1.00000e+00;1.00000e+00;1.00000e+00;40;9.99828e-01;1.00794e+00;5.83013e-04
nav-lives;me-hebbian-neuron;1;[8];51;5100;5100;7.40320e+01;43;1;1;1.00000e+00;1.00000e+00;1.00000e+00;40;9.99794e-01;1.00610e+00;3.26293e-04
nav-lives;me-hebbian-neuron;2;[8];51;5100;5100;7.47470e+01;50;1;1;1.00000e+00;1.00000e+00;1.00000e+00;40;9.99828e-01;1.00794e+00;5.83013e-04
nav-lives;me-hebbian-neuron;1;[8];52;5200;5200;7.54160e+01;44;1;1;1.00000e+00;1.00000e+00;1.00000e+00;40;9.99794e-01;1.00610e+00;3.26293e-04
nav-lives;me-hebbian-neuron;2;[8];52;5200;5200;7.60900e+01;50;1;1;1.00000e+00;1.00000e+00;1.00000e+00;40;9.99828e-01;1.00794e+00;5.83013e-04
nav-lives;me-hebbian-neuron;1;[8];53;5300;5300;7.67770e+01;44;1;1;1.00000e+00;1.00000e+00;1.00000e+00;40;9.99794e-01;1.00610e+00;3.26293e-04
nav-lives;me-hebbian-neuron;2;[8];53;5300;5300;7.74810e+01;50;1;1;1.00000e+00;1.00000e+00;1.00000e+00;40;9.99828e-01;1.00794e+00;5.83013e-04
nav-lives;me-hebbian-neuron;1;[8];54;5400;5400;7.82480e+01;44;1;1;1.00000e+00;1.00000e+00;1.00000e+00;40;9.99794e-01;1.00610e+00;3.26293e-04
nav-lives;me-hebbian-neuron;2;[8];54;5400;5400;7.88850e+01;50;1;1;1.00000e+00;1.00000e+00;1.00000e+00;40;9.99828e-01;1.00794e+00;5.83013e-04
nav-lives;me-hebbian-neuron;1;[8];55;5500;5500;7.95640e+01;44;1;1;1.00000e+00;1.00000e+00;1.00000e+00;40;9.99794e-01;1.00610e+00;3.26293e-04
nav-lives;me-hebbian-neuron;2;[8];55;5500;5500;8.02790e+01;50;1;1;1.00000e+00;1.00000e+00;1.00000e+00;40;9.99828e-01;1.00794e+00;5.83013e-04
nav-lives;me-hebbian-neuron;1;[8];56;5600;5600;8.10110e+01;44;1;1;1.00000e+00;1.00000e+00;1.00000e+00;40;9.99794e-01;1.00610e+00;3.26293e-04
nav-lives;me-hebbian-neuron;2;[8];56;5600;5600;8.17270e+01;50;1;1;1.00000e+00;1.00000e+00;1.00000e+00;40;9.99828e-01;1.00794e+00;5.83013e-04
nav-lives;me-hebbian-neuron;1;[8];57;5700;5700;8.23520e+01;44;1;1;1.00000e+00;1.00000e+00;1.00000e+00;40;9.99794e-01;1.00610e+00;3.26293e-04
nav-lives;me-hebbian-neuron;2;[8];57;5700;5700;8.30450e+01;50;1;1;1.00000e+00;1.00000e+00;1.00000e+00;40;9.99828e-01;1.00794e+00;5.83013e-04
nav-lives;me-hebbian-neuron;1;[8];58;5800;5800;8.37600e+01;44;1;1;1.00000e+00;1.00000e+00;1.00000e+00;40;9.99794e-01;1.00610e+00;3.26293e-04
nav-lives;me-hebbian-neuron;2;[8];58;5800;5800;8.44370e+01;50;1;1;1.00000e+00;1.00000e+00;1.00000e+00;40;9.99828e-01;1.00794e+00;5.83013e-04
nav-lives;me-hebbian-neuron;1;[8];59;5900;5900;8.51720e+01;44;1;1;1.00000e+00;1.00000e+00;1.00000e+00;40;9.99794e-01;1.00610e+00;3.26293e-04
nav-lives;me-hebbian-neuron;2;[8];59;5900;5900;8.58780e+01;50;1;1;1.00000e+00;1.00000e+00;1.00000e+00;40;9.99828e-01;1.00794e+00;5.83013e-04
nav-lives;me-hebbian-neuron;1;[8];60;6000;6000;8.65120e+01;44;1;1;1.00000e+00;1.00000e+00;1.00000e+00;40;9.99794e-01;1.00610e+00;3.26293e-04
nav-lives;me-hebbian-neuron;2;[8];60;6000;6000;8.72300e+01;50;1;1;1.00000e+00;1.00000e+00;1.00000e+00;40;9.99828e-01;1.00794e+00;5.83013e-04
nav-lives;me-hebbian-neuron;1;[8];61;6100;6100;8.79180e+01;45;1;1;1.00000e+00;1.00000e+00;1.00000e+00;40;9.99794e-01;1.00610e+00;3.26293e-04
nav-lives;me-hebbian-neuron;2;[8];61;6100;6100;8.86470e+01;50;1;1;1.00000e+00;1.00000e+00;1.00000e+00;40;9.99828e-01;1.00794e+00;5.83013e-04
nav-lives;me-hebbian-neuron;1;[8];62;6200;6200;8.93710e+01;45;1;1;1.00000e+00;1.00000e+00;1.00000e+00;40;9.99794e-01;1.00610e+00;3.26293e-04
nav-lives;me-hebbian-neuron;2;[8];62;6200;6200;9.00240e+01;50;1;1;1.00000e+00;1.00000e+00;1.00000e+00;40;9.99828e-01;1.00794e+00;5.83013e-04
nav-lives;me-hebbian-neuron;1;[8];63;6300;6300;9.08500e+01;45;1;1;1.00000e+00;1.00000e+00;1.00000e+00;40;9.99794e-01;1.00610e+00;3.26293e-04
nav-lives;me-hebbian-neuron;2;[8];63;6300;6300;9.14140e+01;52;1;1;1.00000e+00;1.00000e+00;1.00000e+00;40;9.99828e-01;1.00794e+00;5.83013e-04
nav-lives;me-hebbian-neuron;1;[8];64;6400;6400;9.21960e+01;45;1;1;1.00000e+00;1.00000e+00;1.00000e+00;40;9.99794e-01;1.00610e+00;3.26293e-04
nav-lives;me-hebbian-neuron;2;[8];64;6400;6400;9.28930e+01;52;1;1;1.00000e+00;1.00000e+00;1.00000e+00;40;9.99828e-01;1.00794e+00;5.83013e-04
nav-lives;me-hebbian-neuron;1;[8];65;6500;6500;9.35270e+01;45;1;1;1.00000e+00;1.00000e+00;1.00000e+00;40;9.99794e-01;1.00610e+00;3.26293e-04
nav-lives;me-hebbian-neuron;2;[8];65;6500;6500;9.42030e+01;52;1;1;1.00000e+00;1.00000e+00;1.00000e+00;40;9.99828e-01;1.00794e+00;5.83013e-04
nav-lives;me-hebbian-neuron;1;[8];66;6600;6600;9.49570e+01;45;1;1;1.00000e+00;1.00000e+00;1.00000e+00;40;9.99794e-01;1.00610e+00;3.26293e-04
nav-lives;me-hebbian-neuron;2;[8];66;6600;6600;9.55820e+01;52;1;1;1.00000e+00;1.00000e+00;1.00000e+00;40;9.99828e-01;1.00794e+00;5.83013e-04
nav-lives;me-hebbian-neuron;1;[8];67;6700;6700;9.63490e+01;45;1;1;1.00000e+00;1.00000e+00;1.00000e+00;40;9.99794e-01;1.00610e+00;3.26293e-04
nav-lives;me-hebbian-neuron;2;[8];67;6700;6700;9.70500e+01;52;1;1;1.00000e+00;1.00000e+00;1.00000e+00;40;9.99828e-01;1.00794e+00;5.83013e-04
nav-lives;me-hebbian-neuron;1;[8];68;6800;6800;9.77640e+01;45;1;1;1.00000e+00;1.00000e+00;1.00000e+00;40;9.99794e-01;1.00610e+00;3.26293e-04
nav-lives;me-hebbian-neuron;2;[8];68;6800;6800;9.84160e+01;53;1;1;1.00000e+00;1.00000e+00;1.00000e+00;40;9.99828e-01;1.00794e+00;5.83013e-04
nav-lives;me-hebbian-neuron;1;[8];69;6900;6900;9.91180e+01;46;1;1;1.00000e+00;1.00000e+00;1.00000e+00;40;9.99794e-01;1.00610e+00;3.26293e-04
nav-lives;me-hebbian-neuron;2;[8];69;6900;6900;9.97840e+01;53;1;1;1.00000e+00;1.00000e+00;1.00000e+00;40;9.99828e-01;1.00794e+00;5.83013e-04
nav-lives;me-hebbian-neuron;1;[8];70;7000;7000;1.00510e+02;46;1;1;1.00000e+00;1.00000e+00;1.00000e+00;40;9.99794e-01;1.00610e+00;3.26293e-04
nav-lives;me-hebbian-neuron;2;[8];70;7000;7000;1.01219e+02;53;1;1;1.00000e+00;1.00000e+00;1.00000e+00;40;9.99828e-01;1.00794e+00;5.83013e-04
nav-lives;me-hebbian-neuron;1;[8];71;7100;7100;1.01904e+02;46;1;1;1.00000e+00;1.00000e+00;1.00000e+00;40;9.99794e-01;1.00610e+00;3.26293e-04
nav-lives;me-hebbian-neuron;2;[8];71;7100;7100;1.02608e+02;53;1;1;1.00000e+00;1.00000e+00;1.00000e+00;40;9.99828e-01;1.00794e+00;5.83013e-04
nav-lives;me-hebbian-neuron;1;[8];72;7200;7200;1.03276e+02;46;1;1;1.00000e+00;1.00000e+00;1.00000e+00;40;9.99896e-01;1.00637e+00;3.16212e-04
nav-lives;me-hebbian-neuron;2;[8];72;7200;7200;1.03979e+02;53;1;1;1.00000e+00;1.00000e+00;1.00000e+00;40;9.99828e-01;1.00794e+00;5.83013e-04
nav-lives;me-hebbian-neuron;1;[8];73;7300;7300;1.04664e+02;46;1;1;1.00000e+00;1.00000e+00;1.00000e+00;40;9.99896e-01;1.00637e+00;3.16212e-04
nav-lives;me-hebbian-neuron;2;[8];73;7300;7300;1.05403e+02;53;1;1;1.00000e+00;1.00000e+00;1.00000e+00;40;9.99828e-01;1.00794e+00;5.83013e-04
nav-lives;me-hebbian-neuron;1;[8];74;7400;7400;1.06077e+02;46;1;1;1.00000e+00;1.00000e+00;1.00000e+00;40;9.99896e-01;1.00637e+00;3.16212e-04
nav-lives;me-hebbian-neuron;2;[8];74;7400;7400;1.06833e+02;53;1;1;1.00000e+00;1.00000e+00;1.00000e+00;40;9.99828e-01;1.00794e+00;5.83013e-04
nav-lives;me-hebbian-neuron;1;[8];75;7500;7500;1.07522e+02;46;1;1;1.00000e+00;1.00000e+00;1.00000e+00;40;9.99896e-01;1.00637e+00;3.16212e-04
nav-lives;me-hebbian-neuron;2;[8];75;7500;7500;1.08175e+02;53;1;1;1.00000e+00;1.00000e+00;1.00000e+00;40;9.99828e-01;1.00794e+00;5.83013e-04
nav-lives;me-hebbian-neuron;1;[8];76;7600;7600;1.08865e+02;46;1;1;1.00000e+00;1.00000e+00;1.00000e+00;40;9.99896e-01;1.00637e+00;3.16212e-04
nav-lives;me-hebbian-neuron;2;[8];76;7600;7600;1.09539e+02;53;1;1;1.00000e+00;1.00000e+00;1.00000e+00;40;9.99828e-01;1.00794e+00;5.83013e-04
nav-lives;me-hebbian-neuron;1;[8];77;7700;7700;1.10276e+02;46;1;1;1.00000e+00;1.00000e+00;1.00000e+00;40;9.99896e-01;1.00637e+00;3.16212e-04
nav-lives;me-hebbian-neuron;2;[8];77;7700;7700;1.10936e+02;53;1;1;1.00000e+00;1.00000e+00;1.00000e+00;40;9.99828e-01;1.00794e+00;5.83013e-04
nav-lives;me-hebbian-neuron;1;[8];78;7800;7800;1.11639e+02;48;1;1;1.00000e+00;1.00000e+00;1.00000e+00;40;9.99896e-01;1.00637e+00;3.16212e-04
nav-lives;me-hebbian-neuron;2;[8];78;7800;7800;1.12350e+02;53;1;1;1.00000e+00;1.00000e+00;1.00000e+00;40;9.99828e-01;1.00794e+00;5.83013e-04
nav-lives;me-hebbian-neuron;1;[8];79;7900;7900;1.13055e+02;48;1;1;1.00000e+00;1.00000e+00;1.00000e+00;40;9.99896e-01;1.00637e+00;3.16212e-04
nav-lives;me-hebbian-neuron;2;[8];79;7900;7900;1.13773e+02;53;1;1;1.00000e+00;1.00000e+00;1.00000e+00;40;9.99828e-01;1.00794e+00;5.83013e-04
nav-lives;me-hebbian-neuron;1;[8];80;8000;8000;1.14469e+02;48;1;1;1.00000e+00;1.00000e+00;1.00000e+00;40;9.99896e-01;1.00637e+00;3.16212e-04
nav-lives;me-hebbian-neuron;2;[8];80;8000;8000;1.15081e+02;54;1;1;1.00000e+00;1.00000e+00;1.00000e+00;40;9.99828e-01;1.00794e+00;5.83013e-04
nav-lives;me-hebbian-neuron;1;[8];81;8100;8100;1.15779e+02;48;1;1;1.00000e+00;1.00000e+00;1.00000e+00;40;9.99896e-01;1.00637e+00;3.16212e-04
nav-lives;me-hebbian-neuron;2;[8];81;8100;8100;1.16485e+02;54;1;1;1.00000e+00;1.00000e+00;1.00000e+00;40;9.99828e-01;1.00794e+00;5.83013e-04
nav-lives;me-hebbian-neuron;1;[8];82;8200;8200;1.17214e+02;49;1;1;1.00000e+00;1.00000e+00;1.00000e+00;40;9.99896e-01;1.00637e+00;3.16212e-04
nav-lives;me-hebbian-neuron;2;[8];82;8200;8200;1.17929e+02;54;1;1;1.00000e+00;1.00000e+00;1.00000e+00;40;9.99828e-01;1.00794e+00;5.83013e-04
nav-lives;me-hebbian-neuron;1;[8];83;8300;8300;1.18642e+02;49;1;1;1.00000e+00;1.00000e+00;1.00000e+00;40;9.99896e-01;1.00637e+00;3.16212e-04
nav-lives;me-hebbian-neuron;2;[8];83;8300;8300;1.19330e+02;54;1;1;1.00000e+00;1.00000e+00;1.00000e+00;40;9.99828e-01;1.00794e+00;5.83013e-04
nav-lives;me-hebbian-neuron;1;[8];84;8400;8400;1.20027e+02;49;1;1;1.00000e+00;1.00000e+00;1.00000e+00;40;9.99896e-01;1.00637e+00;3.16212e-04
nav-lives;me-hebbian-neuron;2;[8];84;8400;8400;1.20724e+02;54;1;1;1.00000e+00;1.00000e+00;1.00000e+00;40;9.99828e-01;1.00794e+00;5.83013e-04
nav-lives;me-hebbian-neuron;1;[8];85;8500;8500;1.21358e+02;49;1;1;1.00000e+00;1.00000e+00;1.00000e+00;40;9.99896e-01;1.00637e+00;3.16212e-04
nav-lives;me-hebbian-neuron;2;[8];85;8500;8500;1.22100e+02;54;1;1;1.00000e+00;1.00000e+00;1.00000e+00;40;9.99828e-01;1.00794e+00;5.83013e-04
nav-lives;me-hebbian-neuron;1;[8];86;8600;8600;1.22793e+02;49;1;1;1.00000e+00;1.00000e+00;1.00000e+00;40;9.99896e-01;1.00637e+00;3.16212e-04
nav-lives;me-hebbian-neuron;2;[8];86;8600;8600;1.23455e+02;55;1;1;1.00000e+00;1.00000e+00;1.00000e+00;40;9.99828e-01;1.00794e+00;5.83013e-04
nav-lives;me-hebbian-neuron;1;[8];87;8700;8700;1.24182e+02;49;1;1;1.00000e+00;1.00000e+00;1.00000e+00;40;9.99896e-01;1.00637e+00;3.16212e-04
nav-lives;me-hebbian-neuron;2;[8];87;8700;8700;1.24851e+02;55;1;1;1.00000e+00;1.00000e+00;1.00000e+00;40;9.99828e-01;1.00794e+00;5.83013e-04
nav-lives;me-hebbian-neuron;1;[8];88;8800;8800;1.25589e+02;49;1;1;1.00000e+00;1.00000e+00;1.00000e+00;40;9.99896e-01;1.00637e+00;3.16212e-04
nav-lives;me-hebbian-neuron;2;[8];88;8800;8800;1.26286e+02;55;1;1;1.00000e+00;1.00000e+00;1.00000e+00;40;9.99828e-01;1.00794e+00;5.83013e-04
nav-lives;me-hebbian-neuron;1;[8];89;8900;8900;1.26961e+02;49;1;1;1.00000e+00;1.00000e+00;1.00000e+00;40;9.99896e-01;1.00637e+00;3.16212e-04
nav-lives;me-hebbian-neuron;2;[8];89;8900;8900;1.27669e+02;55;1;1;1.00000e+00;1.00000e+00;1.00000e+00;40;9.99828e-01;1.00794e+00;5.83013e-04
nav-lives;me-hebbian-neuron;1;[8];90;9000;9000;1.28345e+02;49;1;1;1.00000e+00;1.00000e+00;1.00000e+00;40;9.99896e-01;1.00637e+00;3.16212e-04
nav-lives;me-hebbian-neuron;2;[8];90;9000;9000;1.29058e+02;55;1;1;1.00000e+00;1.00000e+00;1.00000e+00;40;9.99828e-01;1.00794e+00;5.83013e-04
nav-lives;me-hebbian-neuron;1;[8];91;9100;9100;1.29702e+02;49;1;1;1.00000e+00;1.00000e+00;1.00000e+00;40;9.99896e-01;1.00637e+00;3.16212e-04
nav-lives;me-hebbian-neuron;2;[8];91;9100;9100;1.30382e+02;55;1;1;1.00000e+00;1.00000e+00;1.00000e+00;40;9.99828e-01;1.00794e+00;5.83013e-04
nav-lives;me-hebbian-neuron;1;[8];92;9200;9200;1.31119e+02;49;1;1;1.00000e+00;1.00000e+00;1.00000e+00;40;9.99896e-01;1.00637e+00;3.16212e-04
nav-lives;me-hebbian-neuron;2;[8];92;9200;9200;1.31812e+02;55;1;1;1.00000e+00;1.00000e+00;1.00000e+00;40;9.99828e-01;1.00794e+00;5.83013e-04
nav-lives;me-hebbian-neuron;1;[8];93;9300;9300;1.32547e+02;49;1;1;1.00000e+00;1.00000e+00;1.00000e+00;40;9.99896e-01;1.00637e+00;3.16212e-04
nav-lives;me-hebbian-neuron;2;[8];93;9300;9300;1.33295e+02;55;1;1;1.00000e+00;1.00000e+00;1.00000e+00;40;9.99828e-01;1.00794e+00;5.83013e-04
nav-lives;me-hebbian-neuron;1;[8];94;9400;9400;1.33898e+02;49;1;1;1.00000e+00;1.00000e+00;1.00000e+00;40;9.99896e-01;1.00637e+00;3.16212e-04
nav-lives;me-hebbian-neuron;2;[8];94;9400;9400;1.34677e+02;55;1;1;1.00000e+00;1.00000e+00;1.00000e+00;40;9.99828e-01;1.00794e+00;5.83013e-04
nav-lives;me-hebbian-neuron;1;[8];95;9500;9500;1.35444e+02;49;1;1;1.00000e+00;1.00000e+00;1.00000e+00;40;9.99896e-01;1.00637e+00;3.16212e-04
nav-lives;me-hebbian-neuron;2;[8];95;9500;9500;1.35992e+02;55;1;1;1.00000e+00;1.00000e+00;1.00000e+00;40;9.99828e-01;1.00794e+00;5.83013e-04
nav-lives;me-hebbian-neuron;1;[8];96;9600;9600;1.36755e+02;49;1;1;1.00000e+00;1.00000e+00;1.00000e+00;40;9.99896e-01;1.00637e+00;3.16212e-04
nav-lives;me-hebbian-neuron;2;[8];96;9600;9600;1.37466e+02;55;1;1;1.00000e+00;1.00000e+00;1.00000e+00;40;9.99828e-01;1.00794e+00;5.83013e-04
nav-lives;me-hebbian-neuron;1;[8];97;9700;9700;1.38160e+02;49;1;1;1.00000e+00;1.00000e+00;1.00000e+00;40;9.99896e-01;1.00637e+00;3.16212e-04
nav-lives;me-hebbian-neuron;2;[8];97;9700;9700;1.38842e+02;55;1;1;1.00000e+00;1.00000e+00;1.00000e+00;40;9.99828e-01;1.00794e+00;5.83013e-04
nav-lives;me-hebbian-neuron;1;[8];98;9800;9800;1.39498e+02;50;1;1;1.00000e+00;1.00000e+00;1.00000e+00;40;9.99896e-01;1.00637e+00;3.16212e-04
nav-lives;me-hebbian-neuron;2;[8];98;9800;9800;1.40193e+02;55;1;1;1.00000e+00;1.00000e+00;1.00000e+00;40;9.99828e-01;1.00794e+00;5.83013e-04
nav-lives;me-hebbian-neuron;1;[8];99;9900;9900;1.40893e+02;50;1;1;1.00000e+00;1.00000e+00;1.00000e+00;40;9.99896e-01;1.00637e+00;3.16212e-04
nav-lives;me-hebbian-neuron;2;[8];99;9900;9900;1.41591e+02;55;1;1;1.00000e+00;1.00000e+00;1.00000e+00;40;9.99828e-01;1.00794e+00;5.83013e-04
nav-lives;me-hebbian-neuron;1;[8];100;10000;10000;1.42276e+02;51;1;1;1.00000e+00;1.00000e+00;1.00000e+00;40;9.99896e-01;1.00637e+00;3.16212e-04
nav-lives;me-hebbian-neuron;2;[8];100;10000;10000;1.42976e+02;55;1;1;1.00000e+00;1.00000e+00;1.00000e+00;40;9.99828e-01;1.00794e+00;5.83013e-04
nav-lives;me-hebbian-neuron;1;[8];101;10100;10100;1.43678e+02;51;1;1;1.00000e+00;1.00000e+00;1.00000e+00;40;9.99896e-01;1.00637e+00;3.16212e-04
nav-lives;me-hebbian-neuron;2;[8];101;10100;10100;1.44398e+02;55;1;1;1.00000e+00;1.00000e+00;1.00000e+00;40;9.99828e-01;1.00794e+00;5.83013e-04
nav-lives;me-hebbian-neuron;1;[8];102;10200;10200;1.45112e+02;51;1;1;1.00000e+00;1.00000e+00;1.00000e+00;40;9.99896e-01;1.00637e+00;3.16212e-04
nav-lives;me-hebbian-neuron;2;[8];102;10200;10200;1.45797e+02;55;1;1;1.00000e+00;1.00000e+00;1.00000e+00;40;9.99828e-01;1.00794e+00;5.83013e-04
nav-lives;me-hebbian-neuron;1;[8];103;10300;10300;1.46453e+02;51;1;1;1.00000e+00;1.00000e+00;1.00000e+00;40;9.99896e-01;1.00637e+00;3.16212e-04
nav-lives;me-hebbian-neuron;2;[8];103;10300;10300;1.47226e+02;55;1;1;1.00000e+00;1.00000e+00;1.00000e+00;40;9.99828e-01;1.00794e+00;5.83013e-04
nav-lives;me-hebbian-neuron;1;[8];104;10400;10400;1.47810e+02;51;1;1;1.00000e+00;1.00000e+00;1.00000e+00;40;9.99896e-01;1.00637e+00;3.16212e-04
nav-lives;me-hebbian-neuron;2;[8];104;10400;10400;1.48537e+02;56;1;1;1.00000e+00;1.00000e+00;1.00000e+00;40;9.99898e-01;1.00886e+00;6.71656e-04
nav-lives;me-hebbian-neuron;1;[8];105;10500;10500;1.49250e+02;51;1;1;1.00000e+00;1.00000e+00;1.00000e+00;40;9.99896e-01;1.00637e+00;3.16212e-04
nav-lives;me-hebbian-neuron;2;[8];105;10500;10500;1.49932e+02;56;1;1;1.00000e+00;1.00000e+00;1.00000e+00;40;9.99898e-01;1.00886e+00;6.71656e-04
nav-lives;me-hebbian-neuron;1;[8];106;10600;10600;1.50620e+02;51;1;1;1.00000e+00;1.00000e+00;1.00000e+00;40;9.99896e-01;1.00637e+00;3.16212e-04
nav-lives;me-hebbian-neuron;2;[8];106;10600;10600;1.51321e+02;56;1;1;1.00000e+00;1.00000e+00;1.00000e+00;40;9.99898e-01;1.00886e+00;6.71656e-04
nav-lives;me-hebbian-neuron;1;[8];107;10700;10700;1.52036e+02;51;1;1;1.00000e+00;1.00000e+00;1.00000e+00;40;9.99896e-01;1.00637e+00;3.16212e-04
nav-lives;me-hebbian-neuron;2;[8];107;10700;10700;1.52817e+02;56;1;1;1.00000e+00;1.00000e+00;1.00000e+00;40;9.99898e-01;1.00886e+00;6.71656e-04
nav-lives;me-hebbian-neuron;1;[8];108;10800;10800;1.53424e+02;51;1;1;1.00000e+00;1.00000e+00;1.00000e+00;40;9.99896e-01;1.00637e+00;3.16212e-04
nav-lives;me-hebbian-neuron;2;[8];108;10800;10800;1.54134e+02;56;1;1;1.00000e+00;1.00000e+00;1.00000e+00;40;9.99898e-01;1.00886e+00;6.71656e-04
nav-lives;me-hebbian-neuron;1;[8];109;10900;10900;1.54809e+02;51;1;1;1.00000e+00;1.00000e+00;1.00000e+00;40;9.99896e-01;1.00637e+00;3.16212e-04
nav-lives;me-hebbian-neuron;2;[8];109;10900;10900;1.55528e+02;57;1;1;1.00000e+00;1.00000e+00;1.00000e+00;40;9.99898e-01;1.00886e+00;6.71656e-04
nav-lives;me-hebbian-neuron;1;[8];110;11000;11000;1.56255e+02;51;1;1;1.00000e+00;1.00000e+00;1.00000e+00;40;9.99896e-01;1.00637e+00;3.16212e-04
nav-lives;me-hebbian-neuron;2;[8];110;11000;11000;1.56919e+02;57;1;1;1.00000e+00;1.00000e+00;1.00000e+00;40;9.99898e-01;1.00886e+00;6.71656e-04
nav-lives;me-hebbian-neuron;1;[8];111;11100;11100;1.57604e+02;51;1;1;1.00000e+00;1.00000e+00;1.00000e+00;40;9.99896e-01;1.00637e+00;3.16212e-04
nav-lives;me-hebbian-neuron;2;[8];111;11100;11100;1.58288e+02;57;1;1;1.00000e+00;1.00000e+00;1.00000e+00;40;9.99898e-01;1.00886e+00;6.71656e-04
nav-lives;me-hebbian-neuron;1;[8];112;11200;11200;1.58965e+02;51;1;1;1.00000e+00;1.00000e+00;1.00000e+00;40;9.99896e-01;1.00637e+00;3.16212e-04
nav-lives;me-hebbian-neuron;2;[8];112;11200;11200;1.59657e+02;57;1;1;1.00000e+00;1.00000e+00;1.00000e+00;40;9.99898e-01;1.00886e+00;6.71656e-04
nav-lives;me-hebbian-neuron;1;[8];113;11300;11300;1.60335e+02;51;1;1;1.00000e+00;1.00000e+00;1.00000e+00;40;9.99896e-01;1.00637e+00;3.16212e-04
nav-lives;me-hebbian-neuron;2;[8];113;11300;11300;1.61106e+02;57;1;1;1.00000e+00;1.00000e+00;1.00000e+00;40;9.99898e-01;1.00886e+00;6.71656e-04
nav-lives;me-hebbian-neuron;1;[8];114;11400;11400;1.61771e+02;51;1;1;1.00000e+00;1.00000e+00;1.00000e+00;40;9.99896e-01;1.00637e+00;3.16212e-04
nav-lives;me-hebbian-neuron;2;[8];114;11400;11400;1.62465e+02;57;1;1;1.00000e+00;1.00000e+00;1.00000e+00;40;9.99898e-01;1.00886e+00;6.71656e-04
nav-lives;me-hebbian-neuron;1;[8];115;11500;11500;1.63174e+02;51;1;1;1.00000e+00;1.00000e+00;1.00000e+00;40;9.99896e-01;1.00637e+00;3.16212e-04
nav-lives;me-hebbian-neuron;2;[8];115;11500;11500;1.63823e+02;57;1;1;1.00000e+00;1.00000e+00;1.00000e+00;40;9.99898e-01;1.00886e+00;6.71656e-04
nav-lives;me-hebbian-neuron;1;[8];116;11600;11600;1.64544e+02;51;1;1;1.00000e+00;1.00000e+00;1.00000e+00;40;9.99896e-01;1.00637e+00;3.16212e-04
nav-lives;me-hebbian-neuron;2;[8];116;11600;11600;1.65262e+02;57;1;1;1.00000e+00;1.00000e+00;1.00000e+00;40;9.99898e-01;1.00886e+00;6.71656e-04
nav-lives;me-hebbian-neuron;1;[8];117;11700;11700;1.65956e+02;51;1;1;1.00000e+00;1.00000e+00;1.00000e+00;40;9.99896e-01;1.00637e+00;3.16212e-04
nav-lives;me-hebbian-neuron;2;[8];117;11700;11700;1.66608e+02;57;1;1;1.00000e+00;1.00000e+00;1.00000e+00;40;9.99898e-01;1.00886e+00;6.71656e-04
nav-lives;me-hebbian-neuron;1;[8];118;11800;11800;1.67368e+02;51;1;1;1.00000e+00;1.00000e+00;1.00000e+00;40;9.99896e-01;1.00637e+00;3.16212e-04
nav-lives;me-hebbian-neuron;2;[8];118;11800;11800;1.67979e+02;57;1;1;1.00000e+00;1.00000e+00;1.00000e+00;40;9.99898e-01;1.00886e+00;6.71656e-04
nav-lives;me-hebbian-neuron;1;[8];119;11900;11900;1.68667e+02;51;1;1;1.00000e+00;1.00000e+00;1.00000e+00;40;9.99896e-01;1.00637e+00;3.16212e-04
nav-lives;me-hebbian-neuron;2;[8];119;11900;11900;1.69394e+02;57;1;1;1.00000e+00;1.00000e+00;1.00000e+00;40;9.99898e-01;1.00886e+00;6.71656e-04
nav-lives;me-hebbian-neuron;1;[8];120;12000;12000;1.70096e+02;52;1;1;1.00000e+00;1.00000e+00;1.00000e+00;40;9.99896e-01;1.00637e+00;3.16212e-04
nav-lives;me-hebbian-neuron;2;[8];120;12000;12000;1.70828e+02;57;1;1;1.00000e+00;1.00000e+00;1.00000e+00;40;9.99898e-01;1.00886e+00;6.71656e-04
nav-lives;me-hebbian-neuron;1;[8];121;12100;12100;1.71499e+02;52;1;1;1.00000e+00;1.00000e+00;1.00000e+00;40;9.99896e-01;1.00637e+00;3.16212e-04
nav-lives;me-hebbian-neuron;2;[8];121;12100;12100;1.72193e+02;57;1;1;1.00000e+00;1.00000e+00;1.00000e+00;40;9.99898e-01;1.00886e+00;6.71656e-04
nav-lives;me-hebbian-neuron;1;[8];122;12200;12200;1.72890e+02;52;1;1;1.00000e+00;1.00000e+00;1.00000e+00;40;9.99896e-01;1.00637e+00;3.16212e-04
nav-lives;me-hebbian-neuron;2;[8];122;12200;12200;1.73588e+02;57;1;1;1.00000e+00;1.00000e+00;1.00000e+00;40;9.99898e-01;1.00886e+00;6.71656e-04
nav-lives;me-hebbian-neuron;1;[8];123;12300;12300;1.74289e+02;52;1;1;1.00000e+00;1.00000e+00;1.00000e+00;40;9.99896e-01;1.00637e+00;3.16212e-04
nav-lives;me-hebbian-neuron;2;[8];123;12300;12300;1.75000e+02;57;1;1;1.00000e+00;1.00000e+00;1.00000e+00;40;9.99898e-01;1.00886e+00;6.71656e-04
nav-lives;me-hebbian-neuron;1;[8];124;12400;12400;1.75653e+02;52;1;1;1.00000e+00;1.00000e+00;1.00000e+00;40;9.99896e-01;1.00637e+00;3.16212e-04
nav-lives;me-hebbian-neuron;2;[8];124;12400;12400;1.76342e+02;57;1;1;1.00000e+00;1.00000e+00;1.00000e+00;40;9.99898e-01;1.00886e+00;6.71656e-04
nav-lives;me-hebbian-neuron;1;[8];125;12500;12500;1.77024e+02;52;1;1;1.00000e+00;1.00000e+00;1.00000e+00;40;9.99896e-01;1.00637e+00;3.16212e-04
nav-lives;me-hebbian-neuron;2;[8];125;12500;12500;1.77791e+02;57;1;1;1.00000e+00;1.00000e+00;1.00000e+00;40;9.99898e-01;1.00886e+00;6.71656e-04
nav-lives;me-hebbian-neuron;1;[8];126;12600;12600;1.78461e+02;53;1;1;1.00000e+00;1.00000e+00;1.00000e+00;40;9.99896e-01;1.00637e+00;3.16212e-04
nav-lives;me-hebbian-neuron;2;[8];126;12600;12600;1.79229e+02;57;1;1;1.00000e+00;1.00000e+00;1.00000e+00;40;9.99898e-01;1.00886e+00;6.71656e-04
nav-lives;me-hebbian-neuron;1;[8];127;12700;12700;1.79891e+02;53;1;1;1.00000e+00;1.00000e+00;1.00000e+00;40;9.99896e-01;1.00637e+00;3.16212e-04
nav-lives;me-hebbian-neuron;2;[8];127;12700;12700;1.80623e+02;57;1;1;1.00000e+00;1.00000e+00;1.00000e+00;40;9.99898e-01;1.00886e+00;6.71656e-04
nav-lives;me-hebbian-neuron;1;[8];128;12800;12800;1.81245e+02;53;1;1;1.00000e+00;1.00000e+00;1.00000e+00;40;9.99896e-01;1.00637e+00;3.16212e-04
nav-lives;me-hebbian-neuron;2;[8];128;12800;12800;1.81928e+02;57;1;1;1.00000e+00;1.00000e+00;1.00000e+00;40;9.99898e-01;1.00886e+00;6.71656e-04
nav-lives;me-hebbian-neuron;1;[8];129;12900;12900;1.82672e+02;53;1;1;1.00000e+00;1.00000e+00;1.00000e+00;40;9.99896e-01;1.00637e+00;3.16212e-04
nav-lives;me-hebbian-neuron;2;[8];129;12900;12900;1.83373e+02;57;1;1;1.00000e+00;1.00000e+00;1.00000e+00;40;9.99898e-01;1.00886e+00;6.71656e-04
nav-lives;me-hebbian-neuron;1;[8];130;13000;13000;1.84039e+02;53;1;1;1.00000e+00;1.00000e+00;1.00000e+00;40;9.99896e-01;1.00637e+00;3.16212e-04
nav-lives;me-hebbian-neuron;2;[8];130;13000;13000;1.84807e+02;57;1;1;1.00000e+00;1.00000e+00;1.00000e+00;40;9.99898e-01;1.00886e+00;6.71656e-04
nav-lives;me-hebbian-neuron;1;[8];131;13100;13100;1.85482e+02;54;1;1;1.00000e+00;1.00000e+00;1.00000e+00;40;9.99896e-01;1.00637e+00;3.16212e-04
nav-lives;me-hebbian-neuron;2;[8];131;13100;13100;1.86190e+02;58;1;1;1.00000e+00;1.00000e+00;1.00000e+00;40;9.99917e-01;1.00738e+00;3.61971e-04
nav-lives;me-hebbian-neuron;1;[8];132;13200;13200;1.86872e+02;54;1;1;1.00000e+00;1.00000e+00;1.00000e+00;40;9.99896e-01;1.00637e+00;3.16212e-04
nav-lives;me-hebbian-neuron;2;[8];132;13200;13200;1.87591e+02;58;1;1;1.00000e+00;1.00000e+00;1.00000e+00;40;9.99917e-01;1.00738e+00;3.61971e-04
nav-lives;me-hebbian-neuron;1;[8];133;13300;13300;1.88265e+02;54;1;1;1.00000e+00;1.00000e+00;1.00000e+00;40;9.99896e-01;1.00637e+00;3.16212e-04
nav-lives;me-hebbian-neuron;2;[8];133;13300;13300;1.88920e+02;60;1;1;1.00000e+00;1.00000e+00;1.00000e+00;40;9.99917e-01;1.00738e+00;3.61971e-04
nav-lives;me-hebbian-neuron;1;[8];134;13400;13400;1.89690e+02;54;1;1;1.00000e+00;1.00000e+00;1.00000e+00;40;9.99896e-01;1.00637e+00;3.16212e-04
nav-lives;me-hebbian-neuron;2;[8];134;13400;13400;1.90396e+02;60;1;1;1.00000e+00;1.00000e+00;1.00000e+00;40;9.99917e-01;1.00738e+00;3.61971e-04
nav-lives;me-hebbian-neuron;1;[8];135;13500;13500;1.91038e+02;54;1;1;1.00000e+00;1.00000e+00;1.00000e+00;40;9.99896e-01;1.00637e+00;3.16212e-04
nav-lives;me-hebbian-neuron;2;[8];135;13500;13500;1.91726e+02;60;1;1;1.00000e+00;1.00000e+00;1.00000e+00;40;9.99917e-01;1.00738e+00;3.61971e-04
nav-lives;me-hebbian-neuron;1;[8];136;13600;13600;1.92454e+02;54;1;1;1.00000e+00;1.00000e+00;1.00000e+00;40;9.99896e-01;1.00637e+00;3.16212e-04
nav-lives;me-hebbian-neuron;2;[8];136;13600;13600;1.93095e+02;60;1;1;1.00000e+00;1.00000e+00;1.00000e+00;40;9.99917e-01;1.00738e+00;3.61971e-04
nav-lives;me-hebbian-neuron;1;[8];137;13700;13700;1.93810e+02;55;1;1;1.00000e+00;1.00000e+00;1.00000e+00;40;9.99896e-01;1.00637e+00;3.16212e-04
nav-lives;me-hebbian-neuron;2;[8];137;13700;13700;1.94512e+02;60;1;1;1.00000e+00;1.00000e+00;1.00000e+00;40;9.99917e-01;1.00738e+00;3.61971e-04
nav-lives;me-hebbian-neuron;1;[8];138;13800;13800;1.95209e+02;55;1;1;1.00000e+00;1.00000e+00;1.00000e+00;40;9.99896e-01;1.00637e+00;3.16212e-04
nav-lives;me-hebbian-neuron;2;[8];138;13800;13800;1.95885e+02;60;1;1;1.00000e+00;1.00000e+00;1.00000e+00;40;9.99917e-01;1.00738e+00;3.61971e-04
nav-lives;me-hebbian-neuron;1;[8];139;13900;13900;1.96579e+02;56;1;1;1.00000e+00;1.00000e+00;1.00000e+00;40;9.99896e-01;1.00637e+00;3.16212e-04
nav-lives;me-hebbian-neuron;2;[8];139;13900;13900;1.97267e+02;61;1;1;1.00000e+00;1.00000e+00;1.00000e+00;40;9.99917e-01;1.00738e+00;3.61971e-04
nav-lives;me-hebbian-neuron;1;[8];140;14000;14000;1.97969e+02;56;1;1;1.00000e+00;1.00000e+00;1.00000e+00;40;9.99896e-01;1.00637e+00;3.16212e-04
nav-lives;me-hebbian-neuron;2;[8];140;14000;14000;1.98705e+02;61;1;1;1.00000e+00;1.00000e+00;1.00000e+00;40;9.99917e-01;1.00738e+00;3.61971e-04
nav-lives;me-hebbian-neuron;1;[8];141;14100;14100;1.99324e+02;56;1;1;1.00000e+00;1.00000e+00;1.00000e+00;40;9.99896e-01;1.00637e+00;3.16212e-04
nav-lives;me-hebbian-neuron;2;[8];141;14100;14100;2.00005e+02;61;1;1;1.00000e+00;1.00000e+00;1.00000e+00;40;9.99917e-01;1.00738e+00;3.61971e-04
nav-lives;me-hebbian-neuron;1;[8];142;14200;14200;2.00816e+02;56;1;1;1.00000e+00;1.00000e+00;1.00000e+00;40;9.99896e-01;1.00637e+00;3.16212e-04
nav-lives;me-hebbian-neuron;2;[8];142;14200;14200;2.01474e+02;61;1;1;1.00000e+00;1.00000e+00;1.00000e+00;40;9.99917e-01;1.00738e+00;3.61971e-04
nav-lives;me-hebbian-neuron;1;[8];143;14300;14300;2.02164e+02;56;1;1;1.00000e+00;1.00000e+00;1.00000e+00;40;9.99896e-01;1.00637e+00;3.16212e-04
nav-lives;me-hebbian-neuron;2;[8];143;14300;14300;2.02865e+02;61;1;1;1.00000e+00;1.00000e+00;1.00000e+00;40;9.99917e-01;1.00738e+00;3.61971e-04
nav-lives;me-hebbian-neuron;1;[8];144;14400;14400;2.03556e+02;56;1;1;1.00000e+00;1.00000e+00;1.00000e+00;40;9.99896e-01;1.00637e+00;3.16212e-04
nav-lives;me-hebbian-neuron;2;[8];144;14400;14400;2.04238e+02;61;1;1;1.00000e+00;1.00000e+00;1.00000e+00;40;9.99917e-01;1.00738e+00;3.61971e-04
nav-lives;me-hebbian-neuron;1;[8];145;14500;14500;2.04949e+02;56;1;1;1.00000e+00;1.00000e+00;1.00000e+00;40;9.99896e-01;1.00637e+00;3.16212e-04
nav-lives;me-hebbian-neuron;2;[8];145;14500;14500;2.05626e+02;61;1;1;1.00000e+00;1.00000e+00;1.00000e+00;40;9.99917e-01;1.00738e+00;3.61971e-04
nav-lives;me-hebbian-neuron;1;[8];146;14600;14600;2.06317e+02;56;1;1;1.00000e+00;1.00000e+00;1.00000e+00;40;9.99896e-01;1.00637e+00;3.16212e-04
nav-lives;me-hebbian-neuron;2;[8];146;14600;14600;2.07017e+02;61;1;1;1.00000e+00;1.00000e+00;1.00000e+00;40;9.99917e-01;1.00738e+00;3.61971e-04
nav-lives;me-hebbian-neuron;1;[8];147;14700;14700;2.07690e+02;56;1;1;1.00000e+00;1.00000e+00;1.00000e+00;40;9.99896e-01;1.00637e+00;3.16212e-04
nav-lives;me-hebbian-neuron;2;[8];147;14700;14700;2.08405e+02;61;1;1;1.00000e+00;1.00000e+00;1.00000e+00;40;9.99917e-01;1.00738e+00;3.61971e-04
nav-lives;me-hebbian-neuron;1;[8];148;14800;14800;2.09083e+02;56;1;1;1.00000e+00;1.00000e+00;1.00000e+00;40;9.99896e-01;1.00637e+00;3.16212e-04
nav-lives;me-hebbian-neuron;2;[8];148;14800;14800;2.09781e+02;61;1;1;1.00000e+00;1.00000e+00;1.00000e+00;40;9.99917e-01;1.00738e+00;3.61971e-04
nav-lives;me-hebbian-neuron;1;[8];149;14900;14900;2.10471e+02;56;1;1;1.00000e+00;1.00000e+00;1.00000e+00;40;9.99896e-01;1.00637e+00;3.16212e-04
nav-lives;me-hebbian-neuron;2;[8];149;14900;14900;2.11217e+02;61;1;1;1.00000e+00;1.00000e+00;1.00000e+00;40;9.99917e-01;1.00738e+00;3.61971e-04
nav-lives;me-hebbian-neuron;1;[8];150;15000;15000;2.11922e+02;56;1;1;1.00000e+00;1.00000e+00;1.00000e+00;40;9.99896e-01;1.00637e+00;3.16212e-04
nav-lives;me-hebbian-neuron;2;[8];150;15000;15000;2.12612e+02;61;1;1;1.00000e+00;1.00000e+00;1.00000e+00;40;9.99917e-01;1.00738e+00;3.61971e-04
nav-lives;me-hebbian-neuron;1;[8];151;15100;15100;2.13280e+02;56;1;1;1.00000e+00;1.00000e+00;1.00000e+00;40;9.99896e-01;1.00637e+00;3.16212e-04
nav-lives;me-hebbian-neuron;2;[8];151;15100;15100;2.13968e+02;61;1;1;1.00000e+00;1.00000e+00;1.00000e+00;40;9.99917e-01;1.00738e+00;3.61971e-04
nav-lives;me-hebbian-neuron;1;[8];152;15200;15200;2.14660e+02;57;1;1;1.00000e+00;1.00000e+00;1.00000e+00;40;9.99896e-01;1.00637e+00;3.16212e-04
nav-lives;me-hebbian-neuron;2;[8];152;15200;15200;2.15368e+02;61;1;1;1.00000e+00;1.00000e+00;1.00000e+00;40;9.99917e-01;1.00738e+00;3.61971e-04
nav-lives;me-hebbian-neuron;1;[8];153;15300;15300;2.16032e+02;57;1;1;1.00000e+00;1.00000e+00;1.00000e+00;40;9.99896e-01;1.00637e+00;3.16212e-04
nav-lives;me-hebbian-neuron;2;[8];153;15300;15300;2.16807e+02;61;1;1;1.00000e+00;1.00000e+00;1.00000e+00;40;9.99917e-01;1.00738e+00;3.61971e-04
nav-lives;me-hebbian-neuron;1;[8];154;15400;15400;2.17479e+02;57;1;1;1.00000e+00;1.00000e+00;1.00000e+00;40;9.99896e-01;1.00637e+00;3.16212e-04
nav-lives;me-hebbian-neuron;2;[8];154;15400;15400;2.18138e+02;61;1;1;1.00000e+00;1.00000e+00;1.00000e+00;40;9.99917e-01;1.00738e+00;3.61971e-04
nav-lives;me-hebbian-neuron;1;[8];155;15500;15500;2.18950e+02;57;1;1;1.00000e+00;1.00000e+00;1.00000e+00;40;9.99896e-01;1.00637e+00;3.16212e-04
nav-lives;me-hebbian-neuron;2;[8];155;15500;15500;2.19537e+02;61;1;1;1.00000e+00;1.00000e+00;1.00000e+00;40;9.99917e-01;1.00738e+00;3.61971e-04
nav-lives;me-hebbian-neuron;1;[8];156;15600;15600;2.20232e+02;58;1;1;1.00000e+00;1.00000e+00;1.00000e+00;40;9.99896e-01;1.00637e+00;3.16212e-04
nav-lives;me-hebbian-neuron;2;[8];156;15600;15600;2.20940e+02;61;1;1;1.00000e+00;1.00000e+00;1.00000e+00;40;9.99917e-01;1.00738e+00;3.61971e-04
nav-lives;me-hebbian-neuron;1;[8];157;15700;15700;2.21689e+02;58;1;1;1.00000e+00;1.00000e+00;1.00000e+00;40;9.99896e-01;1.00637e+00;3.16212e-04
nav-lives;me-hebbian-neuron;2;[8];157;15700;15700;2.22330e+02;62;1;1;1.00000e+00;1.00000e+00;1.00000e+00;40;9.99917e-01;1.00738e+00;3.61971e-04
nav-lives;me-hebbian-neuron;1;[8];158;15800;15800;2.23024e+02;58;1;1;1.00000e+00;1.00000e+00;1.00000e+00;40;9.99896e-01;1.00637e+00;3.16212e-04
nav-lives;me-hebbian-neuron;2;[8];158;15800;15800;2.23735e+02;62;1;1;1.00000e+00;1.00000e+00;1.00000e+00;40;9.99917e-01;1.00738e+00;3.61971e-04
nav-lives;me-hebbian-neuron;1;[8];159;15900;15900;2.24420e+02;58;1;1;1.00000e+00;1.00000e+00;1.00000e+00;40;9.99896e-01;1.00637e+00;3.16212e-04
nav-lives;me-hebbian-neuron;2;[8];159;15900;15900;2.25157e+02;62;1;1;1.00000e+00;1.00000e+00;1.00000e+00;40;9.99917e-01;1.00738e+00;3.61971e-04
nav-lives;me-hebbian-neuron;1;[8];160;16000;16000;2.25828e+02;58;1;1;1.00000e+00;1.00000e+00;1.00000e+00;40;9.99896e-01;1.00637e+00;3.16212e-04
nav-lives;me-hebbian-neuron;2;[8];160;16000;16000;2.26564e+02;62;1;1;1.00000e+00;1.00000e+00;1.00000e+00;40;9.99917e-01;1.00738e+00;3.61971e-04
nav-lives;me-hebbian-neuron;1;[8];161;16100;16100;2.27183e+02;58;1;1;1.00000e+00;1.00000e+00;1.00000e+00;40;9.99896e-01;1.00637e+00;3.16212e-04
nav-lives;me-hebbian-neuron;2;[8];161;16100;16100;2.27991e+02;62;1;1;1.00000e+00;1.00000e+00;1.00000e+00;40;9.99917e-01;1.00738e+00;3.61971e-04
nav-lives;me-hebbian-neuron;1;[8];162;16200;16200;2.28679e+02;58;1;1;1.00000e+00;1.00000e+00;1.00000e+00;40;9.99896e-01;1.00637e+00;3.16212e-04
nav-lives;me-hebbian-neuron;2;[8];162;16200;16200;2.29382e+02;62;1;1;1.00000e+00;1.00000e+00;1.00000e+00;40;9.99917e-01;1.00738e+00;3.61971e-04
nav-lives;me-hebbian-neuron;1;[8];163;16300;16300;2.30081e+02;58;1;1;1.00000e+00;1.00000e+00;1.00000e+00;40;9.99896e-01;1.00637e+00;3.16212e-04
nav-lives;me-hebbian-neuron;2;[8];163;16300;16300;2.30744e+02;62;1;1;1.00000e+00;1.00000e+00;1.00000e+00;40;9.99917e-01;1.00738e+00;3.61971e-04
nav-lives;me-hebbian-neuron;1;[8];164;16400;16400;2.31465e+02;58;1;1;1.00000e+00;1.00000e+00;1.00000e+00;40;9.99896e-01;1.00637e+00;3.16212e-04
nav-lives;me-hebbian-neuron;2;[8];164;16400;16400;2.32115e+02;62;1;1;1.00000e+00;1.00000e+00;1.00000e+00;40;9.99917e-01;1.00738e+00;3.61971e-04
nav-lives;me-hebbian-neuron;1;[8];165;16500;16500;2.32816e+02;58;1;1;1.00000e+00;1.00000e+00;1.00000e+00;40;9.99896e-01;1.00637e+00;3.16212e-04
nav-lives;me-hebbian-neuron;2;[8];165;16500;16500;2.33501e+02;62;1;1;1.00000e+00;1.00000e+00;1.00000e+00;40;9.99917e-01;1.00738e+00;3.61971e-04
nav-lives;me-hebbian-neuron;1;[8];166;16600;16600;2.34216e+02;59;1;1;1.00000e+00;1.00000e+00;1.00000e+00;40;9.99896e-01;1.00637e+00;3.16212e-04
nav-lives;me-hebbian-neuron;2;[8];166;16600;16600;2.34905e+02;62;1;1;1.00000e+00;1.00000e+00;1.00000e+00;40;9.99917e-01;1.00738e+00;3.61971e-04
nav-lives;me-hebbian-neuron;1;[8];167;16700;16700;2.35632e+02;59;1;1;1.00000e+00;1.00000e+00;1.00000e+00;40;9.99896e-01;1.00637e+00;3.16212e-04
nav-lives;me-hebbian-neuron;2;[8];167;16700;16700;2.36301e+02;62;1;1;1.00000e+00;1.00000e+00;1.00000e+00;40;9.99917e-01;1.00738e+00;3.61971e-04
nav-lives;me-hebbian-neuron;1;[8];168;16800;16800;2.37016e+02;59;1;1;1.00000e+00;1.00000e+00;1.00000e+00;40;9.99896e-01;1.00637e+00;3.16212e-04
nav-lives;me-hebbian-neuron;2;[8];168;16800;16800;2.37661e+02;62;1;1;1.00000e+00;1.00000e+00;1.00000e+00;40;9.99917e-01;1.00738e+00;3.61971e-04
nav-lives;me-hebbian-neuron;1;[8];169;16900;16900;2.38439e+02;59;1;1;1.00000e+00;1.00000e+00;1.00000e+00;40;9.99896e-01;1.00637e+00;3.16212e-04
nav-lives;me-hebbian-neuron;2;[8];169;16900;16900;2.39089e+02;62;1;1;1.00000e+00;1.00000e+00;1.00000e+00;40;9.99917e-01;1.00738e+00;3.61971e-04
nav-lives;me-hebbian-neuron;1;[8];170;17000;17000;2.39813e+02;59;1;1;1.00000e+00;1.00000e+00;1.00000e+00;40;9.99896e-01;1.00637e+00;3.16212e-04
nav-lives;me-hebbian-neuron;2;[8];170;17000;17000;2.40430e+02;62;1;1;1.00000e+00;1.00000e+00;1.00000e+00;40;9.99917e-01;1.00738e+00;3.61971e-04
nav-lives;me-hebbian-neuron;1;[8];171;17100;17100;2.41105e+02;59;1;1;1.00000e+00;1.00000e+00;1.00000e+00;40;9.99900e-01;1.00631e+00;1.25165e-04
nav-lives;me-hebbian-neuron;2;[8];171;17100;17100;2.41795e+02;62;1;1;1.00000e+00;1.00000e+00;1.00000e+00;40;9.99917e-01;1.00738e+00;3.61971e-04
nav-lives;me-hebbian-neuron;1;[8];172;17200;17200;2.42591e+02;59;1;1;1.00000e+00;1.00000e+00;1.00000e+00;40;9.99900e-01;1.00631e+00;1.25165e-04
nav-lives;me-hebbian-neuron;2;[8];172;17200;17200;2.43236e+02;62;1;1;1.00000e+00;1.00000e+00;1.00000e+00;40;9.99917e-01;1.00738e+00;3.61971e-04
nav-lives;me-hebbian-neuron;1;[8];173;17300;17300;2.43978e+02;59;1;1;1.00000e+00;1.00000e+00;1.00000e+00;40;9.99900e-01;1.00631e+00;1.25165e-04
nav-lives;me-hebbian-neuron;2;[8];173;17300;17300;2.44609e+02;62;1;1;1.00000e+00;1.00000e+00;1.00000e+00;40;9.99917e-01;1.00738e+00;3.61971e-04
nav-lives;me-hebbian-neuron;1;[8];174;17400;17400;2.45308e+02;59;1;1;1.00000e+00;1.00000e+00;1.00000e+00;40;9.99935e-01;1.00654e+00;2.27439e-04
nav-lives;me-hebbian-neuron;2;[8];174;17400;17400;2.46134e+02;62;1;1;1.00000e+00;1.00000e+00;1.00000e+00;40;9.99917e-01;1.00738e+00;3.61971e-04
nav-lives;me-hebbian-neuron;1;[8];175;17500;17500;2.46650e+02;59;1;1;1.00000e+00;1.00000e+00;1.00000e+00;40;9.99935e-01;1.00654e+00;2.27439e-04
nav-lives;me-hebbian-neuron;2;[8];175;17500;17500;2.47399e+02;62;1;1;1.00000e+00;1.00000e+00;1.00000e+00;40;9.99917e-01;1.00738e+00;3.61971e-04
nav-lives;me-hebbian-neuron;1;[8];176;17600;17600;2.48172e+02;59;1;1;1.00000e+00;1.00000e+00;1.00000e+00;40;9.99935e-01;1.00654e+00;2.27439e-04
nav-lives;me-hebbian-neuron;2;[8];176;17600;17600;2.48793e+02;62;1;1;1.00000e+00;1.00000e+00;1.00000e+00;40;9.99917e-01;1.00738e+00;3.61971e-04
nav-lives;me-hebbian-neuron;1;[8];177;17700;17700;2.49482e+02;59;1;1;1.00000e+00;1.00000e+00;1.00000e+00;40;9.99935e-01;1.00654e+00;2.27439e-04
nav-lives;me-hebbian-neuron;2;[8];177;17700;17700;2.50171e+02;62;1;1;1.00000e+00;1.00000e+00;1.00000e+00;40;9.99917e-01;1.00738e+00;3.61971e-04
nav-lives;me-hebbian-neuron;1;[8];178;17800;17800;2.50865e+02;59;1;1;1.00000e+00;1.00000e+00;1.00000e+00;40;9.99935e-01;1.00654e+00;2.27439e-04
nav-lives;me-hebbian-neuron;2;[8];178;17800;17800;2.51546e+02;62;1;1;1.00000e+00;1.00000e+00;1.00000e+00;40;9.99917e-01;1.00738e+00;3.61971e-04
nav-lives;me-hebbian-neuron;1;[8];179;17900;17900;2.52258e+02;59;1;1;1.00000e+00;1.00000e+00;1.00000e+00;40;9.99935e-01;1.00654e+00;2.27439e-04
nav-lives;me-hebbian-neuron;2;[8];179;17900;17900;2.53009e+02;62;1;1;1.00000e+00;1.00000e+00;1.00000e+00;40;9.99917e-01;1.00738e+00;3.61971e-04
nav-lives;me-hebbian-neuron;1;[8];180;18000;18000;2.53762e+02;59;1;1;1.00000e+00;1.00000e+00;1.00000e+00;40;9.99935e-01;1.00654e+00;2.27439e-04
nav-lives;me-hebbian-neuron;2;[8];180;18000;18000;2.54402e+02;62;1;1;1.00000e+00;1.00000e+00;1.00000e+00;40;9.99917e-01;1.00738e+00;3.61971e-04
nav-lives;me-hebbian-neuron;1;[8];181;18100;18100;2.55068e+02;59;1;1;1.00000e+00;1.00000e+00;1.00000e+00;40;9.99935e-01;1.00654e+00;2.27439e-04
nav-lives;me-hebbian-neuron;2;[8];181;18100;18100;2.55840e+02;62;1;1;1.00000e+00;1.00000e+00;1.00000e+00;40;9.99917e-01;1.00738e+00;3.61971e-04
nav-lives;me-hebbian-neuron;1;[8];182;18200;18200;2.56479e+02;59;1;1;1.00000e+00;1.00000e+00;1.00000e+00;40;9.99935e-01;1.00654e+00;2.27439e-04
nav-lives;me-hebbian-neuron;2;[8];182;18200;18200;2.57140e+02;62;1;1;1.00000e+00;1.00000e+00;1.00000e+00;40;9.99917e-01;1.00738e+00;3.61971e-04
nav-lives;me-hebbian-neuron;1;[8];183;18300;18300;2.57834e+02;59;1;1;1.00000e+00;1.00000e+00;1.00000e+00;40;9.99935e-01;1.00654e+00;2.27439e-04
nav-lives;me-hebbian-neuron;2;[8];183;18300;18300;2.58521e+02;62;1;1;1.00000e+00;1.00000e+00;1.00000e+00;40;9.99917e-01;1.00738e+00;3.61971e-04
nav-lives;me-hebbian-neuron;1;[8];184;18400;18400;2.59252e+02;59;1;1;1.00000e+00;1.00000e+00;1.00000e+00;40;9.99935e-01;1.00654e+00;2.27439e-04
nav-lives;me-hebbian-neuron;2;[8];184;18400;18400;2.59975e+02;62;1;1;1.00000e+00;1.00000e+00;1.00000e+00;40;9.99917e-01;1.00738e+00;3.61971e-04
nav-lives;me-hebbian-neuron;1;[8];185;18500;18500;2.60699e+02;59;1;1;1.00000e+00;1.00000e+00;1.00000e+00;40;9.99935e-01;1.00654e+00;2.27439e-04
nav-lives;me-hebbian-neuron;2;[8];185;18500;18500;2.61269e+02;62;1;1;1.00000e+00;1.00000e+00;1.00000e+00;40;9.99917e-01;1.00738e+00;3.61971e-04
nav-lives;me-hebbian-neuron;1;[8];186;18600;18600;2.62003e+02;59;1;1;1.00000e+00;1.00000e+00;1.00000e+00;40;9.99935e-01;1.00654e+00;2.27439e-04
nav-lives;me-hebbian-neuron;2;[8];186;18600;18600;2.62773e+02;62;1;1;1.00000e+00;1.00000e+00;1.00000e+00;40;9.99917e-01;1.00738e+00;3.61971e-04
nav-lives;me-hebbian-neuron;1;[8];187;18700;18700;2.63480e+02;59;1;1;1.00000e+00;1.00000e+00;1.00000e+00;40;9.99935e-01;1.00654e+00;2.27439e-04
nav-lives;me-hebbian-neuron;2;[8];187;18700;18700;2.64174e+02;62;1;1;1.00000e+00;1.00000e+00;1.00000e+00;40;9.99917e-01;1.00738e+00;3.61971e-04
nav-lives;me-hebbian-neuron;1;[8];188;18800;18800;2.64903e+02;59;1;1;1.00000e+00;1.00000e+00;1.00000e+00;40;9.99935e-01;1.00654e+00;2.27439e-04
nav-lives;me-hebbian-neuron;2;[8];188;18800;18800;2.65556e+02;63;1;1;1.00000e+00;1.00000e+00;1.00000e+00;40;9.99917e-01;1.00738e+00;3.61971e-04
nav-lives;me-hebbian-neuron;1;[8];189;18900;18900;2.66251e+02;59;1;1;1.00000e+00;1.00000e+00;1.00000e+00;40;9.99935e-01;1.00654e+00;2.27439e-04
nav-lives;me-hebbian-neuron;2;[8];189;18900;18900;2.66906e+02;63;1;1;1.00000e+00;1.00000e+00;1.00000e+00;40;9.99917e-01;1.00738e+00;3.61971e-04
nav-lives;me-hebbian-neuron;1;[8];190;19000;19000;2.67586e+02;59;1;1;1.00000e+00;1.00000e+00;1.00000e+00;40;9.99935e-01;1.00654e+00;2.27439e-04
nav-lives;me-hebbian-neuron;2;[8];190;19000;19000;2.68304e+02;63;1;1;1.00000e+00;1.00000e+00;1.00000e+00;40;9.99917e-01;1.00738e+00;3.61971e-04
nav-lives;me-hebbian-neuron;1;[8];191;19100;19100;2.69013e+02;59;1;1;1.00000e+00;1.00000e+00;1.00000e+00;40;9.99935e-01;1.00654e+00;2.27439e-04
nav-lives;me-hebbian-neuron;2;[8];191;19100;19100;2.69690e+02;63;1;1;1.00000e+00;1.00000e+00;1.00000e+00;40;9.99917e-01;1.00738e+00;3.61971e-04
nav-lives;me-hebbian-neuron;1;[8];192;19200;19200;2.70441e+02;59;1;1;1.00000e+00;1.00000e+00;1.00000e+00;40;9.99935e-01;1.00654e+00;2.27439e-04
nav-lives;me-hebbian-neuron;2;[8];192;19200;19200;2.71071e+02;63;1;1;1.00000e+00;1.00000e+00;1.00000e+00;40;9.99917e-01;1.00738e+00;3.61971e-04
nav-lives;me-hebbian-neuron;1;[8];193;19300;19300;2.71759e+02;59;1;1;1.00000e+00;1.00000e+00;1.00000e+00;40;9.99935e-01;1.00654e+00;2.27439e-04
nav-lives;me-hebbian-neuron;2;[8];193;19300;19300;2.72473e+02;63;1;1;1.00000e+00;1.00000e+00;1.00000e+00;40;9.99917e-01;1.00738e+00;3.61971e-04
nav-lives;me-hebbian-neuron;1;[8];194;19400;19400;2.73349e+02;59;1;1;1.00000e+00;1.00000e+00;1.00000e+00;40;9.99935e-01;1.00654e+00;2.27439e-04
nav-lives;me-hebbian-neuron;2;[8];194;19400;19400;2.73826e+02;64;1;1;1.00000e+00;1.00000e+00;1.00000e+00;40;9.99917e-01;1.00738e+00;3.61971e-04
nav-lives;me-hebbian-neuron;1;[8];195;19500;19500;2.74611e+02;59;1;1;1.00000e+00;1.00000e+00;1.00000e+00;40;9.99935e-01;1.00654e+00;2.27439e-04
nav-lives;me-hebbian-neuron;2;[8];195;19500;19500;2.75316e+02;64;1;1;1.00000e+00;1.00000e+00;1.00000e+00;40;9.99917e-01;1.00738e+00;3.61971e-04
nav-lives;me-hebbian-neuron;1;[8];196;19600;19600;2.75976e+02;59;1;1;1.00000e+00;1.00000e+00;1.00000e+00;40;9.99935e-01;1.00654e+00;2.27439e-04
nav-lives;me-hebbian-neuron;2;[8];196;19600;19600;2.76675e+02;64;1;1;1.00000e+00;1.00000e+00;1.00000e+00;40;9.99917e-01;1.00738e+00;3.61971e-04
nav-lives;me-hebbian-neuron;1;[8];197;19700;19700;2.77388e+02;59;1;1;1.00000e+00;1.00000e+00;1.00000e+00;40;9.99935e-01;1.00654e+00;2.27439e-04
nav-lives;me-hebbian-neuron;2;[8];197;19700;19700;2.78040e+02;64;1;1;1.00000e+00;1.00000e+00;1.00000e+00;40;9.99917e-01;1.00738e+00;3.61971e-04
nav-lives;me-hebbian-neuron;1;[8];198;19800;19800;2.78731e+02;60;1;1;1.00000e+00;1.00000e+00;1.00000e+00;40;9.99935e-01;1.00654e+00;2.27439e-04
nav-lives;me-hebbian-neuron;2;[8];198;19800;19800;2.79514e+02;64;1;1;1.00000e+00;1.00000e+00;1.00000e+00;40;9.99917e-01;1.00738e+00;3.61971e-04
nav-lives;me-hebbian-neuron;1;[8];199;19900;19900;2.80199e+02;60;1;1;1.00000e+00;1.00000e+00;1.00000e+00;40;9.99935e-01;1.00654e+00;2.27439e-04
nav-lives;me-hebbian-neuron;2;[8];199;19900;19900;2.80856e+02;64;1;1;1.00000e+00;1.00000e+00;1.00000e+00;40;9.99917e-01;1.00738e+00;3.61971e-04
nav-lives;me-hebbian-neuron;1;[8];200;20000;20000;2.81551e+02;60;1;1;1.00000e+00;1.00000e+00;1.00000e+00;40;9.99935e-01;1.00654e+00;2.27439e-04
nav-lives;me-hebbian-neuron;2;[8];200;20000;20000;2.82254e+02;64;1;1;1.00000e+00;1.00000e+00;1.00000e+00;40;9.99917e-01;1.00738e+00;3.61971e-04
nav-lives;me-hebbian-neuron;1;[8];201;20100;20100;2.82956e+02;60;1;1;1.00000e+00;1.00000e+00;1.00000e+00;40;9.99935e-01;1.00654e+00;2.27439e-04
nav-lives;me-hebbian-neuron;2;[8];201;20100;20100;2.83623e+02;64;1;1;1.00000e+00;1.00000e+00;1.00000e+00;40;9.99917e-01;1.00738e+00;3.61971e-04
nav-lives;me-hebbian-neuron;1;[8];202;20200;20200;2.84339e+02;60;1;1;1.00000e+00;1.00000e+00;1.00000e+00;40;9.99935e-01;1.00654e+00;2.27439e-04
nav-lives;me-hebbian-neuron;2;[8];202;20200;20200;2.85003e+02;64;1;1;1.00000e+00;1.00000e+00;1.00000e+00;40;9.99917e-01;1.00738e+00;3.61971e-04
nav-lives;me-hebbian-neuron;1;[8];203;20300;20300;2.85730e+02;60;1;1;1.00000e+00;1.00000e+00;1.00000e+00;40;9.99935e-01;1.00654e+00;2.27439e-04
nav-lives;me-hebbian-neuron;2;[8];203;20300;20300;2.86460e+02;64;1;1;1.00000e+00;1.00000e+00;1.00000e+00;40;9.99917e-01;1.00738e+00;3.61971e-04
nav-lives;me-hebbian-neuron;1;[8];204;20400;20400;2.87045e+02;60;1;1;1.00000e+00;1.00000e+00;1.00000e+00;40;9.99935e-01;1.00654e+00;2.27439e-04
nav-lives;me-hebbian-neuron;2;[8];204;20400;20400;2.87765e+02;64;1;1;1.00000e+00;1.00000e+00;1.00000e+00;40;9.99917e-01;1.00738e+00;3.61971e-04
nav-lives;me-hebbian-neuron;1;[8];205;20500;20500;2.88458e+02;60;1;1;1.00000e+00;1.00000e+00;1.00000e+00;40;9.99935e-01;1.00654e+00;2.27439e-04
nav-lives;me-hebbian-neuron;2;[8];205;20500;20500;2.89268e+02;64;1;1;1.00000e+00;1.00000e+00;1.00000e+00;40;9.99917e-01;1.00738e+00;3.61971e-04
nav-lives;me-hebbian-neuron;1;[8];206;20600;20600;2.89842e+02;60;1;1;1.00000e+00;1.00000e+00;1.00000e+00;40;9.99935e-01;1.00654e+00;2.27439e-04
nav-lives;me-hebbian-neuron;2;[8];206;20600;20600;2.90598e+02;64;1;1;1.00000e+00;1.00000e+00;1.00000e+00;40;9.99917e-01;1.00738e+00;3.61971e-04
nav-lives;me-hebbian-neuron;1;[8];207;20700;20700;2.91363e+02;60;1;1;1.00000e+00;1.00000e+00;1.00000e+00;40;9.99935e-01;1.00654e+00;2.27439e-04
nav-lives;me-hebbian-neuron;2;[8];207;20700;20700;2.91990e+02;64;1;1;1.00000e+00;1.00000e+00;1.00000e+00;40;9.99917e-01;1.00738e+00;3.61971e-04
nav-lives;me-hebbian-neuron;1;[8];208;20800;20800;2.92702e+02;60;1;1;1.00000e+00;1.00000e+00;1.00000e+00;40;9.99935e-01;1.00654e+00;2.27439e-04
nav-lives;me-hebbian-neuron;2;[8];208;20800;20800;2.93356e+02;64;1;1;1.00000e+00;1.00000e+00;1.00000e+00;40;9.99917e-01;1.00738e+00;3.61971e-04
nav-lives;me-hebbian-neuron;1;[8];209;20900;20900;2.94038e+02;60;1;1;1.00000e+00;1.00000e+00;1.00000e+00;40;9.99935e-01;1.00654e+00;2.27439e-04
nav-lives;me-hebbian-neuron;2;[8];209;20900;20900;2.94771e+02;64;1;1;1.00000e+00;1.00000e+00;1.00000e+00;40;9.99917e-01;1.00738e+00;3.61971e-04
nav-lives;me-hebbian-neuron;1;[8];210;21000;21000;2.95458e+02;60;1;1;1.00000e+00;1.00000e+00;1.00000e+00;40;9.99935e-01;1.00654e+00;2.27439e-04
nav-lives;me-hebbian-neuron;2;[8];210;21000;21000;2.96162e+02;64;1;1;1.00000e+00;1.00000e+00;1.00000e+00;40;9.99917e-01;1.00738e+00;3.61971e-04
nav-lives;me-hebbian-neuron;1;[8];211;21100;21100;2.96842e+02;60;1;1;1.00000e+00;1.00000e+00;1.00000e+00;40;9.99935e-01;1.00654e+00;2.27439e-04
nav-lives;me-hebbian-neuron;2;[8];211;21100;21100;2.97618e+02;64;1;1;1.00000e+00;1.00000e+00;1.00000e+00;40;9.99917e-01;1.00738e+00;3.61971e-04
nav-lives;me-hebbian-neuron;1;[8];212;21200;21200;2.98194e+02;60;1;1;1.00000e+00;1.00000e+00;1.00000e+00;40;9.99935e-01;1.00654e+00;2.27439e-04
nav-lives;me-hebbian-neuron;2;[8];212;21200;21200;2.98977e+02;64;1;1;1.00000e+00;1.00000e+00;1.00000e+00;40;9.99917e-01;1.00738e+00;3.61971e-04
nav-lives;me-hebbian-neuron;1;[8];213;21300;21300;2.99579e+02;60;1;1;1.00000e+00;1.00000e+00;1.00000e+00;40;9.99935e-01;1.00654e+00;2.27439e-04
nav-lives;me-hebbian-neuron;2;[8];213;21300;21300;3.00281e+02;64;1;1;1.00000e+00;1.00000e+00;1.00000e+00;40;9.99917e-01;1.00738e+00;3.61971e-04
nav-lives;me-hebbian-neuron;1;[8];214;21400;21400;3.01075e+02;60;1;1;1.00000e+00;1.00000e+00;1.00000e+00;40;9.99935e-01;1.00654e+00;2.27439e-04
nav-lives;me-hebbian-neuron;2;[8];214;21400;21400;3.01731e+02;64;1;1;1.00000e+00;1.00000e+00;1.00000e+00;40;9.99917e-01;1.00738e+00;3.61971e-04
nav-lives;me-hebbian-neuron;1;[8];215;21500;21500;3.02348e+02;60;1;1;1.00000e+00;1.00000e+00;1.00000e+00;40;9.99935e-01;1.00654e+00;2.27439e-04
nav-lives;me-hebbian-neuron;2;[8];215;21500;21500;3.03130e+02;64;1;1;1.00000e+00;1.00000e+00;1.00000e+00;40;9.99934e-01;1.00652e+00;7.60300e-04
nav-lives;me-hebbian-neuron;1;[8];216;21600;21600;3.03807e+02;60;1;1;1.00000e+00;1.00000e+00;1.00000e+00;40;9.99935e-01;1.00654e+00;2.27439e-04
nav-lives;me-hebbian-neuron;2;[8];216;21600;21600;3.04481e+02;64;1;1;1.00000e+00;1.00000e+00;1.00000e+00;40;9.99934e-01;1.00652e+00;7.60300e-04
nav-lives;me-hebbian-neuron;1;[8];217;21700;21700;3.05184e+02;60;1;1;1.00000e+00;1.00000e+00;1.00000e+00;40;9.99935e-01;1.00654e+00;2.27439e-04
nav-lives;me-hebbian-neuron;2;[8];217;21700;21700;3.05890e+02;64;1;1;1.00000e+00;1.00000e+00;1.00000e+00;40;9.99934e-01;1.00652e+00;7.60300e-04
nav-lives;me-hebbian-neuron;1;[8];218;21800;21800;3.06592e+02;60;1;1;1.00000e+00;1.00000e+00;1.00000e+00;40;9.99935e-01;1.00654e+00;2.27439e-04
nav-lives;me-hebbian-neuron;2;[8];218;21800;21800;3.07273e+02;64;1;1;1.00000e+00;1.00000e+00;1.00000e+00;40;9.99934e-01;1.00652e+00;7.60300e-04
nav-lives;me-hebbian-neuron;1;[8];219;21900;21900;3.07988e+02;60;1;1;1.00000e+00;1.00000e+00;1.00000e+00;40;9.99935e-01;1.00654e+00;2.27439e-04
nav-lives;me-hebbian-neuron;2;[8];219;21900;21900;3.08656e+02;64;1;1;1.00000e+00;1.00000e+00;1.00000e+00;40;9.99934e-01;1.00652e+00;7.60300e-04
nav-lives;me-hebbian-neuron;1;[8];220;22000;22000;3.09351e+02;60;1;1;1.00000e+00;1.00000e+00;1.00000e+00;40;9.99935e-01;1.00654e+00;2.27439e-04
nav-lives;me-hebbian-neuron;2;[8];220;22000;22000;3.10070e+02;64;1;1;1.00000e+00;1.00000e+00;1.00000e+00;40;9.99934e-01;1.00652e+00;7.60300e-04
nav-lives;me-hebbian-neuron;1;[8];221;22100;22100;3.10760e+02;60;1;1;1.00000e+00;1.00000e+00;1.00000e+00;40;9.99935e-01;1.00654e+00;2.27439e-04
nav-lives;me-hebbian-neuron;2;[8];221;22100;22100;3.11452e+02;64;1;1;1.00000e+00;1.00000e+00;1.00000e+00;40;9.99934e-01;1.00652e+00;7.60300e-04
nav-lives;me-hebbian-neuron;1;[8];222;22200;22200;3.12167e+02;60;1;1;1.00000e+00;1.00000e+00;1.00000e+00;40;9.99935e-01;1.00654e+00;2.27439e-04
nav-lives;me-hebbian-neuron;2;[8];222;22200;22200;3.12841e+02;64;1;1;1.00000e+00;1.00000e+00;1.00000e+00;40;9.99934e-01;1.00652e+00;7.60300e-04
nav-lives;me-hebbian-neuron;1;[8];223;22300;22300;3.13533e+02;60;1;1;1.00000e+00;1.00000e+00;1.00000e+00;40;9.99935e-01;1.00654e+00;2.27439e-04
nav-lives;me-hebbian-neuron;2;[8];223;22300;22300;3.14250e+02;64;1;1;1.00000e+00;1.00000e+00;1.00000e+00;40;9.99934e-01;1.00652e+00;7.60300e-04
nav-lives;me-hebbian-neuron;1;[8];224;22400;22400;3.14952e+02;60;1;1;1.00000e+00;1.00000e+00;1.00000e+00;40;9.99935e-01;1.00654e+00;2.27439e-04
nav-lives;me-hebbian-neuron;2;[8];224;22400;22400;3.15660e+02;64;1;1;1.00000e+00;1.00000e+00;1.00000e+00;40;9.99934e-01;1.00652e+00;7.60300e-04
nav-lives;me-hebbian-neuron;1;[8];225;22500;22500;3.16362e+02;60;1;1;1.00000e+00;1.00000e+00;1.00000e+00;40;9.99935e-01;1.00654e+00;2.27439e-04
nav-lives;me-hebbian-neuron;2;[8];225;22500;22500;3.17046e+02;64;1;1;1.00000e+00;1.00000e+00;1.00000e+00;40;9.99934e-01;1.00652e+00;7.60300e-04
nav-lives;me-hebbian-neuron;1;[8];226;22600;22600;3.17670e+02;60;1;1;1.00000e+00;1.00000e+00;1.00000e+00;40;9.99935e-01;1.00654e+00;2.27439e-04
nav-lives;me-hebbian-neuron;2;[8];226;22600;22600;3.18451e+02;64;1;1;1.00000e+00;1.00000e+00;1.00000e+00;40;9.99934e-01;1.00652e+00;7.60300e-04
nav-lives;me-hebbian-neuron;1;[8];227;22700;22700;3.19122e+02;60;1;1;1.00000e+00;1.00000e+00;1.00000e+00;40;9.99935e-01;1.00654e+00;2.27439e-04
nav-lives;me-hebbian-neuron;2;[8];227;22700;22700;3.19808e+02;64;1;1;1.00000e+00;1.00000e+00;1.00000e+00;40;9.99934e-01;1.00652e+00;7.60300e-04
nav-lives;me-hebbian-neuron;1;[8];228;22800;22800;3.20494e+02;60;1;1;1.00000e+00;1.00000e+00;1.00000e+00;40;9.99935e-01;1.00654e+00;2.27439e-04
nav-lives;me-hebbian-neuron;2;[8];228;22800;22800;3.21170e+02;64;1;1;1.00000e+00;1.00000e+00;1.00000e+00;40;9.99934e-01;1.00652e+00;7.60300e-04
nav-lives;me-hebbian-neuron;1;[8];229;22900;22900;3.21866e+02;60;1;1;1.00000e+00;1.00000e+00;1.00000e+00;40;9.99935e-01;1.00654e+00;2.27439e-04
nav-lives;me-hebbian-neuron;2;[8];229;22900;22900;3.22574e+02;64;1;1;1.00000e+00;1.00000e+00;1.00000e+00;40;9.99934e-01;1.00652e+00;7.60300e-04
nav-lives;me-hebbian-neuron;1;[8];230;23000;23000;3.23282e+02;60;1;1;1.00000e+00;1.00000e+00;1.00000e+00;40;9.99935e-01;1.00654e+00;2.27439e-04
nav-lives;me-hebbian-neuron;2;[8];230;23000;23000;3.24068e+02;64;1;1;1.00000e+00;1.00000e+00;1.00000e+00;40;9.99934e-01;1.00652e+00;7.60300e-04
nav-lives;me-hebbian-neuron;1;[8];231;23100;23100;3.24727e+02;60;1;1;1.00000e+00;1.00000e+00;1.00000e+00;40;9.99935e-01;1.00654e+00;2.27439e-04
nav-lives;me-hebbian-neuron;2;[8];231;23100;23100;3.25465e+02;64;1;1;1.00000e+00;1.00000e+00;1.00000e+00;40;9.99934e-01;1.00652e+00;7.60300e-04
nav-lives;me-hebbian-neuron;1;[8];232;23200;23200;3.26061e+02;60;1;1;1.00000e+00;1.00000e+00;1.00000e+00;40;9.99935e-01;1.00654e+00;2.27439e-04
nav-lives;me-hebbian-neuron;2;[8];232;23200;23200;3.26768e+02;64;1;1;1.00000e+00;1.00000e+00;1.00000e+00;40;9.99934e-01;1.00652e+00;7.60300e-04
nav-lives;me-hebbian-neuron;1;[8];233;23300;23300;3.27529e+02;60;1;1;1.00000e+00;1.00000e+00;1.00000e+00;40;9.99935e-01;1.00654e+00;2.27439e-04
nav-lives;me-hebbian-neuron;2;[8];233;23300;23300;3.28163e+02;64;1;1;1.00000e+00;1.00000e+00;1.00000e+00;40;9.99934e-01;1.00652e+00;7.60300e-04
nav-lives;me-hebbian-neuron;1;[8];234;23400;23400;3.28885e+02;61;1;1;1.00000e+00;1.00000e+00;1.00000e+00;40;9.99935e-01;1.00654e+00;2.27439e-04
nav-lives;me-hebbian-neuron;2;[8];234;23400;23400;3.29568e+02;64;1;1;1.00000e+00;1.00000e+00;1.00000e+00;40;9.99934e-01;1.00652e+00;7.60300e-04
nav-lives;me-hebbian-neuron;1;[8];235;23500;23500;3.30253e+02;61;1;1;1.00000e+00;1.00000e+00;1.00000e+00;40;9.99935e-01;1.00654e+00;2.27439e-04
nav-lives;me-hebbian-neuron;2;[8];235;23500;23500;3.31030e+02;64;1;1;1.00000e+00;1.00000e+00;1.00000e+00;40;9.99934e-01;1.00652e+00;7.60300e-04
nav-lives;me-hebbian-neuron;1;[8];236;23600;23600;3.31676e+02;61;1;1;1.00000e+00;1.00000e+00;1.00000e+00;40;9.99935e-01;1.00654e+00;2.27439e-04
nav-lives;me-hebbian-neuron;2;[8];236;23600;23600;3.32381e+02;64;1;1;1.00000e+00;1.00000e+00;1.00000e+00;40;9.99934e-01;1.00652e+00;7.60300e-04
nav-lives;me-hebbian-neuron;1;[8];237;23700;23700;3.33058e+02;61;1;1;1.00000e+00;1.00000e+00;1.00000e+00;40;9.99935e-01;1.00654e+00;2.27439e-04
nav-lives;me-hebbian-neuron;2;[8];237;23700;23700;3.33763e+02;64;1;1;1.00000e+00;1.00000e+00;1.00000e+00;40;9.99934e-01;1.00652e+00;7.60300e-04
nav-lives;me-hebbian-neuron;1;[8];238;23800;23800;3.34485e+02;61;1;1;1.00000e+00;1.00000e+00;1.00000e+00;40;9.99935e-01;1.00654e+00;2.27439e-04
nav-lives;me-hebbian-neuron;2;[8];238;23800;23800;3.35150e+02;64;1;1;1.00000e+00;1.00000e+00;1.00000e+00;40;9.99934e-01;1.00652e+00;7.60300e-04
nav-lives;me-hebbian-neuron;1;[8];239;23900;23900;3.35851e+02;61;1;1;1.00000e+00;1.00000e+00;1.00000e+00;40;9.99935e-01;1.00654e+00;2.27439e-04
nav-lives;me-hebbian-neuron;2;[8];239;23900;23900;3.36608e+02;64;1;1;1.00000e+00;1.00000e+00;1.00000e+00;40;9.99934e-01;1.00652e+00;7.60300e-04
nav-lives;me-hebbian-neuron;1;[8];240;24000;24000;3.37177e+02;61;1;1;1.00000e+00;1.00000e+00;1.00000e+00;40;9.99935e-01;1.00654e+00;2.27439e-04
nav-lives;me-hebbian-neuron;2;[8];240;24000;24000;3.37940e+02;64;1;1;1.00000e+00;1.00000e+00;1.00000e+00;40;9.99934e-01;1.00652e+00;7.60300e-04
nav-lives;me-hebbian-neuron;1;[8];241;24100;24100;3.38625e+02;61;1;1;1.00000e+00;1.00000e+00;1.00000e+00;40;9.99935e-01;1.00654e+00;2.27439e-04
nav-lives;me-hebbian-neuron;2;[8];241;24100;24100;3.39317e+02;64;1;1;1.00000e+00;1.00000e+00;1.00000e+00;40;9.99934e-01;1.00652e+00;7.60300e-04
nav-lives;me-hebbian-neuron;1;[8];242;24200;24200;3.40052e+02;61;1;1;1.00000e+00;1.00000e+00;1.00000e+00;40;9.99935e-01;1.00654e+00;2.27439e-04
nav-lives;me-hebbian-neuron;2;[8];242;24200;24200;3.40758e+02;64;1;1;1.00000e+00;1.00000e+00;1.00000e+00;40;9.99934e-01;1.00652e+00;7.60300e-04
nav-lives;me-hebbian-neuron;1;[8];243;24300;24300;3.41344e+02;61;1;1;1.00000e+00;1.00000e+00;1.00000e+00;40;9.99935e-01;1.00654e+00;2.27439e-04
nav-lives;me-hebbian-neuron;2;[8];243;24300;24300;3.42139e+02;64;1;1;1.00000e+00;1.00000e+00;1.00000e+00;40;9.99934e-01;1.00652e+00;7.60300e-04
nav-lives;me-hebbian-neuron;1;[8];244;24400;24400;3.42803e+02;61;1;1;1.00000e+00;1.00000e+00;1.00000e+00;40;9.99935e-01;1.00654e+00;2.27439e-04
nav-lives;me-hebbian-neuron;2;[8];244;24400;24400;3.43468e+02;64;1;1;1.00000e+00;1.00000e+00;1.00000e+00;40;9.99934e-01;1.00652e+00;7.60300e-04
nav-lives;me-hebbian-neuron;1;[8];245;24500;24500;3.44238e+02;61;1;1;1.00000e+00;1.00000e+00;1.00000e+00;40;9.99935e-01;1.00654e+00;2.27439e-04
nav-lives;me-hebbian-neuron;2;[8];245;24500;24500;3.44860e+02;64;1;1;1.00000e+00;1.00000e+00;1.00000e+00;40;9.99934e-01;1.00652e+00;7.60300e-04
nav-lives;me-hebbian-neuron;1;[8];246;24600;24600;3.45557e+02;62;1;1;1.00000e+00;1.00000e+00;1.00000e+00;40;9.99935e-01;1.00654e+00;2.27439e-04
nav-lives;me-hebbian-neuron;2;[8];246;24600;24600;3.46230e+02;64;1;1;1.00000e+00;1.00000e+00;1.00000e+00;40;9.99934e-01;1.00652e+00;7.60300e-04
nav-lives;me-hebbian-neuron;1;[8];247;24700;24700;3.46926e+02;62;1;1;1.00000e+00;1.00000e+00;1.00000e+00;40;9.99935e-01;1.00654e+00;2.27439e-04
nav-lives;me-hebbian-neuron;2;[8];247;24700;24700;3.47652e+02;64;1;1;1.00000e+00;1.00000e+00;1.00000e+00;40;9.99934e-01;1.00652e+00;7.60300e-04
nav-lives;me-hebbian-neuron;1;[8];248;24800;24800;3.48333e+02;63;1;1;1.00000e+00;1.00000e+00;1.00000e+00;40;9.99935e-01;1.00654e+00;2.27439e-04
nav-lives;me-hebbian-neuron;2;[8];248;24800;24800;3.49019e+02;64;1;1;1.00000e+00;1.00000e+00;1.00000e+00;40;9.99934e-01;1.00652e+00;7.60300e-04
nav-lives;me-hebbian-neuron;1;[8];249;24900;24900;3.49671e+02;63;1;1;1.00000e+00;1.00000e+00;1.00000e+00;40;9.99935e-01;1.00654e+00;2.27439e-04
nav-lives;me-hebbian-neuron;2;[8];249;24900;24900;3.50467e+02;64;1;1;1.00000e+00;1.00000e+00;1.00000e+00;40;9.99934e-01;1.00652e+00;7.60300e-04
nav-lives;me-hebbian-neuron;1;[8];250;25000;25000;3.51120e+02;63;1;1;1.00000e+00;1.00000e+00;1.00000e+00;40;9.99935e-01;1.00654e+00;2.27439e-04
nav-lives;me-hebbian-neuron;2;[8];250;25000;25000;3.51784e+02;64;1;1;1.00000e+00;1.00000e+00;1.00000e+00;40;9.99934e-01;1.00652e+00;7.60300e-04
nav-lives;me-hebbian-neuron;1;[8];251;25100;25100;3.52512e+02;63;1;1;1.00000e+00;1.00000e+00;1.00000e+00;40;9.99935e-01;1.00654e+00;2.27439e-04
nav-lives;me-hebbian-neuron;2;[8];251;25100;25100;3.53211e+02;64;1;1;1.00000e+00;1.00000e+00;1.00000e+00;40;9.99934e-01;1.00652e+00;7.60300e-04
nav-lives;me-hebbian-neuron;1;[8];252;25200;25200;3.53931e+02;63;1;1;1.00000e+00;1.00000e+00;1.00000e+00;40;9.99935e-01;1.00654e+00;2.27439e-04
nav-lives;me-hebbian-neuron;2;[8];252;25200;25200;3.54639e+02;64;1;1;1.00000e+00;1.00000e+00;1.00000e+00;40;9.99934e-01;1.00652e+00;7.60300e-04
nav-lives;me-hebbian-neuron;1;[8];253;25300;25300;3.55304e+02;63;1;1;1.00000e+00;1.00000e+00;1.00000e+00;40;9.99935e-01;1.00654e+00;2.27439e-04
nav-lives;me-hebbian-neuron;2;[8];253;25300;25300;3.55955e+02;64;1;1;1.00000e+00;1.00000e+00;1.00000e+00;40;9.99934e-01;1.00652e+00;7.60300e-04
nav-lives;me-hebbian-neuron;1;[8];254;25400;25400;3.56697e+02;63;1;1;1.00000e+00;1.00000e+00;1.00000e+00;40;9.99935e-01;1.00654e+00;2.27439e-04
nav-lives;me-hebbian-neuron;2;[8];254;25400;25400;3.57395e+02;64;1;1;1.00000e+00;1.00000e+00;1.00000e+00;40;9.99934e-01;1.00652e+00;7.60300e-04
nav-lives;me-hebbian-neuron;1;[8];255;25500;25500;3.58145e+02;63;1;1;1.00000e+00;1.00000e+00;1.00000e+00;40;9.99935e-01;1.00654e+00;2.27439e-04
nav-lives;me-hebbian-neuron;2;[8];255;25500;25500;3.58773e+02;64;1;1;1.00000e+00;1.00000e+00;1.00000e+00;40;9.99934e-01;1.00652e+00;7.60300e-04
nav-lives;me-hebbian-neuron;1;[8];256;25600;25600;3.59513e+02;63;1;1;1.00000e+00;1.00000e+00;1.00000e+00;40;9.99935e-01;1.00654e+00;2.27439e-04
nav-lives;me-hebbian-neuron;2;[8];256;25600;25600;3.60198e+02;64;1;1;1.00000e+00;1.00000e+00;1.00000e+00;40;9.99934e-01;1.00652e+00;7.60300e-04
nav-lives;me-hebbian-neuron;1;[8];257;25700;25700;3.60888e+02;63;1;1;1.00000e+00;1.00000e+00;1.00000e+00;40;9.99935e-01;1.00654e+00;2.27439e-04
nav-lives;me-hebbian-neuron;2;[8];257;25700;25700;3.61610e+02;64;1;1;1.00000e+00;1.00000e+00;1.00000e+00;40;9.99934e-01;1.00652e+00;7.60300e-04
nav-lives;me-hebbian-neuron;1;[8];258;25800;25800;3.62289e+02;63;1;1;1.00000e+00;1.00000e+00;1.00000e+00;40;9.99935e-01;1.00654e+00;2.27439e-04
nav-lives;me-hebbian-neuron;2;[8];258;25800;25800;3.62970e+02;64;1;1;1.00000e+00;1.00000e+00;1.00000e+00;40;9.99934e-01;1.00652e+00;7.60300e-04
nav-lives;me-hebbian-neuron;1;[8];259;25900;25900;3.63665e+02;63;1;1;1.00000e+00;1.00000e+00;1.00000e+00;40;9.99935e-01;1.00654e+00;2.27439e-04
nav-lives;me-hebbian-neuron;2;[8];259;25900;25900;3.64380e+02;64;1;1;1.00000e+00;1.00000e+00;1.00000e+00;40;9.99934e-01;1.00652e+00;7.60300e-04
nav-lives;me-hebbian-neuron;1;[8];260;26000;26000;3.65057e+02;63;1;1;1.00000e+00;1.00000e+00;1.00000e+00;40;9.99935e-01;1.00654e+00;2.27439e-04
nav-lives;me-hebbian-neuron;2;[8];260;26000;26000;3.65759e+02;64;1;1;1.00000e+00;1.00000e+00;1.00000e+00;40;9.99934e-01;1.00652e+00;7.60300e-04
nav-lives;me-hebbian-neuron;1;[8];261;26100;26100;3.66475e+02;63;1;1;1.00000e+00;1.00000e+00;1.00000e+00;40;9.99935e-01;1.00654e+00;2.27439e-04
nav-lives;me-hebbian-neuron;2;[8];261;26100;26100;3.67150e+02;64;1;1;1.00000e+00;1.00000e+00;1.00000e+00;40;9.99934e-01;1.00652e+00;7.60300e-04
nav-lives;me-hebbian-neuron;1;[8];262;26200;26200;3.67856e+02;63;1;1;1.00000e+00;1.00000e+00;1.00000e+00;40;9.99935e-01;1.00654e+00;2.27439e-04
nav-lives;me-hebbian-neuron;2;[8];262;26200;26200;3.68524e+02;64;1;1;1.00000e+00;1.00000e+00;1.00000e+00;40;9.99934e-01;1.00652e+00;7.60300e-04
nav-lives;me-hebbian-neuron;1;[8];263;26300;26300;3.69248e+02;63;1;1;1.00000e+00;1.00000e+00;1.00000e+00;40;9.99935e-01;1.00654e+00;2.27439e-04
nav-lives;me-hebbian-neuron;2;[8];263;26300;26300;3.69961e+02;64;1;1;1.00000e+00;1.00000e+00;1.00000e+00;40;9.99934e-01;1.00652e+00;7.60300e-04
nav-lives;me-hebbian-neuron;1;[8];264;26400;26400;3.70624e+02;63;1;1;1.00000e+00;1.00000e+00;1.00000e+00;40;9.99935e-01;1.00654e+00;2.27439e-04
nav-lives;me-hebbian-neuron;2;[8];264;26400;26400;3.71355e+02;64;1;1;1.00000e+00;1.00000e+00;1.00000e+00;40;9.99934e-01;1.00652e+00;7.60300e-04
nav-lives;me-hebbian-neuron;1;[8];265;26500;26500;3.72033e+02;63;1;1;1.00000e+00;1.00000e+00;1.00000e+00;40;9.99935e-01;1.00654e+00;2.27439e-04
nav-lives;me-hebbian-neuron;2;[8];265;26500;26500;3.72724e+02;64;1;1;1.00000e+00;1.00000e+00;1.00000e+00;40;9.99934e-01;1.00652e+00;7.60300e-04
nav-lives;me-hebbian-neuron;1;[8];266;26600;26600;3.73424e+02;63;1;1;1.00000e+00;1.00000e+00;1.00000e+00;40;9.99935e-01;1.00654e+00;2.27439e-04
nav-lives;me-hebbian-neuron;2;[8];266;26600;26600;3.74082e+02;64;1;1;1.00000e+00;1.00000e+00;1.00000e+00;40;9.99934e-01;1.00652e+00;7.60300e-04
nav-lives;me-hebbian-neuron;1;[8];267;26700;26700;3.74859e+02;63;1;1;1.00000e+00;1.00000e+00;1.00000e+00;40;9.99935e-01;1.00654e+00;2.27439e-04
nav-lives;me-hebbian-neuron;2;[8];267;26700;26700;3.75461e+02;64;1;1;1.00000e+00;1.00000e+00;1.00000e+00;40;9.99934e-01;1.00652e+00;7.60300e-04
nav-lives;me-hebbian-neuron;1;[8];268;26800;26800;3.76288e+02;63;1;1;1.00000e+00;1.00000e+00;1.00000e+00;40;9.99935e-01;1.00654e+00;2.27439e-04
nav-lives;me-hebbian-neuron;2;[8];268;26800;26800;3.76856e+02;64;1;1;1.00000e+00;1.00000e+00;1.00000e+00;40;9.99934e-01;1.00652e+00;7.60300e-04
nav-lives;me-hebbian-neuron;1;[8];269;26900;26900;3.77551e+02;63;1;1;1.00000e+00;1.00000e+00;1.00000e+00;40;9.99935e-01;1.00654e+00;2.27439e-04
nav-lives;me-hebbian-neuron;2;[8];269;26900;26900;3.78246e+02;64;1;1;1.00000e+00;1.00000e+00;1.00000e+00;40;9.99934e-01;1.00652e+00;7.60300e-04
nav-lives;me-hebbian-neuron;1;[8];270;27000;27000;3.79003e+02;63;1;1;1.00000e+00;1.00000e+00;1.00000e+00;40;9.99935e-01;1.00654e+00;2.27439e-04
nav-lives;me-hebbian-neuron;2;[8];270;27000;27000;3.79698e+02;64;1;1;1.00000e+00;1.00000e+00;1.00000e+00;40;9.99934e-01;1.00652e+00;7.60300e-04
nav-lives;me-hebbian-neuron;1;[8];271;27100;27100;3.80365e+02;63;1;1;1.00000e+00;1.00000e+00;1.00000e+00;40;9.99935e-01;1.00654e+00;2.27439e-04
nav-lives;me-hebbian-neuron;2;[8];271;27100;27100;3.81131e+02;64;1;1;1.00000e+00;1.00000e+00;1.00000e+00;40;9.99934e-01;1.00652e+00;7.60300e-04
nav-lives;me-hebbian-neuron;1;[8];272;27200;27200;3.81759e+02;63;1;1;1.00000e+00;1.00000e+00;1.00000e+00;40;9.99935e-01;1.00654e+00;2.27439e-04
nav-lives;me-hebbian-neuron;2;[8];272;27200;27200;3.82473e+02;64;1;1;1.00000e+00;1.00000e+00;1.00000e+00;40;9.99934e-01;1.00652e+00;7.60300e-04
nav-lives;me-hebbian-neuron;1;[8];273;27300;27300;3.83157e+02;63;1;1;1.00000e+00;1.00000e+00;1.00000e+00;40;9.99935e-01;1.00654e+00;2.27439e-04
nav-lives;me-hebbian-neuron;2;[8];273;27300;27300;3.83847e+02;64;1;1;1.00000e+00;1.00000e+00;1.00000e+00;40;9.99934e-01;1.00652e+00;7.60300e-04
nav-lives;me-hebbian-neuron;1;[8];274;27400;27400;3.84540e+02;63;1;1;1.00000e+00;1.00000e+00;1.00000e+00;40;9.99935e-01;1.00654e+00;2.27439e-04
nav-lives;me-hebbian-neuron;2;[8];274;27400;27400;3.85214e+02;64;1;1;1.00000e+00;1.00000e+00;1.00000e+00;40;9.99934e-01;1.00652e+00;7.60300e-04
nav-lives;me-hebbian-neuron;1;[8];275;27500;27500;3.85924e+02;63;1;1;1.00000e+00;1.00000e+00;1.00000e+00;40;9.99935e-01;1.00654e+00;2.27439e-04
nav-lives;me-hebbian-neuron;2;[8];275;27500;27500;3.86607e+02;64;1;1;1.00000e+00;1.00000e+00;1.00000e+00;40;9.99934e-01;1.00652e+00;7.60300e-04
nav-lives;me-hebbian-neuron;1;[8];276;27600;27600;3.87316e+02;63;1;1;1.00000e+00;1.00000e+00;1.00000e+00;40;9.99935e-01;1.00654e+00;2.27439e-04
nav-lives;me-hebbian-neuron;2;[8];276;27600;27600;3.88039e+02;64;1;1;1.00000e+00;1.00000e+00;1.00000e+00;40;9.99934e-01;1.00652e+00;7.60300e-04
nav-lives;me-hebbian-neuron;1;[8];277;27700;27700;3.88739e+02;63;1;1;1.00000e+00;1.00000e+00;1.00000e+00;40;9.99935e-01;1.00654e+00;2.27439e-04
nav-lives;me-hebbian-neuron;2;[8];277;27700;27700;3.89355e+02;64;1;1;1.00000e+00;1.00000e+00;1.00000e+00;40;9.99934e-01;1.00652e+00;7.60300e-04
nav-lives;me-hebbian-neuron;1;[8];278;27800;27800;3.90092e+02;63;1;1;1.00000e+00;1.00000e+00;1.00000e+00;40;9.99935e-01;1.00654e+00;2.27439e-04
nav-lives;me-hebbian-neuron;2;[8];278;27800;27800;3.90830e+02;64;1;1;1.00000e+00;1.00000e+00;1.00000e+00;40;9.99934e-01;1.00652e+00;7.60300e-04
nav-lives;me-hebbian-neuron;1;[8];279;27900;27900;3.91477e+02;63;1;1;1.00000e+00;1.00000e+00;1.00000e+00;40;9.99935e-01;1.00654e+00;2.27439e-04
nav-lives;me-hebbian-neuron;2;[8];279;27900;27900;3.92193e+02;64;1;1;1.00000e+00;1.00000e+00;1.00000e+00;40;9.99934e-01;1.00652e+00;7.60300e-04
nav-lives;me-hebbian-neuron;1;[8];280;28000;28000;3.92926e+02;63;1;1;1.00000e+00;1.00000e+00;1.00000e+00;40;9.99935e-01;1.00654e+00;2.27439e-04
nav-lives;me-hebbian-neuron;2;[8];280;28000;28000;3.93588e+02;64;1;1;1.00000e+00;1.00000e+00;1.00000e+00;40;9.99934e-01;1.00652e+00;7.60300e-04
nav-lives;me-hebbian-neuron;1;[8];281;28100;28100;3.94337e+02;63;1;1;1.00000e+00;1.00000e+00;1.00000e+00;40;9.99935e-01;1.00654e+00;2.27439e-04
nav-lives;me-hebbian-neuron;2;[8];281;28100;28100;3.94949e+02;64;1;1;1.00000e+00;1.00000e+00;1.00000e+00;40;9.99934e-01;1.00652e+00;7.60300e-04
nav-lives;me-hebbian-neuron;1;[8];282;28200;28200;3.95700e+02;63;1;1;1.00000e+00;1.00000e+00;1.00000e+00;40;9.99935e-01;1.00654e+00;2.27439e-04
nav-lives;me-hebbian-neuron;2;[8];282;28200;28200;3.96405e+02;64;1;1;1.00000e+00;1.00000e+00;1.00000e+00;40;9.99934e-01;1.00652e+00;7.60300e-04
nav-lives;me-hebbian-neuron;1;[8];283;28300;28300;3.97079e+02;63;1;1;1.00000e+00;1.00000e+00;1.00000e+00;40;9.99935e-01;1.00654e+00;2.27439e-04
nav-lives;me-hebbian-neuron;2;[8];283;28300;28300;3.97732e+02;64;1;1;1.00000e+00;1.00000e+00;1.00000e+00;40;9.99934e-01;1.00652e+00;7.60300e-04
nav-lives;me-hebbian-neuron;1;[8];284;28400;28400;3.98422e+02;63;1;1;1.00000e+00;1.00000e+00;1.00000e+00;40;9.99935e-01;1.00654e+00;2.27439e-04
nav-lives;me-hebbian-neuron;2;[8];284;28400;28400;3.99102e+02;64;1;1;1.00000e+00;1.00000e+00;1.00000e+00;40;9.99934e-01;1.00652e+00;7.60300e-04
nav-lives;me-hebbian-neuron;1;[8];285;28500;28500;3.99841e+02;63;1;1;1.00000e+00;1.00000e+00;1.00000e+00;40;9.99935e-01;1.00654e+00;2.27439e-04
nav-lives;me-hebbian-neuron;2;[8];285;28500;28500;4.00577e+02;64;1;1;1.00000e+00;1.00000e+00;1.00000e+00;40;9.99934e-01;1.00652e+00;7.60300e-04
nav-lives;me-hebbian-neuron;1;[8];286;28600;28600;4.01278e+02;63;1;1;1.00000e+00;1.00000e+00;1.00000e+00;40;9.99935e-01;1.00654e+00;2.27439e-04
nav-lives;me-hebbian-neuron;2;[8];286;28600;28600;4.01962e+02;64;1;1;1.00000e+00;1.00000e+00;1.00000e+00;40;9.99934e-01;1.00652e+00;7.60300e-04
nav-lives;me-hebbian-neuron;1;[8];287;28700;28700;4.02644e+02;63;1;1;1.00000e+00;1.00000e+00;1.00000e+00;40;9.99935e-01;1.00654e+00;2.27439e-04
nav-lives;me-hebbian-neuron;2;[8];287;28700;28700;4.03330e+02;64;1;1;1.00000e+00;1.00000e+00;1.00000e+00;40;9.99934e-01;1.00652e+00;7.60300e-04
nav-lives;me-hebbian-neuron;1;[8];288;28800;28800;4.04100e+02;63;1;1;1.00000e+00;1.00000e+00;1.00000e+00;40;9.99935e-01;1.00654e+00;2.27439e-04
nav-lives;me-hebbian-neuron;2;[8];288;28800;28800;4.04704e+02;64;1;1;1.00000e+00;1.00000e+00;1.00000e+00;40;9.99934e-01;1.00652e+00;7.60300e-04
nav-lives;me-hebbian-neuron;1;[8];289;28900;28900;4.05404e+02;63;1;1;1.00000e+00;1.00000e+00;1.00000e+00;40;9.99935e-01;1.00654e+00;2.27439e-04
nav-lives;me-hebbian-neuron;2;[8];289;28900;28900;4.06079e+02;64;1;1;1.00000e+00;1.00000e+00;1.00000e+00;40;9.99934e-01;1.00652e+00;7.60300e-04
nav-lives;me-hebbian-neuron;1;[8];290;29000;29000;4.06753e+02;63;1;1;1.00000e+00;1.00000e+00;1.00000e+00;40;9.99935e-01;1.00654e+00;2.27439e-04
nav-lives;me-hebbian-neuron;2;[8];290;29000;29000;4.07507e+02;64;1;1;1.00000e+00;1.00000e+00;1.00000e+00;40;9.99934e-01;1.00652e+00;7.60300e-04
nav-lives;me-hebbian-neuron;1;[8];291;29100;29100;4.08185e+02;63;1;1;1.00000e+00;1.00000e+00;1.00000e+00;40;9.99935e-01;1.00654e+00;2.27439e-04
nav-lives;me-hebbian-neuron;2;[8];291;29100;29100;4.08867e+02;64;1;1;1.00000e+00;1.00000e+00;1.00000e+00;40;9.99934e-01;1.00652e+00;7.60300e-04
nav-lives;me-hebbian-neuron;1;[8];292;29200;29200;4.09567e+02;63;1;1;1.00000e+00;1.00000e+00;1.00000e+00;40;9.99935e-01;1.00654e+00;2.27439e-04
nav-lives;me-hebbian-neuron;2;[8];292;29200;29200;4.10266e+02;64;1;1;1.00000e+00;1.00000e+00;1.00000e+00;40;9.99934e-01;1.00652e+00;7.60300e-04
nav-lives;me-hebbian-neuron;1;[8];293;29300;29300;4.10963e+02;63;1;1;1.00000e+00;1.00000e+00;1.00000e+00;40;9.99935e-01;1.00654e+00;2.27439e-04
nav-lives;me-hebbian-neuron;2;[8];293;29300;29300;4.11678e+02;64;1;1;1.00000e+00;1.00000e+00;1.00000e+00;40;9.99934e-01;1.00652e+00;7.60300e-04
nav-lives;me-hebbian-neuron;1;[8];294;29400;29400;4.12360e+02;63;1;1;1.00000e+00;1.00000e+00;1.00000e+00;40;9.99935e-01;1.00654e+00;2.27439e-04
nav-lives;me-hebbian-neuron;2;[8];294;29400;29400;4.13085e+02;64;1;1;1.00000e+00;1.00000e+00;1.00000e+00;40;9.99934e-01;1.00652e+00;7.60300e-04
nav-lives;me-hebbian-neuron;1;[8];295;29500;29500;4.13781e+02;63;1;1;1.00000e+00;1.00000e+00;1.00000e+00;40;9.99935e-01;1.00654e+00;2.27439e-04
nav-lives;me-hebbian-neuron;2;[8];295;29500;29500;4.14501e+02;64;1;1;1.00000e+00;1.00000e+00;1.00000e+00;40;9.99934e-01;1.00652e+00;7.60300e-04
nav-lives;me-hebbian-neuron;1;[8];296;29600;29600;4.15194e+02;63;1;1;1.00000e+00;1.00000e+00;1.00000e+00;40;9.99935e-01;1.00654e+00;2.27439e-04
nav-lives;me-hebbian-neuron;2;[8];296;29600;29600;4.15872e+02;64;1;1;1.00000e+00;1.00000e+00;1.00000e+00;40;9.99934e-01;1.00652e+00;7.60300e-04
nav-lives;me-hebbian-neuron;1;[8];297;29700;29700;4.16557e+02;63;1;1;1.00000e+00;1.00000e+00;1.00000e+00;40;9.99935e-01;1.00654e+00;2.27439e-04
nav-lives;me-hebbian-neuron;2;[8];297;29700;29700;4.17252e+02;64;1;1;1.00000e+00;1.00000e+00;1.00000e+00;40;9.99934e-01;1.00652e+00;7.60300e-04
nav-lives;me-hebbian-neuron;1;[8];298;29800;29800;4.17955e+02;63;1;1;1.00000e+00;1.00000e+00;1.00000e+00;40;9.99935e-01;1.00654e+00;2.27439e-04
nav-lives;me-hebbian-neuron;2;[8];298;29800;29800;4.18623e+02;65;1;1;1.00000e+00;1.00000e+00;1.00000e+00;40;9.99934e-01;1.00652e+00;7.60300e-04
nav-lives;me-hebbian-neuron;1;[8];299;29900;29900;4.19330e+02;63;1;1;1.00000e+00;1.00000e+00;1.00000e+00;40;9.99944e-01;1.00636e+00;1.28493e-04
nav-lives;me-hebbian-neuron;2;[8];299;29900;29900;4.20085e+02;65;1;1;1.00000e+00;1.00000e+00;1.00000e+00;40;9.99934e-01;1.00652e+00;7.60300e-04
nav-lives;me-hebbian-neuron;1;[8];300;30000;30000;4.20731e+02;63;1;1;1.00000e+00;1.00000e+00;1.00000e+00;40;9.99944e-01;1.00636e+00;1.28493e-04
nav-lives;me-hebbian-neuron;2;[8];300;30000;30000;4.21440e+02;65;1;1;1.00000e+00;1.00000e+00;1.00000e+00;40;9.99934e-01;1.00652e+00;7.60300e-04
nav-lives;me-hebbian-neuron;1;[8];301;30100;30100;4.22131e+02;63;1;1;1.00000e+00;1.00000e+00;1.00000e+00;40;9.99944e-01;1.00636e+00;1.28493e-04
nav-lives;me-hebbian-neuron;2;[8];301;30100;30100;4.22822e+02;65;1;1;1.00000e+00;1.00000e+00;1.00000e+00;40;9.99934e-01;1.00652e+00;7.60300e-04
nav-lives;me-hebbian-neuron;1;[8];302;30200;30200;4.23487e+02;63;1;1;1.00000e+00;1.00000e+00;1.00000e+00;40;9.99944e-01;1.00636e+00;1.28493e-04
nav-lives;me-hebbian-neuron;2;[8];302;30200;30200;4.24363e+02;65;1;1;1.00000e+00;1.00000e+00;1.00000e+00;40;9.99934e-01;1.00652e+00;7.60300e-04
nav-lives;me-hebbian-neuron;1;[8];303;30300;30300;4.24866e+02;63;1;1;1.00000e+00;1.00000e+00;1.00000e+00;40;9.99944e-01;1.00636e+00;1.28493e-04
nav-lives;me-hebbian-neuron;2;[8];303;30300;30300;4.25718e+02;65;1;1;1.00000e+00;1.00000e+00;1.00000e+00;40;9.99934e-01;1.00652e+00;7.60300e-04
nav-lives;me-hebbian-neuron;1;[8];304;30400;30400;4.26261e+02;63;1;1;1.00000e+00;1.00000e+00;1.00000e+00;40;9.99944e-01;1.00636e+00;1.28493e-04
nav-lives;me-hebbian-neuron;2;[8];304;30400;30400;4.27150e+02;65;1;1;1.00000e+00;1.00000e+00;1.00000e+00;40;9.99934e-01;1.00652e+00;7.60300e-04
nav-lives;me-hebbian-neuron;1;[8];305;30500;30500;4.27637e+02;63;1;1;1.00000e+00;1.00000e+00;1.00000e+00;40;9.99944e-01;1.00636e+00;1.28493e-04
nav-lives;me-hebbian-neuron;2;[8];305;30500;30500;4.28546e+02;65;1;1;1.00000e+00;1.00000e+00;1.00000e+00;40;9.99934e-01;1.00652e+00;7.60300e-04
nav-lives;me-hebbian-neuron;1;[8];306;30600;30600;4.29090e+02;63;1;1;1.00000e+00;1.00000e+00;1.00000e+00;40;9.99944e-01;1.00636e+00;1.28493e-04
nav-lives;me-hebbian-neuron;2;[8];306;30600;30600;4.29777e+02;65;1;1;1.00000e+00;1.00000e+00;1.00000e+00;40;9.99934e-01;1.00652e+00;7.60300e-04
nav-lives;me-hebbian-neuron;1;[8];307;30700;30700;4.30496e+02;63;1;1;1.00000e+00;1.00000e+00;1.00000e+00;40;9.99944e-01;1.00636e+00;1.28493e-04
nav-lives;me-hebbian-neuron;2;[8];307;30700;30700;4.31179e+02;65;1;1;1.00000e+00;1.00000e+00;1.00000e+00;40;9.99934e-01;1.00652e+00;7.60300e-04
nav-lives;me-hebbian-neuron;1;[8];308;30800;30800;4.31872e+02;63;1;1;1.00000e+00;1.00000e+00;1.00000e+00;40;9.99944e-01;1.00636e+00;1.28493e-04
nav-lives;me-hebbian-neuron;2;[8];308;30800;30800;4.32559e+02;65;1;1;1.00000e+00;1.00000e+00;1.00000e+00;40;9.99934e-01;1.00652e+00;7.60300e-04
nav-lives;me-hebbian-neuron;1;[8];309;30900;30900;4.33310e+02;63;1;1;1.00000e+00;1.00000e+00;1.00000e+00;40;9.99944e-01;1.00636e+00;1.28493e-04
nav-lives;me-hebbian-neuron;2;[8];309;30900;30900;4.33922e+02;65;1;1;1.00000e+00;1.00000e+00;1.00000e+00;40;9.99934e-01;1.00652e+00;7.60300e-04
nav-lives;me-hebbian-neuron;1;[8];310;31000;31000;4.34672e+02;63;1;1;1.00000e+00;1.00000e+00;1.00000e+00;40;9.99944e-01;1.00636e+00;1.28493e-04
nav-lives;me-hebbian-neuron;2;[8];310;31000;31000;4.35383e+02;65;1;1;1.00000e+00;1.00000e+00;1.00000e+00;40;9.99934e-01;1.00652e+00;7.60300e-04
nav-lives;me-hebbian-neuron;1;[8];311;31100;31100;4.36005e+02;63;1;1;1.00000e+00;1.00000e+00;1.00000e+00;40;9.99944e-01;1.00636e+00;1.28493e-04
nav-lives;me-hebbian-neuron;2;[8];311;31100;31100;4.36731e+02;65;1;1;1.00000e+00;1.00000e+00;1.00000e+00;40;9.99934e-01;1.00652e+00;7.60300e-04
nav-lives;me-hebbian-neuron;1;[8];312;31200;31200;4.37421e+02;63;1;1;1.00000e+00;1.00000e+00;1.00000e+00;40;9.99944e-01;1.00636e+00;1.28493e-04
nav-lives;me-hebbian-neuron;2;[8];312;31200;31200;4.38100e+02;65;1;1;1.00000e+00;1.00000e+00;1.00000e+00;40;9.99934e-01;1.00652e+00;7.60300e-04
nav-lives;me-hebbian-neuron;1;[8];313;31300;31300;4.38878e+02;63;1;1;1.00000e+00;1.00000e+00;1.00000e+00;40;9.99944e-01;1.00636e+00;1.28493e-04
nav-lives;me-hebbian-neuron;2;[8];313;31300;31300;4.39466e+02;65;1;1;1.00000e+00;1.00000e+00;1.00000e+00;40;9.99934e-01;1.00652e+00;7.60300e-04
nav-lives;me-hebbian-neuron;1;[8];314;31400;31400;4.40172e+02;63;1;1;1.00000e+00;1.00000e+00;1.00000e+00;40;9.99944e-01;1.00636e+00;1.28493e-04
nav-lives;me-hebbian-neuron;2;[8];314;31400;31400;4.40983e+02;65;1;1;1.00000e+00;1.00000e+00;1.00000e+00;40;9.99934e-01;1.00652e+00;7.60300e-04
nav-lives;me-hebbian-neuron;1;[8];315;31500;31500;4.41628e+02;63;1;1;1.00000e+00;1.00000e+00;1.00000e+00;40;9.99944e-01;1.00636e+00;1.28493e-04
nav-lives;me-hebbian-neuron;2;[8];315;31500;31500;4.42298e+02;65;1;1;1.00000e+00;1.00000e+00;1.00000e+00;40;9.99934e-01;1.00652e+00;7.60300e-04
nav-lives;me-hebbian-neuron;1;[8];316;31600;31600;4.43028e+02;63;1;1;1.00000e+00;1.00000e+00;1.00000e+00;40;9.99944e-01;1.00636e+00;1.28493e-04
nav-lives;me-hebbian-neuron;2;[8];316;31600;31600;4.43681e+02;65;1;1;1.00000e+00;1.00000e+00;1.00000e+00;40;9.99934e-01;1.00652e+00;7.60300e-04
nav-lives;me-hebbian-neuron;1;[8];317;31700;31700;4.44344e+02;63;1;1;1.00000e+00;1.00000e+00;1.00000e+00;40;9.99944e-01;1.00636e+00;1.28493e-04
nav-lives;me-hebbian-neuron;2;[8];317;31700;31700;4.45072e+02;65;1;1;1.00000e+00;1.00000e+00;1.00000e+00;40;9.99934e-01;1.00652e+00;7.60300e-04
nav-lives;me-hebbian-neuron;1;[8];318;31800;31800;4.45832e+02;63;1;1;1.00000e+00;1.00000e+00;1.00000e+00;40;9.99944e-01;1.00636e+00;1.28493e-04
nav-lives;me-hebbian-neuron;2;[8];318;31800;31800;4.46432e+02;65;1;1;1.00000e+00;1.00000e+00;1.00000e+00;40;9.99934e-01;1.00652e+00;7.60300e-04
nav-lives;me-hebbian-neuron;1;[8];319;31900;31900;4.47181e+02;63;1;1;1.00000e+00;1.00000e+00;1.00000e+00;40;9.99944e-01;1.00636e+00;1.28493e-04
nav-lives;me-hebbian-neuron;2;[8];319;31900;31900;4.47894e+02;65;1;1;1.00000e+00;1.00000e+00;1.00000e+00;40;9.99934e-01;1.00652e+00;7.60300e-04
nav-lives;me-hebbian-neuron;1;[8];320;32000;32000;4.48562e+02;63;1;1;1.00000e+00;1.00000e+00;1.00000e+00;40;9.99944e-01;1.00636e+00;1.28493e-04
nav-lives;me-hebbian-neuron;2;[8];320;32000;32000;4.49275e+02;65;1;1;1.00000e+00;1.00000e+00;1.00000e+00;40;9.99934e-01;1.00652e+00;7.60300e-04
nav-lives;me-hebbian-neuron;1;[8];321;32100;32100;4.49943e+02;63;1;1;1.00000e+00;1.00000e+00;1.00000e+00;40;9.99944e-01;1.00636e+00;1.28493e-04
nav-lives;me-hebbian-neuron;2;[8];321;32100;32100;4.50650e+02;65;1;1;1.00000e+00;1.00000e+00;1.00000e+00;40;9.99934e-01;1.00652e+00;7.60300e-04
nav-lives;me-hebbian-neuron;1;[8];322;32200;32200;4.51353e+02;63;1;1;1.00000e+00;1.00000e+00;1.00000e+00;40;9.99944e-01;1.00636e+00;1.28493e-04
nav-lives;me-hebbian-neuron;2;[8];322;32200;32200;4.52031e+02;65;1;1;1.00000e+00;1.00000e+00;1.00000e+00;40;9.99934e-01;1.00652e+00;7.60300e-04
nav-lives;me-hebbian-neuron;1;[8];323;32300;32300;4.52703e+02;63;1;1;1.00000e+00;1.00000e+00;1.00000e+00;40;9.99944e-01;1.00636e+00;1.28493e-04
nav-lives;me-hebbian-neuron;2;[8];323;32300;32300;4.53384e+02;65;1;1;1.00000e+00;1.00000e+00;1.00000e+00;40;9.99934e-01;1.00652e+00;7.60300e-04
nav-lives;me-hebbian-neuron;1;[8];324;32400;32400;4.54112e+02;63;1;1;1.00000e+00;1.00000e+00;1.00000e+00;40;9.99944e-01;1.00636e+00;1.28493e-04
nav-lives;me-hebbian-neuron;2;[8];324;32400;32400;4.54813e+02;65;1;1;1.00000e+00;1.00000e+00;1.00000e+00;40;9.99934e-01;1.00652e+00;7.60300e-04
nav-lives;me-hebbian-neuron;1;[8];325;32500;32500;4.55458e+02;63;1;1;1.00000e+00;1.00000e+00;1.00000e+00;40;9.99944e-01;1.00636e+00;1.28493e-04
nav-lives;me-hebbian-neuron;2;[8];325;32500;32500;4.56224e+02;65;1;1;1.00000e+00;1.00000e+00;1.00000e+00;40;9.99934e-01;1.00652e+00;7.60300e-04
nav-lives;me-hebbian-neuron;1;[8];326;32600;32600;4.56884e+02;63;1;1;1.00000e+00;1.00000e+00;1.00000e+00;40;9.99944e-01;1.00636e+00;1.28493e-04
nav-lives;me-hebbian-neuron;2;[8];326;32600;32600;4.57555e+02;65;1;1;1.00000e+00;1.00000e+00;1.00000e+00;40;9.99934e-01;1.00652e+00;7.60300e-04
nav-lives;me-hebbian-neuron;1;[8];327;32700;32700;4.58273e+02;63;1;1;1.00000e+00;1.00000e+00;1.00000e+00;40;9.99944e-01;1.00636e+00;1.28493e-04
nav-lives;me-hebbian-neuron;2;[8];327;32700;32700;4.58965e+02;65;1;1;1.00000e+00;1.00000e+00;1.00000e+00;40;9.99934e-01;1.00652e+00;7.60300e-04
nav-lives;me-hebbian-neuron;1;[8];328;32800;32800;4.59659e+02;63;1;1;1.00000e+00;1.00000e+00;1.00000e+00;40;9.99944e-01;1.00636e+00;1.28493e-04
nav-lives;me-hebbian-neuron;2;[8];328;32800;32800;4.60342e+02;65;1;1;1.00000e+00;1.00000e+00;1.00000e+00;40;9.99934e-01;1.00652e+00;7.60300e-04
nav-lives;me-hebbian-neuron;1;[8];329;32900;32900;4.61046e+02;63;1;1;1.00000e+00;1.00000e+00;1.00000e+00;40;9.99944e-01;1.00636e+00;1.28493e-04
nav-lives;me-hebbian-neuron;2;[8];329;32900;32900;4.61722e+02;65;1;1;1.00000e+00;1.00000e+00;1.00000e+00;40;9.99934e-01;1.00652e+00;7.60300e-04
nav-lives;me-hebbian-neuron;1;[8];330;33000;33000;4.62470e+02;63;1;1;1.00000e+00;1.00000e+00;1.00000e+00;40;9.99944e-01;1.00636e+00;1.28493e-04
nav-lives;me-hebbian-neuron;2;[8];330;33000;33000;4.63144e+02;65;1;1;1.00000e+00;1.00000e+00;1.00000e+00;40;9.99934e-01;1.00652e+00;7.60300e-04
nav-lives;me-hebbian-neuron;1;[8];331;33100;33100;4.63841e+02;63;1;1;1.00000e+00;1.00000e+00;1.00000e+00;40;9.99944e-01;1.00636e+00;1.28493e-04
nav-lives;me-hebbian-neuron;2;[8];331;33100;33100;4.64575e+02;65;1;1;1.00000e+00;1.00000e+00;1.00000e+00;40;9.99934e-01;1.00652e+00;7.60300e-04
nav-lives;me-hebbian-neuron;1;[8];332;33200;33200;4.65241e+02;63;1;1;1.00000e+00;1.00000e+00;1.00000e+00;40;9.99944e-01;1.00636e+00;1.28493e-04
nav-lives;me-hebbian-neuron;2;[8];332;33200;33200;4.65906e+02;65;1;1;1.00000e+00;1.00000e+00;1.00000e+00;40;9.99934e-01;1.00652e+00;7.60300e-04
nav-lives;me-hebbian-neuron;1;[8];333;33300;33300;4.66643e+02;63;1;1;1.00000e+00;1.00000e+00;1.00000e+00;40;9.99944e-01;1.00636e+00;1.28493e-04
nav-lives;me-hebbian-neuron;2;[8];333;33300;33300;4.67405e+02;65;1;1;1.00000e+00;1.00000e+00;1.00000e+00;40;9.99934e-01;1.00652e+00;7.60300e-04
nav-lives;me-hebbian-neuron;1;[8];334;33400;33400;4.68005e+02;63;1;1;1.00000e+00;1.00000e+00;1.00000e+00;40;9.99944e-01;1.00636e+00;1.28493e-04
nav-lives;me-hebbian-neuron;2;[8];334;33400;33400;4.68731e+02;65;1;1;1.00000e+00;1.00000e+00;1.00000e+00;40;9.99934e-01;1.00652e+00;7.60300e-04
nav-lives;me-hebbian-neuron;1;[8];335;33500;33500;4.69410e+02;63;1;1;1.00000e+00;1.00000e+00;1.00000e+00;40;9.99944e-01;1.00636e+00;1.28493e-04
nav-lives;me-hebbian-neuron;2;[8];335;33500;33500;4.70147e+02;65;1;1;1.00000e+00;1.00000e+00;1.00000e+00;40;9.99934e-01;1.00652e+00;7.60300e-04
nav-lives;me-hebbian-neuron;1;[8];336;33600;33600;4.70786e+02;63;1;1;1.00000e+00;1.00000e+00;1.00000e+00;40;9.99944e-01;1.00636e+00;1.28493e-04
nav-lives;me-hebbian-neuron;2;[8];336;33600;33600;4.71490e+02;65;1;1;1.00000e+00;1.00000e+00;1.00000e+00;40;9.99934e-01;1.00652e+00;7.60300e-04
nav-lives;me-hebbian-neuron;1;[8];337;33700;33700;4.72151e+02;63;1;1;1.00000e+00;1.00000e+00;1.00000e+00;40;9.99944e-01;1.00636e+00;1.28493e-04
nav-lives;me-hebbian-neuron;2;[8];337;33700;33700;4.72954e+02;65;1;1;1.00000e+00;1.00000e+00;1.00000e+00;40;9.99934e-01;1.00652e+00;7.60300e-04
nav-lives;me-hebbian-neuron;1;[8];338;33800;33800;4.73593e+02;63;1;1;1.00000e+00;1.00000e+00;1.00000e+00;40;9.99944e-01;1.00636e+00;1.28493e-04
nav-lives;me-hebbian-neuron;2;[8];338;33800;33800;4.74313e+02;65;1;1;1.00000e+00;1.00000e+00;1.00000e+00;40;9.99934e-01;1.00652e+00;7.60300e-04
nav-lives;me-hebbian-neuron;1;[8];339;33900;33900;4.75025e+02;63;1;1;1.00000e+00;1.00000e+00;1.00000e+00;40;9.99944e-01;1.00636e+00;1.28493e-04
nav-lives;me-hebbian-neuron;2;[8];339;33900;33900;4.75671e+02;65;1;1;1.00000e+00;1.00000e+00;1.00000e+00;40;9.99934e-01;1.00652e+00;7.60300e-04
nav-lives;me-hebbian-neuron;1;[8];340;34000;34000;4.76395e+02;63;1;1;1.00000e+00;1.00000e+00;1.00000e+00;40;9.99944e-01;1.00636e+00;1.28493e-04
nav-lives;me-hebbian-neuron;2;[8];340;34000;34000;4.77035e+02;65;1;1;1.00000e+00;1.00000e+00;1.00000e+00;40;9.99934e-01;1.00652e+00;7.60300e-04
nav-lives;me-hebbian-neuron;1;[8];341;34100;34100;4.77970e+02;63;1;1;1.00000e+00;1.00000e+00;1.00000e+00;40;9.99944e-01;1.00636e+00;1.28493e-04
nav-lives;me-hebbian-neuron;2;[8];341;34100;34100;4.78532e+02;65;1;1;1.00000e+00;1.00000e+00;1.00000e+00;40;9.99934e-01;1.00652e+00;7.60300e-04
nav-lives;me-hebbian-neuron;1;[8];342;34200;34200;4.79320e+02;63;1;1;1.00000e+00;1.00000e+00;1.00000e+00;40;9.99944e-01;1.00636e+00;1.28493e-04
nav-lives;me-hebbian-neuron;2;[8];342;34200;34200;4.79975e+02;65;1;1;1.00000e+00;1.00000e+00;1.00000e+00;40;9.99934e-01;1.00652e+00;7.60300e-04
nav-lives;me-hebbian-neuron;1;[8];343;34300;34300;4.80654e+02;63;1;1;1.00000e+00;1.00000e+00;1.00000e+00;40;9.99944e-01;1.00636e+00;1.28493e-04
nav-lives;me-hebbian-neuron;2;[8];343;34300;34300;4.81382e+02;65;1;1;1.00000e+00;1.00000e+00;1.00000e+00;40;9.99934e-01;1.00652e+00;7.60300e-04
nav-lives;me-hebbian-neuron;1;[8];344;34400;34400;4.82104e+02;63;1;1;1.00000e+00;1.00000e+00;1.00000e+00;40;9.99944e-01;1.00636e+00;1.28493e-04
nav-lives;me-hebbian-neuron;2;[8];344;34400;34400;4.82705e+02;65;1;1;1.00000e+00;1.00000e+00;1.00000e+00;40;9.99934e-01;1.00652e+00;7.60300e-04
nav-lives;me-hebbian-neuron;1;[8];345;34500;34500;4.83400e+02;63;1;1;1.00000e+00;1.00000e+00;1.00000e+00;40;9.99944e-01;1.00636e+00;1.28493e-04
nav-lives;me-hebbian-neuron;2;[8];345;34500;34500;4.84150e+02;65;1;1;1.00000e+00;1.00000e+00;1.00000e+00;40;9.99934e-01;1.00652e+00;7.60300e-04
nav-lives;me-hebbian-neuron;1;[8];346;34600;34600;4.84850e+02;63;1;1;1.00000e+00;1.00000e+00;1.00000e+00;40;9.99944e-01;1.00636e+00;1.28493e-04
nav-lives;me-hebbian-neuron;2;[8];346;34600;34600;4.85491e+02;65;1;1;1.00000e+00;1.00000e+00;1.00000e+00;40;9.99934e-01;1.00652e+00;7.60300e-04
nav-lives;me-hebbian-neuron;1;[8];347;34700;34700;4.86154e+02;63;1;1;1.00000e+00;1.00000e+00;1.00000e+00;40;9.99944e-01;1.00636e+00;1.28493e-04
nav-lives;me-hebbian-neuron;2;[8];347;34700;34700;4.86842e+02;65;1;1;1.00000e+00;1.00000e+00;1.00000e+00;40;9.99934e-01;1.00652e+00;7.60300e-04
nav-lives;me-hebbian-neuron;1;[8];348;34800;34800;4.87611e+02;63;1;1;1.00000e+00;1.00000e+00;1.00000e+00;40;9.99944e-01;1.00636e+00;1.28493e-04
nav-lives;me-hebbian-neuron;2;[8];348;34800;34800;4.88304e+02;65;1;1;1.00000e+00;1.00000e+00;1.00000e+00;40;9.99934e-01;1.00652e+00;7.60300e-04
nav-lives;me-hebbian-neuron;1;[8];349;34900;34900;4.88979e+02;63;1;1;1.00000e+00;1.00000e+00;1.00000e+00;40;9.99944e-01;1.00636e+00;1.28493e-04
nav-lives;me-hebbian-neuron;2;[8];349;34900;34900;4.89656e+02;65;1;1;1.00000e+00;1.00000e+00;1.00000e+00;40;9.99934e-01;1.00652e+00;7.60300e-04
nav-lives;me-hebbian-neuron;1;[8];350;35000;35000;4.90373e+02;63;1;1;1.00000e+00;1.00000e+00;1.00000e+00;40;9.99944e-01;1.00636e+00;1.28493e-04
nav-lives;me-hebbian-neuron;2;[8];350;35000;35000;4.91114e+02;65;1;1;1.00000e+00;1.00000e+00;1.00000e+00;40;9.99934e-01;1.00652e+00;7.60300e-04
nav-lives;me-hebbian-neuron;1;[8];351;35100;35100;4.91732e+02;63;1;1;1.00000e+00;1.00000e+00;1.00000e+00;40;9.99944e-01;1.00636e+00;1.28493e-04
nav-lives;me-hebbian-neuron;2;[8];351;35100;35100;4.92483e+02;65;1;1;1.00000e+00;1.00000e+00;1.00000e+00;40;9.99934e-01;1.00652e+00;7.60300e-04
nav-lives;me-hebbian-neuron;1;[8];352;35200;35200;4.93173e+02;63;1;1;1.00000e+00;1.00000e+00;1.00000e+00;40;9.99944e-01;1.00636e+00;1.28493e-04
nav-lives;me-hebbian-neuron;2;[8];352;35200;35200;4.93889e+02;65;1;1;1.00000e+00;1.00000e+00;1.00000e+00;40;9.99934e-01;1.00652e+00;7.60300e-04
nav-lives;me-hebbian-neuron;1;[8];353;35300;35300;4.94557e+02;63;1;1;1.00000e+00;1.00000e+00;1.00000e+00;40;9.99944e-01;1.00636e+00;1.28493e-04
nav-lives;me-hebbian-neuron;2;[8];353;35300;35300;4.95200e+02;65;1;1;1.00000e+00;1.00000e+00;1.00000e+00;40;9.99934e-01;1.00652e+00;7.60300e-04
nav-lives;me-hebbian-neuron;1;[8];354;35400;35400;4.95883e+02;63;1;1;1.00000e+00;1.00000e+00;1.00000e+00;40;9.99944e-01;1.00636e+00;1.28493e-04
nav-lives;me-hebbian-neuron;2;[8];354;35400;35400;4.96642e+02;65;1;1;1.00000e+00;1.00000e+00;1.00000e+00;40;9.99934e-01;1.00652e+00;7.60300e-04
nav-lives;me-hebbian-neuron;1;[8];355;35500;35500;4.97310e+02;63;1;1;1.00000e+00;1.00000e+00;1.00000e+00;40;9.99944e-01;1.00636e+00;1.28493e-04
nav-lives;me-hebbian-neuron;2;[8];355;35500;35500;4.98010e+02;65;1;1;1.00000e+00;1.00000e+00;1.00000e+00;40;9.99934e-01;1.00652e+00;7.60300e-04
nav-lives;me-hebbian-neuron;1;[8];356;35600;35600;4.98691e+02;63;1;1;1.00000e+00;1.00000e+00;1.00000e+00;40;9.99944e-01;1.00636e+00;1.28493e-04
nav-lives;me-hebbian-neuron;2;[8];356;35600;35600;4.99452e+02;65;1;1;1.00000e+00;1.00000e+00;1.00000e+00;40;9.99934e-01;1.00652e+00;7.60300e-04
nav-lives;me-hebbian-neuron;1;[8];357;35700;35700;5.00152e+02;63;1;1;1.00000e+00;1.00000e+00;1.00000e+00;40;9.99944e-01;1.00636e+00;1.28493e-04
nav-lives;me-hebbian-neuron;2;[8];357;35700;35700;5.00778e+02;65;1;1;1.00000e+00;1.00000e+00;1.00000e+00;40;9.99934e-01;1.00652e+00;7.60300e-04
nav-lives;me-hebbian-neuron;1;[8];358;35800;35800;5.01544e+02;63;1;1;1.00000e+00;1.00000e+00;1.00000e+00;40;9.99944e-01;1.00636e+00;1.28493e-04
nav-lives;me-hebbian-neuron;2;[8];358;35800;35800;5.02228e+02;65;1;1;1.00000e+00;1.00000e+00;1.00000e+00;40;9.99934e-01;1.00652e+00;7.60300e-04
nav-lives;me-hebbian-neuron;1;[8];359;35900;35900;5.02912e+02;63;1;1;1.00000e+00;1.00000e+00;1.00000e+00;40;9.99944e-01;1.00636e+00;1.28493e-04
nav-lives;me-hebbian-neuron;2;[8];359;35900;35900;5.03643e+02;65;1;1;1.00000e+00;1.00000e+00;1.00000e+00;40;9.99934e-01;1.00652e+00;7.60300e-04
nav-lives;me-hebbian-neuron;1;[8];360;36000;36000;5.04292e+02;63;1;1;1.00000e+00;1.00000e+00;1.00000e+00;40;9.99944e-01;1.00636e+00;1.28493e-04
nav-lives;me-hebbian-neuron;2;[8];360;36000;36000;5.05009e+02;65;1;1;1.00000e+00;1.00000e+00;1.00000e+00;40;9.99934e-01;1.00652e+00;7.60300e-04
nav-lives;me-hebbian-neuron;1;[8];361;36100;36100;5.05685e+02;63;1;1;1.00000e+00;1.00000e+00;1.00000e+00;40;9.99944e-01;1.00636e+00;1.28493e-04
nav-lives;me-hebbian-neuron;2;[8];361;36100;36100;5.06359e+02;65;1;1;1.00000e+00;1.00000e+00;1.00000e+00;40;9.99934e-01;1.00652e+00;7.60300e-04
nav-lives;me-hebbian-neuron;1;[8];362;36200;36200;5.07055e+02;63;1;1;1.00000e+00;1.00000e+00;1.00000e+00;40;9.99944e-01;1.00636e+00;1.28493e-04
nav-lives;me-hebbian-neuron;2;[8];362;36200;36200;5.07864e+02;65;1;1;1.00000e+00;1.00000e+00;1.00000e+00;40;9.99934e-01;1.00652e+00;7.60300e-04
nav-lives;me-hebbian-neuron;1;[8];363;36300;36300;5.08528e+02;63;1;1;1.00000e+00;1.00000e+00;1.00000e+00;40;9.99944e-01;1.00636e+00;1.28493e-04
nav-lives;me-hebbian-neuron;2;[8];363;36300;36300;5.09207e+02;65;1;1;1.00000e+00;1.00000e+00;1.00000e+00;40;9.99934e-01;1.00652e+00;7.60300e-04
nav-lives;me-hebbian-neuron;1;[8];364;36400;36400;5.09852e+02;63;1;1;1.00000e+00;1.00000e+00;1.00000e+00;40;9.99944e-01;1.00636e+00;1.28493e-04
nav-lives;me-hebbian-neuron;2;[8];364;36400;36400;5.10531e+02;65;1;1;1.00000e+00;1.00000e+00;1.00000e+00;40;9.99934e-01;1.00652e+00;7.60300e-04
nav-lives;me-hebbian-neuron;1;[8];365;36500;36500;5.11211e+02;63;1;1;1.00000e+00;1.00000e+00;1.00000e+00;40;9.99944e-01;1.00636e+00;1.28493e-04
nav-lives;me-hebbian-neuron;2;[8];365;36500;36500;5.11889e+02;65;1;1;1.00000e+00;1.00000e+00;1.00000e+00;40;9.99934e-01;1.00652e+00;7.60300e-04
nav-lives;me-hebbian-neuron;1;[8];366;36600;36600;5.12634e+02;63;1;1;1.00000e+00;1.00000e+00;1.00000e+00;40;9.99944e-01;1.00636e+00;1.28493e-04
nav-lives;me-hebbian-neuron;2;[8];366;36600;36600;5.13343e+02;65;1;1;1.00000e+00;1.00000e+00;1.00000e+00;40;9.99934e-01;1.00652e+00;7.60300e-04
nav-lives;me-hebbian-neuron;1;[8];367;36700;36700;5.14061e+02;63;1;1;1.00000e+00;1.00000e+00;1.00000e+00;40;9.99944e-01;1.00636e+00;1.28493e-04
nav-lives;me-hebbian-neuron;2;[8];367;36700;36700;5.14795e+02;65;1;1;1.00000e+00;1.00000e+00;1.00000e+00;40;9.99934e-01;1.00652e+00;7.60300e-04
nav-lives;me-hebbian-neuron;1;[8];368;36800;36800;5.15431e+02;63;1;1;1.00000e+00;1.00000e+00;1.00000e+00;40;9.99944e-01;1.00636e+00;1.28493e-04
nav-lives;me-hebbian-neuron;2;[8];368;36800;36800;5.16148e+02;65;1;1;1.00000e+00;1.00000e+00;1.00000e+00;40;9.99934e-01;1.00652e+00;7.60300e-04
nav-lives;me-hebbian-neuron;1;[8];369;36900;36900;5.16795e+02;63;1;1;1.00000e+00;1.00000e+00;1.00000e+00;40;9.99944e-01;1.00636e+00;1.28493e-04
nav-lives;me-hebbian-neuron;2;[8];369;36900;36900;5.17491e+02;65;1;1;1.00000e+00;1.00000e+00;1.00000e+00;40;9.99934e-01;1.00652e+00;7.60300e-04
nav-lives;me-hebbian-neuron;1;[8];370;37000;37000;5.18208e+02;63;1;1;1.00000e+00;1.00000e+00;1.00000e+00;40;9.99944e-01;1.00636e+00;1.28493e-04
nav-lives;me-hebbian-neuron;2;[8];370;37000;37000;5.18911e+02;65;1;1;1.00000e+00;1.00000e+00;1.00000e+00;40;9.99934e-01;1.00652e+00;7.60300e-04
nav-lives;me-hebbian-neuron;1;[8];371;37100;37100;5.19607e+02;63;1;1;1.00000e+00;1.00000e+00;1.00000e+00;40;9.99944e-01;1.00636e+00;1.28493e-04
nav-lives;me-hebbian-neuron;2;[8];371;37100;37100;5.20318e+02;65;1;1;1.00000e+00;1.00000e+00;1.00000e+00;40;9.99934e-01;1.00652e+00;7.60300e-04
nav-lives;me-hebbian-neuron;1;[8];372;37200;37200;5.20988e+02;63;1;1;1.00000e+00;1.00000e+00;1.00000e+00;40;9.99944e-01;1.00636e+00;1.28493e-04
nav-lives;me-hebbian-neuron;2;[8];372;37200;37200;5.21630e+02;65;1;1;1.00000e+00;1.00000e+00;1.00000e+00;40;9.99934e-01;1.00652e+00;7.60300e-04
nav-lives;me-hebbian-neuron;1;[8];373;37300;37300;5.22357e+02;63;1;1;1.00000e+00;1.00000e+00;1.00000e+00;40;9.99944e-01;1.00636e+00;1.28493e-04
nav-lives;me-hebbian-neuron;2;[8];373;37300;37300;5.23053e+02;65;1;1;1.00000e+00;1.00000e+00;1.00000e+00;40;9.99934e-01;1.00652e+00;7.60300e-04
nav-lives;me-hebbian-neuron;1;[8];374;37400;37400;5.23742e+02;63;1;1;1.00000e+00;1.00000e+00;1.00000e+00;40;9.99944e-01;1.00636e+00;1.28493e-04
nav-lives;me-hebbian-neuron;2;[8];374;37400;37400;5.24499e+02;65;1;1;1.00000e+00;1.00000e+00;1.00000e+00;40;9.99934e-01;1.00652e+00;7.60300e-04
nav-lives;me-hebbian-neuron;1;[8];375;37500;37500;5.25148e+02;63;1;1;1.00000e+00;1.00000e+00;1.00000e+00;40;9.99944e-01;1.00636e+00;1.28493e-04
nav-lives;me-hebbian-neuron;2;[8];375;37500;37500;5.25856e+02;65;1;1;1.00000e+00;1.00000e+00;1.00000e+00;40;9.99934e-01;1.00652e+00;7.60300e-04
nav-lives;me-hebbian-neuron;1;[8];376;37600;37600;5.26525e+02;63;1;1;1.00000e+00;1.00000e+00;1.00000e+00;40;9.99944e-01;1.00636e+00;1.28493e-04
nav-lives;me-hebbian-neuron;2;[8];376;37600;37600;5.27268e+02;65;1;1;1.00000e+00;1.00000e+00;1.00000e+00;40;9.99934e-01;1.00652e+00;7.60300e-04
nav-lives;me-hebbian-neuron;1;[8];377;37700;37700;5.27888e+02;63;1;1;1.00000e+00;1.00000e+00;1.00000e+00;40;9.99944e-01;1.00636e+00;1.28493e-04
nav-lives;me-hebbian-neuron;2;[8];377;37700;37700;5.28636e+02;65;1;1;1.00000e+00;1.00000e+00;1.00000e+00;40;9.99934e-01;1.00652e+00;7.60300e-04
nav-lives;me-hebbian-neuron;1;[8];378;37800;37800;5.29355e+02;63;1;1;1.00000e+00;1.00000e+00;1.00000e+00;40;9.99944e-01;1.00636e+00;1.28493e-04
nav-lives;me-hebbian-neuron;2;[8];378;37800;37800;5.30063e+02;65;1;1;1.00000e+00;1.00000e+00;1.00000e+00;40;9.99934e-01;1.00652e+00;7.60300e-04
nav-lives;me-hebbian-neuron;1;[8];379;37900;37900;5.30748e+02;63;1;1;1.00000e+00;1.00000e+00;1.00000e+00;40;9.99944e-01;1.00636e+00;1.28493e-04
nav-lives;me-hebbian-neuron;2;[8];379;37900;37900;5.31422e+02;65;1;1;1.00000e+00;1.00000e+00;1.00000e+00;40;9.99934e-01;1.00652e+00;7.60300e-04
nav-lives;me-hebbian-neuron;1;[8];380;38000;38000;5.32149e+02;63;1;1;1.00000e+00;1.00000e+00;1.00000e+00;40;9.99944e-01;1.00636e+00;1.28493e-04
nav-lives;me-hebbian-neuron;2;[8];380;38000;38000;5.32824e+02;65;1;1;1.00000e+00;1.00000e+00;1.00000e+00;40;9.99934e-01;1.00652e+00;7.60300e-04
nav-lives;me-hebbian-neuron;1;[8];381;38100;38100;5.33505e+02;63;1;1;1.00000e+00;1.00000e+00;1.00000e+00;40;9.99944e-01;1.00636e+00;1.28493e-04
nav-lives;me-hebbian-neuron;2;[8];381;38100;38100;5.34194e+02;65;1;1;1.00000e+00;1.00000e+00;1.00000e+00;40;9.99934e-01;1.00652e+00;7.60300e-04
nav-lives;me-hebbian-neuron;1;[8];382;38200;38200;5.34874e+02;63;1;1;1.00000e+00;1.00000e+00;1.00000e+00;40;9.99944e-01;1.00636e+00;1.28493e-04
nav-lives;me-hebbian-neuron;2;[8];382;38200;38200;5.35572e+02;65;1;1;1.00000e+00;1.00000e+00;1.00000e+00;40;9.99934e-01;1.00652e+00;7.60300e-04
nav-lives;me-hebbian-neuron;1;[8];383;38300;38300;5.36318e+02;63;1;1;1.00000e+00;1.00000e+00;1.00000e+00;40;9.99944e-01;1.00636e+00;1.28493e-04
nav-lives;me-hebbian-neuron;2;[8];383;38300;38300;5.37008e+02;65;1;1;1.00000e+00;1.00000e+00;1.00000e+00;40;9.99934e-01;1.00652e+00;7.60300e-04
nav-lives;me-hebbian-neuron;1;[8];384;38400;38400;5.37751e+02;63;1;1;1.00000e+00;1.00000e+00;1.00000e+00;40;9.99944e-01;1.00636e+00;1.28493e-04
nav-lives;me-hebbian-neuron;2;[8];384;38400;38400;5.38421e+02;65;1;1;1.00000e+00;1.00000e+00;1.00000e+00;40;9.99934e-01;1.00652e+00;7.60300e-04
nav-lives;me-hebbian-neuron;1;[8];385;38500;38500;5.39114e+02;63;1;1;1.00000e+00;1.00000e+00;1.00000e+00;40;9.99944e-01;1.00636e+00;1.28493e-04
nav-lives;me-hebbian-neuron;2;[8];385;38500;38500;5.39813e+02;65;1;1;1.00000e+00;1.00000e+00;1.00000e+00;40;9.99934e-01;1.00652e+00;7.60300e-04
nav-lives;me-hebbian-neuron;1;[8];386;38600;38600;5.40471e+02;63;1;1;1.00000e+00;1.00000e+00;1.00000e+00;40;9.99944e-01;1.00636e+00;1.28493e-04
nav-lives;me-hebbian-neuron;2;[8];386;38600;38600;5.41168e+02;65;1;1;1.00000e+00;1.00000e+00;1.00000e+00;40;9.99934e-01;1.00652e+00;7.60300e-04
nav-lives;me-hebbian-neuron;1;[8];387;38700;38700;5.41875e+02;63;1;1;1.00000e+00;1.00000e+00;1.00000e+00;40;9.99944e-01;1.00636e+00;1.28493e-04
nav-lives;me-hebbian-neuron;2;[8];387;38700;38700;5.42544e+02;65;1;1;1.00000e+00;1.00000e+00;1.00000e+00;40;9.99934e-01;1.00652e+00;7.60300e-04
nav-lives;me-hebbian-neuron;1;[8];388;38800;38800;5.43340e+02;63;1;1;1.00000e+00;1.00000e+00;1.00000e+00;40;9.99944e-01;1.00636e+00;1.28493e-04
nav-lives;me-hebbian-neuron;2;[8];388;38800;38800;5.43931e+02;65;1;1;1.00000e+00;1.00000e+00;1.00000e+00;40;9.99934e-01;1.00652e+00;7.60300e-04
nav-lives;me-hebbian-neuron;1;[8];389;38900;38900;5.44663e+02;63;1;1;1.00000e+00;1.00000e+00;1.00000e+00;40;9.99944e-01;1.00636e+00;1.28493e-04
nav-lives;me-hebbian-neuron;2;[8];389;38900;38900;5.45391e+02;65;1;1;1.00000e+00;1.00000e+00;1.00000e+00;40;9.99934e-01;1.00652e+00;7.60300e-04
nav-lives;me-hebbian-neuron;1;[8];390;39000;39000;5.46095e+02;63;1;1;1.00000e+00;1.00000e+00;1.00000e+00;40;9.99944e-01;1.00636e+00;1.28493e-04
nav-lives;me-hebbian-neuron;2;[8];390;39000;39000;5.46757e+02;65;1;1;1.00000e+00;1.00000e+00;1.00000e+00;40;9.99934e-01;1.00652e+00;7.60300e-04
nav-lives;me-hebbian-neuron;1;[8];391;39100;39100;5.47491e+02;63;1;1;1.00000e+00;1.00000e+00;1.00000e+00;40;9.99944e-01;1.00636e+00;1.28493e-04
nav-lives;me-hebbian-neuron;2;[8];391;39100;39100;5.48224e+02;65;1;1;1.00000e+00;1.00000e+00;1.00000e+00;40;9.99934e-01;1.00652e+00;7.60300e-04
nav-lives;me-hebbian-neuron;1;[8];392;39200;39200;5.48813e+02;63;1;1;1.00000e+00;1.00000e+00;1.00000e+00;40;9.99944e-01;1.00636e+00;1.28493e-04
nav-lives;me-hebbian-neuron;2;[8];392;39200;39200;5.49592e+02;65;1;1;1.00000e+00;1.00000e+00;1.00000e+00;40;9.99934e-01;1.00652e+00;7.60300e-04
nav-lives;me-hebbian-neuron;1;[8];393;39300;39300;5.50218e+02;63;1;1;1.00000e+00;1.00000e+00;1.00000e+00;40;9.99944e-01;1.00636e+00;1.28493e-04
nav-lives;me-hebbian-neuron;2;[8];393;39300;39300;5.50956e+02;65;1;1;1.00000e+00;1.00000e+00;1.00000e+00;40;9.99934e-01;1.00652e+00;7.60300e-04
nav-lives;me-hebbian-neuron;1;[8];394;39400;39400;5.51658e+02;63;1;1;1.00000e+00;1.00000e+00;1.00000e+00;40;9.99944e-01;1.00636e+00;1.28493e-04
nav-lives;me-hebbian-neuron;2;[8];394;39400;39400;5.52338e+02;65;1;1;1.00000e+00;1.00000e+00;1.00000e+00;40;9.99934e-01;1.00652e+00;7.60300e-04
nav-lives;me-hebbian-neuron;1;[8];395;39500;39500;5.53082e+02;63;1;1;1.00000e+00;1.00000e+00;1.00000e+00;40;9.99944e-01;1.00636e+00;1.28493e-04
nav-lives;me-hebbian-neuron;2;[8];395;39500;39500;5.53709e+02;65;1;1;1.00000e+00;1.00000e+00;1.00000e+00;40;9.99934e-01;1.00652e+00;7.60300e-04
nav-lives;me-hebbian-neuron;1;[8];396;39600;39600;5.54384e+02;63;1;1;1.00000e+00;1.00000e+00;1.00000e+00;40;9.99944e-01;1.00636e+00;1.28493e-04
nav-lives;me-hebbian-neuron;2;[8];396;39600;39600;5.55144e+02;65;1;1;1.00000e+00;1.00000e+00;1.00000e+00;40;9.99934e-01;1.00652e+00;7.60300e-04
nav-lives;me-hebbian-neuron;1;[8];397;39700;39700;5.55802e+02;63;1;1;1.00000e+00;1.00000e+00;1.00000e+00;40;9.99944e-01;1.00636e+00;1.28493e-04
nav-lives;me-hebbian-neuron;2;[8];397;39700;39700;5.56498e+02;65;1;1;1.00000e+00;1.00000e+00;1.00000e+00;40;9.99934e-01;1.00652e+00;7.60300e-04
nav-lives;me-hebbian-neuron;1;[8];398;39800;39800;5.57141e+02;63;1;1;1.00000e+00;1.00000e+00;1.00000e+00;40;9.99944e-01;1.00636e+00;1.28493e-04
nav-lives;me-hebbian-neuron;2;[8];398;39800;39800;5.57821e+02;65;1;1;1.00000e+00;1.00000e+00;1.00000e+00;40;9.99934e-01;1.00652e+00;7.60300e-04
nav-lives;me-hebbian-neuron;1;[8];399;39900;39900;5.58499e+02;63;1;1;1.00000e+00;1.00000e+00;1.00000e+00;40;9.99944e-01;1.00636e+00;1.28493e-04
nav-lives;me-hebbian-neuron;2;[8];399;39900;39900;5.59255e+02;65;1;1;1.00000e+00;1.00000e+00;1.00000e+00;40;9.99934e-01;1.00652e+00;7.60300e-04
nav-lives;me-hebbian-neuron;1;[8];400;40000;40000;5.59960e+02;63;1;1;1.00000e+00;1.00000e+00;1.00000e+00;40;9.99944e-01;1.00636e+00;1.28493e-04
nav-lives;me-hebbian-neuron;2;[8];400;40000;40000;5.60288e+02;65;1;1;1.00000e+00;1.00000e+00;1.00000e+00;40;9.99934e-01;1.00652e+00;7.60300e-04
nav-lives;me-hebbian-neuron;3;[8];1;100;100;1.27500e+00;2;1;1;1.00000e+00;1.00000e+00;1.00000e+00;40;1.65008e-01;1.71647e-01;3.73338e-01
nav-lives;me-hebbian-neuron;4;[8];1;100;100;1.87800e+00;2;1;1;1.00000e+00;1.00000e+00;1.00000e+00;40;1.41132e-01;1.47766e-01;2.25429e-01
nav-lives;me-hebbian-neuron;3;[8];2;200;200;2.67000e+00;4;1;1;1.00000e+00;1.00000e+00;1.00000e+00;40;2.44791e-01;2.49822e-01;2.52534e-01
nav-lives;me-hebbian-neuron;4;[8];2;200;200;3.15900e+00;3;1;1;1.00000e+00;1.00000e+00;1.00000e+00;40;4.90789e-01;4.96788e-01;6.45118e-02
nav-lives;me-hebbian-neuron;3;[8];3;300;300;3.90900e+00;8;1;1;1.00000e+00;1.00000e+00;1.00000e+00;40;4.94930e-01;5.01401e-01;1.91139e-03
nav-lives;me-hebbian-neuron;4;[8];3;300;300;4.64200e+00;4;1;1;1.00000e+00;1.00000e+00;1.00000e+00;40;4.90789e-01;4.96788e-01;6.45118e-02
nav-lives;me-hebbian-neuron;3;[8];4;400;400;5.27100e+00;12;1;1;1.00000e+00;1.00000e+00;1.00000e+00;40;9.99908e-01;1.00666e+00;4.03426e-06
nav-lives;me-hebbian-neuron;4;[8];4;400;400;5.95500e+00;4;1;1;1.00000e+00;1.00000e+00;1.00000e+00;40;4.90789e-01;4.96788e-01;6.45118e-02
nav-lives;me-hebbian-neuron;3;[8];5;500;500;6.67300e+00;15;1;1;1.00000e+00;1.00000e+00;1.00000e+00;40;9.99908e-01;1.00666e+00;4.03426e-06
nav-lives;me-hebbian-neuron;4;[8];5;500;500;7.37400e+00;5;1;1;1.00000e+00;1.00000e+00;1.00000e+00;40;4.90789e-01;4.96788e-01;6.45118e-02
nav-lives;me-hebbian-neuron;3;[8];6;600;600;8.07500e+00;23;1;1;1.00000e+00;1.00000e+00;1.00000e+00;40;9.99908e-01;1.00666e+00;4.03426e-06
nav-lives;me-hebbian-neuron;4;[8];6;600;600;8.76800e+00;7;1;1;1.00000e+00;1.00000e+00;1.00000e+00;40;4.90789e-01;4.96788e-01;6.45118e-02
nav-lives;me-hebbian-neuron;3;[8];7;700;700;9.43700e+00;25;1;1;1.00000e+00;1.00000e+00;1.00000e+00;40;9.99908e-01;1.00666e+00;4.03426e-06
nav-lives;me-hebbian-neuron;4;[8];7;700;700;1.01620e+01;10;1;1;1.00000e+00;1.00000e+00;1.00000e+00;40;9.99564e-01;1.00532e+00;7.26710e-04
nav-lives;me-hebbian-neuron;3;[8];8;800;800;1.08500e+01;26;1;1;1.00000e+00;1.00000e+00;1.00000e+00;40;9.99908e-01;1.00666e+00;4.03426e-06
nav-lives;me-hebbian-neuron;4;[8];8;800;800;1.15080e+01;11;1;1;1.00000e+00;1.00000e+00;1.00000e+00;40;9.99564e-01;1.00532e+00;7.26710e-04
nav-lives;me-hebbian-neuron;3;[8];9;900;900;1.22680e+01;26;1;1;1.00000e+00;1.00000e+00;1.00000e+00;40;9.99908e-01;1.00666e+00;4.03426e-06
nav-lives;me-hebbian-neuron;4;[8];9;900;900;1.29580e+01;13;1;1;1.00000e+00;1.00000e+00;1.00000e+00;40;9.99564e-01;1.00532e+00;7.26710e-04
nav-lives;me-hebbian-neuron;3;[8];10;1000;1000;1.36520e+01;26;1;1;1.00000e+00;1.00000e+00;1.00000e+00;40;9.99908e-01;1.00666e+00;4.03426e-06
nav-lives;me-hebbian-neuron;4;[8];10;1000;1000;1.43490e+01;14;1;1;1.00000e+00;1.00000e+00;1.00000e+00;40;9.99564e-01;1.00532e+00;7.26710e-04
nav-lives;me-hebbian-neuron;3;[8];11;1100;1100;1.50390e+01;26;1;1;1.00000e+00;1.00000e+00;1.00000e+00;40;9.99908e-01;1.00666e+00;4.03426e-06
nav-lives;me-hebbian-neuron;4;[8];11;1100;1100;1.57140e+01;18;1;1;1.00000e+00;1.00000e+00;1.00000e+00;40;9.99564e-01;1.00532e+00;7.26710e-04
nav-lives;me-hebbian-neuron;3;[8];12;1200;1200;1.64270e+01;27;1;1;1.00000e+00;1.00000e+00;1.00000e+00;40;9.99950e-01;1.00663e+00;2.81442e-05
nav-lives;me-hebbian-neuron;4;[8];12;1200;1200;1.70450e+01;18;1;1;1.00000e+00;1.00000e+00;1.00000e+00;40;9.99564e-01;1.00532e+00;7.26710e-04
nav-lives;me-hebbian-neuron;3;[8];13;1300;1300;1.78010e+01;28;1;1;1.00000e+00;1.00000e+00;1.00000e+00;40;9.99950e-01;1.00663e+00;2.81442e-05
nav-lives;me-hebbian-neuron;4;[8];13;1300;1300;1.85290e+01;21;1;1;1.00000e+00;1.00000e+00;1.00000e+00;40;9.99564e-01;1.00532e+00;7.26710e-04
nav-lives;me-hebbian-neuron;3;[8];14;1400;1400;1.91960e+01;29;1;1;1.00000e+00;1.00000e+00;1.00000e+00;40;9.99950e-01;1.00663e+00;2.81442e-05
nav-lives;me-hebbian-neuron;4;[8];14;1400;1400;1.99090e+01;21;1;1;1.00000e+00;1.00000e+00;1.00000e+00;40;9.99564e-01;1.00532e+00;7.26710e-04
nav-lives;me-hebbian-neuron;3;[8];15;1500;1500;2.06080e+01;31;1;1;1.00000e+00;1.00000e+00;1.00000e+00;40;9.99950e-01;1.00663e+00;2.81442e-05
nav-lives;me-hebbian-neuron;4;[8];15;1500;1500;2.12940e+01;24;1;1;1.00000e+00;1.00000e+00;1.00000e+00;40;9.99564e-01;1.00532e+00;7.26710e-04
nav-lives;me-hebbian-neuron;3;[8];16;1600;1600;2.20030e+01;32;1;1;1.00000e+00;1.00000e+00;1.00000e+00;40;9.99950e-01;1.00663e+00;2.81442e-05
nav-lives;me-hebbian-neuron;4;[8];16;1600;1600;2.26100e+01;26;1;1;1.00000e+00;1.00000e+00;1.00000e+00;40;9.99564e-01;1.00532e+00;7.26710e-04
nav-lives;me-hebbian-neuron;3;[8];17;1700;1700;2.33120e+01;33;1;1;1.00000e+00;1.00000e+00;1.00000e+00;40;9.99950e-01;1.00663e+00;2.81442e-05
nav-lives;me-hebbian-neuron;4;[8];17;1700;1700;2.40460e+01;28;1;1;1.00000e+00;1.00000e+00;1.00000e+00;40;9.99748e-01;1.00606e+00;3.70776e-04
nav-lives;me-hebbian-neuron;3;[8];18;1800;1800;2.47980e+01;36;1;1;1.00000e+00;1.00000e+00;1.00000e+00;40;9.99950e-01;1.00663e+00;2.81442e-05
nav-lives;me-hebbian-neuron;4;[8];18;1800;1800;2.54460e+01;29;1;1;1.00000e+00;1.00000e+00;1.00000e+00;40;9.99748e-01;1.00606e+00;3.70776e-04
nav-lives;me-hebbian-neuron;3;[8];19;1900;1900;2.61600e+01;37;1;1;1.00000e+00;1.00000e+00;1.00000e+00;40;9.99950e-01;1.00663e+00;2.81442e-05
nav-lives;me-hebbian-neuron;4;[8];19;1900;1900;2.69030e+01;29;1;1;1.00000e+00;1.00000e+00;1.00000e+00;40;9.99748e-01;1.00606e+00;3.70776e-04
nav-lives;me-hebbian-neuron;3;[8];20;2000;2000;2.76340e+01;38;1;1;1.00000e+00;1.00000e+00;1.00000e+00;40;9.99950e-01;1.00663e+00;2.81442e-05
nav-lives;me-hebbian-neuron;4;[8];20;2000;2000;2.82240e+01;29;1;1;1.00000e+00;1.00000e+00;1.00000e+00;40;9.99748e-01;1.00606e+00;3.70776e-04
nav-lives;me-hebbian-neuron;3;[8];21;2100;2100;2.89220e+01;39;1;1;1.00000e+00;1.00000e+00;1.00000e+00;40;9.99950e-01;1.00663e+00;2.81442e-05
nav-lives;me-hebbian-neuron;4;[8];21;2100;2100;2.95640e+01;32;1;1;1.00000e+00;1.00000e+00;1.00000e+00;40;9.99748e-01;1.00606e+00;3.70776e-04
nav-lives;me-hebbian-neuron;3;[8];22;2200;2200;3.03100e+01;39;1;1;1.00000e+00;1.00000e+00;1.00000e+00;40;9.99950e-01;1.00663e+00;2.81442e-05
nav-lives;me-hebbian-neuron;4;[8];22;2200;2200;3.10050e+01;33;1;1;1.00000e+00;1.00000e+00;1.00000e+00;40;9.99748e-01;1.00606e+00;3.70776e-04
nav-lives;me-hebbian-neuron;3;[8];23;2300;2300;3.17000e+01;42;1;1;1.00000e+00;1.00000e+00;1.00000e+00;40;9.99950e-01;1.00663e+00;2.81442e-05
nav-lives;me-hebbian-neuron;4;[8];23;2300;2300;3.23790e+01;34;1;1;1.00000e+00;1.00000e+00;1.00000e+00;40;9.99748e-01;1.00606e+00;3.70776e-04
nav-lives;me-hebbian-neuron;3;[8];24;2400;2400;3.30680e+01;44;1;1;1.00000e+00;1.00000e+00;1.00000e+00;40;9.99950e-01;1.00663e+00;2.81442e-05
nav-lives;me-hebbian-neuron;4;[8];24;2400;2400;3.37950e+01;34;1;1;1.00000e+00;1.00000e+00;1.00000e+00;40;9.99748e-01;1.00606e+00;3.70776e-04
nav-lives;me-hebbian-neuron;3;[8];25;2500;2500;3.45220e+01;44;1;1;1.00000e+00;1.00000e+00;1.00000e+00;40;9.99950e-01;1.00663e+00;2.81442e-05
nav-lives;me-hebbian-neuron;4;[8];25;2500;2500;3.51740e+01;34;1;1;1.00000e+00;1.00000e+00;1.00000e+00;40;9.99748e-01;1.00606e+00;3.70776e-04
nav-lives;me-hebbian-neuron;3;[8];26;2600;2600;3.58690e+01;44;1;1;1.00000e+00;1.00000e+00;1.00000e+00;40;9.99950e-01;1.00663e+00;2.81442e-05
nav-lives;me-hebbian-neuron;4;[8];26;2600;2600;3.65590e+01;35;1;1;1.00000e+00;1.00000e+00;1.00000e+00;40;9.99748e-01;1.00606e+00;3.70776e-04
nav-lives;me-hebbian-neuron;3;[8];27;2700;2700;3.72880e+01;44;1;1;1.00000e+00;1.00000e+00;1.00000e+00;40;9.99950e-01;1.00663e+00;2.81442e-05
nav-lives;me-hebbian-neuron;4;[8];27;2700;2700;3.79720e+01;35;1;1;1.00000e+00;1.00000e+00;1.00000e+00;40;9.99748e-01;1.00606e+00;3.70776e-04
nav-lives;me-hebbian-neuron;3;[8];28;2800;2800;3.86550e+01;46;1;1;1.00000e+00;1.00000e+00;1.00000e+00;40;9.99950e-01;1.00663e+00;2.81442e-05
nav-lives;me-hebbian-neuron;4;[8];28;2800;2800;3.93730e+01;35;1;1;1.00000e+00;1.00000e+00;1.00000e+00;40;9.99748e-01;1.00606e+00;3.70776e-04
nav-lives;me-hebbian-neuron;3;[8];29;2900;2900;4.00490e+01;47;1;1;1.00000e+00;1.00000e+00;1.00000e+00;40;9.99950e-01;1.00663e+00;2.81442e-05
nav-lives;me-hebbian-neuron;4;[8];29;2900;2900;4.07410e+01;36;1;1;1.00000e+00;1.00000e+00;1.00000e+00;40;9.99748e-01;1.00606e+00;3.70776e-04
nav-lives;me-hebbian-neuron;3;[8];30;3000;3000;4.13860e+01;48;1;1;1.00000e+00;1.00000e+00;1.00000e+00;40;9.99950e-01;1.00663e+00;2.81442e-05
nav-lives;me-hebbian-neuron;4;[8];30;3000;3000;4.21020e+01;37;1;1;1.00000e+00;1.00000e+00;1.00000e+00;40;9.99748e-01;1.00606e+00;3.70776e-04
nav-lives;me-hebbian-neuron;3;[8];31;3100;3100;4.27980e+01;48;1;1;1.00000e+00;1.00000e+00;1.00000e+00;40;9.99950e-01;1.00663e+00;2.81442e-05
nav-lives;me-hebbian-neuron;4;[8];31;3100;3100;4.35050e+01;37;1;1;1.00000e+00;1.00000e+00;1.00000e+00;40;9.99748e-01;1.00606e+00;3.70776e-04
nav-lives;me-hebbian-neuron;3;[8];32;3200;3200;4.41820e+01;48;1;1;1.00000e+00;1.00000e+00;1.00000e+00;40;9.99950e-01;1.00663e+00;2.81442e-05
nav-lives;me-hebbian-neuron;4;[8];32;3200;3200;4.49260e+01;37;1;1;1.00000e+00;1.00000e+00;1.00000e+00;40;9.99748e-01;1.00606e+00;3.70776e-04
nav-lives;me-hebbian-neuron;3;[8];33;3300;3300;4.56130e+01;48;1;1;1.00000e+00;1.00000e+00;1.00000e+00;40;9.99950e-01;1.00663e+00;2.81442e-05
nav-lives;me-hebbian-neuron;4;[8];33;3300;3300;4.62960e+01;38;1;1;1.00000e+00;1.00000e+00;1.00000e+00;40;9.99748e-01;1.00606e+00;3.70776e-04
nav-lives;me-hebbian-neuron;3;[8];34;3400;3400;4.70200e+01;49;1;1;1.00000e+00;1.00000e+00;1.00000e+00;40;9.99950e-01;1.00663e+00;2.81442e-05
nav-lives;me-hebbian-neuron;4;[8];34;3400;3400;4.76640e+01;40;1;1;1.00000e+00;1.00000e+00;1.00000e+00;40;9.99748e-01;1.00606e+00;3.70776e-04
nav-lives;me-hebbian-neuron;3;[8];35;3500;3500;4.83600e+01;49;1;1;1.00000e+00;1.00000e+00;1.00000e+00;40;9.99950e-01;1.00663e+00;2.81442e-05
nav-lives;me-hebbian-neuron;4;[8];35;3500;3500;4.90640e+01;40;1;1;1.00000e+00;1.00000e+00;1.00000e+00;40;9.99748e-01;1.00606e+00;3.70776e-04
nav-lives;me-hebbian-neuron;3;[8];36;3600;3600;4.97500e+01;49;1;1;1.00000e+00;1.00000e+00;1.00000e+00;40;9.99950e-01;1.00663e+00;2.81442e-05
nav-lives;me-hebbian-neuron;4;[8];36;3600;3600;5.04980e+01;40;1;1;1.00000e+00;1.00000e+00;1.00000e+00;40;9.99748e-01;1.00606e+00;3.70776e-04
nav-lives;me-hebbian-neuron;3;[8];37;3700;3700;5.11460e+01;50;1;1;1.00000e+00;1.00000e+00;1.00000e+00;40;9.99950e-01;1.00663e+00;2.81442e-05
nav-lives;me-hebbian-neuron;4;[8];37;3700;3700;5.18570e+01;40;1;1;1.00000e+00;1.00000e+00;1.00000e+00;40;9.99748e-01;1.00606e+00;3.70776e-04
nav-lives;me-hebbian-neuron;3;[8];38;3800;3800;5.25240e+01;50;1;1;1.00000e+00;1.00000e+00;1.00000e+00;40;9.99950e-01;1.00663e+00;2.81442e-05
nav-lives;me-hebbian-neuron;4;[8];38;3800;3800;5.32340e+01;40;1;1;1.00000e+00;1.00000e+00;1.00000e+00;40;9.99748e-01;1.00606e+00;3.70776e-04
nav-lives;me-hebbian-neuron;3;[8];39;3900;3900;5.39290e+01;51;1;1;1.00000e+00;1.00000e+00;1.00000e+00;40;9.99950e-01;1.00663e+00;2.81442e-05
nav-lives;me-hebbian-neuron;4;[8];39;3900;3900;5.46390e+01;41;1;1;1.00000e+00;1.00000e+00;1.00000e+00;40;9.99748e-01;1.00606e+00;3.70776e-04
nav-lives;me-hebbian-neuron;3;[8];40;4000;4000;5.53060e+01;51;1;1;1.00000e+00;1.00000e+00;1.00000e+00;40;9.99950e-01;1.00663e+00;2.81442e-05
nav-lives;me-hebbian-neuron;4;[8];40;4000;4000;5.60150e+01;41;1;1;1.00000e+00;1.00000e+00;1.00000e+00;40;9.99748e-01;1.00606e+00;3.70776e-04
nav-lives;me-hebbian-neuron;3;[8];41;4100;4100;5.66700e+01;51;1;1;1.00000e+00;1.00000e+00;1.00000e+00;40;9.99950e-01;1.00663e+00;2.81442e-05
nav-lives;me-hebbian-neuron;4;[8];41;4100;4100;5.73480e+01;41;1;1;1.00000e+00;1.00000e+00;1.00000e+00;40;9.99748e-01;1.00606e+00;3.70776e-04
nav-lives;me-hebbian-neuron;3;[8];42;4200;4200;5.80680e+01;52;1;1;1.00000e+00;1.00000e+00;1.00000e+00;40;9.99950e-01;1.00663e+00;2.81442e-05
nav-lives;me-hebbian-neuron;4;[8];42;4200;4200;5.87960e+01;42;1;1;1.00000e+00;1.00000e+00;1.00000e+00;40;9.99748e-01;1.00606e+00;3.70776e-04
nav-lives;me-hebbian-neuron;3;[8];43;4300;4300;5.95190e+01;52;1;1;1.00000e+00;1.00000e+00;1.00000e+00;40;9.99950e-01;1.00663e+00;2.81442e-05
nav-lives;me-hebbian-neuron;4;[8];43;4300;4300;6.02630e+01;44;1;1;1.00000e+00;1.00000e+00;1.00000e+00;40;9.99748e-01;1.00606e+00;3.70776e-04
nav-lives;me-hebbian-neuron;3;[8];44;4400;4400;6.09260e+01;52;1;1;1.00000e+00;1.00000e+00;1.00000e+00;40;9.99950e-01;1.00663e+00;2.81442e-05
nav-lives;me-hebbian-neuron;4;[8];44;4400;4400;6.16010e+01;44;1;1;1.00000e+00;1.00000e+00;1.00000e+00;40;9.99801e-01;1.00677e+00;3.85210e-04
nav-lives;me-hebbian-neuron;3;[8];45;4500;4500;6.23080e+01;52;1;1;1.00000e+00;1.00000e+00;1.00000e+00;40;9.99950e-01;1.00663e+00;2.81442e-05
nav-lives;me-hebbian-neuron;4;[8];45;4500;4500;6.29630e+01;46;1;1;1.00000e+00;1.00000e+00;1.00000e+00;40;9.99801e-01;1.00677e+00;3.85210e-04
nav-lives;me-hebbian-neuron;3;[8];46;4600;4600;6.37080e+01;52;1;1;1.00000e+00;1.00000e+00;1.00000e+00;40;9.99950e-01;1.00663e+00;2.81442e-05
nav-lives;me-hebbian-neuron;4;[8];46;4600;4600;6.43940e+01;47;1;1;1.00000e+00;1.00000e+00;1.00000e+00;40;9.99801e-01;1.00677e+00;3.85210e-04
nav-lives;me-hebbian-neuron;3;[8];47;4700;4700;6.51380e+01;52;1;1;1.00000e+00;1.00000e+00;1.00000e+00;40;9.99950e-01;1.00663e+00;2.81442e-05
nav-lives;me-hebbian-neuron;4;[8];47;4700;4700;6.58690e+01;47;1;1;1.00000e+00;1.00000e+00;1.00000e+00;40;9.99801e-01;1.00677e+00;3.85210e-04
nav-lives;me-hebbian-neuron;3;[8];48;4800;4800;6.65440e+01;52;1;1;1.00000e+00;1.00000e+00;1.00000e+00;40;9.99950e-01;1.00663e+00;2.81442e-05
nav-lives;me-hebbian-neuron;4;[8];48;4800;4800;6.71390e+01;47;1;1;1.00000e+00;1.00000e+00;1.00000e+00;40;9.99801e-01;1.00677e+00;3.85210e-04
nav-lives;me-hebbian-neuron;3;[8];49;4900;4900;6.78620e+01;52;1;1;1.00000e+00;1.00000e+00;1.00000e+00;40;9.99950e-01;1.00663e+00;2.81442e-05
nav-lives;me-hebbian-neuron;4;[8];49;4900;4900;6.86450e+01;47;1;1;1.00000e+00;1.00000e+00;1.00000e+00;40;9.99801e-01;1.00677e+00;3.85210e-04
nav-lives;me-hebbian-neuron;3;[8];50;5000;5000;6.92640e+01;52;1;1;1.00000e+00;1.00000e+00;1.00000e+00;40;9.99950e-01;1.00663e+00;2.81442e-05
nav-lives;me-hebbian-neuron;4;[8];50;5000;5000;7.00700e+01;47;1;1;1.00000e+00;1.00000e+00;1.00000e+00;40;9.99801e-01;1.00677e+00;3.85210e-04
nav-lives;me-hebbian-neuron;3;[8];51;5100;5100;7.07280e+01;52;1;1;1.00000e+00;1.00000e+00;1.00000e+00;40;9.99950e-01;1.00663e+00;2.81442e-05
nav-lives;me-hebbian-neuron;4;[8];51;5100;5100;7.14080e+01;47;1;1;1.00000e+00;1.00000e+00;1.00000e+00;40;9.99801e-01;1.00677e+00;3.85210e-04
nav-lives;me-hebbian-neuron;3;[8];52;5200;5200;7.20790e+01;53;1;1;1.00000e+00;1.00000e+00;1.00000e+00;40;9.99950e-01;1.00663e+00;2.81442e-05
nav-lives;me-hebbian-neuron;4;[8];52;5200;5200;7.28030e+01;47;1;1;1.00000e+00;1.00000e+00;1.00000e+00;40;9.99801e-01;1.00677e+00;3.85210e-04
nav-lives;me-hebbian-neuron;3;[8];53;5300;5300;7.34740e+01;54;1;1;1.00000e+00;1.00000e+00;1.00000e+00;40;9.99950e-01;1.00663e+00;2.81442e-05
nav-lives;me-hebbian-neuron;4;[8];53;5300;5300;7.41600e+01;48;1;1;1.00000e+00;1.00000e+00;1.00000e+00;40;9.99801e-01;1.00677e+00;3.85210e-04
nav-lives;me-hebbian-neuron;3;[8];54;5400;5400;7.48200e+01;54;1;1;1.00000e+00;1.00000e+00;1.00000e+00;40;9.99950e-01;1.00663e+00;2.81442e-05
nav-lives;me-hebbian-neuron;4;[8];54;5400;5400;7.55130e+01;48;1;1;1.00000e+00;1.00000e+00;1.00000e+00;40;9.99801e-01;1.00677e+00;3.85210e-04
nav-lives;me-hebbian-neuron;3;[8];55;5500;5500;7.62470e+01;54;1;1;1.00000e+00;1.00000e+00;1.00000e+00;40;9.99950e-01;1.00663e+00;2.81442e-05
nav-lives;me-hebbian-neuron;4;[8];55;5500;5500;7.69230e+01;48;1;1;1.00000e+00;1.00000e+00;1.00000e+00;40;9.99801e-01;1.00677e+00;3.85210e-04
nav-lives;me-hebbian-neuron;3;[8];56;5600;5600;7.76470e+01;54;1;1;1.00000e+00;1.00000e+00;1.00000e+00;40;9.99950e-01;1.00663e+00;2.81442e-05
nav-lives;me-hebbian-neuron;4;[8];56;5600;5600;7.83110e+01;48;1;1;1.00000e+00;1.00000e+00;1.00000e+00;40;9.99801e-01;1.00677e+00;3.85210e-04
nav-lives;me-hebbian-neuron;3;[8];57;5700;5700;7.90670e+01;54;1;1;1.00000e+00;1.00000e+00;1.00000e+00;40;9.99950e-01;1.00663e+00;2.81442e-05
nav-lives;me-hebbian-neuron;4;[8];57;5700;5700;7.96910e+01;48;1;1;1.00000e+00;1.00000e+00;1.00000e+00;40;9.99801e-01;1.00677e+00;3.85210e-04
nav-lives;me-hebbian-neuron;3;[8];58;5800;5800;8.03770e+01;54;1;1;1.00000e+00;1.00000e+00;1.00000e+00;40;9.99950e-01;1.00663e+00;2.81442e-05
nav-lives;me-hebbian-neuron;4;[8];58;5800;5800;8.10530e+01;48;1;1;1.00000e+00;1.00000e+00;1.00000e+00;40;9.99801e-01;1.00677e+00;3.85210e-04
nav-lives;me-hebbian-neuron;3;[8];59;5900;5900;8.17500e+01;54;1;1;1.00000e+00;1.00000e+00;1.00000e+00;40;9.99950e-01;1.00663e+00;2.81442e-05
nav-lives;me-hebbian-neuron;4;[8];59;5900;5900;8.24930e+01;49;1;1;1.00000e+00;1.00000e+00;1.00000e+00;40;9.99801e-01;1.00677e+00;3.85210e-04
nav-lives;me-hebbian-neuron;3;[8];60;6000;6000;8.31910e+01;54;1;1;1.00000e+00;1.00000e+00;1.00000e+00;40;9.99950e-01;1.00663e+00;2.81442e-05
nav-lives;me-hebbian-neuron;4;[8];60;6000;6000;8.39010e+01;49;1;1;1.00000e+00;1.00000e+00;1.00000e+00;40;9.99801e-01;1.00677e+00;3.85210e-04
nav-lives;me-hebbian-neuron;3;[8];61;6100;6100;8.45480e+01;54;1;1;1.00000e+00;1.00000e+00;1.00000e+00;40;9.99950e-01;1.00663e+00;2.81442e-05
nav-lives;me-hebbian-neuron;4;[8];61;6100;6100;8.52470e+01;49;1;1;1.00000e+00;1.00000e+00;1.00000e+00;40;9.99801e-01;1.00677e+00;3.85210e-04
nav-lives;me-hebbian-neuron;3;[8];62;6200;6200;8.59960e+01;54;1;1;1.00000e+00;1.00000e+00;1.00000e+00;40;9.99950e-01;1.00663e+00;2.81442e-05
nav-lives;me-hebbian-neuron;4;[8];62;6200;6200;8.65950e+01;49;1;1;1.00000e+00;1.00000e+00;1.00000e+00;40;9.99801e-01;1.00677e+00;3.85210e-04
nav-lives;me-hebbian-neuron;3;[8];63;6300;6300;8.73880e+01;54;1;1;1.00000e+00;1.00000e+00;1.00000e+00;40;9.99950e-01;1.00663e+00;2.81442e-05
nav-lives;me-hebbian-neuron;4;[8];63;6300;6300;8.80690e+01;50;1;1;1.00000e+00;1.00000e+00;1.00000e+00;40;9.99801e-01;1.00677e+00;3.85210e-04
nav-lives;me-hebbian-neuron;3;[8];64;6400;6400;8.87790e+01;54;1;1;1.00000e+00;1.00000e+00;1.00000e+00;40;9.99950e-01;1.00663e+00;2.81442e-05
nav-lives;me-hebbian-neuron;4;[8];64;6400;6400;8.94780e+01;50;1;1;1.00000e+00;1.00000e+00;1.00000e+00;40;9.99801e-01;1.00677e+00;3.85210e-04
nav-lives;me-hebbian-neuron;3;[8];65;6500;6500;9.01230e+01;54;1;1;1.00000e+00;1.00000e+00;1.00000e+00;40;9.99950e-01;1.00663e+00;2.81442e-05
nav-lives;me-hebbian-neuron;4;[8];65;6500;6500;9.08370e+01;50;1;1;1.00000e+00;1.00000e+00;1.00000e+00;40;9.99801e-01;1.00677e+00;3.85210e-04
nav-lives;me-hebbian-neuron;3;[8];66;6600;6600;9.15340e+01;54;1;1;1.00000e+00;1.00000e+00;1.00000e+00;40;9.99950e-01;1.00663e+00;2.81442e-05
nav-lives;me-hebbian-neuron;4;[8];66;6600;6600;9.22280e+01;50;1;1;1.00000e+00;1.00000e+00;1.00000e+00;40;9.99801e-01;1.00677e+00;3.85210e-04
nav-lives;me-hebbian-neuron;3;[8];67;6700;6700;9.29850e+01;54;1;1;1.00000e+00;1.00000e+00;1.00000e+00;40;9.99950e-01;1.00663e+00;2.81442e-05
nav-lives;me-hebbian-neuron;4;[8];67;6700;6700;9.36130e+01;50;1;1;1.00000e+00;1.00000e+00;1.00000e+00;40;9.99801e-01;1.00677e+00;3.85210e-04
nav-lives;me-hebbian-neuron;3;[8];68;6800;6800;9.43430e+01;54;1;1;1.00000e+00;1.00000e+00;1.00000e+00;40;9.99950e-01;1.00663e+00;2.81442e-05
nav-lives;me-hebbian-neuron;4;[8];68;6800;6800;9.49600e+01;51;1;1;1.00000e+00;1.00000e+00;1.00000e+00;40;9.99801e-01;1.00677e+00;3.85210e-04
nav-lives;me-hebbian-neuron;3;[8];69;6900;6900;9.57030e+01;54;1;1;1.00000e+00;1.00000e+00;1.00000e+00;40;9.99950e-01;1.00663e+00;2.81442e-05
nav-lives;me-hebbian-neuron;4;[8];69;6900;6900;9.63800e+01;52;1;1;1.00000e+00;1.00000e+00;1.00000e+00;40;9.99801e-01;1.00677e+00;3.85210e-04
nav-lives;me-hebbian-neuron;3;[8];70;7000;7000;9.70660e+01;55;1;1;1.00000e+00;1.00000e+00;1.00000e+00;40;9.99950e-01;1.00663e+00;2.81442e-05
nav-lives;me-hebbian-neuron;4;[8];70;7000;7000;9.77650e+01;52;1;1;1.00000e+00;1.00000e+00;1.00000e+00;40;9.99801e-01;1.00677e+00;3.85210e-04
nav-lives;me-hebbian-neuron;3;[8];71;7100;7100;9.84460e+01;56;1;1;1.00000e+00;1.00000e+00;1.00000e+00;40;9.99950e-01;1.00663e+00;2.81442e-05
nav-lives;me-hebbian-neuron;4;[8];71;7100;7100;9.91930e+01;52;1;1;1.00000e+00;1.00000e+00;1.00000e+00;40;9.99801e-01;1.00677e+00;3.85210e-04
nav-lives;me-hebbian-neuron;3;[8];72;7200;7200;9.98710e+01;56;1;1;1.00000e+00;1.00000e+00;1.00000e+00;40;9.99950e-01;1.00663e+00;2.81442e-05
nav-lives;me-hebbian-neuron;4;[8];72;7200;7200;1.00660e+02;52;1;1;1.00000e+00;1.00000e+00;1.00000e+00;40;9.99801e-01;1.00677e+00;3.85210e-04
nav-lives;me-hebbian-neuron;3;[8];73;7300;7300;1.01221e+02;56;1;1;1.00000e+00;1.00000e+00;1.00000e+00;40;9.99950e-01;1.00663e+00;2.81442e-05
nav-lives;me-hebbian-neuron;4;[8];73;7300;7300;1.01931e+02;52;1;1;1.00000e+00;1.00000e+00;1.00000e+00;40;9.99801e-01;1.00677e+00;3.85210e-04
nav-lives;me-hebbian-neuron;3;[8];74;7400;7400;1.02673e+02;56;1;1;1.00000e+00;1.00000e+00;1.00000e+00;40;9.99950e-01;1.00663e+00;2.81442e-05
nav-lives;me-hebbian-neuron;4;[8];74;7400;7400;1.03306e+02;52;1;1;1.00000e+00;1.00000e+00;1.00000e+00;40;9.99801e-01;1.00677e+00;3.85210e-04
nav-lives;me-hebbian-neuron;3;[8];75;7500;7500;1.04025e+02;56;1;1;1.00000e+00;1.00000e+00;1.00000e+00;40;9.99950e-01;1.00663e+00;2.81442e-05
nav-lives;me-hebbian-neuron;4;[8];75;7500;7500;1.04774e+02;52;1;1;1.00000e+00;1.00000e+00;1.00000e+00;40;9.99801e-01;1.00677e+00;3.85210e-04
nav-lives;me-hebbian-neuron;3;[8];76;7600;7600;1.05461e+02;56;1;1;1.00000e+00;1.00000e+00;1.00000e+00;40;9.99950e-01;1.00663e+00;2.81442e-05
nav-lives;me-hebbian-neuron;4;[8];76;7600;7600;1.06144e+02;52;1;1;1.00000e+00;1.00000e+00;1.00000e+00;40;9.99801e-01;1.00677e+00;3.85210e-04
nav-lives;me-hebbian-neuron;3;[8];77;7700;7700;1.06853e+02;56;1;1;1.00000e+00;1.00000e+00;1.00000e+00;40;9.99950e-01;1.00663e+00;2.81442e-05
nav-lives;me-hebbian-neuron;4;[8];77;7700;7700;1.07551e+02;52;1;1;1.00000e+00;1.00000e+00;1.00000e+00;40;9.99801e-01;1.00677e+00;3.85210e-04
nav-lives;me-hebbian-neuron;3;[8];78;7800;7800;1.08249e+02;56;1;1;1.00000e+00;1.00000e+00;1.00000e+00;40;9.99950e-01;1.00663e+00;2.81442e-05
nav-lives;me-hebbian-neuron;4;[8];78;7800;7800;1.08937e+02;52;1;1;1.00000e+00;1.00000e+00;1.00000e+00;40;9.99801e-01;1.00677e+00;3.85210e-04
nav-lives;me-hebbian-neuron;3;[8];79;7900;7900;1.09610e+02;56;1;1;1.00000e+00;1.00000e+00;1.00000e+00;40;9.99950e-01;1.00663e+00;2.81442e-05
nav-lives;me-hebbian-neuron;4;[8];79;7900;7900;1.10324e+02;52;1;1;1.00000e+00;1.00000e+00;1.00000e+00;40;9.99801e-01;1.00677e+00;3.85210e-04
nav-lives;me-hebbian-neuron;3;[8];80;8000;8000;1.11069e+02;56;1;1;1.00000e+00;1.00000e+00;1.00000e+00;40;9.99950e-01;1.00663e+00;2.81442e-05
nav-lives;me-hebbian-neuron;4;[8];80;8000;8000;1.11799e+02;52;1;1;1.00000e+00;1.00000e+00;1.00000e+00;40;9.99801e-01;1.00677e+00;3.85210e-04
nav-lives;me-hebbian-neuron;3;[8];81;8100;8100;1.12363e+02;56;1;1;1.00000e+00;1.00000e+00;1.00000e+00;40;9.99950e-01;1.00663e+00;2.81442e-05
nav-lives;me-hebbian-neuron;4;[8];81;8100;8100;1.13089e+02;52;1;1;1.00000e+00;1.00000e+00;1.00000e+00;40;9.99801e-01;1.00677e+00;3.85210e-04
nav-lives;me-hebbian-neuron;3;[8];82;8200;8200;1.13788e+02;56;1;1;1.00000e+00;1.00000e+00;1.00000e+00;40;9.99950e-01;1.00663e+00;2.81442e-05
nav-lives;me-hebbian-neuron;4;[8];82;8200;8200;1.14406e+02;53;1;1;1.00000e+00;1.00000e+00;1.00000e+00;40;9.99801e-01;1.00677e+00;3.85210e-04
nav-lives;me-hebbian-neuron;3;[8];83;8300;8300;1.15164e+02;56;1;1;1.00000e+00;1.00000e+00;1.00000e+00;40;9.99950e-01;1.00663e+00;2.81442e-05
nav-lives;me-hebbian-neuron;4;[8];83;8300;8300;1.15894e+02;53;1;1;1.00000e+00;1.00000e+00;1.00000e+00;40;9.99801e-01;1.00677e+00;3.85210e-04
nav-lives;me-hebbian-neuron;3;[8];84;8400;8400;1.16541e+02;56;1;1;1.00000e+00;1.00000e+00;1.00000e+00;40;9.99950e-01;1.00663e+00;2.81442e-05
nav-lives;me-hebbian-neuron;4;[8];84;8400;8400;1.17302e+02;53;1;1;1.00000e+00;1.00000e+00;1.00000e+00;40;9.99801e-01;1.00677e+00;3.85210e-04
nav-lives;me-hebbian-neuron;3;[8];85;8500;8500;1.17988e+02;56;1;1;1.00000e+00;1.00000e+00;1.00000e+00;40;9.99950e-01;1.00663e+00;2.81442e-05
nav-lives;me-hebbian-neuron;4;[8];85;8500;8500;1.18682e+02;53;1;1;1.00000e+00;1.00000e+00;1.00000e+00;40;9.99801e-01;1.00677e+00;3.85210e-04
nav-lives;me-hebbian-neuron;3;[8];86;8600;8600;1.19353e+02;56;1;1;1.00000e+00;1.00000e+00;1.00000e+00;40;9.99950e-01;1.00663e+00;2.81442e-05
nav-lives;me-hebbian-neuron;4;[8];86;8600;8600;1.19989e+02;53;1;1;1.00000e+00;1.00000e+00;1.00000e+00;40;9.99801e-01;1.00677e+00;3.85210e-04
nav-lives;me-hebbian-neuron;3;[8];87;8700;8700;1.20783e+02;56;1;1;1.00000e+00;1.00000e+00;1.00000e+00;40;9.99956e-01;1.00759e+00;1.68645e-05
nav-lives;me-hebbian-neuron;4;[8];87;8700;8700;1.21437e+02;53;1;1;1.00000e+00;1.00000e+00;1.00000e+00;40;9.99801e-01;1.00677e+00;3.85210e-04
nav-lives;me-hebbian-neuron;3;[8];88;8800;8800;1.22161e+02;56;1;1;1.00000e+00;1.00000e+00;1.00000e+00;40;9.99956e-01;1.00759e+00;1.68645e-05
nav-lives;me-hebbian-neuron;4;[8];88;8800;8800;1.22794e+02;53;1;1;1.00000e+00;1.00000e+00;1.00000e+00;40;9.99801e-01;1.00677e+00;3.85210e-04
nav-lives;me-hebbian-neuron;3;[8];89;8900;8900;1.23552e+02;56;1;1;1.00000e+00;1.00000e+00;1.00000e+00;40;9.99956e-01;1.00759e+00;1.68645e-05
nav-lives;me-hebbian-neuron;4;[8];89;8900;8900;1.24164e+02;53;1;1;1.00000e+00;1.00000e+00;1.00000e+00;40;9.99801e-01;1.00677e+00;3.85210e-04
nav-lives;me-hebbian-neuron;3;[8];90;9000;9000;1.24957e+02;56;1;1;1.00000e+00;1.00000e+00;1.00000e+00;40;9.99956e-01;1.00759e+00;1.68645e-05
nav-lives;me-hebbian-neuron;4;[8];90;9000;9000;1.25552e+02;53;1;1;1.00000e+00;1.00000e+00;1.00000e+00;40;9.99801e-01;1.00677e+00;3.85210e-04
nav-lives;me-hebbian-neuron;3;[8];91;9100;9100;1.26316e+02;56;1;1;1.00000e+00;1.00000e+00;1.00000e+00;40;9.99956e-01;1.00759e+00;1.68645e-05
nav-lives;me-hebbian-neuron;4;[8];91;9100;9100;1.27006e+02;53;1;1;1.00000e+00;1.00000e+00;1.00000e+00;40;9.99801e-01;1.00677e+00;3.85210e-04
nav-lives;me-hebbian-neuron;3;[8];92;9200;9200;1.27650e+02;56;1;1;1.00000e+00;1.00000e+00;1.00000e+00;40;9.99956e-01;1.00759e+00;1.68645e-05
nav-lives;me-hebbian-neuron;4;[8];92;9200;9200;1.28380e+02;53;1;1;1.00000e+00;1.00000e+00;1.00000e+00;40;9.99801e-01;1.00677e+00;3.85210e-04
nav-lives;me-hebbian-neuron;3;[8];93;9300;9300;1.29094e+02;56;1;1;1.00000e+00;1.00000e+00;1.00000e+00;40;9.99956e-01;1.00759e+00;1.68645e-05
nav-lives;me-hebbian-neuron;4;[8];93;9300;9300;1.29799e+02;53;1;1;1.00000e+00;1.00000e+00;1.00000e+00;40;9.99801e-01;1.00677e+00;3.85210e-04
nav-lives;me-hebbian-neuron;3;[8];94;9400;9400;1.30449e+02;56;1;1;1.00000e+00;1.00000e+00;1.00000e+00;40;9.99956e-01;1.00759e+00;1.68645e-05
nav-lives;me-hebbian-neuron;4;[8];94;9400;9400;1.31165e+02;53;1;1;1.00000e+00;1.00000e+00;1.00000e+00;40;9.99801e-01;1.00677e+00;3.85210e-04
nav-lives;me-hebbian-neuron;3;[8];95;9500;9500;1.31844e+02;56;1;1;1.00000e+00;1.00000e+00;1.00000e+00;40;9.99956e-01;1.00759e+00;1.68645e-05
nav-lives;me-hebbian-neuron;4;[8];95;9500;9500;1.32547e+02;54;1;1;1.00000e+00;1.00000e+00;1.00000e+00;40;9.99801e-01;1.00677e+00;3.85210e-04
nav-lives;me-hebbian-neuron;3;[8];96;9600;9600;1.33287e+02;56;1;1;1.00000e+00;1.00000e+00;1.00000e+00;40;9.99956e-01;1.00759e+00;1.68645e-05
nav-lives;me-hebbian-neuron;4;[8];96;9600;9600;1.33941e+02;54;1;1;1.00000e+00;1.00000e+00;1.00000e+00;40;9.99801e-01;1.00677e+00;3.85210e-04
nav-lives;me-hebbian-neuron;3;[8];97;9700;9700;1.34658e+02;56;1;1;1.00000e+00;1.00000e+00;1.00000e+00;40;9.99956e-01;1.00759e+00;1.68645e-05
nav-lives;me-hebbian-neuron;4;[8];97;9700;9700;1.35283e+02;55;1;1;1.00000e+00;1.00000e+00;1.00000e+00;40;9.99801e-01;1.00677e+00;3.85210e-04
nav-lives;me-hebbian-neuron;3;[8];98;9800;9800;1.36056e+02;57;1;1;1.00000e+00;1.00000e+00;1.00000e+00;40;9.99956e-01;1.00759e+00;1.68645e-05
nav-lives;me-hebbian-neuron;4;[8];98;9800;9800;1.36768e+02;55;1;1;1.00000e+00;1.00000e+00;1.00000e+00;40;9.99801e-01;1.00677e+00;3.85210e-04
nav-lives;me-hebbian-neuron;3;[8];99;9900;9900;1.37418e+02;57;1;1;1.00000e+00;1.00000e+00;1.00000e+00;40;9.99956e-01;1.00759e+00;1.68645e-05
nav-lives;me-hebbian-neuron;4;[8];99;9900;9900;1.38132e+02;55;1;1;1.00000e+00;1.00000e+00;1.00000e+00;40;9.99801e-01;1.00677e+00;3.85210e-04
nav-lives;me-hebbian-neuron;3;[8];100;10000;10000;1.38828e+02;57;1;1;1.00000e+00;1.00000e+00;1.00000e+00;40;9.99956e-01;1.00759e+00;1.68645e-05
nav-lives;me-hebbian-neuron;4;[8];100;10000;10000;1.39562e+02;55;1;1;1.00000e+00;1.00000e+00;1.00000e+00;40;9.99801e-01;1.00677e+00;3.85210e-04
nav-lives;me-hebbian-neuron;3;[8];101;10100;10100;1.40231e+02;57;1;1;1.00000e+00;1.00000e+00;1.00000e+00;40;9.99956e-01;1.00759e+00;1.68645e-05
nav-lives;me-hebbian-neuron;4;[8];101;10100;10100;1.40936e+02;55;1;1;1.00000e+00;1.00000e+00;1.00000e+00;40;9.99801e-01;1.00677e+00;3.85210e-04
nav-lives;me-hebbian-neuron;3;[8];102;10200;10200;1.41586e+02;57;1;1;1.00000e+00;1.00000e+00;1.00000e+00;40;9.99956e-01;1.00759e+00;1.68645e-05
nav-lives;me-hebbian-neuron;4;[8];102;10200;10200;1.42255e+02;55;1;1;1.00000e+00;1.00000e+00;1.00000e+00;40;9.99801e-01;1.00677e+00;3.85210e-04
nav-lives;me-hebbian-neuron;3;[8];103;10300;10300;1.42967e+02;57;1;1;1.00000e+00;1.00000e+00;1.00000e+00;40;9.99956e-01;1.00759e+00;1.68645e-05
nav-lives;me-hebbian-neuron;4;[8];103;10300;10300;1.43698e+02;55;1;1;1.00000e+00;1.00000e+00;1.00000e+00;40;9.99801e-01;1.00677e+00;3.85210e-04
nav-lives;me-hebbian-neuron;3;[8];104;10400;10400;1.44402e+02;57;1;1;1.00000e+00;1.00000e+00;1.00000e+00;40;9.99956e-01;1.00759e+00;1.68645e-05
nav-lives;me-hebbian-neuron;4;[8];104;10400;10400;1.45074e+02;55;1;1;1.00000e+00;1.00000e+00;1.00000e+00;40;9.99801e-01;1.00677e+00;3.85210e-04
nav-lives;me-hebbian-neuron;3;[8];105;10500;10500;1.45774e+02;57;1;1;1.00000e+00;1.00000e+00;1.00000e+00;40;9.99956e-01;1.00759e+00;1.68645e-05
nav-lives;me-hebbian-neuron;4;[8];105;10500;10500;1.46457e+02;55;1;1;1.00000e+00;1.00000e+00;1.00000e+00;40;9.99838e-01;1.00704e+00;3.88765e-04
nav-lives;me-hebbian-neuron;3;[8];106;10600;10600;1.47111e+02;57;1;1;1.00000e+00;1.00000e+00;1.00000e+00;40;9.99956e-01;1.00759e+00;1.68645e-05
nav-lives;me-hebbian-neuron;4;[8];106;10600;10600;1.47892e+02;55;1;1;1.00000e+00;1.00000e+00;1.00000e+00;40;9.99838e-01;1.00704e+00;3.88765e-04
nav-lives;me-hebbian-neuron;3;[8];107;10700;10700;1.48538e+02;57;1;1;1.00000e+00;1.00000e+00;1.00000e+00;40;9.99956e-01;1.00759e+00;1.68645e-05
nav-lives;me-hebbian-neuron;4;[8];107;10700;10700;1.49273e+02;55;1;1;1.00000e+00;1.00000e+00;1.00000e+00;40;9.99838e-01;1.00704e+00;3.88765e-04
nav-lives;me-hebbian-neuron;3;[8];108;10800;10800;1.49963e+02;57;1;1;1.00000e+00;1.00000e+00;1.00000e+00;40;9.99956e-01;1.00759e+00;1.68645e-05
nav-lives;me-hebbian-neuron;4;[8];108;10800;10800;1.50661e+02;55;1;1;1.00000e+00;1.00000e+00;1.00000e+00;40;9.99838e-01;1.00704e+00;3.88765e-04
nav-lives;me-hebbian-neuron;3;[8];109;10900;10900;1.51356e+02;57;1;1;1.00000e+00;1.00000e+00;1.00000e+00;40;9.99956e-01;1.00759e+00;1.68645e-05
nav-lives;me-hebbian-neuron;4;[8];109;10900;10900;1.52001e+02;55;1;1;1.00000e+00;1.00000e+00;1.00000e+00;40;9.99838e-01;1.00704e+00;3.88765e-04
nav-lives;me-hebbian-neuron;3;[8];110;11000;11000;1.52751e+02;57;1;1;1.00000e+00;1.00000e+00;1.00000e+00;40;9.99956e-01;1.00759e+00;1.68645e-05
nav-lives;me-hebbian-neuron;4;[8];110;11000;11000;1.53422e+02;55;1;1;1.00000e+00;1.00000e+00;1.00000e+00;40;9.99838e-01;1.00704e+00;3.88765e-04
nav-lives;me-hebbian-neuron;3;[8];111;11100;11100;1.54120e+02;57;1;1;1.00000e+00;1.00000e+00;1.00000e+00;40;9.99956e-01;1.00759e+00;1.68645e-05
nav-lives;me-hebbian-neuron;4;[8];111;11100;11100;1.54866e+02;55;1;1;1.00000e+00;1.00000e+00;1.00000e+00;40;9.99838e-01;1.00704e+00;3.88765e-04
nav-lives;me-hebbian-neuron;3;[8];112;11200;11200;1.55541e+02;57;1;1;1.00000e+00;1.00000e+00;1.00000e+00;40;9.99956e-01;1.00759e+00;1.68645e-05
nav-lives;me-hebbian-neuron;4;[8];112;11200;11200;1.56208e+02;55;1;1;1.00000e+00;1.00000e+00;1.00000e+00;40;9.99838e-01;1.00704e+00;3.88765e-04
nav-lives;me-hebbian-neuron;3;[8];113;11300;11300;1.57004e+02;58;1;1;1.00000e+00;1.00000e+00;1.00000e+00;40;9.99956e-01;1.00759e+00;1.68645e-05
nav-lives;me-hebbian-neuron;4;[8];113;11300;11300;1.57572e+02;55;1;1;1.00000e+00;1.00000e+00;1.00000e+00;40;9.99838e-01;1.00704e+00;3.88765e-04
nav-lives;me-hebbian-neuron;3;[8];114;11400;11400;1.58363e+02;58;1;1;1.00000e+00;1.00000e+00;1.00000e+00;40;9.99956e-01;1.00759e+00;1.68645e-05
nav-lives;me-hebbian-neuron;4;[8];114;11400;11400;1.59003e+02;55;1;1;1.00000e+00;1.00000e+00;1.00000e+00;40;9.99838e-01;1.00704e+00;3.88765e-04
nav-lives;me-hebbian-neuron;3;[8];115;11500;11500;1.59695e+02;58;1;1;1.00000e+00;1.00000e+00;1.00000e+00;40;9.99956e-01;1.00759e+00;1.68645e-05
nav-lives;me-hebbian-neuron;4;[8];115;11500;11500;1.60391e+02;55;1;1;1.00000e+00;1.00000e+00;1.00000e+00;40;9.99838e-01;1.00704e+00;3.88765e-04
nav-lives;me-hebbian-neuron;3;[8];116;11600;11600;1.61122e+02;58;1;1;1.00000e+00;1.00000e+00;1.00000e+00;40;9.99956e-01;1.00759e+00;1.68645e-05
nav-lives;me-hebbian-neuron;4;[8];116;11600;11600;1.61789e+02;55;1;1;1.00000e+00;1.00000e+00;1.00000e+00;40;9.99838e-01;1.00704e+00;3.88765e-04
nav-lives;me-hebbian-neuron;3;[8];117;11700;11700;1.62477e+02;58;1;1;1.00000e+00;1.00000e+00;1.00000e+00;40;9.99956e-01;1.00759e+00;1.68645e-05
nav-lives;me-hebbian-neuron;4;[8];117;11700;11700;1.63188e+02;55;1;1;1.00000e+00;1.00000e+00;1.00000e+00;40;9.99838e-01;1.00704e+00;3.88765e-04
nav-lives;me-hebbian-neuron;3;[8];118;11800;11800;1.63881e+02;59;1;1;1.00000e+00;1.00000e+00;1.00000e+00;40;9.99956e-01;1.00759e+00;1.68645e-05
nav-lives;me-hebbian-neuron;4;[8];118;11800;11800;1.64551e+02;55;1;1;1.00000e+00;1.00000e+00;1.00000e+00;40;9.99838e-01;1.00704e+00;3.88765e-04
nav-lives;me-hebbian-neuron;3;[8];119;11900;11900;1.65240e+02;59;1;1;1.00000e+00;1.00000e+00;1.00000e+00;40;9.99956e-01;1.00759e+00;1.68645e-05
nav-lives;me-hebbian-neuron;4;[8];119;11900;11900;1.65980e+02;55;1;1;1.00000e+00;1.00000e+00;1.00000e+00;40;9.99838e-01;1.00704e+00;3.88765e-04
nav-lives;me-hebbian-neuron;3;[8];120;12000;12000;1.66692e+02;59;1;1;1.00000e+00;1.00000e+00;1.00000e+00;40;9.99956e-01;1.00759e+00;1.68645e-05
nav-lives;me-hebbian-neuron;4;[8];120;12000;12000;1.67311e+02;55;1;1;1.00000e+00;1.00000e+00;1.00000e+00;40;9.99838e-01;1.00704e+00;3.88765e-04
nav-lives;me-hebbian-neuron;3;[8];121;12100;12100;1.68061e+02;59;1;1;1.00000e+00;1.00000e+00;1.00000e+00;40;9.99956e-01;1.00759e+00;1.68645e-05
nav-lives;me-hebbian-neuron;4;[8];121;12100;12100;1.68699e+02;55;1;1;1.00000e+00;1.00000e+00;1.00000e+00;40;9.99838e-01;1.00704e+00;3.88765e-04
nav-lives;me-hebbian-neuron;3;[8];122;12200;12200;1.69392e+02;60;1;1;1.00000e+00;1.00000e+00;1.00000e+00;40;9.99956e-01;1.00759e+00;1.68645e-05
nav-lives;me-hebbian-neuron;4;[8];122;12200;12200;1.70147e+02;55;1;1;1.00000e+00;1.00000e+00;1.00000e+00;40;9.99838e-01;1.00704e+00;3.88765e-04
nav-lives;me-hebbian-neuron;3;[8];123;12300;12300;1.70828e+02;60;1;1;1.00000e+00;1.00000e+00;1.00000e+00;40;9.99956e-01;1.00759e+00;1.68645e-05
nav-lives;me-hebbian-neuron;4;[8];123;12300;12300;1.71631e+02;55;1;1;1.00000e+00;1.00000e+00;1.00000e+00;40;9.99838e-01;1.00704e+00;3.88765e-04
nav-lives;me-hebbian-neuron;3;[8];124;12400;12400;1.72261e+02;60;1;1;1.00000e+00;1.00000e+00;1.00000e+00;40;9.99956e-01;1.00759e+00;1.68645e-05
nav-lives;me-hebbian-neuron;4;[8];124;12400;12400;1.72948e+02;55;1;1;1.00000e+00;1.00000e+00;1.00000e+00;40;9.99838e-01;1.00704e+00;3.88765e-04
nav-lives;me-hebbian-neuron;3;[8];125;12500;12500;1.73675e+02;60;1;1;1.00000e+00;1.00000e+00;1.00000e+00;40;9.99956e-01;1.00759e+00;1.68645e-05
nav-lives;me-hebbian-neuron;4;[8];125;12500;12500;1.74341e+02;55;1;1;1.00000e+00;1.00000e+00;1.00000e+00;40;9.99838e-01;1.00704e+00;3.88765e-04
nav-lives;me-hebbian-neuron;3;[8];126;12600;12600;1.74989e+02;60;1;1;1.00000e+00;1.00000e+00;1.00000e+00;40;9.99956e-01;1.00759e+00;1.68645e-05
nav-lives;me-hebbian-neuron;4;[8];126;12600;12600;1.75650e+02;55;1;1;1.00000e+00;1.00000e+00;1.00000e+00;40;9.99838e-01;1.00704e+00;3.88765e-04
nav-lives;me-hebbian-neuron;3;[8];127;12700;12700;1.76431e+02;60;1;1;1.00000e+00;1.00000e+00;1.00000e+00;40;9.99956e-01;1.00759e+00;1.68645e-05
nav-lives;me-hebbian-neuron;4;[8];127;12700;12700;1.77125e+02;55;1;1;1.00000e+00;1.00000e+00;1.00000e+00;40;9.99838e-01;1.00704e+00;3.88765e-04
nav-lives;me-hebbian-neuron;3;[8];128;12800;12800;1.77856e+02;60;1;1;1.00000e+00;1.00000e+00;1.00000e+00;40;9.99956e-01;1.00759e+00;1.68645e-05
nav-lives;me-hebbian-neuron;4;[8];128;12800;12800;1.78558e+02;55;1;1;1.00000e+00;1.00000e+00;1.00000e+00;40;9.99838e-01;1.00704e+00;3.88765e-04
nav-lives;me-hebbian-neuron;3;[8];129;12900;12900;1.79219e+02;60;1;1;1.00000e+00;1.00000e+00;1.00000e+00;40;9.99956e-01;1.00759e+00;1.68645e-05
nav-lives;me-hebbian-neuron;4;[8];129;12900;12900;1.79931e+02;55;1;1;1.00000e+00;1.00000e+00;1.00000e+00;40;9.99838e-01;1.00704e+00;3.88765e-04
nav-lives;me-hebbian-neuron;3;[8];130;13000;13000;1.80580e+02;60;1;1;1.00000e+00;1.00000e+00;1.00000e+00;40;9.99956e-01;1.00759e+00;1.68645e-05
nav-lives;me-hebbian-neuron;4;[8];130;13000;13000;1.81235e+02;55;1;1;1.00000e+00;1.00000e+00;1.00000e+00;40;9.99838e-01;1.00704e+00;3.88765e-04
nav-lives;me-hebbian-neuron;3;[8];131;13100;13100;1.81992e+02;60;1;1;1.00000e+00;1.00000e+00;1.00000e+00;40;9.99956e-01;1.00759e+00;1.68645e-05
nav-lives;me-hebbian-neuron;4;[8];131;13100;13100;1.82617e+02;55;1;1;1.00000e+00;1.00000e+00;1.00000e+00;40;9.99838e-01;1.00704e+00;3.88765e-04
nav-lives;me-hebbian-neuron;3;[8];132;13200;13200;1.83302e+02;60;1;1;1.00000e+00;1.00000e+00;1.00000e+00;40;9.99956e-01;1.00759e+00;1.68645e-05
nav-lives;me-hebbian-neuron;4;[8];132;13200;13200;1.84069e+02;55;1;1;1.00000e+00;1.00000e+00;1.00000e+00;40;9.99838e-01;1.00704e+00;3.88765e-04
nav-lives;me-hebbian-neuron;3;[8];133;13300;13300;1.84674e+02;60;1;1;1.00000e+00;1.00000e+00;1.00000e+00;40;9.99956e-01;1.00759e+00;1.68645e-05
nav-lives;me-hebbian-neuron;4;[8];133;13300;13300;1.85404e+02;55;1;1;1.00000e+00;1.00000e+00;1.00000e+00;40;9.99838e-01;1.00704e+00;3.88765e-04
nav-lives;me-hebbian-neuron;3;[8];134;13400;13400;1.86107e+02;60;1;1;1.00000e+00;1.00000e+00;1.00000e+00;40;9.99956e-01;1.00759e+00;1.68645e-05
nav-lives;me-hebbian-neuron;4;[8];134;13400;13400;1.86808e+02;55;1;1;1.00000e+00;1.00000e+00;1.00000e+00;40;9.99838e-01;1.00704e+00;3.88765e-04
nav-lives;me-hebbian-neuron;3;[8];135;13500;13500;1.87529e+02;60;1;1;1.00000e+00;1.00000e+00;1.00000e+00;40;9.99956e-01;1.00759e+00;1.68645e-05
nav-lives;me-hebbian-neuron;4;[8];135;13500;13500;1.88183e+02;55;1;1;1.00000e+00;1.00000e+00;1.00000e+00;40;9.99838e-01;1.00704e+00;3.88765e-04
nav-lives;me-hebbian-neuron;3;[8];136;13600;13600;1.88978e+02;60;1;1;1.00000e+00;1.00000e+00;1.00000e+00;40;9.99956e-01;1.00759e+00;1.68645e-05
nav-lives;me-hebbian-neuron;4;[8];136;13600;13600;1.89580e+02;55;1;1;1.00000e+00;1.00000e+00;1.00000e+00;40;9.99838e-01;1.00704e+00;3.88765e-04
nav-lives;me-hebbian-neuron;3;[8];137;13700;13700;1.90293e+02;60;1;1;1.00000e+00;1.00000e+00;1.00000e+00;40;9.99956e-01;1.00759e+00;1.68645e-05
nav-lives;me-hebbian-neuron;4;[8];137;13700;13700;1.91002e+02;56;1;1;1.00000e+00;1.00000e+00;1.00000e+00;40;9.99838e-01;1.00704e+00;3.88765e-04
nav-lives;me-hebbian-neuron;3;[8];138;13800;13800;1.91791e+02;60;1;1;1.00000e+00;1.00000e+00;1.00000e+00;40;9.99956e-01;1.00759e+00;1.68645e-05
nav-lives;me-hebbian-neuron;4;[8];138;13800;13800;1.92362e+02;56;1;1;1.00000e+00;1.00000e+00;1.00000e+00;40;9.99838e-01;1.00704e+00;3.88765e-04
nav-lives;me-hebbian-neuron;3;[8];139;13900;13900;1.93191e+02;60;1;1;1.00000e+00;1.00000e+00;1.00000e+00;40;9.99956e-01;1.00759e+00;1.68645e-05
nav-lives;me-hebbian-neuron;4;[8];139;13900;13900;1.93775e+02;56;1;1;1.00000e+00;1.00000e+00;1.00000e+00;40;9.99838e-01;1.00704e+00;3.88765e-04
nav-lives;me-hebbian-neuron;3;[8];140;14000;14000;1.94515e+02;61;1;1;1.00000e+00;1.00000e+00;1.00000e+00;40;9.99956e-01;1.00759e+00;1.68645e-05
nav-lives;me-hebbian-neuron;4;[8];140;14000;14000;1.95205e+02;56;1;1;1.00000e+00;1.00000e+00;1.00000e+00;40;9.99838e-01;1.00704e+00;3.88765e-04
nav-lives;me-hebbian-neuron;3;[8];141;14100;14100;1.95900e+02;61;1;1;1.00000e+00;1.00000e+00;1.00000e+00;40;9.99956e-01;1.00759e+00;1.68645e-05
nav-lives;me-hebbian-neuron;4;[8];141;14100;14100;1.96567e+02;56;1;1;1.00000e+00;1.00000e+00;1.00000e+00;40;9.99838e-01;1.00704e+00;3.88765e-04
nav-lives;me-hebbian-neuron;3;[8];142;14200;14200;1.97239e+02;61;1;1;1.00000e+00;1.00000e+00;1.00000e+00;40;9.99956e-01;1.00759e+00;1.68645e-05
nav-lives;me-hebbian-neuron;4;[8];142;14200;14200;1.98009e+02;56;1;1;1.00000e+00;1.00000e+00;1.00000e+00;40;9.99838e-01;1.00704e+00;3.88765e-04
nav-lives;me-hebbian-neuron;3;[8];143;14300;14300;1.98703e+02;61;1;1;1.00000e+00;1.00000e+00;1.00000e+00;40;9.99956e-01;1.00759e+00;1.68645e-05
nav-lives;me-hebbian-neuron;4;[8];143;14300;14300;1.99357e+02;57;1;1;1.00000e+00;1.00000e+00;1.00000e+00;40;9.99838e-01;1.00704e+00;3.88765e-04
nav-lives;me-hebbian-neuron;3;[8];144;14400;14400;2.00057e+02;61;1;1;1.00000e+00;1.00000e+00;1.00000e+00;40;9.99956e-01;1.00759e+00;1.68645e-05
nav-lives;me-hebbian-neuron;4;[8];144;14400;14400;2.00709e+02;57;1;1;1.00000e+00;1.00000e+00;1.00000e+00;40;9.99838e-01;1.00704e+00;3.88765e-04
nav-lives;me-hebbian-neuron;3;[8];145;14500;14500;2.01419e+02;61;1;1;1.00000e+00;1.00000e+00;1.00000e+00;40;9.99956e-01;1.00759e+00;1.68645e-05
nav-lives;me-hebbian-neuron;4;[8];145;14500;14500;2.02095e+02;57;1;1;1.00000e+00;1.00000e+00;1.00000e+00;40;9.99838e-01;1.00704e+00;3.88765e-04
nav-lives;me-hebbian-neuron;3;[8];146;14600;14600;2.02853e+02;61;1;1;1.00000e+00;1.00000e+00;1.00000e+00;40;9.99956e-01;1.00759e+00;1.68645e-05
nav-lives;me-hebbian-neuron;4;[8];146;14600;14600;2.03516e+02;57;1;1;1.00000e+00;1.00000e+00;1.00000e+00;40;9.99838e-01;1.00704e+00;3.88765e-04
nav-lives;me-hebbian-neuron;3;[8];147;14700;14700;2.04187e+02;61;1;1;1.00000e+00;1.00000e+00;1.00000e+00;40;9.99956e-01;1.00759e+00;1.68645e-05
nav-lives;me-hebbian-neuron;4;[8];147;14700;14700;2.04922e+02;57;1;1;1.00000e+00;1.00000e+00;1.00000e+00;40;9.99838e-01;1.00704e+00;3.88765e-04
nav-lives;me-hebbian-neuron;3;[8];148;14800;14800;2.05617e+02;61;1;1;1.00000e+00;1.00000e+00;1.00000e+00;40;9.99956e-01;1.00759e+00;1.68645e-05
nav-lives;me-hebbian-neuron;4;[8];148;14800;14800;2.06285e+02;57;1;1;1.00000e+00;1.00000e+00;1.00000e+00;40;9.99838e-01;1.00704e+00;3.88765e-04
nav-lives;me-hebbian-neuron;3;[8];149;14900;14900;2.06968e+02;62;1;1;1.00000e+00;1.00000e+00;1.00000e+00;40;9.99956e-01;1.00759e+00;1.68645e-05
nav-lives;me-hebbian-neuron;4;[8];149;14900;14900;2.07674e+02;57;1;1;1.00000e+00;1.00000e+00;1.00000e+00;40;9.99838e-01;1.00704e+00;3.88765e-04
nav-lives;me-hebbian-neuron;3;[8];150;15000;15000;2.08401e+02;62;1;1;1.00000e+00;1.00000e+00;1.00000e+00;40;9.99956e-01;1.00759e+00;1.68645e-05
nav-lives;me-hebbian-neuron;4;[8];150;15000;15000;2.09065e+02;57;1;1;1.00000e+00;1.00000e+00;1.00000e+00;40;9.99838e-01;1.00704e+00;3.88765e-04
nav-lives;me-hebbian-neuron;3;[8];151;15100;15100;2.09790e+02;62;1;1;1.00000e+00;1.00000e+00;1.00000e+00;40;9.99956e-01;1.00759e+00;1.68645e-05
nav-lives;me-hebbian-neuron;4;[8];151;15100;15100;2.10489e+02;57;1;1;1.00000e+00;1.00000e+00;1.00000e+00;40;9.99838e-01;1.00704e+00;3.88765e-04
nav-lives;me-hebbian-neuron;3;[8];152;15200;15200;2.11252e+02;62;1;1;1.00000e+00;1.00000e+00;1.00000e+00;40;9.99956e-01;1.00759e+00;1.68645e-05
nav-lives;me-hebbian-neuron;4;[8];152;15200;15200;2.11875e+02;57;1;1;1.00000e+00;1.00000e+00;1.00000e+00;40;9.99946e-01;1.00670e+00;2.31758e-05
nav-lives;me-hebbian-neuron;3;[8];153;15300;15300;2.12572e+02;62;1;1;1.00000e+00;1.00000e+00;1.00000e+00;40;9.99956e-01;1.00759e+00;1.68645e-05
nav-lives;me-hebbian-neuron;4;[8];153;15300;15300;2.13255e+02;57;1;1;1.00000e+00;1.00000e+00;1.00000e+00;40;9.99946e-01;1.00670e+00;2.31758e-05
nav-lives;me-hebbian-neuron;3;[8];154;15400;15400;2.13963e+02;62;1;1;1.00000e+00;1.00000e+00;1.00000e+00;40;9.99956e-01;1.00759e+00;1.68645e-05
nav-lives;me-hebbian-neuron;4;[8];154;15400;15400;2.14690e+02;57;1;1;1.00000e+00;1.00000e+00;1.00000e+00;40;9.99946e-01;1.00670e+00;2.31758e-05
nav-lives;me-hebbian-neuron;3;[8];155;15500;15500;2.15313e+02;62;1;1;1.00000e+00;1.00000e+00;1.00000e+00;40;9.99956e-01;1.00759e+00;1.68645e-05
nav-lives;me-hebbian-neuron;4;[8];155;15500;15500;2.16052e+02;57;1;1;1.00000e+00;1.00000e+00;1.00000e+00;40;9.99946e-01;1.00670e+00;2.31758e-05
nav-lives;me-hebbian-neuron;3;[8];156;15600;15600;2.16751e+02;62;1;1;1.00000e+00;1.00000e+00;1.00000e+00;40;9.99956e-01;1.00759e+00;1.68645e-05
nav-lives;me-hebbian-neuron;4;[8];156;15600;15600;2.17418e+02;57;1;1;1.00000e+00;1.00000e+00;1.00000e+00;40;9.99946e-01;1.00670e+00;2.31758e-05
nav-lives;me-hebbian-neuron;3;[8];157;15700;15700;2.18093e+02;62;1;1;1.00000e+00;1.00000e+00;1.00000e+00;40;9.99956e-01;1.00759e+00;1.68645e-05
nav-lives;me-hebbian-neuron;4;[8];157;15700;15700;2.18772e+02;57;1;1;1.00000e+00;1.00000e+00;1.00000e+00;40;9.99946e-01;1.00670e+00;2.31758e-05
nav-lives;me-hebbian-neuron;3;[8];158;15800;15800;2.19517e+02;62;1;1;1.00000e+00;1.00000e+00;1.00000e+00;40;9.99956e-01;1.00759e+00;1.68645e-05
nav-lives;me-hebbian-neuron;4;[8];158;15800;15800;2.20234e+02;57;1;1;1.00000e+00;1.00000e+00;1.00000e+00;40;9.99946e-01;1.00670e+00;2.31758e-05
nav-lives;me-hebbian-neuron;3;[8];159;15900;15900;2.20990e+02;62;1;1;1.00000e+00;1.00000e+00;1.00000e+00;40;9.99956e-01;1.00759e+00;1.68645e-05
nav-lives;me-hebbian-neuron;4;[8];159;15900;15900;2.21586e+02;57;1;1;1.00000e+00;1.00000e+00;1.00000e+00;40;9.99946e-01;1.00670e+00;2.31758e-05
nav-lives;me-hebbian-neuron;3;[8];160;16000;16000;2.22259e+02;62;1;1;1.00000e+00;1.00000e+00;1.00000e+00;40;9.99956e-01;1.00759e+00;1.68645e-05
nav-lives;me-hebbian-neuron;4;[8];160;16000;16000;2.22934e+02;57;1;1;1.00000e+00;1.00000e+00;1.00000e+00;40;9.99946e-01;1.00670e+00;2.31758e-05
nav-lives;me-hebbian-neuron;3;[8];161;16100;16100;2.23664e+02;62;1;1;1.00000e+00;1.00000e+00;1.00000e+00;40;9.99956e-01;1.00759e+00;1.68645e-05
nav-lives;me-hebbian-neuron;4;[8];161;16100;16100;2.24385e+02;57;1;1;1.00000e+00;1.00000e+00;1.00000e+00;40;9.99946e-01;1.00670e+00;2.31758e-05
nav-lives;me-hebbian-neuron;3;[8];162;16200;16200;2.25089e+02;62;1;1;1.00000e+00;1.00000e+00;1.00000e+00;40;9.99956e-01;1.00759e+00;1.68645e-05
nav-lives;me-hebbian-neuron;4;[8];162;16200;16200;2.25841e+02;57;1;1;1.00000e+00;1.00000e+00;1.00000e+00;40;9.99946e-01;1.00670e+00;2.31758e-05
nav-lives;me-hebbian-neuron;3;[8];163;16300;16300;2.26476e+02;62;1;1;1.00000e+00;1.00000e+00;1.00000e+00;40;9.99956e-01;1.00759e+00;1.68645e-05
nav-lives;me-hebbian-neuron;4;[8];163;16300;16300;2.27168e+02;59;1;1;1.00000e+00;1.00000e+00;1.00000e+00;40;9.99946e-01;1.00670e+00;2.31758e-05
nav-lives;me-hebbian-neuron;3;[8];164;16400;16400;2.27870e+02;62;1;1;1.00000e+00;1.00000e+00;1.00000e+00;40;9.99956e-01;1.00759e+00;1.68645e-05
nav-lives;me-hebbian-neuron;4;[8];164;16400;16400;2.28519e+02;59;1;1;1.00000e+00;1.00000e+00;1.00000e+00;40;9.99946e-01;1.00670e+00;2.31758e-05
nav-lives;me-hebbian-neuron;3;[8];165;16500;16500;2.29270e+02;62;1;1;1.00000e+00;1.00000e+00;1.00000e+00;40;9.99956e-01;1.00759e+00;1.68645e-05
nav-lives;me-hebbian-neuron;4;[8];165;16500;16500;2.29978e+02;59;1;1;1.00000e+00;1.00000e+00;1.00000e+00;40;9.99946e-01;1.00670e+00;2.31758e-05
nav-lives;me-hebbian-neuron;3;[8];166;16600;16600;2.30674e+02;62;1;1;1.00000e+00;1.00000e+00;1.00000e+00;40;9.99956e-01;1.00759e+00;1.68645e-05
nav-lives;me-hebbian-neuron;4;[8];166;16600;16600;2.31372e+02;59;1;1;1.00000e+00;1.00000e+00;1.00000e+00;40;9.99946e-01;1.00670e+00;2.31758e-05
nav-lives;me-hebbian-neuron;3;[8];167;16700;16700;2.32059e+02;62;1;1;1.00000e+00;1.00000e+00;1.00000e+00;40;9.99956e-01;1.00759e+00;1.68645e-05
nav-lives;me-hebbian-neuron;4;[8];167;16700;16700;2.32766e+02;59;1;1;1.00000e+00;1.00000e+00;1.00000e+00;40;9.99946e-01;1.00670e+00;2.31758e-05
nav-lives;me-hebbian-neuron;3;[8];168;16800;16800;2.33420e+02;62;1;1;1.00000e+00;1.00000e+00;1.00000e+00;40;9.99956e-01;1.00759e+00;1.68645e-05
nav-lives;me-hebbian-neuron;4;[8];168;16800;16800;2.34142e+02;59;1;1;1.00000e+00;1.00000e+00;1.00000e+00;40;9.99946e-01;1.00670e+00;2.31758e-05
nav-lives;me-hebbian-neuron;3;[8];169;16900;16900;2.34819e+02;62;1;1;1.00000e+00;1.00000e+00;1.00000e+00;40;9.99956e-01;1.00759e+00;1.68645e-05
nav-lives;me-hebbian-neuron;4;[8];169;16900;16900;2.35531e+02;59;1;1;1.00000e+00;1.00000e+00;1.00000e+00;40;9.99946e-01;1.00670e+00;2.31758e-05
nav-lives;me-hebbian-neuron;3;[8];170;17000;17000;2.36243e+02;62;1;1;1.00000e+00;1.00000e+00;1.00000e+00;40;9.99956e-01;1.00759e+00;1.68645e-05
nav-lives;me-hebbian-neuron;4;[8];170;17000;17000;2.36913e+02;59;1;1;1.00000e+00;1.00000e+00;1.00000e+00;40;9.99946e-01;1.00670e+00;2.31758e-05
nav-lives;me-hebbian-neuron;3;[8];171;17100;17100;2.37669e+02;62;1;1;1.00000e+00;1.00000e+00;1.00000e+00;40;9.99956e-01;1.00759e+00;1.68645e-05
nav-lives;me-hebbian-neuron;4;[8];171;17100;17100;2.38342e+02;59;1;1;1.00000e+00;1.00000e+00;1.00000e+00;40;9.99946e-01;1.00670e+00;2.31758e-05
nav-lives;me-hebbian-neuron;3;[8];172;17200;17200;2.39026e+02;62;1;1;1.00000e+00;1.00000e+00;1.00000e+00;40;9.99956e-01;1.00759e+00;1.68645e-05
nav-lives;me-hebbian-neuron;4;[8];172;17200;17200;2.39697e+02;60;1;1;1.00000e+00;1.00000e+00;1.00000e+00;40;9.99946e-01;1.00670e+00;2.31758e-05
nav-lives;me-hebbian-neuron;3;[8];173;17300;17300;2.40387e+02;62;1;1;1.00000e+00;1.00000e+00;1.00000e+00;40;9.99956e-01;1.00759e+00;1.68645e-05
nav-lives;me-hebbian-neuron;4;[8];173;17300;17300;2.41092e+02;60;1;1;1.00000e+00;1.00000e+00;1.00000e+00;40;9.99946e-01;1.00670e+00;2.31758e-05
nav-lives;me-hebbian-neuron;3;[8];174;17400;17400;2.41799e+02;62;1;1;1.00000e+00;1.00000e+00;1.00000e+00;40;9.99956e-01;1.00759e+00;1.68645e-05
nav-lives;me-hebbian-neuron;4;[8];174;17400;17400;2.42455e+02;60;1;1;1.00000e+00;1.00000e+00;1.00000e+00;40;9.99946e-01;1.00670e+00;2.31758e-05
nav-lives;me-hebbian-neuron;3;[8];175;17500;17500;2.43213e+02;62;1;1;1.00000e+00;1.00000e+00;1.00000e+00;40;9.99956e-01;1.00759e+00;1.68645e-05
nav-lives;me-hebbian-neuron;4;[8];175;17500;17500;2.43875e+02;60;1;1;1.00000e+00;1.00000e+00;1.00000e+00;40;9.99946e-01;1.00670e+00;2.31758e-05
nav-lives;me-hebbian-neuron;3;[8];176;17600;17600;2.44579e+02;62;1;1;1.00000e+00;1.00000e+00;1.00000e+00;40;9.99956e-01;1.00759e+00;1.68645e-05
nav-lives;me-hebbian-neuron;4;[8];176;17600;17600;2.45307e+02;60;1;1;1.00000e+00;1.00000e+00;1.00000e+00;40;9.99946e-01;1.00670e+00;2.31758e-05
nav-lives;me-hebbian-neuron;3;[8];177;17700;17700;2.45997e+02;62;1;1;1.00000e+00;1.00000e+00;1.00000e+00;40;9.99956e-01;1.00759e+00;1.68645e-05
nav-lives;me-hebbian-neuron;4;[8];177;17700;17700;2.46731e+02;60;1;1;1.00000e+00;1.00000e+00;1.00000e+00;40;9.99946e-01;1.00670e+00;2.31758e-05
nav-lives;me-hebbian-neuron;3;[8];178;17800;17800;2.47342e+02;62;1;1;1.00000e+00;1.00000e+00;1.00000e+00;40;9.99956e-01;1.00759e+00;1.68645e-05
nav-lives;me-hebbian-neuron;4;[8];178;17800;17800;2.48082e+02;60;1;1;1.00000e+00;1.00000e+00;1.00000e+00;40;9.99946e-01;1.00670e+00;2.31758e-05
nav-lives;me-hebbian-neuron;3;[8];179;17900;17900;2.48738e+02;62;1;1;1.00000e+00;1.00000e+00;1.00000e+00;40;9.99956e-01;1.00759e+00;1.68645e-05
nav-lives;me-hebbian-neuron;4;[8];179;17900;17900;2.49455e+02;60;1;1;1.00000e+00;1.00000e+00;1.00000e+00;40;9.99946e-01;1.00670e+00;2.31758e-05
nav-lives;me-hebbian-neuron;3;[8];180;18000;18000;2.50166e+02;62;1;1;1.00000e+00;1.00000e+00;1.00000e+00;40;9.99956e-01;1.00759e+00;1.68645e-05
nav-lives;me-hebbian-neuron;4;[8];180;18000;18000;2.50824e+02;60;1;1;1.00000e+00;1.00000e+00;1.00000e+00;40;9.99946e-01;1.00670e+00;2.31758e-05
nav-lives;me-hebbian-neuron;3;[8];181;18100;18100;2.51488e+02;62;1;1;1.00000e+00;1.00000e+00;1.00000e+00;40;9.99956e-01;1.00759e+00;1.68645e-05
nav-lives;me-hebbian-neuron;4;[8];181;18100;18100;2.52291e+02;60;1;1;1.00000e+00;1.00000e+00;1.00000e+00;40;9.99946e-01;1.00670e+00;2.31758e-05
nav-lives;me-hebbian-neuron;3;[8];182;18200;18200;2.52901e+02;62;1;1;1.00000e+00;1.00000e+00;1.00000e+00;40;9.99956e-01;1.00759e+00;1.68645e-05
nav-lives;me-hebbian-neuron;4;[8];182;18200;18200;2.53713e+02;60;1;1;1.00000e+00;1.00000e+00;1.00000e+00;40;9.99946e-01;1.00670e+00;2.31758e-05
nav-lives;me-hebbian-neuron;3;[8];183;18300;18300;2.54264e+02;62;1;1;1.00000e+00;1.00000e+00;1.00000e+00;40;9.99956e-01;1.00759e+00;1.68645e-05
nav-lives;me-hebbian-neuron;4;[8];183;18300;18300;2.55033e+02;60;1;1;1.00000e+00;1.00000e+00;1.00000e+00;40;9.99946e-01;1.00670e+00;2.31758e-05
nav-lives;me-hebbian-neuron;3;[8];184;18400;18400;2.55746e+02;62;1;1;1.00000e+00;1.00000e+00;1.00000e+00;40;9.99956e-01;1.00759e+00;1.68645e-05
nav-lives;me-hebbian-neuron;4;[8];184;18400;18400;2.56407e+02;60;1;1;1.00000e+00;1.00000e+00;1.00000e+00;40;9.99946e-01;1.00670e+00;2.31758e-05
nav-lives;me-hebbian-neuron;3;[8];185;18500;18500;2.57082e+02;62;1;1;1.00000e+00;1.00000e+00;1.00000e+00;40;9.99956e-01;1.00759e+00;1.68645e-05
nav-lives;me-hebbian-neuron;4;[8];185;18500;18500;2.57806e+02;60;1;1;1.00000e+00;1.00000e+00;1.00000e+00;40;9.99946e-01;1.00670e+00;2.31758e-05
nav-lives;me-hebbian-neuron;3;[8];186;18600;18600;2.58506e+02;62;1;1;1.00000e+00;1.00000e+00;1.00000e+00;40;9.99956e-01;1.00759e+00;1.68645e-05
nav-lives;me-hebbian-neuron;4;[8];186;18600;18600;2.59209e+02;60;1;1;1.00000e+00;1.00000e+00;1.00000e+00;40;9.99946e-01;1.00670e+00;2.31758e-05
nav-lives;me-hebbian-neuron;3;[8];187;18700;18700;2.60022e+02;62;1;1;1.00000e+00;1.00000e+00;1.00000e+00;40;9.99956e-01;1.00759e+00;1.68645e-05
nav-lives;me-hebbian-neuron;4;[8];187;18700;18700;2.60524e+02;60;1;1;1.00000e+00;1.00000e+00;1.00000e+00;40;9.99946e-01;1.00670e+00;2.31758e-05
nav-lives;me-hebbian-neuron;3;[8];188;18800;18800;2.61349e+02;62;1;1;1.00000e+00;1.00000e+00;1.00000e+00;40;9.99956e-01;1.00759e+00;1.68645e-05
nav-lives;me-hebbian-neuron;4;[8];188;18800;18800;2.61996e+02;60;1;1;1.00000e+00;1.00000e+00;1.00000e+00;40;9.99946e-01;1.00670e+00;2.31758e-05
nav-lives;me-hebbian-neuron;3;[8];189;18900;18900;2.62685e+02;62;1;1;1.00000e+00;1.00000e+00;1.00000e+00;40;9.99956e-01;1.00759e+00;1.68645e-05
nav-lives;me-hebbian-neuron;4;[8];189;18900;18900;2.63410e+02;60;1;1;1.00000e+00;1.00000e+00;1.00000e+00;40;9.99946e-01;1.00670e+00;2.31758e-05
nav-lives;me-hebbian-neuron;3;[8];190;19000;19000;2.64078e+02;62;1;1;1.00000e+00;1.00000e+00;1.00000e+00;40;9.99956e-01;1.00759e+00;1.68645e-05
nav-lives;me-hebbian-neuron;4;[8];190;19000;19000;2.64787e+02;60;1;1;1.00000e+00;1.00000e+00;1.00000e+00;40;9.99946e-01;1.00670e+00;2.31758e-05
nav-lives;me-hebbian-neuron;3;[8];191;19100;19100;2.65513e+02;62;1;1;1.00000e+00;1.00000e+00;1.00000e+00;40;9.99956e-01;1.00759e+00;1.68645e-05
nav-lives;me-hebbian-neuron;4;[8];191;19100;19100;2.66182e+02;60;1;1;1.00000e+00;1.00000e+00;1.00000e+00;40;9.99946e-01;1.00670e+00;2.31758e-05
nav-lives;me-hebbian-neuron;3;[8];192;19200;19200;2.66814e+02;62;1;1;1.00000e+00;1.00000e+00;1.00000e+00;40;9.99956e-01;1.00759e+00;1.68645e-05
nav-lives;me-hebbian-neuron;4;[8];192;19200;19200;2.67560e+02;60;1;1;1.00000e+00;1.00000e+00;1.00000e+00;40;9.99946e-01;1.00670e+00;2.31758e-05
nav-lives;me-hebbian-neuron;3;[8];193;19300;19300;2.68239e+02;62;1;1;1.00000e+00;1.00000e+00;1.00000e+00;40;9.99956e-01;1.00759e+00;1.68645e-05
nav-lives;me-hebbian-neuron;4;[8];193;19300;19300;2.68958e+02;60;1;1;1.00000e+00;1.00000e+00;1.00000e+00;40;9.99946e-01;1.00670e+00;2.31758e-05
nav-lives;me-hebbian-neuron;3;[8];194;19400;19400;2.69606e+02;62;1;1;1.00000e+00;1.00000e+00;1.00000e+00;40;9.99956e-01;1.00759e+00;1.68645e-05
nav-lives;me-hebbian-neuron;4;[8];194;19400;19400;2.70293e+02;60;1;1;1.00000e+00;1.00000e+00;1.00000e+00;40;9.99946e-01;1.00670e+00;2.31758e-05
nav-lives;me-hebbian-neuron;3;[8];195;19500;19500;2.71028e+02;62;1;1;1.00000e+00;1.00000e+00;1.00000e+00;40;9.99956e-01;1.00759e+00;1.68645e-05
nav-lives;me-hebbian-neuron;4;[8];195;19500;19500;2.71721e+02;60;1;1;1.00000e+00;1.00000e+00;1.00000e+00;40;9.99946e-01;1.00670e+00;2.31758e-05
nav-lives;me-hebbian-neuron;3;[8];196;19600;19600;2.72431e+02;62;1;1;1.00000e+00;1.00000e+00;1.00000e+00;40;9.99956e-01;1.00759e+00;1.68645e-05
nav-lives;me-hebbian-neuron;4;[8];196;19600;19600;2.73118e+02;60;1;1;1.00000e+00;1.00000e+00;1.00000e+00;40;9.99946e-01;1.00670e+00;2.31758e-05
nav-lives;me-hebbian-neuron;3;[8];197;19700;19700;2.73809e+02;62;1;1;1.00000e+00;1.00000e+00;1.00000e+00;40;9.99956e-01;1.00759e+00;1.68645e-05
nav-lives;me-hebbian-neuron;4;[8];197;19700;19700;2.74509e+02;60;1;1;1.00000e+00;1.00000e+00;1.00000e+00;40;9.99946e-01;1.00670e+00;2.31758e-05
nav-lives;me-hebbian-neuron;3;[8];198;19800;19800;2.75163e+02;62;1;1;1.00000e+00;1.00000e+00;1.00000e+00;40;9.99956e-01;1.00759e+00;1.68645e-05
nav-lives;me-hebbian-neuron;4;[8];198;19800;19800;2.75901e+02;60;1;1;1.00000e+00;1.00000e+00;1.00000e+00;40;9.99946e-01;1.00670e+00;2.31758e-05
nav-lives;me-hebbian-neuron;3;[8];199;19900;19900;2.76624e+02;62;1;1;1.00000e+00;1.00000e+00;1.00000e+00;40;9.99956e-01;1.00759e+00;1.68645e-05
nav-lives;me-hebbian-neuron;4;[8];199;19900;19900;2.77285e+02;60;1;1;1.00000e+00;1.00000e+00;1.00000e+00;40;9.99946e-01;1.00670e+00;2.31758e-05
nav-lives;me-hebbian-neuron;3;[8];200;20000;20000;2.78049e+02;62;1;1;1.00000e+00;1.00000e+00;1.00000e+00;40;9.99956e-01;1.00759e+00;1.68645e-05
nav-lives;me-hebbian-neuron;4;[8];200;20000;20000;2.78686e+02;60;1;1;1.00000e+00;1.00000e+00;1.00000e+00;40;9.99946e-01;1.00670e+00;2.31758e-05
nav-lives;me-hebbian-neuron;3;[8];201;20100;20100;2.79414e+02;62;1;1;1.00000e+00;1.00000e+00;1.00000e+00;40;9.99956e-01;1.00759e+00;1.68645e-05
nav-lives;me-hebbian-neuron;4;[8];201;20100;20100;2.80063e+02;60;1;1;1.00000e+00;1.00000e+00;1.00000e+00;40;9.99946e-01;1.00670e+00;2.31758e-05
nav-lives;me-hebbian-neuron;3;[8];202;20200;20200;2.80745e+02;62;1;1;1.00000e+00;1.00000e+00;1.00000e+00;40;9.99956e-01;1.00759e+00;1.68645e-05
nav-lives;me-hebbian-neuron;4;[8];202;20200;20200;2.81466e+02;60;1;1;1.00000e+00;1.00000e+00;1.00000e+00;40;9.99946e-01;1.00670e+00;2.31758e-05
nav-lives;me-hebbian-neuron;3;[8];203;20300;20300;2.82176e+02;62;1;1;1.00000e+00;1.00000e+00;1.00000e+00;40;9.99956e-01;1.00759e+00;1.68645e-05
nav-lives;me-hebbian-neuron;4;[8];203;20300;20300;2.82876e+02;60;1;1;1.00000e+00;1.00000e+00;1.00000e+00;40;9.99946e-01;1.00670e+00;2.31758e-05
nav-lives;me-hebbian-neuron;3;[8];204;20400;20400;2.83581e+02;62;1;1;1.00000e+00;1.00000e+00;1.00000e+00;40;9.99956e-01;1.00759e+00;1.68645e-05
nav-lives;me-hebbian-neuron;4;[8];204;20400;20400;2.84308e+02;60;1;1;1.00000e+00;1.00000e+00;1.00000e+00;40;9.99946e-01;1.00670e+00;2.31758e-05
nav-lives;me-hebbian-neuron;3;[8];205;20500;20500;2.84991e+02;62;1;1;1.00000e+00;1.00000e+00;1.00000e+00;40;9.99956e-01;1.00759e+00;1.68645e-05
nav-lives;me-hebbian-neuron;4;[8];205;20500;20500;2.85747e+02;60;1;1;1.00000e+00;1.00000e+00;1.00000e+00;40;9.99946e-01;1.00670e+00;2.31758e-05
nav-lives;me-hebbian-neuron;3;[8];206;20600;20600;2.86364e+02;62;1;1;1.00000e+00;1.00000e+00;1.00000e+00;40;9.99956e-01;1.00759e+00;1.68645e-05
nav-lives;me-hebbian-neuron;4;[8];206;20600;20600;2.87074e+02;60;1;1;1.00000e+00;1.00000e+00;1.00000e+00;40;9.99946e-01;1.00670e+00;2.31758e-05
nav-lives;me-hebbian-neuron;3;[8];207;20700;20700;2.87776e+02;62;1;1;1.00000e+00;1.00000e+00;1.00000e+00;40;9.99956e-01;1.00759e+00;1.68645e-05
nav-lives;me-hebbian-neuron;4;[8];207;20700;20700;2.88478e+02;60;1;1;1.00000e+00;1.00000e+00;1.00000e+00;40;9.99946e-01;1.00670e+00;2.31758e-05
nav-lives;me-hebbian-neuron;3;[8];208;20800;20800;2.89092e+02;62;1;1;1.00000e+00;1.00000e+00;1.00000e+00;40;9.99956e-01;1.00759e+00;1.68645e-05
nav-lives;me-hebbian-neuron;4;[8];208;20800;20800;2.89855e+02;60;1;1;1.00000e+00;1.00000e+00;1.00000e+00;40;9.99946e-01;1.00670e+00;2.31758e-05
nav-lives;me-hebbian-neuron;3;[8];209;20900;20900;2.90500e+02;62;1;1;1.00000e+00;1.00000e+00;1.00000e+00;40;9.99956e-01;1.00759e+00;1.68645e-05
nav-lives;me-hebbian-neuron;4;[8];209;20900;20900;2.91162e+02;60;1;1;1.00000e+00;1.00000e+00;1.00000e+00;40;9.99946e-01;1.00670e+00;2.31758e-05
nav-lives;me-hebbian-neuron;3;[8];210;21000;21000;2.92078e+02;62;1;1;1.00000e+00;1.00000e+00;1.00000e+00;40;9.99956e-01;1.00759e+00;1.68645e-05
nav-lives;me-hebbian-neuron;4;[8];210;21000;21000;2.92569e+02;60;1;1;1.00000e+00;1.00000e+00;1.00000e+00;40;9.99946e-01;1.00670e+00;2.31758e-05
nav-lives;me-hebbian-neuron;3;[8];211;21100;21100;2.93332e+02;62;1;1;1.00000e+00;1.00000e+00;1.00000e+00;40;9.99956e-01;1.00759e+00;1.68645e-05
nav-lives;me-hebbian-neuron;4;[8];211;21100;21100;2.93981e+02;60;1;1;1.00000e+00;1.00000e+00;1.00000e+00;40;9.99946e-01;1.00670e+00;2.31758e-05
nav-lives;me-hebbian-neuron;3;[8];212;21200;21200;2.94665e+02;62;1;1;1.00000e+00;1.00000e+00;1.00000e+00;40;9.99956e-01;1.00759e+00;1.68645e-05
nav-lives;me-hebbian-neuron;4;[8];212;21200;21200;2.95351e+02;60;1;1;1.00000e+00;1.00000e+00;1.00000e+00;40;9.99946e-01;1.00670e+00;2.31758e-05
nav-lives;me-hebbian-neuron;3;[8];213;21300;21300;2.96062e+02;62;1;1;1.00000e+00;1.00000e+00;1.00000e+00;40;9.99956e-01;1.00759e+00;1.68645e-05
nav-lives;me-hebbian-neuron;4;[8];213;21300;21300;2.96778e+02;60;1;1;1.00000e+00;1.00000e+00;1.00000e+00;40;9.99946e-01;1.00670e+00;2.31758e-05
nav-lives;me-hebbian-neuron;3;[8];214;21400;21400;2.97511e+02;62;1;1;1.00000e+00;1.00000e+00;1.00000e+00;40;9.99956e-01;1.00759e+00;1.68645e-05
nav-lives;me-hebbian-neuron;4;[8];214;21400;21400;2.98236e+02;60;1;1;1.00000e+00;1.00000e+00;1.00000e+00;40;9.99946e-01;1.00670e+00;2.31758e-05
nav-lives;me-hebbian-neuron;3;[8];215;21500;21500;2.98882e+02;62;1;1;1.00000e+00;1.00000e+00;1.00000e+00;40;9.99956e-01;1.00759e+00;1.68645e-05
nav-lives;me-hebbian-neuron;4;[8];215;21500;21500;2.99595e+02;60;1;1;1.00000e+00;1.00000e+00;1.00000e+00;40;9.99946e-01;1.00670e+00;2.31758e-05
nav-lives;me-hebbian-neuron;3;[8];216;21600;21600;3.00261e+02;62;1;1;1.00000e+00;1.00000e+00;1.00000e+00;40;9.99956e-01;1.00759e+00;1.68645e-05
nav-lives;me-hebbian-neuron;4;[8];216;21600;21600;3.01041e+02;60;1;1;1.00000e+00;1.00000e+00;1.00000e+00;40;9.99946e-01;1.00670e+00;2.31758e-05
nav-lives;me-hebbian-neuron;3;[8];217;21700;21700;3.01638e+02;62;1;1;1.00000e+00;1.00000e+00;1.00000e+00;40;9.99956e-01;1.00759e+00;1.68645e-05
nav-lives;me-hebbian-neuron;4;[8];217;21700;21700;3.02363e+02;60;1;1;1.00000e+00;1.00000e+00;1.00000e+00;40;9.99946e-01;1.00670e+00;2.31758e-05
nav-lives;me-hebbian-neuron;3;[8];218;21800;21800;3.03070e+02;62;1;1;1.00000e+00;1.00000e+00;1.00000e+00;40;9.99956e-01;1.00759e+00;1.68645e-05
nav-lives;me-hebbian-neuron;4;[8];218;21800;21800;3.03762e+02;60;1;1;1.00000e+00;1.00000e+00;1.00000e+00;40;9.99946e-01;1.00670e+00;2.31758e-05
nav-lives;me-hebbian-neuron;3;[8];219;21900;21900;3.04434e+02;62;1;1;1.00000e+00;1.00000e+00;1.00000e+00;40;9.99956e-01;1.00759e+00;1.68645e-05
nav-lives;me-hebbian-neuron;4;[8];219;21900;21900;3.05118e+02;60;1;1;1.00000e+00;1.00000e+00;1.00000e+00;40;9.99946e-01;1.00670e+00;2.31758e-05
nav-lives;me-hebbian-neuron;3;[8];220;22000;22000;3.05849e+02;62;1;1;1.00000e+00;1.00000e+00;1.00000e+00;40;9.99956e-01;1.00759e+00;1.68645e-05
nav-lives;me-hebbian-neuron;4;[8];220;22000;22000;3.06499e+02;60;1;1;1.00000e+00;1.00000e+00;1.00000e+00;40;9.99946e-01;1.00670e+00;2.31758e-05
nav-lives;me-hebbian-neuron;3;[8];221;22100;22100;3.07269e+02;62;1;1;1.00000e+00;1.00000e+00;1.00000e+00;40;9.99956e-01;1.00759e+00;1.68645e-05
nav-lives;me-hebbian-neuron;4;[8];221;22100;22100;3.07996e+02;60;1;1;1.00000e+00;1.00000e+00;1.00000e+00;40;9.99946e-01;1.00670e+00;2.31758e-05
nav-lives;me-hebbian-neuron;3;[8];222;22200;22200;3.08626e+02;62;1;1;1.00000e+00;1.00000e+00;1.00000e+00;40;9.99956e-01;1.00759e+00;1.68645e-05
nav-lives;me-hebbian-neuron;4;[8];222;22200;22200;3.09319e+02;61;1;1;1.00000e+00;1.00000e+00;1.00000e+00;40;9.99946e-01;1.00670e+00;2.31758e-05
nav-lives;me-hebbian-neuron;3;[8];223;22300;22300;3.10015e+02;62;1;1;1.00000e+00;1.00000e+00;1.00000e+00;40;9.99956e-01;1.00759e+00;1.68645e-05
nav-lives;me-hebbian-neuron;4;[8];223;22300;22300;3.10800e+02;61;1;1;1.00000e+00;1.00000e+00;1.00000e+00;40;9.99946e-01;1.00670e+00;2.31758e-05
nav-lives;me-hebbian-neuron;3;[8];224;22400;22400;3.11421e+02;62;1;1;1.00000e+00;1.00000e+00;1.00000e+00;40;9.99956e-01;1.00759e+00;1.68645e-05
nav-lives;me-hebbian-neuron;4;[8];224;22400;22400;3.12125e+02;61;1;1;1.00000e+00;1.00000e+00;1.00000e+00;40;9.99946e-01;1.00670e+00;2.31758e-05
nav-lives;me-hebbian-neuron;3;[8];225;22500;22500;3.12845e+02;62;1;1;1.00000e+00;1.00000e+00;1.00000e+00;40;9.99956e-01;1.00759e+00;1.68645e-05
nav-lives;me-hebbian-neuron;4;[8];225;22500;22500;3.13483e+02;61;1;1;1.00000e+00;1.00000e+00;1.00000e+00;40;9.99946e-01;1.00670e+00;2.31758e-05
nav-lives;me-hebbian-neuron;3;[8];226;22600;22600;3.14199e+02;62;1;1;1.00000e+00;1.00000e+00;1.00000e+00;40;9.99956e-01;1.00759e+00;1.68645e-05
nav-lives;me-hebbian-neuron;4;[8];226;22600;22600;3.14866e+02;61;1;1;1.00000e+00;1.00000e+00;1.00000e+00;40;9.99946e-01;1.00670e+00;2.31758e-05
nav-lives;me-hebbian-neuron;3;[8];227;22700;22700;3.15549e+02;62;1;1;1.00000e+00;1.00000e+00;1.00000e+00;40;9.99956e-01;1.00759e+00;1.68645e-05
nav-lives;me-hebbian-neuron;4;[8];227;22700;22700;3.16313e+02;61;1;1;1.00000e+00;1.00000e+00;1.00000e+00;40;9.99946e-01;1.00670e+00;2.31758e-05
nav-lives;me-hebbian-neuron;3;[8];228;22800;22800;3.16965e+02;62;1;1;1.00000e+00;1.00000e+00;1.00000e+00;40;9.99956e-01;1.00759e+00;1.68645e-05
nav-lives;me-hebbian-neuron;4;[8];228;22800;22800;3.17662e+02;61;1;1;1.00000e+00;1.00000e+00;1.00000e+00;40;9.99946e-01;1.00670e+00;2.31758e-05
nav-lives;me-hebbian-neuron;3;[8];229;22900;22900;3.18446e+02;62;1;1;1.00000e+00;1.00000e+00;1.00000e+00;40;9.99956e-01;1.00759e+00;1.68645e-05
nav-lives;me-hebbian-neuron;4;[8];229;22900;22900;3.19088e+02;61;1;1;1.00000e+00;1.00000e+00;1.00000e+00;40;9.99946e-01;1.00670e+00;2.31758e-05
nav-lives;me-hebbian-neuron;3;[8];230;23000;23000;3.19862e+02;62;1;1;1.00000e+00;1.00000e+00;1.00000e+00;40;9.99956e-01;1.00759e+00;1.68645e-05
nav-lives;me-hebbian-neuron;4;[8];230;23000;23000;3.20429e+02;61;1;1;1.00000e+00;1.00000e+00;1.00000e+00;40;9.99946e-01;1.00670e+00;2.31758e-05
nav-lives;me-hebbian-neuron;3;[8];231;23100;23100;3.21144e+02;62;1;1;1.00000e+00;1.00000e+00;1.00000e+00;40;9.99956e-01;1.00759e+00;1.68645e-05
nav-lives;me-hebbian-neuron;4;[8];231;23100;23100;3.21839e+02;61;1;1;1.00000e+00;1.00000e+00;1.00000e+00;40;9.99946e-01;1.00670e+00;2.31758e-05
nav-lives;me-hebbian-neuron;3;[8];232;23200;23200;3.22554e+02;62;1;1;1.00000e+00;1.00000e+00;1.00000e+00;40;9.99956e-01;1.00759e+00;1.68645e-05
nav-lives;me-hebbian-neuron;4;[8];232;23200;23200;3.23222e+02;61;1;1;1.00000e+00;1.00000e+00;1.00000e+00;40;9.99946e-01;1.00670e+00;2.31758e-05
nav-lives;me-hebbian-neuron;3;[8];233;23300;23300;3.23906e+02;62;1;1;1.00000e+00;1.00000e+00;1.00000e+00;40;9.99956e-01;1.00759e+00;1.68645e-05
nav-lives;me-hebbian-neuron;4;[8];233;23300;23300;3.24623e+02;61;1;1;1.00000e+00;1.00000e+00;1.00000e+00;40;9.99946e-01;1.00670e+00;2.31758e-05
nav-lives;me-hebbian-neuron;3;[8];234;23400;23400;3.25290e+02;62;1;1;1.00000e+00;1.00000e+00;1.00000e+00;40;9.99956e-01;1.00759e+00;1.68645e-05
nav-lives;me-hebbian-neuron;4;[8];234;23400;23400;3.26035e+02;62;1;1;1.00000e+00;1.00000e+00;1.00000e+00;40;9.99946e-01;1.00670e+00;2.31758e-05
nav-lives;me-hebbian-neuron;3;[8];235;23500;23500;3.26744e+02;62;1;1;1.00000e+00;1.00000e+00;1.00000e+00;40;9.99956e-01;1.00759e+00;1.68645e-05
nav-lives;me-hebbian-neuron;4;[8];235;23500;23500;3.27380e+02;62;1;1;1.00000e+00;1.00000e+00;1.00000e+00;40;9.99946e-01;1.00670e+00;2.31758e-05
nav-lives;me-hebbian-neuron;3;[8];236;23600;23600;3.28098e+02;62;1;1;1.00000e+00;1.00000e+00;1.00000e+00;40;9.99956e-01;1.00759e+00;1.68645e-05
nav-lives;me-hebbian-neuron;4;[8];236;23600;23600;3.28831e+02;62;1;1;1.00000e+00;1.00000e+00;1.00000e+00;40;9.99946e-01;1.00670e+00;2.31758e-05
nav-lives;me-hebbian-neuron;3;[8];237;23700;23700;3.29432e+02;62;1;1;1.00000e+00;1.00000e+00;1.00000e+00;40;9.99956e-01;1.00759e+00;1.68645e-05
nav-lives;me-hebbian-neuron;4;[8];237;23700;23700;3.30218e+02;62;1;1;1.00000e+00;1.00000e+00;1.00000e+00;40;9.99946e-01;1.00670e+00;2.31758e-05
nav-lives;me-hebbian-neuron;3;[8];238;23800;23800;3.30860e+02;62;1;1;1.00000e+00;1.00000e+00;1.00000e+00;40;9.99956e-01;1.00759e+00;1.68645e-05
nav-lives;me-hebbian-neuron;4;[8];238;23800;23800;3.31573e+02;62;1;1;1.00000e+00;1.00000e+00;1.00000e+00;40;9.99946e-01;1.00670e+00;2.31758e-05
nav-lives;me-hebbian-neuron;3;[8];239;23900;23900;3.32275e+02;62;1;1;1.00000e+00;1.00000e+00;1.00000e+00;40;9.99956e-01;1.00759e+00;1.68645e-05
nav-lives;me-hebbian-neuron;4;[8];239;23900;23900;3.32982e+02;62;1;1;1.00000e+00;1.00000e+00;1.00000e+00;40;9.99946e-01;1.00670e+00;2.31758e-05
nav-lives;me-hebbian-neuron;3;[8];240;24000;24000;3.33670e+02;62;1;1;1.00000e+00;1.00000e+00;1.00000e+00;40;9.99956e-01;1.00759e+00;1.68645e-05
nav-lives;me-hebbian-neuron;4;[8];240;24000;24000;3.34335e+02;62;1;1;1.00000e+00;1.00000e+00;1.00000e+00;40;9.99946e-01;1.00670e+00;2.31758e-05
nav-lives;me-hebbian-neuron;3;[8];241;24100;24100;3.35096e+02;62;1;1;1.00000e+00;1.00000e+00;1.00000e+00;40;9.99956e-01;1.00759e+00;1.68645e-05
nav-lives;me-hebbian-neuron;4;[8];241;24100;24100;3.35788e+02;62;1;1;1.00000e+00;1.00000e+00;1.00000e+00;40;9.99946e-01;1.00670e+00;2.31758e-05
nav-lives;me-hebbian-neuron;3;[8];242;24200;24200;3.36500e+02;62;1;1;1.00000e+00;1.00000e+00;1.00000e+00;40;9.99956e-01;1.00759e+00;1.68645e-05
nav-lives;me-hebbian-neuron;4;[8];242;24200;24200;3.37205e+02;62;1;1;1.00000e+00;1.00000e+00;1.00000e+00;40;9.99946e-01;1.00670e+00;2.31758e-05
nav-lives;me-hebbian-neuron;3;[8];243;24300;24300;3.37894e+02;62;1;1;1.00000e+00;1.00000e+00;1.00000e+00;40;9.99956e-01;1.00759e+00;1.68645e-05
nav-lives;me-hebbian-neuron;4;[8];243;24300;24300;3.38517e+02;62;1;1;1.00000e+00;1.00000e+00;1.00000e+00;40;9.99946e-01;1.00670e+00;2.31758e-05
nav-lives;me-hebbian-neuron;3;[8];244;24400;24400;3.39184e+02;62;1;1;1.00000e+00;1.00000e+00;1.00000e+00;40;9.99956e-01;1.00759e+00;1.68645e-05
nav-lives;me-hebbian-neuron;4;[8];244;24400;24400;3.39966e+02;62;1;1;1.00000e+00;1.00000e+00;1.00000e+00;40;9.99946e-01;1.00670e+00;2.31758e-05
nav-lives;me-hebbian-neuron;3;[8];245;24500;24500;3.40606e+02;62;1;1;1.00000e+00;1.00000e+00;1.00000e+00;40;9.99956e-01;1.00759e+00;1.68645e-05
nav-lives;me-hebbian-neuron;4;[8];245;24500;24500;3.41342e+02;62;1;1;1.00000e+00;1.00000e+00;1.00000e+00;40;9.99946e-01;1.00670e+00;2.31758e-05
nav-lives;me-hebbian-neuron;3;[8];246;24600;24600;3.42018e+02;62;1;1;1.00000e+00;1.00000e+00;1.00000e+00;40;9.99956e-01;1.00759e+00;1.68645e-05
nav-lives;me-hebbian-neuron;4;[8];246;24600;24600;3.42701e+02;62;1;1;1.00000e+00;1.00000e+00;1.00000e+00;40;9.99946e-01;1.00670e+00;2.31758e-05
nav-lives;me-hebbian-neuron;3;[8];247;24700;24700;3.43449e+02;62;1;1;1.00000e+00;1.00000e+00;1.00000e+00;40;9.99956e-01;1.00759e+00;1.68645e-05
nav-lives;me-hebbian-neuron;4;[8];247;24700;24700;3.44075e+02;62;1;1;1.00000e+00;1.00000e+00;1.00000e+00;40;9.99946e-01;1.00670e+00;2.31758e-05
nav-lives;me-hebbian-neuron;3;[8];248;24800;24800;3.44837e+02;62;1;1;1.00000e+00;1.00000e+00;1.00000e+00;40;9.99956e-01;1.00759e+00;1.68645e-05
nav-lives;me-hebbian-neuron;4;[8];248;24800;24800;3.45587e+02;62;1;1;1.00000e+00;1.00000e+00;1.00000e+00;40;9.99946e-01;1.00670e+00;2.31758e-05
nav-lives;me-hebbian-neuron;3;[8];249;24900;24900;3.46201e+02;62;1;1;1.00000e+00;1.00000e+00;1.00000e+00;40;9.99956e-01;1.00759e+00;1.68645e-05
nav-lives;me-hebbian-neuron;4;[8];249;24900;24900;3.46915e+02;62;1;1;1.00000e+00;1.00000e+00;1.00000e+00;40;9.99946e-01;1.00670e+00;2.31758e-05
nav-lives;me-hebbian-neuron;3;[8];250;25000;25000;3.47608e+02;62;1;1;1.00000e+00;1.00000e+00;1.00000e+00;40;9.99956e-01;1.00759e+00;1.68645e-05
nav-lives;me-hebbian-neuron;4;[8];250;25000;25000;3.48284e+02;62;1;1;1.00000e+00;1.00000e+00;1.00000e+00;40;9.99946e-01;1.00670e+00;2.31758e-05
nav-lives;me-hebbian-neuron;3;[8];251;25100;25100;3.49010e+02;62;1;1;1.00000e+00;1.00000e+00;1.00000e+00;40;9.99956e-01;1.00759e+00;1.68645e-05
nav-lives;me-hebbian-neuron;4;[8];251;25100;25100;3.49682e+02;62;1;1;1.00000e+00;1.00000e+00;1.00000e+00;40;9.99946e-01;1.00670e+00;2.31758e-05
nav-lives;me-hebbian-neuron;3;[8];252;25200;25200;3.50417e+02;62;1;1;1.00000e+00;1.00000e+00;1.00000e+00;40;9.99956e-01;1.00759e+00;1.68645e-05
nav-lives;me-hebbian-neuron;4;[8];252;25200;25200;3.51075e+02;62;1;1;1.00000e+00;1.00000e+00;1.00000e+00;40;9.99946e-01;1.00670e+00;2.31758e-05
nav-lives;me-hebbian-neuron;3;[8];253;25300;25300;3.51802e+02;62;1;1;1.00000e+00;1.00000e+00;1.00000e+00;40;9.99956e-01;1.00759e+00;1.68645e-05
nav-lives;me-hebbian-neuron;4;[8];253;25300;25300;3.52493e+02;62;1;1;1.00000e+00;1.00000e+00;1.00000e+00;40;9.99946e-01;1.00670e+00;2.31758e-05
nav-lives;me-hebbian-neuron;3;[8];254;25400;25400;3.53175e+02;62;1;1;1.00000e+00;1.00000e+00;1.00000e+00;40;9.99956e-01;1.00759e+00;1.68645e-05
nav-lives;me-hebbian-neuron;4;[8];254;25400;25400;3.53861e+02;62;1;1;1.00000e+00;1.00000e+00;1.00000e+00;40;9.99946e-01;1.00670e+00;2.31758e-05
nav-lives;me-hebbian-neuron;3;[8];255;25500;25500;3.54572e+02;62;1;1;1.00000e+00;1.00000e+00;1.00000e+00;40;9.99956e-01;1.00759e+00;1.68645e-05
nav-lives;me-hebbian-neuron;4;[8];255;25500;25500;3.55293e+02;62;1;1;1.00000e+00;1.00000e+00;1.00000e+00;40;9.99946e-01;1.00670e+00;2.31758e-05
nav-lives;me-hebbian-neuron;3;[8];256;25600;25600;3.55982e+02;62;1;1;1.00000e+00;1.00000e+00;1.00000e+00;40;9.99956e-01;1.00759e+00;1.68645e-05
nav-lives;me-hebbian-neuron;4;[8];256;25600;25600;3.56644e+02;62;1;1;1.00000e+00;1.00000e+00;1.00000e+00;40;9.99946e-01;1.00670e+00;2.31758e-05
nav-lives;me-hebbian-neuron;3;[8];257;25700;25700;3.57327e+02;62;1;1;1.00000e+00;1.00000e+00;1.00000e+00;40;9.99956e-01;1.00759e+00;1.68645e-05
nav-lives;me-hebbian-neuron;4;[8];257;25700;25700;3.57998e+02;62;1;1;1.00000e+00;1.00000e+00;1.00000e+00;40;9.99946e-01;1.00670e+00;2.31758e-05
nav-lives;me-hebbian-neuron;3;[8];258;25800;25800;3.58730e+02;62;1;1;1.00000e+00;1.00000e+00;1.00000e+00;40;9.99956e-01;1.00759e+00;1.68645e-05
nav-lives;me-hebbian-neuron;4;[8];258;25800;25800;3.59544e+02;62;1;1;1.00000e+00;1.00000e+00;1.00000e+00;40;9.99946e-01;1.00670e+00;2.31758e-05
nav-lives;me-hebbian-neuron;3;[8];259;25900;25900;3.60137e+02;62;1;1;1.00000e+00;1.00000e+00;1.00000e+00;40;9.99956e-01;1.00759e+00;1.68645e-05
nav-lives;me-hebbian-neuron;4;[8];259;25900;25900;3.60840e+02;62;1;1;1.00000e+00;1.00000e+00;1.00000e+00;40;9.99946e-01;1.00670e+00;2.31758e-05
nav-lives;me-hebbian-neuron;3;[8];260;26000;26000;3.61515e+02;62;1;1;1.00000e+00;1.00000e+00;1.00000e+00;40;9.99956e-01;1.00759e+00;1.68645e-05
nav-lives;me-hebbian-neuron;4;[8];260;26000;26000;3.62204e+02;62;1;1;1.00000e+00;1.00000e+00;1.00000e+00;40;9.99946e-01;1.00670e+00;2.31758e-05
nav-lives;me-hebbian-neuron;3;[8];261;26100;26100;3.62934e+02;62;1;1;1.00000e+00;1.00000e+00;1.00000e+00;40;9.99956e-01;1.00759e+00;1.68645e-05
nav-lives;me-hebbian-neuron;4;[8];261;26100;26100;3.63637e+02;62;1;1;1.00000e+00;1.00000e+00;1.00000e+00;40;9.99946e-01;1.00670e+00;2.31758e-05
nav-lives;me-hebbian-neuron;3;[8];262;26200;26200;3.64272e+02;62;1;1;1.00000e+00;1.00000e+00;1.00000e+00;40;9.99956e-01;1.00759e+00;1.68645e-05
nav-lives;me-hebbian-neuron;4;[8];262;26200;26200;3.64997e+02;62;1;1;1.00000e+00;1.00000e+00;1.00000e+00;40;9.99946e-01;1.00670e+00;2.31758e-05
nav-lives;me-hebbian-neuron;3;[8];263;26300;26300;3.65689e+02;62;1;1;1.00000e+00;1.00000e+00;1.00000e+00;40;9.99956e-01;1.00759e+00;1.68645e-05
nav-lives;me-hebbian-neuron;4;[8];263;26300;26300;3.66403e+02;62;1;1;1.00000e+00;1.00000e+00;1.00000e+00;40;9.99946e-01;1.00670e+00;2.31758e-05
nav-lives;me-hebbian-neuron;3;[8];264;26400;26400;3.67070e+02;62;1;1;1.00000e+00;1.00000e+00;1.00000e+00;40;9.99956e-01;1.00759e+00;1.68645e-05
nav-lives;me-hebbian-neuron;4;[8];264;26400;26400;3.67738e+02;62;1;1;1.00000e+00;1.00000e+00;1.00000e+00;40;9.99946e-01;1.00670e+00;2.31758e-05
nav-lives;me-hebbian-neuron;3;[8];265;26500;26500;3.68473e+02;62;1;1;1.00000e+00;1.00000e+00;1.00000e+00;40;9.99956e-01;1.00759e+00;1.68645e-05
nav-lives;me-hebbian-neuron;4;[8];265;26500;26500;3.69182e+02;62;1;1;1.00000e+00;1.00000e+00;1.00000e+00;40;9.99946e-01;1.00670e+00;2.31758e-05
nav-lives;me-hebbian-neuron;3;[8];266;26600;26600;3.69928e+02;62;1;1;1.00000e+00;1.00000e+00;1.00000e+00;40;9.99956e-01;1.00759e+00;1.68645e-05
nav-lives;me-hebbian-neuron;4;[8];266;26600;26600;3.70520e+02;62;1;1;1.00000e+00;1.00000e+00;1.00000e+00;40;9.99946e-01;1.00670e+00;2.31758e-05
nav-lives;me-hebbian-neuron;3;[8];267;26700;26700;3.71261e+02;62;1;1;1.00000e+00;1.00000e+00;1.00000e+00;40;9.99956e-01;1.00759e+00;1.68645e-05
nav-lives;me-hebbian-neuron;4;[8];267;26700;26700;3.71959e+02;62;1;1;1.00000e+00;1.00000e+00;1.00000e+00;40;9.99946e-01;1.00670e+00;2.31758e-05
nav-lives;me-hebbian-neuron;3;[8];268;26800;26800;3.72664e+02;62;1;1;1.00000e+00;1.00000e+00;1.00000e+00;40;9.99956e-01;1.00759e+00;1.68645e-05
nav-lives;me-hebbian-neuron;4;[8];268;26800;26800;3.73330e+02;62;1;1;1.00000e+00;1.00000e+00;1.00000e+00;40;9.99946e-01;1.00670e+00;2.31758e-05
nav-lives;me-hebbian-neuron;3;[8];269;26900;26900;3.74075e+02;62;1;1;1.00000e+00;1.00000e+00;1.00000e+00;40;9.99956e-01;1.00759e+00;1.68645e-05
nav-lives;me-hebbian-neuron;4;[8];269;26900;26900;3.74713e+02;62;1;1;1.00000e+00;1.00000e+00;1.00000e+00;40;9.99946e-01;1.00670e+00;2.31758e-05
nav-lives;me-hebbian-neuron;3;[8];270;27000;27000;3.75423e+02;62;1;1;1.00000e+00;1.00000e+00;1.00000e+00;40;9.99956e-01;1.00759e+00;1.68645e-05
nav-lives;me-hebbian-neuron;4;[8];270;27000;27000;3.76116e+02;62;1;1;1.00000e+00;1.00000e+00;1.00000e+00;40;9.99946e-01;1.00670e+00;2.31758e-05
nav-lives;me-hebbian-neuron;3;[8];271;27100;27100;3.76828e+02;62;1;1;1.00000e+00;1.00000e+00;1.00000e+00;40;9.99956e-01;1.00759e+00;1.68645e-05
nav-lives;me-hebbian-neuron;4;[8];271;27100;27100;3.77503e+02;62;1;1;1.00000e+00;1.00000e+00;1.00000e+00;40;9.99946e-01;1.00670e+00;2.31758e-05
nav-lives;me-hebbian-neuron;3;[8];272;27200;27200;3.78186e+02;62;1;1;1.00000e+00;1.00000e+00;1.00000e+00;40;9.99956e-01;1.00759e+00;1.68645e-05
nav-lives;me-hebbian-neuron;4;[8];272;27200;27200;3.78865e+02;62;1;1;1.00000e+00;1.00000e+00;1.00000e+00;40;9.99946e-01;1.00670e+00;2.31758e-05
nav-lives;me-hebbian-neuron;3;[8];273;27300;27300;3.79553e+02;62;1;1;1.00000e+00;1.00000e+00;1.00000e+00;40;9.99956e-01;1.00759e+00;1.68645e-05
nav-lives;me-hebbian-neuron;4;[8];273;27300;27300;3.80266e+02;62;1;1;1.00000e+00;1.00000e+00;1.00000e+00;40;9.99946e-01;1.00670e+00;2.31758e-05
nav-lives;me-hebbian-neuron;3;[8];274;27400;27400;3.80961e+02;62;1;1;1.00000e+00;1.00000e+00;1.00000e+00;40;9.99956e-01;1.00759e+00;1.68645e-05
nav-lives;me-hebbian-neuron;4;[8];274;27400;27400;3.81637e+02;62;1;1;1.00000e+00;1.00000e+00;1.00000e+00;40;9.99946e-01;1.00670e+00;2.31758e-05
nav-lives;me-hebbian-neuron;3;[8];275;27500;27500;3.82430e+02;62;1;1;1.00000e+00;1.00000e+00;1.00000e+00;40;9.99956e-01;1.00759e+00;1.68645e-05
nav-lives;me-hebbian-neuron;4;[8];275;27500;27500;3.83045e+02;62;1;1;1.00000e+00;1.00000e+00;1.00000e+00;40;9.99946e-01;1.00670e+00;2.31758e-05
nav-lives;me-hebbian-neuron;3;[8];276;27600;27600;3.83805e+02;62;1;1;1.00000e+00;1.00000e+00;1.00000e+00;40;9.99956e-01;1.00759e+00;1.68645e-05
nav-lives;me-hebbian-neuron;4;[8];276;27600;27600;3.84528e+02;62;1;1;1.00000e+00;1.00000e+00;1.00000e+00;40;9.99946e-01;1.00670e+00;2.31758e-05
nav-lives;me-hebbian-neuron;3;[8];277;27700;27700;3.85181e+02;62;1;1;1.00000e+00;1.00000e+00;1.00000e+00;40;9.99956e-01;1.00759e+00;1.68645e-05
nav-lives;me-hebbian-neuron;4;[8];277;27700;27700;3.85806e+02;62;1;1;1.00000e+00;1.00000e+00;1.00000e+00;40;9.99946e-01;1.00670e+00;2.31758e-05
nav-lives;me-hebbian-neuron;3;[8];278;27800;27800;3.86546e+02;62;1;1;1.00000e+00;1.00000e+00;1.00000e+00;40;9.99956e-01;1.00759e+00;1.68645e-05
nav-lives;me-hebbian-neuron;4;[8];278;27800;27800;3.87232e+02;62;1;1;1.00000e+00;1.00000e+00;1.00000e+00;40;9.99946e-01;1.00670e+00;2.31758e-05
nav-lives;me-hebbian-neuron;3;[8];279;27900;27900;3.87927e+02;62;1;1;1.00000e+00;1.00000e+00;1.00000e+00;40;9.99956e-01;1.00759e+00;1.68645e-05
nav-lives;me-hebbian-neuron;4;[8];279;27900;27900;3.88690e+02;62;1;1;1.00000e+00;1.00000e+00;1.00000e+00;40;9.99946e-01;1.00670e+00;2.31758e-05
nav-lives;me-hebbian-neuron;3;[8];280;28000;28000;3.89353e+02;62;1;1;1.00000e+00;1.00000e+00;1.00000e+00;40;9.99956e-01;1.00759e+00;1.68645e-05
nav-lives;me-hebbian-neuron;4;[8];280;28000;28000;3.90029e+02;62;1;1;1.00000e+00;1.00000e+00;1.00000e+00;40;9.99946e-01;1.00670e+00;2.31758e-05
nav-lives;me-hebbian-neuron;3;[8];281;28100;28100;3.90726e+02;62;1;1;1.00000e+00;1.00000e+00;1.00000e+00;40;9.99956e-01;1.00759e+00;1.68645e-05
nav-lives;me-hebbian-neuron;4;[8];281;28100;28100;3.91422e+02;62;1;1;1.00000e+00;1.00000e+00;1.00000e+00;40;9.99946e-01;1.00670e+00;2.31758e-05
nav-lives;me-hebbian-neuron;3;[8];282;28200;28200;3.92188e+02;62;1;1;1.00000e+00;1.00000e+00;1.00000e+00;40;9.99956e-01;1.00759e+00;1.68645e-05
nav-lives;me-hebbian-neuron;4;[8];282;28200;28200;3.92837e+02;62;1;1;1.00000e+00;1.00000e+00;1.00000e+00;40;9.99946e-01;1.00670e+00;2.31758e-05
nav-lives;me-hebbian-neuron;3;[8];283;28300;28300;3.93588e+02;62;1;1;1.00000e+00;1.00000e+00;1.00000e+00;40;9.99956e-01;1.00759e+00;1.68645e-05
nav-lives;me-hebbian-neuron;4;[8];283;28300;28300;3.94181e+02;62;1;1;1.00000e+00;1.00000e+00;1.00000e+00;40;9.99946e-01;1.00670e+00;2.31758e-05
nav-lives;me-hebbian-neuron;3;[8];284;28400;28400;3.94972e+02;62;1;1;1.00000e+00;1.00000e+00;1.00000e+00;40;9.99956e-01;1.00759e+00;1.68645e-05
nav-lives;me-hebbian-neuron;4;[8];284;28400;28400;3.95570e+02;62;1;1;1.00000e+00;1.00000e+00;1.00000e+00;40;9.99946e-01;1.00670e+00;2.31758e-05
nav-lives;me-hebbian-neuron;3;[8];285;28500;28500;3.96290e+02;62;1;1;1.00000e+00;1.00000e+00;1.00000e+00;40;9.99956e-01;1.00759e+00;1.68645e-05
nav-lives;me-hebbian-neuron;4;[8];285;28500;28500;3.97037e+02;62;1;1;1.00000e+00;1.00000e+00;1.00000e+00;40;9.99946e-01;1.00670e+00;2.31758e-05
nav-lives;me-hebbian-neuron;3;[8];286;28600;28600;3.97716e+02;62;1;1;1.00000e+00;1.00000e+00;1.00000e+00;40;9.99956e-01;1.00759e+00;1.68645e-05
nav-lives;me-hebbian-neuron;4;[8];286;28600;28600;3.98444e+02;62;1;1;1.00000e+00;1.00000e+00;1.00000e+00;40;9.99946e-01;1.00670e+00;2.31758e-05
nav-lives;me-hebbian-neuron;3;[8];287;28700;28700;3.99105e+02;62;1;1;1.00000e+00;1.00000e+00;1.00000e+00;40;9.99956e-01;1.00759e+00;1.68645e-05
nav-lives;me-hebbian-neuron;4;[8];287;28700;28700;3.99776e+02;62;1;1;1.00000e+00;1.00000e+00;1.00000e+00;40;9.99946e-01;1.00670e+00;2.31758e-05
nav-lives;me-hebbian-neuron;3;[8];288;28800;28800;4.00449e+02;62;1;1;1.00000e+00;1.00000e+00;1.00000e+00;40;9.99956e-01;1.00759e+00;1.68645e-05
nav-lives;me-hebbian-neuron;4;[8];288;28800;28800;4.01108e+02;62;1;1;1.00000e+00;1.00000e+00;1.00000e+00;40;9.99946e-01;1.00670e+00;2.31758e-05
nav-lives;me-hebbian-neuron;3;[8];289;28900;28900;4.01853e+02;62;1;1;1.00000e+00;1.00000e+00;1.00000e+00;40;9.99984e-01;1.00696e+00;7.52489e-12
nav-lives;me-hebbian-neuron;4;[8];289;28900;28900;4.02542e+02;62;1;1;1.00000e+00;1.00000e+00;1.00000e+00;40;9.99946e-01;1.00670e+00;2.31758e-05
nav-lives;me-hebbian-neuron;3;[8];290;29000;29000;4.03285e+02;62;1;1;1.00000e+00;1.00000e+00;1.00000e+00;40;9.99984e-01;1.00696e+00;7.52489e-12
nav-lives;me-hebbian-neuron;4;[8];290;29000;29000;4.03998e+02;62;1;1;1.00000e+00;1.00000e+00;1.00000e+00;40;9.99946e-01;1.00670e+00;2.31758e-05
nav-lives;me-hebbian-neuron;3;[8];291;29100;29100;4.04661e+02;62;1;1;1.00000e+00;1.00000e+00;1.00000e+00;40;9.99984e-01;1.00696e+00;7.52489e-12
nav-lives;me-hebbian-neuron;4;[8];291;29100;29100;4.05349e+02;62;1;1;1.00000e+00;1.00000e+00;1.00000e+00;40;9.99946e-01;1.00670e+00;2.31758e-05
nav-lives;me-hebbian-neuron;3;[8];292;29200;29200;4.06025e+02;62;1;1;1.00000e+00;1.00000e+00;1.00000e+00;40;9.99984e-01;1.00696e+00;7.52489e-12
nav-lives;me-hebbian-neuron;4;[8];292;29200;29200;4.06750e+02;62;1;1;1.00000e+00;1.00000e+00;1.00000e+00;40;9.99946e-01;1.00670e+00;2.31758e-05
nav-lives;me-hebbian-neuron;3;[8];293;29300;29300;4.07404e+02;62;1;1;1.00000e+00;1.00000e+00;1.00000e+00;40;9.99984e-01;1.00696e+00;7.52489e-12
nav-lives;me-hebbian-neuron;4;[8];293;29300;29300;4.08247e+02;63;1;1;1.00000e+00;1.00000e+00;1.00000e+00;40;9.99946e-01;1.00670e+00;2.31758e-05
nav-lives;me-hebbian-neuron;3;[8];294;29400;29400;4.08880e+02;62;1;1;1.00000e+00;1.00000e+00;1.00000e+00;40;9.99984e-01;1.00696e+00;7.52489e-12
nav-lives;me-hebbian-neuron;4;[8];294;29400;29400;4.09564e+02;63;1;1;1.00000e+00;1.00000e+00;1.00000e+00;40;9.99946e-01;1.00670e+00;2.31758e-05
nav-lives;me-hebbian-neuron;3;[8];295;29500;29500;4.10243e+02;62;1;1;1.00000e+00;1.00000e+00;1.00000e+00;40;9.99984e-01;1.00696e+00;7.52489e-12
nav-lives;me-hebbian-neuron;4;[8];295;29500;29500;4.10914e+02;63;1;1;1.00000e+00;1.00000e+00;1.00000e+00;40;9.99946e-01;1.00670e+00;2.31758e-05
nav-lives;me-hebbian-neuron;3;[8];296;29600;29600;4.11638e+02;62;1;1;1.00000e+00;1.00000e+00;1.00000e+00;40;9.99984e-01;1.00696e+00;7.52489e-12
nav-lives;me-hebbian-neuron;4;[8];296;29600;29600;4.12317e+02;63;1;1;1.00000e+00;1.00000e+00;1.00000e+00;40;9.99946e-01;1.00670e+00;2.31758e-05
nav-lives;me-hebbian-neuron;3;[8];297;29700;29700;4.13007e+02;62;1;1;1.00000e+00;1.00000e+00;1.00000e+00;40;9.99984e-01;1.00696e+00;7.52489e-12
nav-lives;me-hebbian-neuron;4;[8];297;29700;29700;4.13643e+02;63;1;1;1.00000e+00;1.00000e+00;1.00000e+00;40;9.99946e-01;1.00670e+00;2.31758e-05
nav-lives;me-hebbian-neuron;3;[8];298;29800;29800;4.14401e+02;62;1;1;1.00000e+00;1.00000e+00;1.00000e+00;40;9.99984e-01;1.00696e+00;7.52489e-12
nav-lives;me-hebbian-neuron;4;[8];298;29800;29800;4.15101e+02;63;1;1;1.00000e+00;1.00000e+00;1.00000e+00;40;9.99946e-01;1.00670e+00;2.31758e-05
nav-lives;me-hebbian-neuron;3;[8];299;29900;29900;4.15786e+02;62;1;1;1.00000e+00;1.00000e+00;1.00000e+00;40;9.99984e-01;1.00696e+00;7.52489e-12
nav-lives;me-hebbian-neuron;4;[8];299;29900;29900;4.16549e+02;63;1;1;1.00000e+00;1.00000e+00;1.00000e+00;40;9.99946e-01;1.00670e+00;2.31758e-05
nav-lives;me-hebbian-neuron;3;[8];300;30000;30000;4.17246e+02;62;1;1;1.00000e+00;1.00000e+00;1.00000e+00;40;9.99984e-01;1.00696e+00;7.52489e-12
nav-lives;me-hebbian-neuron;4;[8];300;30000;30000;4.17869e+02;63;1;1;1.00000e+00;1.00000e+00;1.00000e+00;40;9.99946e-01;1.00670e+00;2.31758e-05
nav-lives;me-hebbian-neuron;3;[8];301;30100;30100;4.18575e+02;62;1;1;1.00000e+00;1.00000e+00;1.00000e+00;40;9.99984e-01;1.00696e+00;7.52489e-12
nav-lives;me-hebbian-neuron;4;[8];301;30100;30100;4.19337e+02;63;1;1;1.00000e+00;1.00000e+00;1.00000e+00;40;9.99946e-01;1.00670e+00;2.31758e-05
nav-lives;me-hebbian-neuron;3;[8];302;30200;30200;4.20001e+02;62;1;1;1.00000e+00;1.00000e+00;1.00000e+00;40;9.99984e-01;1.00696e+00;7.52489e-12
nav-lives;me-hebbian-neuron;4;[8];302;30200;30200;4.20717e+02;63;1;1;1.00000e+00;1.00000e+00;1.00000e+00;40;9.99946e-01;1.00670e+00;2.31758e-05
nav-lives;me-hebbian-neuron;3;[8];303;30300;30300;4.21410e+02;62;1;1;1.00000e+00;1.00000e+00;1.00000e+00;40;9.99984e-01;1.00696e+00;7.52489e-12
nav-lives;me-hebbian-neuron;4;[8];303;30300;30300;4.22097e+02;63;1;1;1.00000e+00;1.00000e+00;1.00000e+00;40;9.99946e-01;1.00670e+00;2.31758e-05
nav-lives;me-hebbian-neuron;3;[8];304;30400;30400;4.22815e+02;62;1;1;1.00000e+00;1.00000e+00;1.00000e+00;40;9.99984e-01;1.00696e+00;7.52489e-12
nav-lives;me-hebbian-neuron;4;[8];304;30400;30400;4.23512e+02;63;1;1;1.00000e+00;1.00000e+00;1.00000e+00;40;9.99946e-01;1.00670e+00;2.31758e-05
nav-lives;me-hebbian-neuron;3;[8];305;30500;30500;4.24206e+02;62;1;1;1.00000e+00;1.00000e+00;1.00000e+00;40;9.99984e-01;1.00696e+00;7.52489e-12
nav-lives;me-hebbian-neuron;4;[8];305;30500;30500;4.24817e+02;63;1;1;1.00000e+00;1.00000e+00;1.00000e+00;40;9.99946e-01;1.00670e+00;2.31758e-05
nav-lives;me-hebbian-neuron;3;[8];306;30600;30600;4.25544e+02;63;1;1;1.00000e+00;1.00000e+00;1.00000e+00;40;9.99984e-01;1.00696e+00;7.52489e-12
nav-lives;me-hebbian-neuron;4;[8];306;30600;30600;4.26353e+02;63;1;1;1.00000e+00;1.00000e+00;1.00000e+00;40;9.99946e-01;1.00670e+00;2.31758e-05
nav-lives;me-hebbian-neuron;3;[8];307;30700;30700;4.26979e+02;63;1;1;1.00000e+00;1.00000e+00;1.00000e+00;40;9.99984e-01;1.00696e+00;7.52489e-12
nav-lives;me-hebbian-neuron;4;[8];307;30700;30700;4.27691e+02;63;1;1;1.00000e+00;1.00000e+00;1.00000e+00;40;9.99946e-01;1.00670e+00;2.31758e-05
nav-lives;me-hebbian-neuron;3;[8];308;30800;30800;4.28354e+02;63;1;1;1.00000e+00;1.00000e+00;1.00000e+00;40;9.99984e-01;1.00696e+00;7.52489e-12
nav-lives;me-hebbian-neuron;4;[8];308;30800;30800;4.29018e+02;63;1;1;1.00000e+00;1.00000e+00;1.00000e+00;40;9.99946e-01;1.00670e+00;2.31758e-05
nav-lives;me-hebbian-neuron;3;[8];309;30900;30900;4.29726e+02;63;1;1;1.00000e+00;1.00000e+00;1.00000e+00;40;9.99984e-01;1.00696e+00;7.52489e-12
nav-lives;me-hebbian-neuron;4;[8];309;30900;30900;4.30442e+02;63;1;1;1.00000e+00;1.00000e+00;1.00000e+00;40;9.99946e-01;1.00670e+00;2.31758e-05
nav-lives;me-hebbian-neuron;3;[8];310;31000;31000;4.31143e+02;63;1;1;1.00000e+00;1.00000e+00;1.00000e+00;40;9.99984e-01;1.00696e+00;7.52489e-12
nav-lives;me-hebbian-neuron;4;[8];310;31000;31000;4.31836e+02;63;1;1;1.00000e+00;1.00000e+00;1.00000e+00;40;9.99946e-01;1.00670e+00;2.31758e-05
nav-lives;me-hebbian-neuron;3;[8];311;31100;31100;4.32516e+02;63;1;1;1.00000e+00;1.00000e+00;1.00000e+00;40;9.99984e-01;1.00696e+00;7.52489e-12
nav-lives;me-hebbian-neuron;4;[8];311;31100;31100;4.33207e+02;63;1;1;1.00000e+00;1.00000e+00;1.00000e+00;40;9.99946e-01;1.00670e+00;2.31758e-05
nav-lives;me-hebbian-neuron;3;[8];312;31200;31200;4.33961e+02;63;1;1;1.00000e+00;1.00000e+00;1.00000e+00;40;9.99984e-01;1.00696e+00;7.52489e-12
nav-lives;me-hebbian-neuron;4;[8];312;31200;31200;4.34590e+02;63;1;1;1.00000e+00;1.00000e+00;1.00000e+00;40;9.99946e-01;1.00670e+00;2.31758e-05
nav-lives;me-hebbian-neuron;3;[8];313;31300;31300;4.35291e+02;63;1;1;1.00000e+00;1.00000e+00;1.00000e+00;40;9.99984e-01;1.00696e+00;7.52489e-12
nav-lives;me-hebbian-neuron;4;[8];313;31300;31300;4.35988e+02;63;1;1;1.00000e+00;1.00000e+00;1.00000e+00;40;9.99946e-01;1.00670e+00;2.31758e-05
nav-lives;me-hebbian-neuron;3;[8];314;31400;31400;4.36705e+02;63;1;1;1.00000e+00;1.00000e+00;1.00000e+00;40;9.99984e-01;1.00696e+00;7.52489e-12
nav-lives;me-hebbian-neuron;4;[8];314;31400;31400;4.37397e+02;63;1;1;1.00000e+00;1.00000e+00;1.00000e+00;40;9.99946e-01;1.00670e+00;2.31758e-05
nav-lives;me-hebbian-neuron;3;[8];315;31500;31500;4.38116e+02;63;1;1;1.00000e+00;1.00000e+00;1.00000e+00;40;9.99984e-01;1.00696e+00;7.52489e-12
nav-lives;me-hebbian-neuron;4;[8];315;31500;31500;4.38740e+02;63;1;1;1.00000e+00;1.00000e+00;1.00000e+00;40;9.99946e-01;1.00670e+00;2.31758e-05
nav-lives;me-hebbian-neuron;3;[8];316;31600;31600;4.39421e+02;63;1;1;1.00000e+00;1.00000e+00;1.00000e+00;40;9.99984e-01;1.00696e+00;7.52489e-12
nav-lives;me-hebbian-neuron;4;[8];316;31600;31600;4.40181e+02;63;1;1;1.00000e+00;1.00000e+00;1.00000e+00;40;9.99946e-01;1.00670e+00;2.31758e-05
nav-lives;me-hebbian-neuron;3;[8];317;31700;31700;4.40937e+02;63;1;1;1.00000e+00;1.00000e+00;1.00000e+00;40;9.99984e-01;1.00696e+00;7.52489e-12
nav-lives;me-hebbian-neuron;4;[8];317;31700;31700;4.41592e+02;63;1;1;1.00000e+00;1.00000e+00;1.00000e+00;40;9.99946e-01;1.00670e+00;2.31758e-05
nav-lives;me-hebbian-neuron;3;[8];318;31800;31800;4.42241e+02;63;1;1;1.00000e+00;1.00000e+00;1.00000e+00;40;9.99984e-01;1.00696e+00;7.52489e-12
nav-lives;me-hebbian-neuron;4;[8];318;31800;31800;4.42918e+02;63;1;1;1.00000e+00;1.00000e+00;1.00000e+00;40;9.99946e-01;1.00670e+00;2.31758e-05
nav-lives;me-hebbian-neuron;3;[8];319;31900;31900;4.43650e+02;63;1;1;1.00000e+00;1.00000e+00;1.00000e+00;40;9.99984e-01;1.00696e+00;7.52489e-12
nav-lives;me-hebbian-neuron;4;[8];319;31900;31900;4.44385e+02;63;1;1;1.00000e+00;1.00000e+00;1.00000e+00;40;9.99946e-01;1.00670e+00;2.31758e-05
nav-lives;me-hebbian-neuron;3;[8];320;32000;32000;4.45089e+02;63;1;1;1.00000e+00;1.00000e+00;1.00000e+00;40;9.99984e-01;1.00696e+00;7.52489e-12
nav-lives;me-hebbian-neuron;4;[8];320;32000;32000;4.45763e+02;63;1;1;1.00000e+00;1.00000e+00;1.00000e+00;40;9.99946e-01;1.00670e+00;2.31758e-05
nav-lives;me-hebbian-neuron;3;[8];321;32100;32100;4.46482e+02;63;1;1;1.00000e+00;1.00000e+00;1.00000e+00;40;9.99984e-01;1.00696e+00;7.52489e-12
nav-lives;me-hebbian-neuron;4;[8];321;32100;32100;4.47057e+02;63;1;1;1.00000e+00;1.00000e+00;1.00000e+00;40;9.99946e-01;1.00670e+00;2.31758e-05
nav-lives;me-hebbian-neuron;3;[8];322;32200;32200;4.47778e+02;63;1;1;1.00000e+00;1.00000e+00;1.00000e+00;40;9.99984e-01;1.00696e+00;7.52489e-12
nav-lives;me-hebbian-neuron;4;[8];322;32200;32200;4.48485e+02;63;1;1;1.00000e+00;1.00000e+00;1.00000e+00;40;9.99946e-01;1.00670e+00;2.31758e-05
nav-lives;me-hebbian-neuron;3;[8];323;32300;32300;4.49175e+02;63;1;1;1.00000e+00;1.00000e+00;1.00000e+00;40;9.99984e-01;1.00696e+00;7.52489e-12
nav-lives;me-hebbian-neuron;4;[8];323;32300;32300;4.49895e+02;63;1;1;1.00000e+00;1.00000e+00;1.00000e+00;40;9.99946e-01;1.00670e+00;2.31758e-05
nav-lives;me-hebbian-neuron;3;[8];324;32400;32400;4.50611e+02;63;1;1;1.00000e+00;1.00000e+00;1.00000e+00;40;9.99984e-01;1.00696e+00;7.52489e-12
nav-lives;me-hebbian-neuron;4;[8];324;32400;32400;4.51324e+02;63;1;1;1.00000e+00;1.00000e+00;1.00000e+00;40;9.99946e-01;1.00670e+00;2.31758e-05
nav-lives;me-hebbian-neuron;3;[8];325;32500;32500;4.51995e+02;63;1;1;1.00000e+00;1.00000e+00;1.00000e+00;40;9.99984e-01;1.00696e+00;7.52489e-12
nav-lives;me-hebbian-neuron;4;[8];325;32500;32500;4.52654e+02;63;1;1;1.00000e+00;1.00000e+00;1.00000e+00;40;9.99946e-01;1.00670e+00;2.31758e-05
nav-lives;me-hebbian-neuron;3;[8];326;32600;32600;4.53448e+02;63;1;1;1.00000e+00;1.00000e+00;1.00000e+00;40;9.99984e-01;1.00696e+00;7.52489e-12
nav-lives;me-hebbian-neuron;4;[8];326;32600;32600;4.54117e+02;63;1;1;1.00000e+00;1.00000e+00;1.00000e+00;40;9.99946e-01;1.00670e+00;2.31758e-05
nav-lives;me-hebbian-neuron;3;[8];327;32700;32700;4.54791e+02;63;1;1;1.00000e+00;1.00000e+00;1.00000e+00;40;9.99984e-01;1.00696e+00;7.52489e-12
nav-lives;me-hebbian-neuron;4;[8];327;32700;32700;4.55462e+02;63;1;1;1.00000e+00;1.00000e+00;1.00000e+00;40;9.99946e-01;1.00670e+00;2.31758e-05
nav-lives;me-hebbian-neuron;3;[8];328;32800;32800;4.56179e+02;63;1;1;1.00000e+00;1.00000e+00;1.00000e+00;40;9.99984e-01;1.00696e+00;7.52489e-12
nav-lives;me-hebbian-neuron;4;[8];328;32800;32800;4.56859e+02;63;1;1;1.00000e+00;1.00000e+00;1.00000e+00;40;9.99946e-01;1.00670e+00;2.31758e-05
nav-lives;me-hebbian-neuron;3;[8];329;32900;32900;4.57581e+02;63;1;1;1.00000e+00;1.00000e+00;1.00000e+00;40;9.99984e-01;1.00696e+00;7.52489e-12
nav-lives;me-hebbian-neuron;4;[8];329;32900;32900;4.58236e+02;63;1;1;1.00000e+00;1.00000e+00;1.00000e+00;40;9.99946e-01;1.00670e+00;2.31758e-05
nav-lives;me-hebbian-neuron;3;[8];330;33000;33000;4.58931e+02;63;1;1;1.00000e+00;1.00000e+00;1.00000e+00;40;9.99984e-01;1.00696e+00;7.52489e-12
nav-lives;me-hebbian-neuron;4;[8];330;33000;33000;4.59645e+02;63;1;1;1.00000e+00;1.00000e+00;1.00000e+00;40;9.99946e-01;1.00670e+00;2.31758e-05
nav-lives;me-hebbian-neuron;3;[8];331;33100;33100;4.60343e+02;63;1;1;1.00000e+00;1.00000e+00;1.00000e+00;40;9.99984e-01;1.00696e+00;7.52489e-12
nav-lives;me-hebbian-neuron;4;[8];331;33100;33100;4.61009e+02;63;1;1;1.00000e+00;1.00000e+00;1.00000e+00;40;9.99946e-01;1.00670e+00;2.31758e-05
nav-lives;me-hebbian-neuron;3;[8];332;33200;33200;4.61709e+02;63;1;1;1.00000e+00;1.00000e+00;1.00000e+00;40;9.99984e-01;1.00696e+00;7.52489e-12
nav-lives;me-hebbian-neuron;4;[8];332;33200;33200;4.62395e+02;63;1;1;1.00000e+00;1.00000e+00;1.00000e+00;40;9.99946e-01;1.00670e+00;2.31758e-05
nav-lives;me-hebbian-neuron;3;[8];333;33300;33300;4.63143e+02;63;1;1;1.00000e+00;1.00000e+00;1.00000e+00;40;9.99984e-01;1.00696e+00;7.52489e-12
nav-lives;me-hebbian-neuron;4;[8];333;33300;33300;4.63824e+02;63;1;1;1.00000e+00;1.00000e+00;1.00000e+00;40;9.99946e-01;1.00670e+00;2.31758e-05
nav-lives;me-hebbian-neuron;3;[8];334;33400;33400;4.64512e+02;63;1;1;1.00000e+00;1.00000e+00;1.00000e+00;40;9.99984e-01;1.00696e+00;7.52489e-12
nav-lives;me-hebbian-neuron;4;[8];334;33400;33400;4.65246e+02;63;1;1;1.00000e+00;1.00000e+00;1.00000e+00;40;9.99946e-01;1.00670e+00;2.31758e-05
nav-lives;me-hebbian-neuron;3;[8];335;33500;33500;4.65901e+02;63;1;1;1.00000e+00;1.00000e+00;1.00000e+00;40;9.99984e-01;1.00696e+00;7.52489e-12
nav-lives;me-hebbian-neuron;4;[8];335;33500;33500;4.66603e+02;63;1;1;1.00000e+00;1.00000e+00;1.00000e+00;40;9.99946e-01;1.00670e+00;2.31758e-05
nav-lives;me-hebbian-neuron;3;[8];336;33600;33600;4.67305e+02;63;1;1;1.00000e+00;1.00000e+00;1.00000e+00;40;9.99984e-01;1.00696e+00;7.52489e-12
nav-lives;me-hebbian-neuron;4;[8];336;33600;33600;4.67986e+02;63;1;1;1.00000e+00;1.00000e+00;1.00000e+00;40;9.99946e-01;1.00670e+00;2.31758e-05
nav-lives;me-hebbian-neuron;3;[8];337;33700;33700;4.68697e+02;63;1;1;1.00000e+00;1.00000e+00;1.00000e+00;40;9.99984e-01;1.00696e+00;7.52489e-12
nav-lives;me-hebbian-neuron;4;[8];337;33700;33700;4.69387e+02;63;1;1;1.00000e+00;1.00000e+00;1.00000e+00;40;9.99946e-01;1.00670e+00;2.31758e-05
nav-lives;me-hebbian-neuron;3;[8];338;33800;33800;4.70054e+02;63;1;1;1.00000e+00;1.00000e+00;1.00000e+00;40;9.99984e-01;1.00696e+00;7.52489e-12
nav-lives;me-hebbian-neuron;4;[8];338;33800;33800;4.70782e+02;63;1;1;1.00000e+00;1.00000e+00;1.00000e+00;40;9.99946e-01;1.00670e+00;2.31758e-05
nav-lives;me-hebbian-neuron;3;[8];339;33900;33900;4.71475e+02;63;1;1;1.00000e+00;1.00000e+00;1.00000e+00;40;9.99984e-01;1.00696e+00;7.52489e-12
nav-lives;me-hebbian-neuron;4;[8];339;33900;33900;4.72173e+02;63;1;1;1.00000e+00;1.00000e+00;1.00000e+00;40;9.99946e-01;1.00670e+00;2.31758e-05
nav-lives;me-hebbian-neuron;3;[8];340;34000;34000;4.72841e+02;63;1;1;1.00000e+00;1.00000e+00;1.00000e+00;40;9.99984e-01;1.00696e+00;7.52489e-12
nav-lives;me-hebbian-neuron;4;[8];340;34000;34000;4.73558e+02;63;1;1;1.00000e+00;1.00000e+00;1.00000e+00;40;9.99946e-01;1.00670e+00;2.31758e-05
nav-lives;me-hebbian-neuron;3;[8];341;34100;34100;4.74217e+02;63;1;1;1.00000e+00;1.00000e+00;1.00000e+00;40;9.99984e-01;1.00696e+00;7.52489e-12
nav-lives;me-hebbian-neuron;4;[8];341;34100;34100;4.74940e+02;63;1;1;1.00000e+00;1.00000e+00;1.00000e+00;40;9.99946e-01;1.00670e+00;2.31758e-05
nav-lives;me-hebbian-neuron;3;[8];342;34200;34200;4.75682e+02;63;1;1;1.00000e+00;1.00000e+00;1.00000e+00;40;9.99984e-01;1.00696e+00;7.52489e-12
nav-lives;me-hebbian-neuron;4;[8];342;34200;34200;4.76279e+02;63;1;1;1.00000e+00;1.00000e+00;1.00000e+00;40;9.99946e-01;1.00670e+00;2.31758e-05
nav-lives;me-hebbian-neuron;3;[8];343;34300;34300;4.77008e+02;63;1;1;1.00000e+00;1.00000e+00;1.00000e+00;40;9.99984e-01;1.00696e+00;7.52489e-12
nav-lives;me-hebbian-neuron;4;[8];343;34300;34300;4.77749e+02;63;1;1;1.00000e+00;1.00000e+00;1.00000e+00;40;9.99946e-01;1.00670e+00;2.31758e-05
nav-lives;me-hebbian-neuron;3;[8];344;34400;34400;4.78373e+02;63;1;1;1.00000e+00;1.00000e+00;1.00000e+00;40;9.99984e-01;1.00696e+00;7.52489e-12
nav-lives;me-hebbian-neuron;4;[8];344;34400;34400;4.79122e+02;63;1;1;1.00000e+00;1.00000e+00;1.00000e+00;40;9.99946e-01;1.00670e+00;2.31758e-05
nav-lives;me-hebbian-neuron;3;[8];345;34500;34500;4.79794e+02;63;1;1;1.00000e+00;1.00000e+00;1.00000e+00;40;9.99984e-01;1.00696e+00;7.52489e-12
nav-lives;me-hebbian-neuron;4;[8];345;34500;34500;4.80562e+02;63;1;1;1.00000e+00;1.00000e+00;1.00000e+00;40;9.99946e-01;1.00670e+00;2.31758e-05
nav-lives;me-hebbian-neuron;3;[8];346;34600;34600;4.81226e+02;63;1;1;1.00000e+00;1.00000e+00;1.00000e+00;40;9.99984e-01;1.00696e+00;7.52489e-12
nav-lives;me-hebbian-neuron;4;[8];346;34600;34600;4.81923e+02;63;1;1;1.00000e+00;1.00000e+00;1.00000e+00;40;9.99946e-01;1.00670e+00;2.31758e-05
nav-lives;me-hebbian-neuron;3;[8];347;34700;34700;4.82625e+02;63;1;1;1.00000e+00;1.00000e+00;1.00000e+00;40;9.99984e-01;1.00696e+00;7.52489e-12
nav-lives;me-hebbian-neuron;4;[8];347;34700;34700;4.83315e+02;63;1;1;1.00000e+00;1.00000e+00;1.00000e+00;40;9.99946e-01;1.00670e+00;2.31758e-05
nav-lives;me-hebbian-neuron;3;[8];348;34800;34800;4.83961e+02;63;1;1;1.00000e+00;1.00000e+00;1.00000e+00;40;9.99984e-01;1.00696e+00;7.52489e-12
nav-lives;me-hebbian-neuron;4;[8];348;34800;34800;4.84728e+02;63;1;1;1.00000e+00;1.00000e+00;1.00000e+00;40;9.99946e-01;1.00670e+00;2.31758e-05
nav-lives;me-hebbian-neuron;3;[8];349;34900;34900;4.85402e+02;63;1;1;1.00000e+00;1.00000e+00;1.00000e+00;40;9.99984e-01;1.00696e+00;7.52489e-12
nav-lives;me-hebbian-neuron;4;[8];349;34900;34900;4.86084e+02;63;1;1;1.00000e+00;1.00000e+00;1.00000e+00;40;9.99946e-01;1.00670e+00;2.31758e-05
nav-lives;me-hebbian-neuron;3;[8];350;35000;35000;4.86792e+02;63;1;1;1.00000e+00;1.00000e+00;1.00000e+00;40;9.99984e-01;1.00696e+00;7.52489e-12
nav-lives;me-hebbian-neuron;4;[8];350;35000;35000;4.87518e+02;63;1;1;1.00000e+00;1.00000e+00;1.00000e+00;40;9.99946e-01;1.00670e+00;2.31758e-05
nav-lives;me-hebbian-neuron;3;[8];351;35100;35100;4.88218e+02;63;1;1;1.00000e+00;1.00000e+00;1.00000e+00;40;9.99984e-01;1.00696e+00;7.52489e-12
nav-lives;me-hebbian-neuron;4;[8];351;35100;35100;4.88924e+02;63;1;1;1.00000e+00;1.00000e+00;1.00000e+00;40;9.99946e-01;1.00670e+00;2.31758e-05
nav-lives;me-hebbian-neuron;3;[8];352;35200;35200;4.89581e+02;63;1;1;1.00000e+00;1.00000e+00;1.00000e+00;40;9.99984e-01;1.00696e+00;7.52489e-12
nav-lives;me-hebbian-neuron;4;[8];352;35200;35200;4.90345e+02;63;1;1;1.00000e+00;1.00000e+00;1.00000e+00;40;9.99946e-01;1.00670e+00;2.31758e-05
nav-lives;me-hebbian-neuron;3;[8];353;35300;35300;4.91020e+02;63;1;1;1.00000e+00;1.00000e+00;1.00000e+00;40;9.99984e-01;1.00696e+00;7.52489e-12
nav-lives;me-hebbian-neuron;4;[8];353;35300;35300;4.91644e+02;63;1;1;1.00000e+00;1.00000e+00;1.00000e+00;40;9.99946e-01;1.00670e+00;2.31758e-05
nav-lives;me-hebbian-neuron;3;[8];354;35400;35400;4.92436e+02;63;1;1;1.00000e+00;1.00000e+00;1.00000e+00;40;9.99984e-01;1.00696e+00;7.52489e-12
nav-lives;me-hebbian-neuron;4;[8];354;35400;35400;4.92988e+02;64;1;1;1.00000e+00;1.00000e+00;1.00000e+00;40;9.99946e-01;1.00670e+00;2.31758e-05
nav-lives;me-hebbian-neuron;3;[8];355;35500;35500;4.93792e+02;63;1;1;1.00000e+00;1.00000e+00;1.00000e+00;40;9.99984e-01;1.00696e+00;7.52489e-12
nav-lives;me-hebbian-neuron;4;[8];355;35500;35500;4.94595e+02;64;1;1;1.00000e+00;1.00000e+00;1.00000e+00;40;9.99946e-01;1.00670e+00;2.31758e-05
nav-lives;me-hebbian-neuron;3;[8];356;35600;35600;4.95088e+02;63;1;1;1.00000e+00;1.00000e+00;1.00000e+00;40;9.99984e-01;1.00696e+00;7.52489e-12
nav-lives;me-hebbian-neuron;4;[8];356;35600;35600;4.95867e+02;64;1;1;1.00000e+00;1.00000e+00;1.00000e+00;40;9.99946e-01;1.00670e+00;2.31758e-05
nav-lives;me-hebbian-neuron;3;[8];357;35700;35700;4.96537e+02;64;1;1;1.00000e+00;1.00000e+00;1.00000e+00;40;9.99984e-01;1.00696e+00;7.52489e-12
nav-lives;me-hebbian-neuron;4;[8];357;35700;35700;4.97189e+02;64;1;1;1.00000e+00;1.00000e+00;1.00000e+00;40;9.99946e-01;1.00670e+00;2.31758e-05
nav-lives;me-hebbian-neuron;3;[8];358;35800;35800;4.97929e+02;64;1;1;1.00000e+00;1.00000e+00;1.00000e+00;40;9.99984e-01;1.00696e+00;7.52489e-12
nav-lives;me-hebbian-neuron;4;[8];358;35800;35800;4.98616e+02;64;1;1;1.00000e+00;1.00000e+00;1.00000e+00;40;9.99946e-01;1.00670e+00;2.31758e-05
nav-lives;me-hebbian-neuron;3;[8];359;35900;35900;4.99289e+02;64;1;1;1.00000e+00;1.00000e+00;1.00000e+00;40;9.99984e-01;1.00696e+00;7.52489e-12
nav-lives;me-hebbian-neuron;4;[8];359;35900;35900;4.99952e+02;64;1;1;1.00000e+00;1.00000e+00;1.00000e+00;40;9.99946e-01;1.00670e+00;2.31758e-05
nav-lives;me-hebbian-neuron;3;[8];360;36000;36000;5.00693e+02;64;1;1;1.00000e+00;1.00000e+00;1.00000e+00;40;9.99984e-01;1.00696e+00;7.52489e-12
nav-lives;me-hebbian-neuron;4;[8];360;36000;36000;5.01379e+02;64;1;1;1.00000e+00;1.00000e+00;1.00000e+00;40;9.99946e-01;1.00670e+00;2.31758e-05
nav-lives;me-hebbian-neuron;3;[8];361;36100;36100;5.02044e+02;64;1;1;1.00000e+00;1.00000e+00;1.00000e+00;40;9.99984e-01;1.00696e+00;7.52489e-12
nav-lives;me-hebbian-neuron;4;[8];361;36100;36100;5.02752e+02;64;1;1;1.00000e+00;1.00000e+00;1.00000e+00;40;9.99946e-01;1.00670e+00;2.31758e-05
nav-lives;me-hebbian-neuron;3;[8];362;36200;36200;5.03534e+02;64;1;1;1.00000e+00;1.00000e+00;1.00000e+00;40;9.99984e-01;1.00696e+00;7.52489e-12
nav-lives;me-hebbian-neuron;4;[8];362;36200;36200;5.04114e+02;64;1;1;1.00000e+00;1.00000e+00;1.00000e+00;40;9.99946e-01;1.00670e+00;2.31758e-05
nav-lives;me-hebbian-neuron;3;[8];363;36300;36300;5.04822e+02;64;1;1;1.00000e+00;1.00000e+00;1.00000e+00;40;9.99984e-01;1.00696e+00;7.52489e-12
nav-lives;me-hebbian-neuron;4;[8];363;36300;36300;5.05509e+02;64;1;1;1.00000e+00;1.00000e+00;1.00000e+00;40;9.99946e-01;1.00670e+00;2.31758e-05
nav-lives;me-hebbian-neuron;3;[8];364;36400;36400;5.06217e+02;64;1;1;1.00000e+00;1.00000e+00;1.00000e+00;40;9.99984e-01;1.00696e+00;7.52489e-12
nav-lives;me-hebbian-neuron;4;[8];364;36400;36400;5.06920e+02;64;1;1;1.00000e+00;1.00000e+00;1.00000e+00;40;9.99946e-01;1.00670e+00;2.31758e-05
nav-lives;me-hebbian-neuron;3;[8];365;36500;36500;5.07671e+02;64;1;1;1.00000e+00;1.00000e+00;1.00000e+00;40;9.99984e-01;1.00696e+00;7.52489e-12
nav-lives;me-hebbian-neuron;4;[8];365;36500;36500;5.08309e+02;64;1;1;1.00000e+00;1.00000e+00;1.00000e+00;40;9.99946e-01;1.00670e+00;2.31758e-05
nav-lives;me-hebbian-neuron;3;[8];366;36600;36600;5.09018e+02;64;1;1;1.00000e+00;1.00000e+00;1.00000e+00;40;9.99984e-01;1.00696e+00;7.52489e-12
nav-lives;me-hebbian-neuron;4;[8];366;36600;36600;5.09719e+02;64;1;1;1.00000e+00;1.00000e+00;1.00000e+00;40;9.99946e-01;1.00670e+00;2.31758e-05
nav-lives;me-hebbian-neuron;3;[8];367;36700;36700;5.10417e+02;64;1;1;1.00000e+00;1.00000e+00;1.00000e+00;40;9.99984e-01;1.00696e+00;7.52489e-12
nav-lives;me-hebbian-neuron;4;[8];367;36700;36700;5.11141e+02;64;1;1;1.00000e+00;1.00000e+00;1.00000e+00;40;9.99946e-01;1.00670e+00;2.31758e-05
nav-lives;me-hebbian-neuron;3;[8];368;36800;36800;5.11831e+02;64;1;1;1.00000e+00;1.00000e+00;1.00000e+00;40;9.99984e-01;1.00696e+00;7.52489e-12
nav-lives;me-hebbian-neuron;4;[8];368;36800;36800;5.12489e+02;64;1;1;1.00000e+00;1.00000e+00;1.00000e+00;40;9.99946e-01;1.00670e+00;2.31758e-05
nav-lives;me-hebbian-neuron;3;[8];369;36900;36900;5.13238e+02;64;1;1;1.00000e+00;1.00000e+00;1.00000e+00;40;9.99984e-01;1.00696e+00;7.52489e-12
nav-lives;me-hebbian-neuron;4;[8];369;36900;36900;5.13940e+02;64;1;1;1.00000e+00;1.00000e+00;1.00000e+00;40;9.99946e-01;1.00670e+00;2.31758e-05
nav-lives;me-hebbian-neuron;3;[8];370;37000;37000;5.14558e+02;64;1;1;1.00000e+00;1.00000e+00;1.00000e+00;40;9.99984e-01;1.00696e+00;7.52489e-12
nav-lives;me-hebbian-neuron;4;[8];370;37000;37000;5.15344e+02;64;1;1;1.00000e+00;1.00000e+00;1.00000e+00;40;9.99946e-01;1.00670e+00;2.31758e-05
nav-lives;me-hebbian-neuron;3;[8];371;37100;37100;5.15982e+02;64;1;1;1.00000e+00;1.00000e+00;1.00000e+00;40;9.99984e-01;1.00696e+00;7.52489e-12
nav-lives;me-hebbian-neuron;4;[8];371;37100;37100;5.16678e+02;64;1;1;1.00000e+00;1.00000e+00;1.00000e+00;40;9.99946e-01;1.00670e+00;2.31758e-05
nav-lives;me-hebbian-neuron;3;[8];372;37200;37200;5.17341e+02;64;1;1;1.00000e+00;1.00000e+00;1.00000e+00;40;9.99984e-01;1.00696e+00;7.52489e-12
nav-lives;me-hebbian-neuron;4;[8];372;37200;37200;5.18105e+02;64;1;1;1.00000e+00;1.00000e+00;1.00000e+00;40;9.99946e-01;1.00670e+00;2.31758e-05
nav-lives;me-hebbian-neuron;3;[8];373;37300;37300;5.18718e+02;64;1;1;1.00000e+00;1.00000e+00;1.00000e+00;40;9.99984e-01;1.00696e+00;7.52489e-12
nav-lives;me-hebbian-neuron;4;[8];373;37300;37300;5.19403e+02;64;1;1;1.00000e+00;1.00000e+00;1.00000e+00;40;9.99946e-01;1.00670e+00;2.31758e-05
nav-lives;me-hebbian-neuron;3;[8];374;37400;37400;5.20101e+02;64;1;1;1.00000e+00;1.00000e+00;1.00000e+00;40;9.99984e-01;1.00696e+00;7.52489e-12
nav-lives;me-hebbian-neuron;4;[8];374;37400;37400;5.20809e+02;64;1;1;1.00000e+00;1.00000e+00;1.00000e+00;40;9.99946e-01;1.00670e+00;2.31758e-05
nav-lives;me-hebbian-neuron;3;[8];375;37500;37500;5.21582e+02;64;1;1;1.00000e+00;1.00000e+00;1.00000e+00;40;9.99984e-01;1.00696e+00;7.52489e-12
nav-lives;me-hebbian-neuron;4;[8];375;37500;37500;5.22298e+02;64;1;1;1.00000e+00;1.00000e+00;1.00000e+00;40;9.99946e-01;1.00670e+00;2.31758e-05
nav-lives;me-hebbian-neuron;3;[8];376;37600;37600;5.22942e+02;64;1;1;1.00000e+00;1.00000e+00;1.00000e+00;40;9.99984e-01;1.00696e+00;7.52489e-12
nav-lives;me-hebbian-neuron;4;[8];376;37600;37600;5.23658e+02;64;1;1;1.00000e+00;1.00000e+00;1.00000e+00;40;9.99946e-01;1.00670e+00;2.31758e-05
nav-lives;me-hebbian-neuron;3;[8];377;37700;37700;5.24395e+02;64;1;1;1.00000e+00;1.00000e+00;1.00000e+00;40;9.99984e-01;1.00696e+00;7.52489e-12
nav-lives;me-hebbian-neuron;4;[8];377;37700;37700;5.25082e+02;64;1;1;1.00000e+00;1.00000e+00;1.00000e+00;40;9.99946e-01;1.00670e+00;2.31758e-05
nav-lives;me-hebbian-neuron;3;[8];378;37800;37800;5.25762e+02;64;1;1;1.00000e+00;1.00000e+00;1.00000e+00;40;9.99984e-01;1.00696e+00;7.52489e-12
nav-lives;me-hebbian-neuron;4;[8];378;37800;37800;5.26464e+02;64;1;1;1.00000e+00;1.00000e+00;1.00000e+00;40;9.99946e-01;1.00670e+00;2.31758e-05
nav-lives;me-hebbian-neuron;3;[8];379;37900;37900;5.27117e+02;64;1;1;1.00000e+00;1.00000e+00;1.00000e+00;40;9.99984e-01;1.00696e+00;7.52489e-12
nav-lives;me-hebbian-neuron;4;[8];379;37900;37900;5.27779e+02;64;1;1;1.00000e+00;1.00000e+00;1.00000e+00;40;9.99946e-01;1.00670e+00;2.31758e-05
nav-lives;me-hebbian-neuron;3;[8];380;38000;38000;5.28448e+02;64;1;1;1.00000e+00;1.00000e+00;1.00000e+00;40;9.99984e-01;1.00696e+00;7.52489e-12
nav-lives;me-hebbian-neuron;4;[8];380;38000;38000;5.29228e+02;64;1;1;1.00000e+00;1.00000e+00;1.00000e+00;40;9.99946e-01;1.00670e+00;2.31758e-05
nav-lives;me-hebbian-neuron;3;[8];381;38100;38100;5.29906e+02;64;1;1;1.00000e+00;1.00000e+00;1.00000e+00;40;9.99984e-01;1.00696e+00;7.52489e-12
nav-lives;me-hebbian-neuron;4;[8];381;38100;38100;5.30634e+02;64;1;1;1.00000e+00;1.00000e+00;1.00000e+00;40;9.99946e-01;1.00670e+00;2.31758e-05
nav-lives;me-hebbian-neuron;3;[8];382;38200;38200;5.31321e+02;64;1;1;1.00000e+00;1.00000e+00;1.00000e+00;40;9.99984e-01;1.00696e+00;7.52489e-12
nav-lives;me-hebbian-neuron;4;[8];382;38200;38200;5.32006e+02;64;1;1;1.00000e+00;1.00000e+00;1.00000e+00;40;9.99946e-01;1.00670e+00;2.31758e-05
nav-lives;me-hebbian-neuron;3;[8];383;38300;38300;5.32668e+02;64;1;1;1.00000e+00;1.00000e+00;1.00000e+00;40;9.99984e-01;1.00696e+00;7.52489e-12
nav-lives;me-hebbian-neuron;4;[8];383;38300;38300;5.33357e+02;64;1;1;1.00000e+00;1.00000e+00;1.00000e+00;40;9.99946e-01;1.00670e+00;2.31758e-05
nav-lives;me-hebbian-neuron;3;[8];384;38400;38400;5.34077e+02;64;1;1;1.00000e+00;1.00000e+00;1.00000e+00;40;9.99984e-01;1.00696e+00;7.52489e-12
nav-lives;me-hebbian-neuron;4;[8];384;38400;38400;5.34779e+02;64;1;1;1.00000e+00;1.00000e+00;1.00000e+00;40;9.99946e-01;1.00670e+00;2.31758e-05
nav-lives;me-hebbian-neuron;3;[8];385;38500;38500;5.35499e+02;64;1;1;1.00000e+00;1.00000e+00;1.00000e+00;40;9.99984e-01;1.00696e+00;7.52489e-12
nav-lives;me-hebbian-neuron;4;[8];385;38500;38500;5.36179e+02;64;1;1;1.00000e+00;1.00000e+00;1.00000e+00;40;9.99946e-01;1.00670e+00;2.31758e-05
nav-lives;me-hebbian-neuron;3;[8];386;38600;38600;5.36839e+02;64;1;1;1.00000e+00;1.00000e+00;1.00000e+00;40;9.99984e-01;1.00696e+00;7.52489e-12
nav-lives;me-hebbian-neuron;4;[8];386;38600;38600;5.37594e+02;64;1;1;1.00000e+00;1.00000e+00;1.00000e+00;40;9.99946e-01;1.00670e+00;2.31758e-05
nav-lives;me-hebbian-neuron;3;[8];387;38700;38700;5.38228e+02;64;1;1;1.00000e+00;1.00000e+00;1.00000e+00;40;9.99984e-01;1.00696e+00;7.52489e-12
nav-lives;me-hebbian-neuron;4;[8];387;38700;38700;5.38880e+02;64;1;1;1.00000e+00;1.00000e+00;1.00000e+00;40;9.99946e-01;1.00670e+00;2.31758e-05
nav-lives;me-hebbian-neuron;3;[8];388;38800;38800;5.39670e+02;64;1;1;1.00000e+00;1.00000e+00;1.00000e+00;40;9.99984e-01;1.00696e+00;7.52489e-12
nav-lives;me-hebbian-neuron;4;[8];388;38800;38800;5.40367e+02;64;1;1;1.00000e+00;1.00000e+00;1.00000e+00;40;9.99946e-01;1.00670e+00;2.31758e-05
nav-lives;me-hebbian-neuron;3;[8];389;38900;38900;5.41055e+02;64;1;1;1.00000e+00;1.00000e+00;1.00000e+00;40;9.99984e-01;1.00696e+00;7.52489e-12
nav-lives;me-hebbian-neuron;4;[8];389;38900;38900;5.41706e+02;64;1;1;1.00000e+00;1.00000e+00;1.00000e+00;40;9.99946e-01;1.00670e+00;2.31758e-05
nav-lives;me-hebbian-neuron;3;[8];390;39000;39000;5.42402e+02;64;1;1;1.00000e+00;1.00000e+00;1.00000e+00;40;9.99984e-01;1.00696e+00;7.52489e-12
nav-lives;me-hebbian-neuron;4;[8];390;39000;39000;5.43178e+02;64;1;1;1.00000e+00;1.00000e+00;1.00000e+00;40;9.99946e-01;1.00670e+00;2.31758e-05
nav-lives;me-hebbian-neuron;3;[8];391;39100;39100;5.43763e+02;64;1;1;1.00000e+00;1.00000e+00;1.00000e+00;40;9.99984e-01;1.00696e+00;7.52489e-12
nav-lives;me-hebbian-neuron;4;[8];391;39100;39100;5.44568e+02;64;1;1;1.00000e+00;1.00000e+00;1.00000e+00;40;9.99946e-01;1.00670e+00;2.31758e-05
nav-lives;me-hebbian-neuron;3;[8];392;39200;39200;5.45286e+02;64;1;1;1.00000e+00;1.00000e+00;1.00000e+00;40;9.99984e-01;1.00696e+00;7.52489e-12
nav-lives;me-hebbian-neuron;4;[8];392;39200;39200;5.45911e+02;64;1;1;1.00000e+00;1.00000e+00;1.00000e+00;40;9.99946e-01;1.00670e+00;2.31758e-05
nav-lives;me-hebbian-neuron;3;[8];393;39300;39300;5.46629e+02;64;1;1;1.00000e+00;1.00000e+00;1.00000e+00;40;9.99984e-01;1.00696e+00;7.52489e-12
nav-lives;me-hebbian-neuron;4;[8];393;39300;39300;5.47278e+02;64;1;1;1.00000e+00;1.00000e+00;1.00000e+00;40;9.99946e-01;1.00670e+00;2.31758e-05
nav-lives;me-hebbian-neuron;3;[8];394;39400;39400;5.47981e+02;64;1;1;1.00000e+00;1.00000e+00;1.00000e+00;40;9.99984e-01;1.00696e+00;7.52489e-12
nav-lives;me-hebbian-neuron;4;[8];394;39400;39400;5.48687e+02;64;1;1;1.00000e+00;1.00000e+00;1.00000e+00;40;9.99946e-01;1.00670e+00;2.31758e-05
nav-lives;me-hebbian-neuron;3;[8];395;39500;39500;5.49379e+02;64;1;1;1.00000e+00;1.00000e+00;1.00000e+00;40;9.99984e-01;1.00696e+00;7.52489e-12
nav-lives;me-hebbian-neuron;4;[8];395;39500;39500;5.50106e+02;64;1;1;1.00000e+00;1.00000e+00;1.00000e+00;40;9.99946e-01;1.00670e+00;2.31758e-05
nav-lives;me-hebbian-neuron;3;[8];396;39600;39600;5.50802e+02;64;1;1;1.00000e+00;1.00000e+00;1.00000e+00;40;9.99984e-01;1.00696e+00;7.52489e-12
nav-lives;me-hebbian-neuron;4;[8];396;39600;39600;5.51498e+02;64;1;1;1.00000e+00;1.00000e+00;1.00000e+00;40;9.99946e-01;1.00670e+00;2.31758e-05
nav-lives;me-hebbian-neuron;3;[8];397;39700;39700;5.52185e+02;64;1;1;1.00000e+00;1.00000e+00;1.00000e+00;40;9.99984e-01;1.00696e+00;7.52489e-12
nav-lives;me-hebbian-neuron;4;[8];397;39700;39700;5.52866e+02;64;1;1;1.00000e+00;1.00000e+00;1.00000e+00;40;9.99946e-01;1.00670e+00;2.31758e-05
nav-lives;me-hebbian-neuron;3;[8];398;39800;39800;5.53558e+02;64;1;1;1.00000e+00;1.00000e+00;1.00000e+00;40;9.99984e-01;1.00696e+00;7.52489e-12
nav-lives;me-hebbian-neuron;4;[8];398;39800;39800;5.54351e+02;64;1;1;1.00000e+00;1.00000e+00;1.00000e+00;40;9.99946e-01;1.00670e+00;2.31758e-05
nav-lives;me-hebbian-neuron;3;[8];399;39900;39900;5.54926e+02;64;1;1;1.00000e+00;1.00000e+00;1.00000e+00;40;9.99984e-01;1.00696e+00;7.52489e-12
nav-lives;me-hebbian-neuron;4;[8];399;39900;39900;5.55661e+02;64;1;1;1.00000e+00;1.00000e+00;1.00000e+00;40;9.99946e-01;1.00670e+00;2.31758e-05
nav-lives;me-hebbian-neuron;3;[8];400;40000;40000;5.56370e+02;64;1;1;1.00000e+00;1.00000e+00;1.00000e+00;40;9.99984e-01;1.00696e+00;7.52489e-12
nav-lives;me-hebbian-neuron;4;[8];400;40000;40000;5.56830e+02;64;1;1;1.00000e+00;1.00000e+00;1.00000e+00;40;9.99946e-01;1.00670e+00;2.31758e-05
nav-lives;me-hebbian-neuron;5;[8];1;100;100;9.92000e-01;1;1;1;1.00000e+00;1.00000e+00;1.00000e+00;40;-1.56845e-03;4.79721e-03;9.65406e-04
nav-lives;me-hebbian-neuron;5;[8];2;200;200;3.29550e+01;4;1;1;1.00000e+00;1.00000e+00;1.00000e+00;40;1.64758e-01;1.71450e-01;2.36258e-01
nav-lives;me-hebbian-neuron;5;[8];3;300;300;3.43700e+01;5;1;1;1.00000e+00;1.00000e+00;1.00000e+00;40;4.14987e-01;4.21424e-01;4.74991e-01
nav-lives;me-hebbian-neuron;5;[8];4;400;400;3.56390e+01;9;1;1;1.00000e+00;1.00000e+00;1.00000e+00;40;6.15944e-01;6.22777e-01;4.31779e-01
nav-lives;me-hebbian-neuron;5;[8];5;500;500;3.68660e+01;9;1;1;1.00000e+00;1.00000e+00;1.00000e+00;40;6.15944e-01;6.22777e-01;4.31779e-01
nav-lives;me-hebbian-neuron;5;[8];6;600;600;3.80570e+01;11;1;1;1.00000e+00;1.00000e+00;1.00000e+00;40;6.15944e-01;6.22777e-01;4.31779e-01
nav-lives;me-hebbian-neuron;5;[8];7;700;700;3.92130e+01;15;1;1;1.00000e+00;1.00000e+00;1.00000e+00;40;6.15944e-01;6.22777e-01;4.31779e-01
nav-lives;me-hebbian-neuron;5;[8];8;800;800;4.03510e+01;15;1;1;1.00000e+00;1.00000e+00;1.00000e+00;40;6.15944e-01;6.22777e-01;4.31779e-01
nav-lives;me-hebbian-neuron;5;[8];9;900;900;4.14690e+01;16;1;1;1.00000e+00;1.00000e+00;1.00000e+00;40;7.82850e-01;7.89421e-01;4.11629e-01
nav-lives;me-hebbian-neuron;5;[8];10;1000;1000;4.25340e+01;16;1;1;1.00000e+00;1.00000e+00;1.00000e+00;40;7.82850e-01;7.89421e-01;4.11629e-01
nav-lives;me-hebbian-neuron;5;[8];11;1100;1100;4.35830e+01;17;1;1;1.00000e+00;1.00000e+00;1.00000e+00;40;7.82850e-01;7.89421e-01;4.11629e-01
nav-lives;me-hebbian-neuron;5;[8];12;1200;1200;4.46010e+01;18;1;1;1.00000e+00;1.00000e+00;1.00000e+00;40;7.82850e-01;7.89421e-01;4.11629e-01
nav-lives;me-hebbian-neuron;5;[8];13;1300;1300;4.56130e+01;19;1;1;1.00000e+00;1.00000e+00;1.00000e+00;40;7.99718e-01;8.06610e-01;3.99632e-01
nav-lives;me-hebbian-neuron;5;[8];14;1400;1400;4.65820e+01;21;1;1;1.00000e+00;1.00000e+00;1.00000e+00;40;7.99718e-01;8.06610e-01;3.99632e-01
nav-lives;me-hebbian-neuron;5;[8];15;1500;1500;4.75640e+01;21;1;1;1.00000e+00;1.00000e+00;1.00000e+00;40;7.99718e-01;8.06610e-01;3.99632e-01
nav-lives;me-hebbian-neuron;5;[8];16;1600;1600;4.85240e+01;22;1;1;1.00000e+00;1.00000e+00;1.00000e+00;40;9.49740e-01;9.56344e-01;2.14582e-01
nav-lives;me-hebbian-neuron;5;[8];17;1700;1700;4.94730e+01;22;1;1;1.00000e+00;1.00000e+00;1.00000e+00;40;9.49740e-01;9.56344e-01;2.14582e-01
nav-lives;me-hebbian-neuron;5;[8];18;1800;1800;5.03890e+01;24;1;1;1.00000e+00;1.00000e+00;1.00000e+00;40;9.49740e-01;9.56344e-01;2.14582e-01
nav-lives;me-hebbian-neuron;5;[8];19;1900;1900;5.12540e+01;28;1;1;1.00000e+00;1.00000e+00;1.00000e+00;40;9.99745e-01;1.00651e+00;5.18314e-04
nav-lives;me-hebbian-neuron;5;[8];20;2000;2000;5.21010e+01;30;1;1;1.00000e+00;1.00000e+00;1.00000e+00;40;9.99745e-01;1.00651e+00;5.18314e-04
nav-lives;me-hebbian-neuron;5;[8];21;2100;2100;5.28990e+01;32;1;1;1.00000e+00;1.00000e+00;1.00000e+00;40;9.99745e-01;1.00651e+00;5.18314e-04
nav-lives;me-hebbian-neuron;5;[8];22;2200;2200;5.37100e+01;32;1;1;1.00000e+00;1.00000e+00;1.00000e+00;40;9.99745e-01;1.00651e+00;5.18314e-04
nav-lives;me-hebbian-neuron;5;[8];23;2300;2300;5.45300e+01;32;1;1;1.00000e+00;1.00000e+00;1.00000e+00;40;9.99745e-01;1.00651e+00;5.18314e-04
nav-lives;me-hebbian-neuron;5;[8];24;2400;2400;5.53440e+01;33;1;1;1.00000e+00;1.00000e+00;1.00000e+00;40;9.99745e-01;1.00651e+00;5.18314e-04
nav-lives;me-hebbian-neuron;5;[8];25;2500;2500;5.61530e+01;33;1;1;1.00000e+00;1.00000e+00;1.00000e+00;40;9.99745e-01;1.00651e+00;5.18314e-04
nav-lives;me-hebbian-neuron;5;[8];26;2600;2600;5.69480e+01;34;1;1;1.00000e+00;1.00000e+00;1.00000e+00;40;9.99745e-01;1.00651e+00;5.18314e-04
nav-lives;me-hebbian-neuron;5;[8];27;2700;2700;5.77600e+01;36;1;1;1.00000e+00;1.00000e+00;1.00000e+00;40;9.99745e-01;1.00651e+00;5.18314e-04
nav-lives;me-hebbian-neuron;5;[8];28;2800;2800;5.85540e+01;38;1;1;1.00000e+00;1.00000e+00;1.00000e+00;40;9.99745e-01;1.00651e+00;5.18314e-04
nav-lives;me-hebbian-neuron;5;[8];29;2900;2900;5.93500e+01;40;1;1;1.00000e+00;1.00000e+00;1.00000e+00;40;9.99745e-01;1.00651e+00;5.18314e-04
nav-lives;me-hebbian-neuron;5;[8];30;3000;3000;6.01430e+01;43;1;1;1.00000e+00;1.00000e+00;1.00000e+00;40;9.99745e-01;1.00651e+00;5.18314e-04
nav-lives;me-hebbian-neuron;5;[8];31;3100;3100;6.09490e+01;46;1;1;1.00000e+00;1.00000e+00;1.00000e+00;40;9.99745e-01;1.00651e+00;5.18314e-04
nav-lives;me-hebbian-neuron;5;[8];32;3200;3200;6.17460e+01;46;1;1;1.00000e+00;1.00000e+00;1.00000e+00;40;9.99745e-01;1.00651e+00;5.18314e-04
nav-lives;me-hebbian-neuron;5;[8];33;3300;3300;6.25140e+01;47;1;1;1.00000e+00;1.00000e+00;1.00000e+00;40;9.99745e-01;1.00651e+00;5.18314e-04
nav-lives;me-hebbian-neuron;5;[8];34;3400;3400;6.32980e+01;47;1;1;1.00000e+00;1.00000e+00;1.00000e+00;40;9.99745e-01;1.00651e+00;5.18314e-04
nav-lives;me-hebbian-neuron;5;[8];35;3500;3500;6.40540e+01;48;1;1;1.00000e+00;1.00000e+00;1.00000e+00;40;9.99837e-01;1.00704e+00;4.60267e-04
nav-lives;me-hebbian-neuron;5;[8];36;3600;3600;6.48190e+01;48;1;1;1.00000e+00;1.00000e+00;1.00000e+00;40;9.99837e-01;1.00704e+00;4.60267e-04
nav-lives;me-hebbian-neuron;5;[8];37;3700;3700;6.55650e+01;48;1;1;1.00000e+00;1.00000e+00;1.00000e+00;40;9.99837e-01;1.00704e+00;4.60267e-04
nav-lives;me-hebbian-neuron;5;[8];38;3800;3800;6.63630e+01;48;1;1;1.00000e+00;1.00000e+00;1.00000e+00;40;9.99837e-01;1.00704e+00;4.60267e-04
nav-lives;me-hebbian-neuron;5;[8];39;3900;3900;6.71510e+01;48;1;1;1.00000e+00;1.00000e+00;1.00000e+00;40;9.99837e-01;1.00704e+00;4.60267e-04
nav-lives;me-hebbian-neuron;5;[8];40;4000;4000;6.79300e+01;48;1;1;1.00000e+00;1.00000e+00;1.00000e+00;40;9.99837e-01;1.00704e+00;4.60267e-04
nav-lives;me-hebbian-neuron;5;[8];41;4100;4100;6.87210e+01;48;1;1;1.00000e+00;1.00000e+00;1.00000e+00;40;9.99837e-01;1.00704e+00;4.60267e-04
nav-lives;me-hebbian-neuron;5;[8];42;4200;4200;6.94880e+01;50;1;1;1.00000e+00;1.00000e+00;1.00000e+00;40;9.99837e-01;1.00704e+00;4.60267e-04
nav-lives;me-hebbian-neuron;5;[8];43;4300;4300;7.02800e+01;50;1;1;1.00000e+00;1.00000e+00;1.00000e+00;40;9.99837e-01;1.00704e+00;4.60267e-04
nav-lives;me-hebbian-neuron;5;[8];44;4400;4400;7.10290e+01;51;1;1;1.00000e+00;1.00000e+00;1.00000e+00;40;9.99837e-01;1.00704e+00;4.60267e-04
nav-lives;me-hebbian-neuron;5;[8];45;4500;4500;7.18190e+01;51;1;1;1.00000e+00;1.00000e+00;1.00000e+00;40;9.99837e-01;1.00704e+00;4.60267e-04
nav-lives;me-hebbian-neuron;5;[8];46;4600;4600;7.26280e+01;51;1;1;1.00000e+00;1.00000e+00;1.00000e+00;40;9.99837e-01;1.00704e+00;4.60267e-04
nav-lives;me-hebbian-neuron;5;[8];47;4700;4700;7.33770e+01;52;1;1;1.00000e+00;1.00000e+00;1.00000e+00;40;9.99837e-01;1.00704e+00;4.60267e-04
nav-lives;me-hebbian-neuron;5;[8];48;4800;4800;7.41440e+01;52;1;1;1.00000e+00;1.00000e+00;1.00000e+00;40;9.99837e-01;1.00704e+00;4.60267e-04
nav-lives;me-hebbian-neuron;5;[8];49;4900;4900;7.49000e+01;52;1;1;1.00000e+00;1.00000e+00;1.00000e+00;40;9.99837e-01;1.00704e+00;4.60267e-04
nav-lives;me-hebbian-neuron;5;[8];50;5000;5000;7.56860e+01;52;1;1;1.00000e+00;1.00000e+00;1.00000e+00;40;9.99837e-01;1.00704e+00;4.60267e-04
nav-lives;me-hebbian-neuron;5;[8];51;5100;5100;7.64400e+01;52;1;1;1.00000e+00;1.00000e+00;1.00000e+00;40;9.99837e-01;1.00704e+00;4.60267e-04
nav-lives;me-hebbian-neuron;5;[8];52;5200;5200;7.72360e+01;52;1;1;1.00000e+00;1.00000e+00;1.00000e+00;40;9.99837e-01;1.00704e+00;4.60267e-04
nav-lives;me-hebbian-neuron;5;[8];53;5300;5300;7.80290e+01;52;1;1;1.00000e+00;1.00000e+00;1.00000e+00;40;9.99837e-01;1.00704e+00;4.60267e-04
nav-lives;me-hebbian-neuron;5;[8];54;5400;5400;7.87780e+01;52;1;1;1.00000e+00;1.00000e+00;1.00000e+00;40;9.99837e-01;1.00704e+00;4.60267e-04
nav-lives;me-hebbian-neuron;5;[8];55;5500;5500;7.95490e+01;52;1;1;1.00000e+00;1.00000e+00;1.00000e+00;40;9.99837e-01;1.00704e+00;4.60267e-04
nav-lives;me-hebbian-neuron;5;[8];56;5600;5600;8.03410e+01;52;1;1;1.00000e+00;1.00000e+00;1.00000e+00;40;9.99837e-01;1.00704e+00;4.60267e-04
nav-lives;me-hebbian-neuron;5;[8];57;5700;5700;8.10900e+01;52;1;1;1.00000e+00;1.00000e+00;1.00000e+00;40;9.99857e-01;1.00695e+00;4.62550e-04
nav-lives;me-hebbian-neuron;5;[8];58;5800;5800;8.18420e+01;54;1;1;1.00000e+00;1.00000e+00;1.00000e+00;40;9.99857e-01;1.00695e+00;4.62550e-04
nav-lives;me-hebbian-neuron;5;[8];59;5900;5900;8.26040e+01;54;1;1;1.00000e+00;1.00000e+00;1.00000e+00;40;9.99857e-01;1.00695e+00;4.62550e-04
nav-lives;me-hebbian-neuron;5;[8];60;6000;6000;8.33540e+01;55;1;1;1.00000e+00;1.00000e+00;1.00000e+00;40;9.99857e-01;1.00695e+00;4.62550e-04
nav-lives;me-hebbian-neuron;5;[8];61;6100;6100;8.41280e+01;55;1;1;1.00000e+00;1.00000e+00;1.00000e+00;40;9.99857e-01;1.00695e+00;4.62550e-04
nav-lives;me-hebbian-neuron;5;[8];62;6200;6200;8.48920e+01;55;1;1;1.00000e+00;1.00000e+00;1.00000e+00;40;9.99857e-01;1.00695e+00;4.62550e-04
nav-lives;me-hebbian-neuron;5;[8];63;6300;6300;8.56510e+01;55;1;1;1.00000e+00;1.00000e+00;1.00000e+00;40;9.99857e-01;1.00695e+00;4.62550e-04
nav-lives;me-hebbian-neuron;5;[8];64;6400;6400;8.64240e+01;55;1;1;1.00000e+00;1.00000e+00;1.00000e+00;40;9.99857e-01;1.00695e+00;4.62550e-04
nav-lives;me-hebbian-neuron;5;[8];65;6500;6500;8.71850e+01;56;1;1;1.00000e+00;1.00000e+00;1.00000e+00;40;9.99857e-01;1.00695e+00;4.62550e-04
nav-lives;me-hebbian-neuron;5;[8];66;6600;6600;8.79490e+01;57;1;1;1.00000e+00;1.00000e+00;1.00000e+00;40;9.99857e-01;1.00695e+00;4.62550e-04
nav-lives;me-freeForm;1;[8];1;100;100;8.72840e+01;1;1;1;1.00000e+00;1.00000e+00;1.00000e+00;56;-6.01278e-03;9.50383e-04;4.45440e-04
nav-lives;me-hebbian-neuron;5;[8];67;6700;6700;8.91670e+01;57;1;1;1.00000e+00;1.00000e+00;1.00000e+00;40;9.99857e-01;1.00695e+00;4.62550e-04
nav-lives;me-hebbian-neuron;5;[8];68;6800;6800;1.21735e+02;57;1;1;1.00000e+00;1.00000e+00;1.00000e+00;40;9.99857e-01;1.00695e+00;4.62550e-04
nav-lives;me-hebbian-neuron;5;[8];69;6900;6900;1.22704e+02;57;1;1;1.00000e+00;1.00000e+00;1.00000e+00;40;9.99857e-01;1.00695e+00;4.62550e-04
nav-lives;me-hebbian-neuron;5;[8];70;7000;7000;1.23577e+02;57;1;1;1.00000e+00;1.00000e+00;1.00000e+00;40;9.99857e-01;1.00695e+00;4.62550e-04
nav-lives;me-hebbian-neuron;5;[8];71;7100;7100;1.24432e+02;57;1;1;1.00000e+00;1.00000e+00;1.00000e+00;40;9.99857e-01;1.00695e+00;4.62550e-04
nav-lives;me-hebbian-neuron;5;[8];72;7200;7200;1.25310e+02;57;1;1;1.00000e+00;1.00000e+00;1.00000e+00;40;9.99857e-01;1.00695e+00;4.62550e-04
nav-lives;me-hebbian-neuron;5;[8];73;7300;7300;1.26181e+02;58;1;1;1.00000e+00;1.00000e+00;1.00000e+00;40;9.99857e-01;1.00695e+00;4.62550e-04
nav-lives;me-hebbian-neuron;5;[8];74;7400;7400;1.27006e+02;58;1;1;1.00000e+00;1.00000e+00;1.00000e+00;40;9.99857e-01;1.00695e+00;4.62550e-04
nav-lives;me-hebbian-neuron;5;[8];75;7500;7500;1.27879e+02;58;1;1;1.00000e+00;1.00000e+00;1.00000e+00;40;9.99857e-01;1.00695e+00;4.62550e-04
nav-lives;me-hebbian-neuron;5;[8];76;7600;7600;1.28738e+02;58;1;1;1.00000e+00;1.00000e+00;1.00000e+00;40;9.99857e-01;1.00695e+00;4.62550e-04
nav-lives;me-hebbian-neuron;5;[8];77;7700;7700;1.29584e+02;58;1;1;1.00000e+00;1.00000e+00;1.00000e+00;40;9.99857e-01;1.00695e+00;4.62550e-04
nav-lives;me-hebbian-neuron;5;[8];78;7800;7800;1.30434e+02;58;1;1;1.00000e+00;1.00000e+00;1.00000e+00;40;9.99857e-01;1.00695e+00;4.62550e-04
nav-lives;me-hebbian-neuron;5;[8];79;7900;7900;1.31266e+02;58;1;1;1.00000e+00;1.00000e+00;1.00000e+00;40;9.99857e-01;1.00695e+00;4.62550e-04
nav-lives;me-hebbian-neuron;5;[8];80;8000;8000;1.32103e+02;58;1;1;1.00000e+00;1.00000e+00;1.00000e+00;40;9.99857e-01;1.00695e+00;4.62550e-04
nav-lives;me-hebbian-neuron;5;[8];81;8100;8100;1.32962e+02;59;1;1;1.00000e+00;1.00000e+00;1.00000e+00;40;9.99857e-01;1.00695e+00;4.62550e-04
nav-lives;me-hebbian-neuron;5;[8];82;8200;8200;1.33812e+02;59;1;1;1.00000e+00;1.00000e+00;1.00000e+00;40;9.99857e-01;1.00695e+00;4.62550e-04
nav-lives;me-hebbian-neuron;5;[8];83;8300;8300;1.34674e+02;59;1;1;1.00000e+00;1.00000e+00;1.00000e+00;40;9.99857e-01;1.00695e+00;4.62550e-04
nav-lives;me-hebbian-neuron;5;[8];84;8400;8400;1.35511e+02;59;1;1;1.00000e+00;1.00000e+00;1.00000e+00;40;9.99857e-01;1.00695e+00;4.62550e-04
nav-lives;me-hebbian-neuron;5;[8];85;8500;8500;1.36339e+02;59;1;1;1.00000e+00;1.00000e+00;1.00000e+00;40;9.99857e-01;1.00695e+00;4.62550e-04
nav-lives;me-hebbian-neuron;5;[8];86;8600;8600;1.37148e+02;59;1;1;1.00000e+00;1.00000e+00;1.00000e+00;40;9.99857e-01;1.00695e+00;4.62550e-04
nav-lives;me-hebbian-neuron;5;[8];87;8700;8700;1.37925e+02;59;1;1;1.00000e+00;1.00000e+00;1.00000e+00;40;9.99857e-01;1.00695e+00;4.62550e-04
nav-lives;me-freeForm;1;[8];2;200;200;1.37894e+02;1;1;1;1.00000e+00;1.00000e+00;1.00000e+00;69;-5.01550e-03;1.92420e-03;4.55186e-04
nav-lives;me-hebbian-neuron;5;[8];88;8800;8800;1.39213e+02;59;1;1;1.00000e+00;1.00000e+00;1.00000e+00;40;9.99857e-01;1.00695e+00;4.62550e-04
nav-lives;me-hebbian-neuron;5;[8];89;8900;8900;1.72439e+02;59;1;1;1.00000e+00;1.00000e+00;1.00000e+00;40;9.99857e-01;1.00695e+00;4.62550e-04
nav-lives;me-hebbian-neuron;5;[8];90;9000;9000;1.73368e+02;59;1;1;1.00000e+00;1.00000e+00;1.00000e+00;40;9.99857e-01;1.00695e+00;4.62550e-04
nav-lives;me-hebbian-neuron;5;[8];91;9100;9100;1.74240e+02;60;1;1;1.00000e+00;1.00000e+00;1.00000e+00;40;9.99857e-01;1.00695e+00;4.62550e-04
nav-lives;me-hebbian-neuron;5;[8];92;9200;9200;1.75105e+02;60;1;1;1.00000e+00;1.00000e+00;1.00000e+00;40;9.99857e-01;1.00695e+00;4.62550e-04
nav-lives;me-hebbian-neuron;5;[8];93;9300;9300;1.75966e+02;60;1;1;1.00000e+00;1.00000e+00;1.00000e+00;40;9.99857e-01;1.00695e+00;4.62550e-04
nav-lives;me-hebbian-neuron;5;[8];94;9400;9400;1.76807e+02;60;1;1;1.00000e+00;1.00000e+00;1.00000e+00;40;9.99857e-01;1.00695e+00;4.62550e-04
nav-lives;me-hebbian-neuron;5;[8];95;9500;9500;1.77672e+02;60;1;1;1.00000e+00;1.00000e+00;1.00000e+00;40;9.99857e-01;1.00695e+00;4.62550e-04
nav-lives;me-hebbian-neuron;5;[8];96;9600;9600;1.78543e+02;60;1;1;1.00000e+00;1.00000e+00;1.00000e+00;40;9.99857e-01;1.00695e+00;4.62550e-04
nav-lives;me-hebbian-neuron;5;[8];97;9700;9700;1.79392e+02;60;1;1;1.00000e+00;1.00000e+00;1.00000e+00;40;9.99857e-01;1.00695e+00;4.62550e-04
nav-lives;me-hebbian-neuron;5;[8];98;9800;9800;1.80259e+02;60;1;1;1.00000e+00;1.00000e+00;1.00000e+00;40;9.99857e-01;1.00695e+00;4.62550e-04
nav-lives;me-hebbian-neuron;5;[8];99;9900;9900;1.81097e+02;60;1;1;1.00000e+00;1.00000e+00;1.00000e+00;40;9.99857e-01;1.00695e+00;4.62550e-04
nav-lives;me-hebbian-neuron;5;[8];100;10000;10000;1.81952e+02;60;1;1;1.00000e+00;1.00000e+00;1.00000e+00;40;9.99857e-01;1.00695e+00;4.62550e-04
nav-lives;me-hebbian-neuron;5;[8];101;10100;10100;1.82813e+02;60;1;1;1.00000e+00;1.00000e+00;1.00000e+00;40;9.99857e-01;1.00695e+00;4.62550e-04
nav-lives;me-hebbian-neuron;5;[8];102;10200;10200;1.83664e+02;61;1;1;1.00000e+00;1.00000e+00;1.00000e+00;40;9.99857e-01;1.00695e+00;4.62550e-04
nav-lives;me-hebbian-neuron;5;[8];103;10300;10300;1.84527e+02;61;1;1;1.00000e+00;1.00000e+00;1.00000e+00;40;9.99857e-01;1.00695e+00;4.62550e-04
nav-lives;me-hebbian-neuron;5;[8];104;10400;10400;1.85380e+02;61;1;1;1.00000e+00;1.00000e+00;1.00000e+00;40;9.99857e-01;1.00695e+00;4.62550e-04
nav-lives;me-hebbian-neuron;5;[8];105;10500;10500;1.86192e+02;61;1;1;1.00000e+00;1.00000e+00;1.00000e+00;40;9.99857e-01;1.00695e+00;4.62550e-04
nav-lives;me-hebbian-neuron;5;[8];106;10600;10600;1.87026e+02;61;1;1;1.00000e+00;1.00000e+00;1.00000e+00;40;9.99857e-01;1.00695e+00;4.62550e-04
nav-lives;me-hebbian-neuron;5;[8];107;10700;10700;1.87832e+02;61;1;1;1.00000e+00;1.00000e+00;1.00000e+00;40;9.99857e-01;1.00695e+00;4.62550e-04
nav-lives;me-hebbian-neuron;5;[8];108;10800;10800;1.88643e+02;61;1;1;1.00000e+00;1.00000e+00;1.00000e+00;40;9.99877e-01;1.00707e+00;1.73388e-04
nav-lives;me-hebbian-neuron;5;[8];109;10900;10900;1.89391e+02;61;1;1;1.00000e+00;1.00000e+00;1.00000e+00;40;9.99877e-01;1.00707e+00;1.73388e-04
nav-lives;me-freeForm;1;[8];3;300;300;1.88823e+02;1;1;1;1.00000e+00;1.00000e+00;1.00000e+00;73;-2.23717e-03;4.87586e-03;8.74129e-04
nav-lives;me-hebbian-neuron;5;[8];110;11000;11000;1.90693e+02;61;1;1;1.00000e+00;1.00000e+00;1.00000e+00;40;9.99877e-01;1.00707e+00;1.73388e-04
nav-lives;me-hebbian-neuron;5;[8];111;11100;11100;2.24136e+02;61;1;1;1.00000e+00;1.00000e+00;1.00000e+00;40;9.99877e-01;1.00707e+00;1.73388e-04
nav-lives;me-hebbian-neuron;5;[8];112;11200;11200;2.25089e+02;61;1;1;1.00000e+00;1.00000e+00;1.00000e+00;40;9.99877e-01;1.00707e+00;1.73388e-04
nav-lives;me-hebbian-neuron;5;[8];113;11300;11300;2.25973e+02;63;1;1;1.00000e+00;1.00000e+00;1.00000e+00;40;9.99877e-01;1.00707e+00;1.73388e-04
nav-lives;me-hebbian-neuron;5;[8];114;11400;11400;2.26833e+02;63;1;1;1.00000e+00;1.00000e+00;1.00000e+00;40;9.99877e-01;1.00707e+00;1.73388e-04
nav-lives;me-hebbian-neuron;5;[8];115;11500;11500;2.27670e+02;63;1;1;1.00000e+00;1.00000e+00;1.00000e+00;40;9.99877e-01;1.00707e+00;1.73388e-04
nav-lives;me-hebbian-neuron;5;[8];116;11600;11600;2.28554e+02;63;1;1;1.00000e+00;1.00000e+00;1.00000e+00;40;9.99877e-01;1.00707e+00;1.73388e-04
nav-lives;me-hebbian-neuron;5;[8];117;11700;11700;2.29409e+02;63;1;1;1.00000e+00;1.00000e+00;1.00000e+00;40;9.99885e-01;1.00698e+00;7.24025e-05
nav-lives;me-hebbian-neuron;5;[8];118;11800;11800;2.30279e+02;63;1;1;1.00000e+00;1.00000e+00;1.00000e+00;40;9.99885e-01;1.00698e+00;7.24025e-05
nav-lives;me-hebbian-neuron;5;[8];119;11900;11900;2.31127e+02;64;1;1;1.00000e+00;1.00000e+00;1.00000e+00;40;9.99885e-01;1.00698e+00;7.24025e-05
nav-lives;me-hebbian-neuron;5;[8];120;12000;12000;2.31956e+02;64;1;1;1.00000e+00;1.00000e+00;1.00000e+00;40;9.99885e-01;1.00698e+00;7.24025e-05
nav-lives;me-hebbian-neuron;5;[8];121;12100;12100;2.32823e+02;64;1;1;1.00000e+00;1.00000e+00;1.00000e+00;40;9.99885e-01;1.00698e+00;7.24025e-05
nav-lives;me-hebbian-neuron;5;[8];122;12200;12200;2.33691e+02;64;1;1;1.00000e+00;1.00000e+00;1.00000e+00;40;9.99885e-01;1.00698e+00;7.24025e-05
nav-lives;me-hebbian-neuron;5;[8];123;12300;12300;2.34538e+02;64;1;1;1.00000e+00;1.00000e+00;1.00000e+00;40;9.99885e-01;1.00698e+00;7.24025e-05
nav-lives;me-hebbian-neuron;5;[8];124;12400;12400;2.35413e+02;64;1;1;1.00000e+00;1.00000e+00;1.00000e+00;40;9.99885e-01;1.00698e+00;7.24025e-05
nav-lives;me-hebbian-neuron;5;[8];125;12500;12500;2.36265e+02;64;1;1;1.00000e+00;1.00000e+00;1.00000e+00;40;9.99917e-01;1.00818e+00;1.72269e-04
nav-lives;me-hebbian-neuron;5;[8];126;12600;12600;2.37097e+02;64;1;1;1.00000e+00;1.00000e+00;1.00000e+00;40;9.99947e-01;1.00741e+00;5.53652e-05
nav-lives;me-hebbian-neuron;5;[8];127;12700;12700;2.37951e+02;64;1;1;1.00000e+00;1.00000e+00;1.00000e+00;40;9.99947e-01;1.00741e+00;5.53652e-05
nav-lives;me-hebbian-neuron;5;[8];128;12800;12800;2.38768e+02;64;1;1;1.00000e+00;1.00000e+00;1.00000e+00;40;9.99947e-01;1.00741e+00;5.53652e-05
nav-lives;me-hebbian-neuron;5;[8];129;12900;12900;2.39597e+02;64;1;1;1.00000e+00;1.00000e+00;1.00000e+00;40;9.99947e-01;1.00741e+00;5.53652e-05
nav-lives;me-hebbian-neuron;5;[8];130;13000;13000;2.40349e+02;64;1;1;1.00000e+00;1.00000e+00;1.00000e+00;40;9.99947e-01;1.00741e+00;5.53652e-05
nav-lives;me-freeForm;1;[8];4;400;400;2.39722e+02;2;1;1;1.00000e+00;1.00000e+00;1.00000e+00;71;4.29534e-01;4.35673e-01;1.70430e-01
nav-lives;me-hebbian-neuron;5;[8];131;13100;13100;2.41575e+02;64;1;1;1.00000e+00;1.00000e+00;1.00000e+00;40;9.99947e-01;1.00741e+00;5.53652e-05
nav-lives;me-hebbian-neuron;5;[8];132;13200;13200;2.75125e+02;64;1;1;1.00000e+00;1.00000e+00;1.00000e+00;40;9.99947e-01;1.00741e+00;5.53652e-05
nav-lives;me-hebbian-neuron;5;[8];133;13300;13300;2.76050e+02;64;1;1;1.00000e+00;1.00000e+00;1.00000e+00;40;9.99947e-01;1.00741e+00;5.53652e-05
nav-lives;me-hebbian-neuron;5;[8];134;13400;13400;2.76919e+02;64;1;1;1.00000e+00;1.00000e+00;1.00000e+00;40;9.99947e-01;1.00741e+00;5.53652e-05
nav-lives;me-hebbian-neuron;5;[8];135;13500;13500;2.77786e+02;64;1;1;1.00000e+00;1.00000e+00;1.00000e+00;40;9.99947e-01;1.00741e+00;5.53652e-05
nav-lives;me-hebbian-neuron;5;[8];136;13600;13600;2.78611e+02;64;1;1;1.00000e+00;1.00000e+00;1.00000e+00;40;9.99947e-01;1.00741e+00;5.53652e-05
nav-lives;me-hebbian-neuron;5;[8];137;13700;13700;2.79465e+02;64;1;1;1.00000e+00;1.00000e+00;1.00000e+00;40;9.99947e-01;1.00741e+00;5.53652e-05
nav-lives;me-hebbian-neuron;5;[8];138;13800;13800;2.80324e+02;64;1;1;1.00000e+00;1.00000e+00;1.00000e+00;40;9.99947e-01;1.00741e+00;5.53652e-05
nav-lives;me-hebbian-neuron;5;[8];139;13900;13900;2.81175e+02;64;1;1;1.00000e+00;1.00000e+00;1.00000e+00;40;9.99947e-01;1.00741e+00;5.53652e-05
nav-lives;me-hebbian-neuron;5;[8];140;14000;14000;2.82030e+02;64;1;1;1.00000e+00;1.00000e+00;1.00000e+00;40;9.99947e-01;1.00741e+00;5.53652e-05
nav-lives;me-hebbian-neuron;5;[8];141;14100;14100;2.82860e+02;64;1;1;1.00000e+00;1.00000e+00;1.00000e+00;40;9.99947e-01;1.00741e+00;5.53652e-05
nav-lives;me-hebbian-neuron;5;[8];142;14200;14200;2.83706e+02;64;1;1;1.00000e+00;1.00000e+00;1.00000e+00;40;9.99947e-01;1.00741e+00;5.53652e-05
nav-lives;me-hebbian-neuron;5;[8];143;14300;14300;2.84561e+02;64;1;1;1.00000e+00;1.00000e+00;1.00000e+00;40;9.99947e-01;1.00741e+00;5.53652e-05
nav-lives;me-hebbian-neuron;5;[8];144;14400;14400;2.85391e+02;64;1;1;1.00000e+00;1.00000e+00;1.00000e+00;40;9.99947e-01;1.00741e+00;5.53652e-05
nav-lives;me-hebbian-neuron;5;[8];145;14500;14500;2.86254e+02;64;1;1;1.00000e+00;1.00000e+00;1.00000e+00;40;9.99947e-01;1.00741e+00;5.53652e-05
nav-lives;me-hebbian-neuron;5;[8];146;14600;14600;2.87098e+02;64;1;1;1.00000e+00;1.00000e+00;1.00000e+00;40;9.99947e-01;1.00741e+00;5.53652e-05
nav-lives;me-hebbian-neuron;5;[8];147;14700;14700;2.87925e+02;64;1;1;1.00000e+00;1.00000e+00;1.00000e+00;40;9.99947e-01;1.00741e+00;5.53652e-05
nav-lives;me-hebbian-neuron;5;[8];148;14800;14800;2.88775e+02;64;1;1;1.00000e+00;1.00000e+00;1.00000e+00;40;9.99947e-01;1.00741e+00;5.53652e-05
nav-lives;me-hebbian-neuron;5;[8];149;14900;14900;2.89594e+02;64;1;1;1.00000e+00;1.00000e+00;1.00000e+00;40;9.99947e-01;1.00741e+00;5.53652e-05
nav-lives;me-hebbian-neuron;5;[8];150;15000;15000;2.90413e+02;64;1;1;1.00000e+00;1.00000e+00;1.00000e+00;40;9.99947e-01;1.00741e+00;5.53652e-05
nav-lives;me-hebbian-neuron;5;[8];151;15100;15100;2.91172e+02;64;1;1;1.00000e+00;1.00000e+00;1.00000e+00;40;9.99947e-01;1.00741e+00;5.53652e-05
nav-lives;me-hebbian-neuron;5;[8];152;15200;15200;2.91942e+02;64;1;1;1.00000e+00;1.00000e+00;1.00000e+00;40;9.99947e-01;1.00741e+00;5.53652e-05
nav-lives;me-freeForm;1;[8];5;500;500;2.91278e+02;3;1;1;1.00000e+00;1.00000e+00;1.00000e+00;71;4.29534e-01;4.35673e-01;1.70430e-01
nav-lives;me-hebbian-neuron;5;[8];153;15300;15300;2.93201e+02;64;1;1;1.00000e+00;1.00000e+00;1.00000e+00;40;9.99947e-01;1.00741e+00;5.53652e-05
nav-lives;me-hebbian-neuron;5;[8];154;15400;15400;3.26465e+02;64;1;1;1.00000e+00;1.00000e+00;1.00000e+00;40;9.99947e-01;1.00741e+00;5.53652e-05
nav-lives;me-hebbian-neuron;5;[8];155;15500;15500;3.27378e+02;64;1;1;1.00000e+00;1.00000e+00;1.00000e+00;40;9.99947e-01;1.00741e+00;5.53652e-05
nav-lives;me-hebbian-neuron;5;[8];156;15600;15600;3.28245e+02;64;1;1;1.00000e+00;1.00000e+00;1.00000e+00;40;9.99947e-01;1.00741e+00;5.53652e-05
nav-lives;me-hebbian-neuron;5;[8];157;15700;15700;3.29128e+02;64;1;1;1.00000e+00;1.00000e+00;1.00000e+00;40;9.99947e-01;1.00741e+00;5.53652e-05
nav-lives;me-hebbian-neuron;5;[8];158;15800;15800;3.29975e+02;64;1;1;1.00000e+00;1.00000e+00;1.00000e+00;40;9.99947e-01;1.00741e+00;5.53652e-05
nav-lives;me-hebbian-neuron;5;[8];159;15900;15900;3.30836e+02;64;1;1;1.00000e+00;1.00000e+00;1.00000e+00;40;9.99947e-01;1.00741e+00;5.53652e-05
nav-lives;me-hebbian-neuron;5;[8];160;16000;16000;3.31690e+02;64;1;1;1.00000e+00;1.00000e+00;1.00000e+00;40;9.99947e-01;1.00741e+00;5.53652e-05
nav-lives;me-hebbian-neuron;5;[8];161;16100;16100;3.32514e+02;64;1;1;1.00000e+00;1.00000e+00;1.00000e+00;40;9.99947e-01;1.00741e+00;5.53652e-05
nav-lives;me-hebbian-neuron;5;[8];162;16200;16200;3.33368e+02;64;1;1;1.00000e+00;1.00000e+00;1.00000e+00;40;9.99947e-01;1.00741e+00;5.53652e-05
nav-lives;me-hebbian-neuron;5;[8];163;16300;16300;3.34226e+02;64;1;1;1.00000e+00;1.00000e+00;1.00000e+00;40;9.99947e-01;1.00741e+00;5.53652e-05
nav-lives;me-hebbian-neuron;5;[8];164;16400;16400;3.35085e+02;64;1;1;1.00000e+00;1.00000e+00;1.00000e+00;40;9.99947e-01;1.00741e+00;5.53652e-05
nav-lives;me-hebbian-neuron;5;[8];165;16500;16500;3.35950e+02;64;1;1;1.00000e+00;1.00000e+00;1.00000e+00;40;9.99947e-01;1.00741e+00;5.53652e-05
nav-lives;me-hebbian-neuron;5;[8];166;16600;16600;3.36782e+02;64;1;1;1.00000e+00;1.00000e+00;1.00000e+00;40;9.99947e-01;1.00741e+00;5.53652e-05
nav-lives;me-hebbian-neuron;5;[8];167;16700;16700;3.37626e+02;65;1;1;1.00000e+00;1.00000e+00;1.00000e+00;40;9.99947e-01;1.00741e+00;5.53652e-05
nav-lives;me-hebbian-neuron;5;[8];168;16800;16800;3.38474e+02;65;1;1;1.00000e+00;1.00000e+00;1.00000e+00;40;9.99947e-01;1.00741e+00;5.53652e-05
nav-lives;me-hebbian-neuron;5;[8];169;16900;16900;3.39307e+02;65;1;1;1.00000e+00;1.00000e+00;1.00000e+00;40;9.99947e-01;1.00741e+00;5.53652e-05
nav-lives;me-hebbian-neuron;5;[8];170;17000;17000;3.40158e+02;65;1;1;1.00000e+00;1.00000e+00;1.00000e+00;40;9.99947e-01;1.00741e+00;5.53652e-05
nav-lives;me-hebbian-neuron;5;[8];171;17100;17100;3.40989e+02;65;1;1;1.00000e+00;1.00000e+00;1.00000e+00;40;9.99947e-01;1.00741e+00;5.53652e-05
nav-lives;me-hebbian-neuron;5;[8];172;17200;17200;3.41805e+02;65;1;1;1.00000e+00;1.00000e+00;1.00000e+00;40;9.99947e-01;1.00741e+00;5.53652e-05
nav-lives;me-hebbian-neuron;5;[8];173;17300;17300;3.42601e+02;65;1;1;1.00000e+00;1.00000e+00;1.00000e+00;40;9.99947e-01;1.00741e+00;5.53652e-05
nav-lives;me-freeForm;1;[8];6;600;600;3.42684e+02;4;1;1;1.00000e+00;1.00000e+00;1.00000e+00;71;4.29534e-01;4.35673e-01;1.70430e-01
nav-lives;me-hebbian-neuron;5;[8];174;17400;17400;3.43363e+02;65;1;1;1.00000e+00;1.00000e+00;1.00000e+00;40;9.99947e-01;1.00741e+00;5.53652e-05
nav-lives;me-hebbian-neuron;5;[8];175;17500;17500;3.77138e+02;65;1;1;1.00000e+00;1.00000e+00;1.00000e+00;40;9.99947e-01;1.00741e+00;5.53652e-05
nav-lives;me-hebbian-neuron;5;[8];176;17600;17600;3.78092e+02;65;1;1;1.00000e+00;1.00000e+00;1.00000e+00;40;9.99947e-01;1.00741e+00;5.53652e-05
nav-lives;me-hebbian-neuron;5;[8];177;17700;17700;3.78954e+02;65;1;1;1.00000e+00;1.00000e+00;1.00000e+00;40;9.99947e-01;1.00741e+00;5.53652e-05
nav-lives;me-hebbian-neuron;5;[8];178;17800;17800;3.79789e+02;65;1;1;1.00000e+00;1.00000e+00;1.00000e+00;40;9.99947e-01;1.00741e+00;5.53652e-05
nav-lives;me-hebbian-neuron;5;[8];179;17900;17900;3.80645e+02;65;1;1;1.00000e+00;1.00000e+00;1.00000e+00;40;9.99947e-01;1.00741e+00;5.53652e-05
nav-lives;me-hebbian-neuron;5;[8];180;18000;18000;3.81498e+02;65;1;1;1.00000e+00;1.00000e+00;1.00000e+00;40;9.99947e-01;1.00741e+00;5.53652e-05
nav-lives;me-hebbian-neuron;5;[8];181;18100;18100;3.82326e+02;65;1;1;1.00000e+00;1.00000e+00;1.00000e+00;40;9.99947e-01;1.00741e+00;5.53652e-05
nav-lives;me-hebbian-neuron;5;[8];182;18200;18200;3.83184e+02;65;1;1;1.00000e+00;1.00000e+00;1.00000e+00;40;9.99947e-01;1.00741e+00;5.53652e-05
nav-lives;me-hebbian-neuron;5;[8];183;18300;18300;3.84040e+02;65;1;1;1.00000e+00;1.00000e+00;1.00000e+00;40;9.99947e-01;1.00741e+00;5.53652e-05
nav-lives;me-hebbian-neuron;5;[8];184;18400;18400;3.84891e+02;65;1;1;1.00000e+00;1.00000e+00;1.00000e+00;40;9.99947e-01;1.00741e+00;5.53652e-05
nav-lives;me-hebbian-neuron;5;[8];185;18500;18500;3.85743e+02;65;1;1;1.00000e+00;1.00000e+00;1.00000e+00;40;9.99947e-01;1.00741e+00;5.53652e-05
nav-lives;me-hebbian-neuron;5;[8];186;18600;18600;3.86571e+02;65;1;1;1.00000e+00;1.00000e+00;1.00000e+00;40;9.99947e-01;1.00741e+00;5.53652e-05
nav-lives;me-hebbian-neuron;5;[8];187;18700;18700;3.87425e+02;65;1;1;1.00000e+00;1.00000e+00;1.00000e+00;40;9.99947e-01;1.00741e+00;5.53652e-05
nav-lives;me-hebbian-neuron;5;[8];188;18800;18800;3.88286e+02;65;1;1;1.00000e+00;1.00000e+00;1.00000e+00;40;9.99947e-01;1.00741e+00;5.53652e-05
nav-lives;me-hebbian-neuron;5;[8];189;18900;18900;3.89133e+02;65;1;1;1.00000e+00;1.00000e+00;1.00000e+00;40;9.99947e-01;1.00741e+00;5.53652e-05
nav-lives;me-hebbian-neuron;5;[8];190;19000;19000;3.89994e+02;65;1;1;1.00000e+00;1.00000e+00;1.00000e+00;40;9.99947e-01;1.00741e+00;5.53652e-05
nav-lives;me-hebbian-neuron;5;[8];191;19100;19100;3.90856e+02;65;1;1;1.00000e+00;1.00000e+00;1.00000e+00;40;9.99947e-01;1.00741e+00;5.53652e-05
nav-lives;me-hebbian-neuron;5;[8];192;19200;19200;3.91669e+02;65;1;1;1.00000e+00;1.00000e+00;1.00000e+00;40;9.99947e-01;1.00741e+00;5.53652e-05
nav-lives;me-hebbian-neuron;5;[8];193;19300;19300;3.92550e+02;65;1;1;1.00000e+00;1.00000e+00;1.00000e+00;40;9.99947e-01;1.00741e+00;5.53652e-05
nav-lives;me-hebbian-neuron;5;[8];194;19400;19400;3.93385e+02;65;1;1;1.00000e+00;1.00000e+00;1.00000e+00;40;9.99947e-01;1.00741e+00;5.53652e-05
nav-lives;me-hebbian-neuron;5;[8];195;19500;19500;3.94163e+02;65;1;1;1.00000e+00;1.00000e+00;1.00000e+00;40;9.99947e-01;1.00741e+00;5.53652e-05
nav-lives;me-freeForm;1;[8];7;700;700;3.93506e+02;7;1;1;1.00000e+00;1.00000e+00;1.00000e+00;71;4.29534e-01;4.35673e-01;1.70430e-01
nav-lives;me-hebbian-neuron;5;[8];196;19600;19600;3.95404e+02;65;1;1;1.00000e+00;1.00000e+00;1.00000e+00;40;9.99947e-01;1.00741e+00;5.53652e-05
nav-lives;me-hebbian-neuron;5;[8];197;19700;19700;4.28596e+02;65;1;1;1.00000e+00;1.00000e+00;1.00000e+00;40;9.99947e-01;1.00741e+00;5.53652e-05
nav-lives;me-hebbian-neuron;5;[8];198;19800;19800;4.29577e+02;65;1;1;1.00000e+00;1.00000e+00;1.00000e+00;40;9.99947e-01;1.00741e+00;5.53652e-05
nav-lives;me-hebbian-neuron;5;[8];199;19900;19900;4.30446e+02;65;1;1;1.00000e+00;1.00000e+00;1.00000e+00;40;9.99947e-01;1.00741e+00;5.53652e-05
nav-lives;me-hebbian-neuron;5;[8];200;20000;20000;4.31306e+02;65;1;1;1.00000e+00;1.00000e+00;1.00000e+00;40;9.99947e-01;1.00741e+00;5.53652e-05
nav-lives;me-hebbian-neuron;5;[8];201;20100;20100;4.32150e+02;65;1;1;1.00000e+00;1.00000e+00;1.00000e+00;40;9.99947e-01;1.00741e+00;5.53652e-05
nav-lives;me-hebbian-neuron;5;[8];202;20200;20200;4.33018e+02;65;1;1;1.00000e+00;1.00000e+00;1.00000e+00;40;9.99947e-01;1.00741e+00;5.53652e-05
nav-lives;me-hebbian-neuron;5;[8];203;20300;20300;4.33874e+02;65;1;1;1.00000e+00;1.00000e+00;1.00000e+00;40;9.99947e-01;1.00741e+00;5.53652e-05
nav-lives;me-hebbian-neuron;5;[8];204;20400;20400;4.34731e+02;65;1;1;1.00000e+00;1.00000e+00;1.00000e+00;40;9.99947e-01;1.00741e+00;5.53652e-05
nav-lives;me-hebbian-neuron;5;[8];205;20500;20500;4.35571e+02;65;1;1;1.00000e+00;1.00000e+00;1.00000e+00;40;9.99947e-01;1.00741e+00;5.53652e-05
nav-lives;me-hebbian-neuron;5;[8];206;20600;20600;4.36404e+02;65;1;1;1.00000e+00;1.00000e+00;1.00000e+00;40;9.99947e-01;1.00741e+00;5.53652e-05
nav-lives;me-hebbian-neuron;5;[8];207;20700;20700;4.37250e+02;65;1;1;1.00000e+00;1.00000e+00;1.00000e+00;40;9.99947e-01;1.00741e+00;5.53652e-05
nav-lives;me-hebbian-neuron;5;[8];208;20800;20800;4.38117e+02;65;1;1;1.00000e+00;1.00000e+00;1.00000e+00;40;9.99947e-01;1.00741e+00;5.53652e-05
nav-lives;me-hebbian-neuron;5;[8];209;20900;20900;4.38960e+02;65;1;1;1.00000e+00;1.00000e+00;1.00000e+00;40;9.99947e-01;1.00741e+00;5.53652e-05
nav-lives;me-hebbian-neuron;5;[8];210;21000;21000;4.39816e+02;65;1;1;1.00000e+00;1.00000e+00;1.00000e+00;40;9.99947e-01;1.00741e+00;5.53652e-05
nav-lives;me-hebbian-neuron;5;[8];211;21100;21100;4.40646e+02;65;1;1;1.00000e+00;1.00000e+00;1.00000e+00;40;9.99947e-01;1.00741e+00;5.53652e-05
nav-lives;me-hebbian-neuron;5;[8];212;21200;21200;4.41502e+02;65;1;1;1.00000e+00;1.00000e+00;1.00000e+00;40;9.99947e-01;1.00741e+00;5.53652e-05
nav-lives;me-hebbian-neuron;5;[8];213;21300;21300;4.42346e+02;65;1;1;1.00000e+00;1.00000e+00;1.00000e+00;40;9.99947e-01;1.00741e+00;5.53652e-05
nav-lives;me-hebbian-neuron;5;[8];214;21400;21400;4.43169e+02;65;1;1;1.00000e+00;1.00000e+00;1.00000e+00;40;9.99947e-01;1.00741e+00;5.53652e-05
nav-lives;me-hebbian-neuron;5;[8];215;21500;21500;4.43974e+02;65;1;1;1.00000e+00;1.00000e+00;1.00000e+00;40;9.99947e-01;1.00741e+00;5.53652e-05
nav-lives;me-hebbian-neuron;5;[8];216;21600;21600;4.44733e+02;65;1;1;1.00000e+00;1.00000e+00;1.00000e+00;40;9.99947e-01;1.00741e+00;5.53652e-05
nav-lives;me-hebbian-neuron;5;[8];217;21700;21700;4.45503e+02;65;1;1;1.00000e+00;1.00000e+00;1.00000e+00;40;9.99947e-01;1.00741e+00;5.53652e-05
nav-lives;me-hebbian-neuron;5;[8];218;21800;21800;4.46253e+02;65;1;1;1.00000e+00;1.00000e+00;1.00000e+00;40;9.99947e-01;1.00741e+00;5.53652e-05
nav-lives;me-freeForm;1;[8];8;800;800;4.45670e+02;8;1;1;1.00000e+00;1.00000e+00;1.00000e+00;71;4.29534e-01;4.35673e-01;1.70430e-01
nav-lives;me-hebbian-neuron;5;[8];219;21900;21900;4.47495e+02;65;1;1;1.00000e+00;1.00000e+00;1.00000e+00;40;9.99947e-01;1.00741e+00;5.53652e-05
nav-lives;me-hebbian-neuron;5;[8];220;22000;22000;4.80357e+02;65;1;1;1.00000e+00;1.00000e+00;1.00000e+00;40;9.99947e-01;1.00741e+00;5.53652e-05
nav-lives;me-hebbian-neuron;5;[8];221;22100;22100;4.81302e+02;65;1;1;1.00000e+00;1.00000e+00;1.00000e+00;40;9.99947e-01;1.00741e+00;5.53652e-05
nav-lives;me-hebbian-neuron;5;[8];222;22200;22200;4.82158e+02;65;1;1;1.00000e+00;1.00000e+00;1.00000e+00;40;9.99947e-01;1.00741e+00;5.53652e-05
nav-lives;me-hebbian-neuron;5;[8];223;22300;22300;4.82988e+02;65;1;1;1.00000e+00;1.00000e+00;1.00000e+00;40;9.99947e-01;1.00741e+00;5.53652e-05
nav-lives;me-hebbian-neuron;5;[8];224;22400;22400;4.83847e+02;65;1;1;1.00000e+00;1.00000e+00;1.00000e+00;40;9.99947e-01;1.00741e+00;5.53652e-05
nav-lives;me-hebbian-neuron;5;[8];225;22500;22500;4.84687e+02;65;1;1;1.00000e+00;1.00000e+00;1.00000e+00;40;9.99947e-01;1.00741e+00;5.53652e-05
nav-lives;me-hebbian-neuron;5;[8];226;22600;22600;4.85553e+02;65;1;1;1.00000e+00;1.00000e+00;1.00000e+00;40;9.99947e-01;1.00741e+00;5.53652e-05
nav-lives;me-hebbian-neuron;5;[8];227;22700;22700;4.86413e+02;65;1;1;1.00000e+00;1.00000e+00;1.00000e+00;40;9.99947e-01;1.00741e+00;5.53652e-05
nav-lives;me-hebbian-neuron;5;[8];228;22800;22800;4.87254e+02;65;1;1;1.00000e+00;1.00000e+00;1.00000e+00;40;9.99947e-01;1.00741e+00;5.53652e-05
nav-lives;me-hebbian-neuron;5;[8];229;22900;22900;4.88113e+02;65;1;1;1.00000e+00;1.00000e+00;1.00000e+00;40;9.99947e-01;1.00741e+00;5.53652e-05
nav-lives;me-hebbian-neuron;5;[8];230;23000;23000;4.88974e+02;65;1;1;1.00000e+00;1.00000e+00;1.00000e+00;40;9.99947e-01;1.00741e+00;5.53652e-05
nav-lives;me-hebbian-neuron;5;[8];231;23100;23100;4.89834e+02;65;1;1;1.00000e+00;1.00000e+00;1.00000e+00;40;9.99947e-01;1.00741e+00;5.53652e-05
nav-lives;me-hebbian-neuron;5;[8];232;23200;23200;4.90711e+02;65;1;1;1.00000e+00;1.00000e+00;1.00000e+00;40;9.99947e-01;1.00741e+00;5.53652e-05
nav-lives;me-hebbian-neuron;5;[8];233;23300;23300;4.91562e+02;65;1;1;1.00000e+00;1.00000e+00;1.00000e+00;40;9.99947e-01;1.00741e+00;5.53652e-05
nav-lives;me-hebbian-neuron;5;[8];234;23400;23400;4.92399e+02;65;1;1;1.00000e+00;1.00000e+00;1.00000e+00;40;9.99947e-01;1.00741e+00;5.53652e-05
nav-lives;me-hebbian-neuron;5;[8];235;23500;23500;4.93257e+02;65;1;1;1.00000e+00;1.00000e+00;1.00000e+00;40;9.99947e-01;1.00741e+00;5.53652e-05
nav-lives;me-hebbian-neuron;5;[8];236;23600;23600;4.94093e+02;65;1;1;1.00000e+00;1.00000e+00;1.00000e+00;40;9.99947e-01;1.00741e+00;5.53652e-05
nav-lives;me-hebbian-neuron;5;[8];237;23700;23700;4.94928e+02;65;1;1;1.00000e+00;1.00000e+00;1.00000e+00;40;9.99947e-01;1.00741e+00;5.53652e-05
nav-lives;me-hebbian-neuron;5;[8];238;23800;23800;4.95730e+02;65;1;1;1.00000e+00;1.00000e+00;1.00000e+00;40;9.99947e-01;1.00741e+00;5.53652e-05
nav-lives;me-hebbian-neuron;5;[8];239;23900;23900;4.96528e+02;65;1;1;1.00000e+00;1.00000e+00;1.00000e+00;40;9.99947e-01;1.00741e+00;5.53652e-05
nav-lives;me-hebbian-neuron;5;[8];240;24000;24000;4.97306e+02;65;1;1;1.00000e+00;1.00000e+00;1.00000e+00;40;9.99947e-01;1.00741e+00;5.53652e-05
nav-lives;me-freeForm;1;[8];9;900;900;4.97347e+02;9;1;1;1.00000e+00;1.00000e+00;1.00000e+00;71;4.29534e-01;4.35673e-01;1.70430e-01
nav-lives;me-hebbian-neuron;5;[8];241;24100;24100;4.98364e+02;65;1;1;1.00000e+00;1.00000e+00;1.00000e+00;40;9.99947e-01;1.00741e+00;5.53652e-05
nav-lives;me-hebbian-neuron;5;[8];242;24200;24200;5.31364e+02;65;1;1;1.00000e+00;1.00000e+00;1.00000e+00;40;9.99947e-01;1.00741e+00;5.53652e-05
nav-lives;me-hebbian-neuron;5;[8];243;24300;24300;5.32440e+02;65;1;1;1.00000e+00;1.00000e+00;1.00000e+00;40;9.99947e-01;1.00741e+00;5.53652e-05
nav-lives;me-hebbian-neuron;5;[8];244;24400;24400;5.33306e+02;65;1;1;1.00000e+00;1.00000e+00;1.00000e+00;40;9.99947e-01;1.00741e+00;5.53652e-05
nav-lives;me-hebbian-neuron;5;[8];245;24500;24500;5.34167e+02;65;1;1;1.00000e+00;1.00000e+00;1.00000e+00;40;9.99947e-01;1.00741e+00;5.53652e-05
nav-lives;me-hebbian-neuron;5;[8];246;24600;24600;5.34994e+02;65;1;1;1.00000e+00;1.00000e+00;1.00000e+00;40;9.99947e-01;1.00741e+00;5.53652e-05
nav-lives;me-hebbian-neuron;5;[8];247;24700;24700;5.35839e+02;65;1;1;1.00000e+00;1.00000e+00;1.00000e+00;40;9.99947e-01;1.00741e+00;5.53652e-05
nav-lives;me-hebbian-neuron;5;[8];248;24800;24800;5.36708e+02;65;1;1;1.00000e+00;1.00000e+00;1.00000e+00;40;9.99947e-01;1.00741e+00;5.53652e-05
nav-lives;me-hebbian-neuron;5;[8];249;24900;24900;5.37556e+02;65;1;1;1.00000e+00;1.00000e+00;1.00000e+00;40;9.99947e-01;1.00741e+00;5.53652e-05
nav-lives;me-hebbian-neuron;5;[8];250;25000;25000;5.38407e+02;65;1;1;1.00000e+00;1.00000e+00;1.00000e+00;40;9.99947e-01;1.00741e+00;5.53652e-05
nav-lives;me-hebbian-neuron;5;[8];251;25100;25100;5.39244e+02;65;1;1;1.00000e+00;1.00000e+00;1.00000e+00;40;9.99947e-01;1.00741e+00;5.53652e-05
nav-lives;me-hebbian-neuron;5;[8];252;25200;25200;5.40083e+02;65;1;1;1.00000e+00;1.00000e+00;1.00000e+00;40;9.99947e-01;1.00741e+00;5.53652e-05
nav-lives;me-hebbian-neuron;5;[8];253;25300;25300;5.40950e+02;65;1;1;1.00000e+00;1.00000e+00;1.00000e+00;40;9.99947e-01;1.00741e+00;5.53652e-05
nav-lives;me-hebbian-neuron;5;[8];254;25400;25400;5.41791e+02;65;1;1;1.00000e+00;1.00000e+00;1.00000e+00;40;9.99947e-01;1.00741e+00;5.53652e-05
nav-lives;me-hebbian-neuron;5;[8];255;25500;25500;5.42649e+02;65;1;1;1.00000e+00;1.00000e+00;1.00000e+00;40;9.99947e-01;1.00741e+00;5.53652e-05
nav-lives;me-hebbian-neuron;5;[8];256;25600;25600;5.43485e+02;65;1;1;1.00000e+00;1.00000e+00;1.00000e+00;40;9.99947e-01;1.00741e+00;5.53652e-05
nav-lives;me-hebbian-neuron;5;[8];257;25700;25700;5.44309e+02;65;1;1;1.00000e+00;1.00000e+00;1.00000e+00;40;9.99947e-01;1.00741e+00;5.53652e-05
nav-lives;me-hebbian-neuron;5;[8];258;25800;25800;5.45157e+02;65;1;1;1.00000e+00;1.00000e+00;1.00000e+00;40;9.99947e-01;1.00741e+00;5.53652e-05
nav-lives;me-hebbian-neuron;5;[8];259;25900;25900;5.45975e+02;65;1;1;1.00000e+00;1.00000e+00;1.00000e+00;40;9.99947e-01;1.00741e+00;5.53652e-05
nav-lives;me-hebbian-neuron;5;[8];260;26000;26000;5.46797e+02;65;1;1;1.00000e+00;1.00000e+00;1.00000e+00;40;9.99947e-01;1.00741e+00;5.53652e-05
nav-lives;me-hebbian-neuron;5;[8];261;26100;26100;5.47556e+02;65;1;1;1.00000e+00;1.00000e+00;1.00000e+00;40;9.99947e-01;1.00741e+00;5.53652e-05
nav-lives;me-hebbian-neuron;5;[8];262;26200;26200;5.48353e+02;65;1;1;1.00000e+00;1.00000e+00;1.00000e+00;40;9.99947e-01;1.00741e+00;5.53652e-05
nav-lives;me-hebbian-neuron;5;[8];263;26300;26300;5.49122e+02;65;1;1;1.00000e+00;1.00000e+00;1.00000e+00;40;9.99960e-01;1.00699e+00;4.44168e-04
nav-lives;me-freeForm;1;[8];10;1000;1000;5.49183e+02;10;1;1;1.00000e+00;1.00000e+00;1.00000e+00;52;4.64780e-01;4.71208e-01;1.25241e-01
nav-lives;me-hebbian-neuron;5;[8];264;26400;26400;5.49936e+02;65;1;1;1.00000e+00;1.00000e+00;1.00000e+00;40;9.99960e-01;1.00699e+00;4.44168e-04
nav-lives;me-hebbian-neuron;5;[8];265;26500;26500;5.83529e+02;65;1;1;1.00000e+00;1.00000e+00;1.00000e+00;40;9.99960e-01;1.00699e+00;4.44168e-04
nav-lives;me-hebbian-neuron;5;[8];266;26600;26600;5.84509e+02;65;1;1;1.00000e+00;1.00000e+00;1.00000e+00;40;9.99960e-01;1.00699e+00;4.44168e-04
nav-lives;me-hebbian-neuron;5;[8];267;26700;26700;5.85366e+02;65;1;1;1.00000e+00;1.00000e+00;1.00000e+00;40;9.99960e-01;1.00699e+00;4.44168e-04
nav-lives;me-hebbian-neuron;5;[8];268;26800;26800;5.86242e+02;65;1;1;1.00000e+00;1.00000e+00;1.00000e+00;40;9.99960e-01;1.00699e+00;4.44168e-04
nav-lives;me-hebbian-neuron;5;[8];269;26900;26900;5.87109e+02;65;1;1;1.00000e+00;1.00000e+00;1.00000e+00;40;9.99960e-01;1.00699e+00;4.44168e-04
nav-lives;me-hebbian-neuron;5;[8];270;27000;27000;5.87948e+02;65;1;1;1.00000e+00;1.00000e+00;1.00000e+00;40;9.99960e-01;1.00699e+00;4.44168e-04
nav-lives;me-hebbian-neuron;5;[8];271;27100;27100;5.88819e+02;65;1;1;1.00000e+00;1.00000e+00;1.00000e+00;40;9.99960e-01;1.00699e+00;4.44168e-04
nav-lives;me-hebbian-neuron;5;[8];272;27200;27200;5.89692e+02;65;1;1;1.00000e+00;1.00000e+00;1.00000e+00;40;9.99960e-01;1.00699e+00;4.44168e-04
nav-lives;me-hebbian-neuron;5;[8];273;27300;27300;5.90550e+02;65;1;1;1.00000e+00;1.00000e+00;1.00000e+00;40;9.99960e-01;1.00699e+00;4.44168e-04
nav-lives;me-hebbian-neuron;5;[8];274;27400;27400;5.91400e+02;65;1;1;1.00000e+00;1.00000e+00;1.00000e+00;40;9.99960e-01;1.00699e+00;4.44168e-04
nav-lives;me-hebbian-neuron;5;[8];275;27500;27500;5.92215e+02;65;1;1;1.00000e+00;1.00000e+00;1.00000e+00;40;9.99960e-01;1.00699e+00;4.44168e-04
nav-lives;me-hebbian-neuron;5;[8];276;27600;27600;5.93057e+02;65;1;1;1.00000e+00;1.00000e+00;1.00000e+00;40;9.99960e-01;1.00699e+00;4.44168e-04
nav-lives;me-hebbian-neuron;5;[8];277;27700;27700;5.93915e+02;65;1;1;1.00000e+00;1.00000e+00;1.00000e+00;40;9.99960e-01;1.00699e+00;4.44168e-04
nav-lives;me-hebbian-neuron;5;[8];278;27800;27800;5.94751e+02;65;1;1;1.00000e+00;1.00000e+00;1.00000e+00;40;9.99960e-01;1.00699e+00;4.44168e-04
nav-lives;me-hebbian-neuron;5;[8];279;27900;27900;5.95609e+02;65;1;1;1.00000e+00;1.00000e+00;1.00000e+00;40;9.99960e-01;1.00699e+00;4.44168e-04
nav-lives;me-hebbian-neuron;5;[8];280;28000;28000;5.96452e+02;65;1;1;1.00000e+00;1.00000e+00;1.00000e+00;40;9.99960e-01;1.00699e+00;4.44168e-04
nav-lives;me-hebbian-neuron;5;[8];281;28100;28100;5.97271e+02;65;1;1;1.00000e+00;1.00000e+00;1.00000e+00;40;9.99960e-01;1.00699e+00;4.44168e-04
nav-lives;me-hebbian-neuron;5;[8];282;28200;28200;5.98108e+02;65;1;1;1.00000e+00;1.00000e+00;1.00000e+00;40;9.99960e-01;1.00699e+00;4.44168e-04
nav-lives;me-hebbian-neuron;5;[8];283;28300;28300;5.98908e+02;65;1;1;1.00000e+00;1.00000e+00;1.00000e+00;40;9.99960e-01;1.00699e+00;4.44168e-04
nav-lives;me-hebbian-neuron;5;[8];284;28400;28400;5.99706e+02;65;1;1;1.00000e+00;1.00000e+00;1.00000e+00;40;9.99960e-01;1.00699e+00;4.44168e-04
nav-lives;me-hebbian-neuron;5;[8];285;28500;28500;6.00449e+02;65;1;1;1.00000e+00;1.00000e+00;1.00000e+00;40;9.99960e-01;1.00699e+00;4.44168e-04
nav-lives;me-freeForm;1;[8];11;1100;1100;5.99883e+02;11;1;1;1.00000e+00;1.00000e+00;1.00000e+00;69;9.99799e-01;1.00707e+00;9.05454e-04
nav-lives;me-hebbian-neuron;5;[8];286;28600;28600;6.01691e+02;65;1;1;1.00000e+00;1.00000e+00;1.00000e+00;40;9.99960e-01;1.00699e+00;4.44168e-04
nav-lives;me-hebbian-neuron;5;[8];287;28700;28700;6.34944e+02;65;1;1;1.00000e+00;1.00000e+00;1.00000e+00;40;9.99960e-01;1.00699e+00;4.44168e-04
nav-lives;me-hebbian-neuron;5;[8];288;28800;28800;6.35937e+02;65;1;1;1.00000e+00;1.00000e+00;1.00000e+00;40;9.99960e-01;1.00699e+00;4.44168e-04
nav-lives;me-hebbian-neuron;5;[8];289;28900;28900;6.36767e+02;65;1;1;1.00000e+00;1.00000e+00;1.00000e+00;40;9.99960e-01;1.00699e+00;4.44168e-04
nav-lives;me-hebbian-neuron;5;[8];290;29000;29000;6.37620e+02;65;1;1;1.00000e+00;1.00000e+00;1.00000e+00;40;9.99960e-01;1.00699e+00;4.44168e-04
nav-lives;me-hebbian-neuron;5;[8];291;29100;29100;6.38490e+02;65;1;1;1.00000e+00;1.00000e+00;1.00000e+00;40;9.99960e-01;1.00699e+00;4.44168e-04
nav-lives;me-hebbian-neuron;5;[8];292;29200;29200;6.39340e+02;65;1;1;1.00000e+00;1.00000e+00;1.00000e+00;40;9.99960e-01;1.00699e+00;4.44168e-04
nav-lives;me-hebbian-neuron;5;[8];293;29300;29300;6.40205e+02;65;1;1;1.00000e+00;1.00000e+00;1.00000e+00;40;9.99960e-01;1.00699e+00;4.44168e-04
nav-lives;me-hebbian-neuron;5;[8];294;29400;29400;6.41048e+02;65;1;1;1.00000e+00;1.00000e+00;1.00000e+00;40;9.99960e-01;1.00699e+00;4.44168e-04
nav-lives;me-hebbian-neuron;5;[8];295;29500;29500;6.41883e+02;65;1;1;1.00000e+00;1.00000e+00;1.00000e+00;40;9.99960e-01;1.00699e+00;4.44168e-04
nav-lives;me-hebbian-neuron;5;[8];296;29600;29600;6.42739e+02;65;1;1;1.00000e+00;1.00000e+00;1.00000e+00;40;9.99960e-01;1.00699e+00;4.44168e-04
nav-lives;me-hebbian-neuron;5;[8];297;29700;29700;6.43589e+02;65;1;1;1.00000e+00;1.00000e+00;1.00000e+00;40;9.99960e-01;1.00699e+00;4.44168e-04
nav-lives;me-hebbian-neuron;5;[8];298;29800;29800;6.44435e+02;65;1;1;1.00000e+00;1.00000e+00;1.00000e+00;40;9.99960e-01;1.00699e+00;4.44168e-04
nav-lives;me-hebbian-neuron;5;[8];299;29900;29900;6.45283e+02;65;1;1;1.00000e+00;1.00000e+00;1.00000e+00;40;9.99960e-01;1.00699e+00;4.44168e-04
nav-lives;me-hebbian-neuron;5;[8];300;30000;30000;6.46110e+02;65;1;1;1.00000e+00;1.00000e+00;1.00000e+00;40;9.99960e-01;1.00699e+00;4.44168e-04
nav-lives;me-hebbian-neuron;5;[8];301;30100;30100;6.46945e+02;65;1;1;1.00000e+00;1.00000e+00;1.00000e+00;40;9.99960e-01;1.00699e+00;4.44168e-04
nav-lives;me-hebbian-neuron;5;[8];302;30200;30200;6.47801e+02;65;1;1;1.00000e+00;1.00000e+00;1.00000e+00;40;9.99960e-01;1.00699e+00;4.44168e-04
nav-lives;me-hebbian-neuron;5;[8];303;30300;30300;6.48632e+02;65;1;1;1.00000e+00;1.00000e+00;1.00000e+00;40;9.99960e-01;1.00699e+00;4.44168e-04
nav-lives;me-hebbian-neuron;5;[8];304;30400;30400;6.49481e+02;65;1;1;1.00000e+00;1.00000e+00;1.00000e+00;40;9.99960e-01;1.00699e+00;4.44168e-04
nav-lives;me-hebbian-neuron;5;[8];305;30500;30500;6.50307e+02;65;1;1;1.00000e+00;1.00000e+00;1.00000e+00;40;9.99960e-01;1.00699e+00;4.44168e-04
nav-lives;me-hebbian-neuron;5;[8];306;30600;30600;6.51106e+02;65;1;1;1.00000e+00;1.00000e+00;1.00000e+00;40;9.99960e-01;1.00699e+00;4.44168e-04
nav-lives;me-hebbian-neuron;5;[8];307;30700;30700;6.51878e+02;65;1;1;1.00000e+00;1.00000e+00;1.00000e+00;40;9.99960e-01;1.00699e+00;4.44168e-04
nav-lives;me-freeForm;1;[8];12;1200;1200;6.51943e+02;12;1;1;1.00000e+00;1.00000e+00;1.00000e+00;69;9.99799e-01;1.00707e+00;9.05454e-04
nav-lives;me-hebbian-neuron;5;[8];308;30800;30800;6.52775e+02;65;1;1;1.00000e+00;1.00000e+00;1.00000e+00;40;9.99960e-01;1.00699e+00;4.44168e-04
nav-lives;me-hebbian-neuron;5;[8];309;30900;30900;6.86404e+02;65;1;1;1.00000e+00;1.00000e+00;1.00000e+00;40;9.99960e-01;1.00699e+00;4.44168e-04
nav-lives;me-hebbian-neuron;5;[8];310;31000;31000;6.87420e+02;65;1;1;1.00000e+00;1.00000e+00;1.00000e+00;40;9.99960e-01;1.00699e+00;4.44168e-04
nav-lives;me-hebbian-neuron;5;[8];311;31100;31100;6.88292e+02;65;1;1;1.00000e+00;1.00000e+00;1.00000e+00;40;9.99960e-01;1.00699e+00;4.44168e-04
nav-lives;me-hebbian-neuron;5;[8];312;31200;31200;6.89143e+02;65;1;1;1.00000e+00;1.00000e+00;1.00000e+00;40;9.99960e-01;1.00699e+00;4.44168e-04
nav-lives;me-hebbian-neuron;5;[8];313;31300;31300;6.90003e+02;65;1;1;1.00000e+00;1.00000e+00;1.00000e+00;40;9.99960e-01;1.00699e+00;4.44168e-04
nav-lives;me-hebbian-neuron;5;[8];314;31400;31400;6.90871e+02;65;1;1;1.00000e+00;1.00000e+00;1.00000e+00;40;9.99960e-01;1.00699e+00;4.44168e-04
nav-lives;me-hebbian-neuron;5;[8];315;31500;31500;6.91709e+02;65;1;1;1.00000e+00;1.00000e+00;1.00000e+00;40;9.99960e-01;1.00699e+00;4.44168e-04
nav-lives;me-hebbian-neuron;5;[8];316;31600;31600;6.92557e+02;65;1;1;1.00000e+00;1.00000e+00;1.00000e+00;40;9.99960e-01;1.00699e+00;4.44168e-04
nav-lives;me-hebbian-neuron;5;[8];317;31700;31700;6.93416e+02;65;1;1;1.00000e+00;1.00000e+00;1.00000e+00;40;9.99960e-01;1.00699e+00;4.44168e-04
nav-lives;me-hebbian-neuron;5;[8];318;31800;31800;6.94255e+02;65;1;1;1.00000e+00;1.00000e+00;1.00000e+00;40;9.99960e-01;1.00699e+00;4.44168e-04
nav-lives;me-hebbian-neuron;5;[8];319;31900;31900;6.95124e+02;65;1;1;1.00000e+00;1.00000e+00;1.00000e+00;40;9.99960e-01;1.00699e+00;4.44168e-04
nav-lives;me-hebbian-neuron;5;[8];320;32000;32000;6.95973e+02;65;1;1;1.00000e+00;1.00000e+00;1.00000e+00;40;9.99960e-01;1.00699e+00;4.44168e-04
nav-lives;me-hebbian-neuron;5;[8];321;32100;32100;6.96798e+02;65;1;1;1.00000e+00;1.00000e+00;1.00000e+00;40;9.99960e-01;1.00699e+00;4.44168e-04
nav-lives;me-hebbian-neuron;5;[8];322;32200;32200;6.97647e+02;65;1;1;1.00000e+00;1.00000e+00;1.00000e+00;40;9.99960e-01;1.00699e+00;4.44168e-04
nav-lives;me-hebbian-neuron;5;[8];323;32300;32300;6.98479e+02;65;1;1;1.00000e+00;1.00000e+00;1.00000e+00;40;9.99960e-01;1.00699e+00;4.44168e-04
nav-lives;me-hebbian-neuron;5;[8];324;32400;32400;6.99338e+02;65;1;1;1.00000e+00;1.00000e+00;1.00000e+00;40;9.99960e-01;1.00699e+00;4.44168e-04
nav-lives;me-hebbian-neuron;5;[8];325;32500;32500;7.00195e+02;65;1;1;1.00000e+00;1.00000e+00;1.00000e+00;40;9.99960e-01;1.00699e+00;4.44168e-04
nav-lives;me-hebbian-neuron;5;[8];326;32600;32600;7.01021e+02;65;1;1;1.00000e+00;1.00000e+00;1.00000e+00;40;9.99960e-01;1.00699e+00;4.44168e-04
nav-lives;me-hebbian-neuron;5;[8];327;32700;32700;7.01857e+02;65;1;1;1.00000e+00;1.00000e+00;1.00000e+00;40;9.99960e-01;1.00699e+00;4.44168e-04
nav-lives;me-hebbian-neuron;5;[8];328;32800;32800;7.02648e+02;65;1;1;1.00000e+00;1.00000e+00;1.00000e+00;40;9.99960e-01;1.00699e+00;4.44168e-04
nav-lives;me-hebbian-neuron;5;[8];329;32900;32900;7.03421e+02;65;1;1;1.00000e+00;1.00000e+00;1.00000e+00;40;9.99960e-01;1.00699e+00;4.44168e-04
nav-lives;me-freeForm;1;[8];13;1300;1300;7.02867e+02;12;1;1;1.00000e+00;1.00000e+00;1.00000e+00;69;9.99799e-01;1.00707e+00;9.05454e-04
nav-lives;me-hebbian-neuron;5;[8];330;33000;33000;7.04642e+02;65;1;1;1.00000e+00;1.00000e+00;1.00000e+00;40;9.99960e-01;1.00699e+00;4.44168e-04
nav-lives;me-hebbian-neuron;5;[8];331;33100;33100;7.37958e+02;65;1;1;1.00000e+00;1.00000e+00;1.00000e+00;40;9.99960e-01;1.00699e+00;4.44168e-04
nav-lives;me-hebbian-neuron;5;[8];332;33200;33200;7.39042e+02;65;1;1;1.00000e+00;1.00000e+00;1.00000e+00;40;9.99960e-01;1.00699e+00;4.44168e-04
nav-lives;me-hebbian-neuron;5;[8];333;33300;33300;7.39903e+02;65;1;1;1.00000e+00;1.00000e+00;1.00000e+00;40;9.99960e-01;1.00699e+00;4.44168e-04
nav-lives;me-hebbian-neuron;5;[8];334;33400;33400;7.40783e+02;65;1;1;1.00000e+00;1.00000e+00;1.00000e+00;40;9.99960e-01;1.00699e+00;4.44168e-04
nav-lives;me-hebbian-neuron;5;[8];335;33500;33500;7.41651e+02;65;1;1;1.00000e+00;1.00000e+00;1.00000e+00;40;9.99960e-01;1.00699e+00;4.44168e-04
nav-lives;me-hebbian-neuron;5;[8];336;33600;33600;7.42490e+02;65;1;1;1.00000e+00;1.00000e+00;1.00000e+00;40;9.99960e-01;1.00699e+00;4.44168e-04
nav-lives;me-hebbian-neuron;5;[8];337;33700;33700;7.43362e+02;65;1;1;1.00000e+00;1.00000e+00;1.00000e+00;40;9.99960e-01;1.00699e+00;4.44168e-04
nav-lives;me-hebbian-neuron;5;[8];338;33800;33800;7.44209e+02;65;1;1;1.00000e+00;1.00000e+00;1.00000e+00;40;9.99960e-01;1.00699e+00;4.44168e-04
nav-lives;me-hebbian-neuron;5;[8];339;33900;33900;7.45055e+02;65;1;1;1.00000e+00;1.00000e+00;1.00000e+00;40;9.99960e-01;1.00699e+00;4.44168e-04
nav-lives;me-hebbian-neuron;5;[8];340;34000;34000;7.45903e+02;65;1;1;1.00000e+00;1.00000e+00;1.00000e+00;40;9.99960e-01;1.00699e+00;4.44168e-04
nav-lives;me-hebbian-neuron;5;[8];341;34100;34100;7.46740e+02;65;1;1;1.00000e+00;1.00000e+00;1.00000e+00;40;9.99960e-01;1.00699e+00;4.44168e-04
nav-lives;me-hebbian-neuron;5;[8];342;34200;34200;7.47585e+02;65;1;1;1.00000e+00;1.00000e+00;1.00000e+00;40;9.99960e-01;1.00699e+00;4.44168e-04
nav-lives;me-hebbian-neuron;5;[8];343;34300;34300;7.48454e+02;65;1;1;1.00000e+00;1.00000e+00;1.00000e+00;40;9.99960e-01;1.00699e+00;4.44168e-04
nav-lives;me-hebbian-neuron;5;[8];344;34400;34400;7.49296e+02;65;1;1;1.00000e+00;1.00000e+00;1.00000e+00;40;9.99960e-01;1.00699e+00;4.44168e-04
nav-lives;me-hebbian-neuron;5;[8];345;34500;34500;7.50165e+02;65;1;1;1.00000e+00;1.00000e+00;1.00000e+00;40;9.99960e-01;1.00699e+00;4.44168e-04
nav-lives;me-hebbian-neuron;5;[8];346;34600;34600;7.51007e+02;65;1;1;1.00000e+00;1.00000e+00;1.00000e+00;40;9.99960e-01;1.00699e+00;4.44168e-04
nav-lives;me-hebbian-neuron;5;[8];347;34700;34700;7.51837e+02;65;1;1;1.00000e+00;1.00000e+00;1.00000e+00;40;9.99960e-01;1.00699e+00;4.44168e-04
nav-lives;me-hebbian-neuron;5;[8];348;34800;34800;7.52693e+02;65;1;1;1.00000e+00;1.00000e+00;1.00000e+00;40;9.99960e-01;1.00699e+00;4.44168e-04
nav-lives;me-hebbian-neuron;5;[8];349;34900;34900;7.53508e+02;65;1;1;1.00000e+00;1.00000e+00;1.00000e+00;40;9.99960e-01;1.00699e+00;4.44168e-04
nav-lives;me-hebbian-neuron;5;[8];350;35000;35000;7.54321e+02;65;1;1;1.00000e+00;1.00000e+00;1.00000e+00;40;9.99960e-01;1.00699e+00;4.44168e-04
nav-lives;me-hebbian-neuron;5;[8];351;35100;35100;7.55072e+02;65;1;1;1.00000e+00;1.00000e+00;1.00000e+00;40;9.99960e-01;1.00699e+00;4.44168e-04
nav-lives;me-hebbian-neuron;5;[8];352;35200;35200;7.55834e+02;65;1;1;1.00000e+00;1.00000e+00;1.00000e+00;40;9.99960e-01;1.00699e+00;4.44168e-04
nav-lives;me-freeForm;1;[8];14;1400;1400;7.55219e+02;13;1;1;1.00000e+00;1.00000e+00;1.00000e+00;69;9.99799e-01;1.00707e+00;9.05454e-04
nav-lives;me-hebbian-neuron;5;[8];353;35300;35300;7.57084e+02;65;1;1;1.00000e+00;1.00000e+00;1.00000e+00;40;9.99960e-01;1.00699e+00;4.44168e-04
nav-lives;me-hebbian-neuron;5;[8];354;35400;35400;7.90467e+02;65;1;1;1.00000e+00;1.00000e+00;1.00000e+00;40;9.99960e-01;1.00699e+00;4.44168e-04
nav-lives;me-hebbian-neuron;5;[8];355;35500;35500;7.91510e+02;65;1;1;1.00000e+00;1.00000e+00;1.00000e+00;40;9.99960e-01;1.00699e+00;4.44168e-04
nav-lives;me-hebbian-neuron;5;[8];356;35600;35600;7.92359e+02;65;1;1;1.00000e+00;1.00000e+00;1.00000e+00;40;9.99960e-01;1.00699e+00;4.44168e-04
nav-lives;me-hebbian-neuron;5;[8];357;35700;35700;7.93219e+02;65;1;1;1.00000e+00;1.00000e+00;1.00000e+00;40;9.99960e-01;1.00699e+00;4.44168e-04
nav-lives;me-hebbian-neuron;5;[8];358;35800;35800;7.94113e+02;65;1;1;1.00000e+00;1.00000e+00;1.00000e+00;40;9.99960e-01;1.00699e+00;4.44168e-04
nav-lives;me-hebbian-neuron;5;[8];359;35900;35900;7.95016e+02;65;1;1;1.00000e+00;1.00000e+00;1.00000e+00;40;9.99960e-01;1.00699e+00;4.44168e-04
nav-lives;me-hebbian-neuron;5;[8];360;36000;36000;7.95886e+02;65;1;1;1.00000e+00;1.00000e+00;1.00000e+00;40;9.99960e-01;1.00699e+00;4.44168e-04
nav-lives;me-hebbian-neuron;5;[8];361;36100;36100;7.96734e+02;65;1;1;1.00000e+00;1.00000e+00;1.00000e+00;40;9.99960e-01;1.00699e+00;4.44168e-04
nav-lives;me-hebbian-neuron;5;[8];362;36200;36200;7.97573e+02;65;1;1;1.00000e+00;1.00000e+00;1.00000e+00;40;9.99960e-01;1.00699e+00;4.44168e-04
nav-lives;me-hebbian-neuron;5;[8];363;36300;36300;7.98435e+02;65;1;1;1.00000e+00;1.00000e+00;1.00000e+00;40;9.99982e-01;1.00716e+00;1.62287e-04
nav-lives;me-hebbian-neuron;5;[8];364;36400;36400;7.99284e+02;65;1;1;1.00000e+00;1.00000e+00;1.00000e+00;40;9.99982e-01;1.00716e+00;1.62287e-04
nav-lives;me-hebbian-neuron;5;[8];365;36500;36500;8.00123e+02;65;1;1;1.00000e+00;1.00000e+00;1.00000e+00;40;9.99982e-01;1.00716e+00;1.62287e-04
nav-lives;me-hebbian-neuron;5;[8];366;36600;36600;8.00973e+02;65;1;1;1.00000e+00;1.00000e+00;1.00000e+00;40;9.99982e-01;1.00716e+00;1.62287e-04
nav-lives;me-hebbian-neuron;5;[8];367;36700;36700;8.01799e+02;65;1;1;1.00000e+00;1.00000e+00;1.00000e+00;40;9.99982e-01;1.00716e+00;1.62287e-04
nav-lives;me-hebbian-neuron;5;[8];368;36800;36800;8.02647e+02;65;1;1;1.00000e+00;1.00000e+00;1.00000e+00;40;9.99982e-01;1.00716e+00;1.62287e-04
nav-lives;me-hebbian-neuron;5;[8];369;36900;36900;8.03511e+02;65;1;1;1.00000e+00;1.00000e+00;1.00000e+00;40;9.99982e-01;1.00716e+00;1.62287e-04
nav-lives;me-hebbian-neuron;5;[8];370;37000;37000;8.04353e+02;65;1;1;1.00000e+00;1.00000e+00;1.00000e+00;40;9.99982e-01;1.00716e+00;1.62287e-04
nav-lives;me-hebbian-neuron;5;[8];371;37100;37100;8.05200e+02;65;1;1;1.00000e+00;1.00000e+00;1.00000e+00;40;9.99982e-01;1.00716e+00;1.62287e-04
nav-lives;me-hebbian-neuron;5;[8];372;37200;37200;8.05990e+02;65;1;1;1.00000e+00;1.00000e+00;1.00000e+00;40;9.99982e-01;1.00716e+00;1.62287e-04
nav-lives;me-hebbian-neuron;5;[8];373;37300;37300;8.06797e+02;65;1;1;1.00000e+00;1.00000e+00;1.00000e+00;40;9.99982e-01;1.00716e+00;1.62287e-04
nav-lives;me-hebbian-neuron;5;[8];374;37400;37400;8.07544e+02;65;1;1;1.00000e+00;1.00000e+00;1.00000e+00;40;9.99982e-01;1.00716e+00;1.62287e-04
nav-lives;me-freeForm;1;[8];15;1500;1500;8.07268e+02;13;1;1;1.00000e+00;1.00000e+00;1.00000e+00;69;9.99799e-01;1.00707e+00;9.05454e-04
nav-lives;me-hebbian-neuron;5;[8];375;37500;37500;8.08808e+02;65;1;1;1.00000e+00;1.00000e+00;1.00000e+00;40;9.99982e-01;1.00716e+00;1.62287e-04
nav-lives;me-hebbian-neuron;5;[8];376;37600;37600;8.42296e+02;65;1;1;1.00000e+00;1.00000e+00;1.00000e+00;40;9.99982e-01;1.00716e+00;1.62287e-04
nav-lives;me-hebbian-neuron;5;[8];377;37700;37700;8.43261e+02;65;1;1;1.00000e+00;1.00000e+00;1.00000e+00;40;9.99982e-01;1.00716e+00;1.62287e-04
nav-lives;me-hebbian-neuron;5;[8];378;37800;37800;8.44124e+02;65;1;1;1.00000e+00;1.00000e+00;1.00000e+00;40;9.99982e-01;1.00716e+00;1.62287e-04
nav-lives;me-hebbian-neuron;5;[8];379;37900;37900;8.45003e+02;65;1;1;1.00000e+00;1.00000e+00;1.00000e+00;40;9.99982e-01;1.00716e+00;1.62287e-04
nav-lives;me-hebbian-neuron;5;[8];380;38000;38000;8.45860e+02;65;1;1;1.00000e+00;1.00000e+00;1.00000e+00;40;9.99982e-01;1.00716e+00;1.62287e-04
nav-lives;me-hebbian-neuron;5;[8];381;38100;38100;8.46731e+02;65;1;1;1.00000e+00;1.00000e+00;1.00000e+00;40;9.99982e-01;1.00716e+00;1.62287e-04
nav-lives;me-hebbian-neuron;5;[8];382;38200;38200;8.47602e+02;65;1;1;1.00000e+00;1.00000e+00;1.00000e+00;40;9.99982e-01;1.00716e+00;1.62287e-04
nav-lives;me-hebbian-neuron;5;[8];383;38300;38300;8.48428e+02;65;1;1;1.00000e+00;1.00000e+00;1.00000e+00;40;9.99982e-01;1.00716e+00;1.62287e-04
nav-lives;me-hebbian-neuron;5;[8];384;38400;38400;8.49292e+02;65;1;1;1.00000e+00;1.00000e+00;1.00000e+00;40;9.99982e-01;1.00716e+00;1.62287e-04
nav-lives;me-hebbian-neuron;5;[8];385;38500;38500;8.50172e+02;65;1;1;1.00000e+00;1.00000e+00;1.00000e+00;40;9.99982e-01;1.00716e+00;1.62287e-04
nav-lives;me-hebbian-neuron;5;[8];386;38600;38600;8.51024e+02;65;1;1;1.00000e+00;1.00000e+00;1.00000e+00;40;9.99982e-01;1.00716e+00;1.62287e-04
nav-lives;me-hebbian-neuron;5;[8];387;38700;38700;8.51878e+02;65;1;1;1.00000e+00;1.00000e+00;1.00000e+00;40;9.99982e-01;1.00716e+00;1.62287e-04
nav-lives;me-hebbian-neuron;5;[8];388;38800;38800;8.52705e+02;65;1;1;1.00000e+00;1.00000e+00;1.00000e+00;40;9.99982e-01;1.00716e+00;1.62287e-04
nav-lives;me-hebbian-neuron;5;[8];389;38900;38900;8.53549e+02;65;1;1;1.00000e+00;1.00000e+00;1.00000e+00;40;9.99982e-01;1.00716e+00;1.62287e-04
nav-lives;me-hebbian-neuron;5;[8];390;39000;39000;8.54415e+02;65;1;1;1.00000e+00;1.00000e+00;1.00000e+00;40;9.99982e-01;1.00716e+00;1.62287e-04
nav-lives;me-hebbian-neuron;5;[8];391;39100;39100;8.55247e+02;65;1;1;1.00000e+00;1.00000e+00;1.00000e+00;40;9.99982e-01;1.00716e+00;1.62287e-04
nav-lives;me-hebbian-neuron;5;[8];392;39200;39200;8.56105e+02;65;1;1;1.00000e+00;1.00000e+00;1.00000e+00;40;9.99982e-01;1.00716e+00;1.62287e-04
nav-lives;me-hebbian-neuron;5;[8];393;39300;39300;8.56932e+02;65;1;1;1.00000e+00;1.00000e+00;1.00000e+00;40;9.99982e-01;1.00716e+00;1.62287e-04
nav-lives;me-hebbian-neuron;5;[8];394;39400;39400;8.57724e+02;65;1;1;1.00000e+00;1.00000e+00;1.00000e+00;40;9.99982e-01;1.00716e+00;1.62287e-04
nav-lives;me-hebbian-neuron;5;[8];395;39500;39500;8.58520e+02;65;1;1;1.00000e+00;1.00000e+00;1.00000e+00;40;9.99982e-01;1.00716e+00;1.62287e-04
nav-lives;me-hebbian-neuron;5;[8];396;39600;39600;8.59306e+02;65;1;1;1.00000e+00;1.00000e+00;1.00000e+00;40;9.99982e-01;1.00716e+00;1.62287e-04
nav-lives;me-freeForm;1;[8];16;1600;1600;8.59044e+02;16;1;1;1.00000e+00;1.00000e+00;1.00000e+00;69;9.99799e-01;1.00707e+00;9.05454e-04
nav-lives;me-hebbian-neuron;5;[8];397;39700;39700;8.60675e+02;65;1;1;1.00000e+00;1.00000e+00;1.00000e+00;40;9.99982e-01;1.00716e+00;1.62287e-04
nav-lives;me-hebbian-neuron;5;[8];398;39800;39800;8.93872e+02;65;1;1;1.00000e+00;1.00000e+00;1.00000e+00;40;9.99982e-01;1.00716e+00;1.62287e-04
nav-lives;me-hebbian-neuron;5;[8];399;39900;39900;8.94799e+02;65;1;1;1.00000e+00;1.00000e+00;1.00000e+00;40;9.99982e-01;1.00716e+00;1.62287e-04
nav-lives;me-hebbian-neuron;5;[8];400;40000;40000;8.95658e+02;65;1;1;1.00000e+00;1.00000e+00;1.00000e+00;40;9.99982e-01;1.00716e+00;1.62287e-04
nav-lives;me-freeForm;1;[8];17;1700;1700;9.21788e+02;16;1;1;1.00000e+00;1.00000e+00;1.00000e+00;69;9.99799e-01;1.00707e+00;9.05454e-04
nav-lives;me-freeForm;1;[8];18;1800;1800;9.73303e+02;16;1;1;1.00000e+00;1.00000e+00;1.00000e+00;69;9.99799e-01;1.00707e+00;9.05454e-04
nav-lives;me-freeForm;2;[8];1;100;100;9.04830e+01;1;1;1;1.00000e+00;1.00000e+00;1.00000e+00;7;-6.09553e-03;1.03893e-04;5.78348e-06
nav-lives;me-freeForm;1;[8];19;1900;1900;1.03663e+03;16;1;1;1.00000e+00;1.00000e+00;1.00000e+00;69;9.99799e-01;1.00707e+00;9.05454e-04
nav-lives;me-freeForm;2;[8];2;200;200;1.67661e+02;1;1;1;1.00000e+00;1.00000e+00;1.00000e+00;9;-4.83850e-03;1.82791e-03;2.39559e-04
nav-lives;me-freeForm;1;[8];20;2000;2000;1.10037e+03;16;1;1;1.00000e+00;1.00000e+00;1.00000e+00;69;9.99799e-01;1.00707e+00;9.05454e-04
nav-lives;me-freeForm;2;[8];3;300;300;2.32748e+02;1;1;1;1.00000e+00;1.00000e+00;1.00000e+00;27;-4.10027e-03;8.84175e-04;5.19529e-04
nav-lives;me-freeForm;1;[8];21;2100;2100;1.16516e+03;18;1;1;1.00000e+00;1.00000e+00;1.00000e+00;69;9.99799e-01;1.00707e+00;9.05454e-04
nav-lives;me-freeForm;2;[8];4;400;400;2.97913e+02;1;1;1;1.00000e+00;1.00000e+00;1.00000e+00;27;-2.63306e-03;1.38990e-03;2.15577e-04
nav-lives;me-freeForm;1;[8];22;2200;2200;1.23106e+03;18;1;1;1.00000e+00;1.00000e+00;1.00000e+00;69;9.99799e-01;1.00707e+00;9.05454e-04
nav-lives;me-freeForm;2;[8];5;500;500;3.64044e+02;1;1;1;1.00000e+00;1.00000e+00;1.00000e+00;25;-2.37766e-03;1.62093e-03;6.64548e-04
nav-lives;me-freeForm;1;[8];23;2300;2300;1.29638e+03;18;1;1;1.00000e+00;1.00000e+00;1.00000e+00;69;9.99799e-01;1.00707e+00;9.05454e-04
nav-lives;me-freeForm;2;[8];6;600;600;4.30427e+02;1;1;1;1.00000e+00;1.00000e+00;1.00000e+00;28;-2.17195e-03;1.89075e-03;2.51439e-04
nav-lives;me-freeForm;1;[8];24;2400;2400;1.36372e+03;19;1;1;1.00000e+00;1.00000e+00;1.00000e+00;69;9.99799e-01;1.00707e+00;9.05454e-04
nav-lives;me-freeForm;2;[8];7;700;700;5.01388e+02;1;1;1;1.00000e+00;1.00000e+00;1.00000e+00;28;-2.17195e-03;1.89075e-03;2.51439e-04
nav-lives;me-freeForm;1;[8];25;2500;2500;1.43638e+03;19;1;1;1.00000e+00;1.00000e+00;1.00000e+00;69;9.99799e-01;1.00707e+00;9.05454e-04
nav-lives;me-freeForm;2;[8];8;800;800;5.73725e+02;2;1;1;1.00000e+00;1.00000e+00;1.00000e+00;24;4.97894e-01;5.03718e-01;2.46709e-04
nav-lives;me-freeForm;1;[8];26;2600;2600;1.50556e+03;19;1;1;1.00000e+00;1.00000e+00;1.00000e+00;69;9.99799e-01;1.00707e+00;9.05454e-04
nav-lives;me-freeForm;2;[8];9;900;900;6.39239e+02;2;1;1;1.00000e+00;1.00000e+00;1.00000e+00;24;4.97894e-01;5.03718e-01;2.46709e-04
nav-lives;me-freeForm;1;[8];27;2700;2700;1.57175e+03;19;1;1;1.00000e+00;1.00000e+00;1.00000e+00;69;9.99799e-01;1.00707e+00;9.05454e-04
nav-lives;me-freeForm;2;[8];10;1000;1000;7.06137e+02;2;1;1;1.00000e+00;1.00000e+00;1.00000e+00;24;4.97894e-01;5.03718e-01;2.46709e-04
nav-lives;me-freeForm;1;[8];28;2800;2800;1.63941e+03;20;1;1;1.00000e+00;1.00000e+00;1.00000e+00;69;9.99799e-01;1.00707e+00;9.05454e-04
nav-lives;me-freeForm;2;[8];11;1100;1100;7.74214e+02;2;1;1;1.00000e+00;1.00000e+00;1.00000e+00;24;4.97894e-01;5.03718e-01;2.46709e-04
nav-lives;me-freeForm;1;[8];29;2900;2900;1.70850e+03;20;1;1;1.00000e+00;1.00000e+00;1.00000e+00;69;9.99799e-01;1.00707e+00;9.05454e-04
nav-lives;me-freeForm;2;[8];12;1200;1200;8.45294e+02;2;1;1;1.00000e+00;1.00000e+00;1.00000e+00;24;4.97894e-01;5.03718e-01;2.46709e-04
nav-lives;me-freeForm;1;[8];30;3000;3000;1.77739e+03;21;1;1;1.00000e+00;1.00000e+00;1.00000e+00;69;9.99799e-01;1.00707e+00;9.05454e-04
nav-lives;me-freeForm;2;[8];13;1300;1300;9.16136e+02;2;1;1;1.00000e+00;1.00000e+00;1.00000e+00;24;4.97894e-01;5.03718e-01;2.46709e-04
nav-lives;me-freeForm;1;[8];31;3100;3100;1.84824e+03;21;1;1;1.00000e+00;1.00000e+00;1.00000e+00;69;9.99799e-01;1.00707e+00;9.05454e-04
nav-lives;me-freeForm;2;[8];14;1400;1400;9.83556e+02;2;1;1;1.00000e+00;1.00000e+00;1.00000e+00;24;4.97894e-01;5.03718e-01;2.46709e-04
nav-lives;me-freeForm;1;[8];32;3200;3200;1.91750e+03;22;1;1;1.00000e+00;1.00000e+00;1.00000e+00;69;9.99799e-01;1.00707e+00;9.05454e-04
nav-lives;me-freeForm;2;[8];15;1500;1500;1.05245e+03;2;1;1;1.00000e+00;1.00000e+00;1.00000e+00;24;4.97894e-01;5.03718e-01;2.46709e-04
nav-lives;me-freeForm;1;[8];33;3300;3300;1.98596e+03;22;1;1;1.00000e+00;1.00000e+00;1.00000e+00;69;9.99799e-01;1.00707e+00;9.05454e-04
nav-lives;me-freeForm;2;[8];16;1600;1600;1.12136e+03;2;1;1;1.00000e+00;1.00000e+00;1.00000e+00;24;4.97894e-01;5.03718e-01;2.46709e-04
nav-lives;me-freeForm;1;[8];34;3400;3400;2.05541e+03;22;1;1;1.00000e+00;1.00000e+00;1.00000e+00;69;9.99799e-01;1.00707e+00;9.05454e-04
nav-lives;me-freeForm;2;[8];17;1700;1700;1.18957e+03;2;1;1;1.00000e+00;1.00000e+00;1.00000e+00;24;4.97894e-01;5.03718e-01;2.46709e-04
nav-lives;me-freeForm;1;[8];35;3500;3500;2.12348e+03;22;1;1;1.00000e+00;1.00000e+00;1.00000e+00;69;9.99799e-01;1.00707e+00;9.05454e-04
nav-lives;me-freeForm;2;[8];18;1800;1800;1.25943e+03;2;1;1;1.00000e+00;1.00000e+00;1.00000e+00;24;4.97894e-01;5.03718e-01;2.46709e-04
nav-lives;me-freeForm;1;[8];36;3600;3600;2.19124e+03;22;1;1;1.00000e+00;1.00000e+00;1.00000e+00;69;9.99799e-01;1.00707e+00;9.05454e-04
nav-lives;me-freeForm;2;[8];19;1900;1900;1.32784e+03;2;1;1;1.00000e+00;1.00000e+00;1.00000e+00;24;4.97894e-01;5.03718e-01;2.46709e-04
nav-lives;me-freeForm;1;[8];37;3700;3700;2.26250e+03;22;1;1;1.00000e+00;1.00000e+00;1.00000e+00;69;9.99799e-01;1.00707e+00;9.05454e-04
nav-lives;me-freeForm;2;[8];20;2000;2000;1.39526e+03;2;1;1;1.00000e+00;1.00000e+00;1.00000e+00;24;4.97894e-01;5.03718e-01;2.46709e-04
nav-lives;me-freeForm;1;[8];38;3800;3800;2.33041e+03;24;1;1;1.00000e+00;1.00000e+00;1.00000e+00;69;9.99799e-01;1.00707e+00;9.05454e-04
nav-lives;me-freeForm;2;[8];21;2100;2100;1.46443e+03;2;1;1;1.00000e+00;1.00000e+00;1.00000e+00;24;4.97894e-01;5.03718e-01;2.46709e-04
nav-lives;me-freeForm;1;[8];39;3900;3900;2.39758e+03;24;1;1;1.00000e+00;1.00000e+00;1.00000e+00;69;9.99799e-01;1.00707e+00;9.05454e-04
nav-lives;me-freeForm;2;[8];22;2200;2200;1.53414e+03;2;1;1;1.00000e+00;1.00000e+00;1.00000e+00;24;4.97894e-01;5.03718e-01;2.46709e-04
nav-lives;me-freeForm;1;[8];40;4000;4000;2.46733e+03;25;1;1;1.00000e+00;1.00000e+00;1.00000e+00;69;9.99799e-01;1.00707e+00;9.05454e-04
nav-lives;me-freeForm;2;[8];23;2300;2300;1.60199e+03;2;1;1;1.00000e+00;1.00000e+00;1.00000e+00;24;4.97894e-01;5.03718e-01;2.46709e-04
nav-lives;me-freeForm;1;[8];41;4100;4100;2.53620e+03;26;1;1;1.00000e+00;1.00000e+00;1.00000e+00;69;9.99799e-01;1.00707e+00;9.05454e-04
nav-lives;me-freeForm;2;[8];24;2400;2400;1.67088e+03;2;1;1;1.00000e+00;1.00000e+00;1.00000e+00;24;4.97894e-01;5.03718e-01;2.46709e-04
nav-lives;me-freeForm;1;[8];42;4200;4200;2.60480e+03;26;1;1;1.00000e+00;1.00000e+00;1.00000e+00;69;9.99799e-01;1.00707e+00;9.05454e-04
nav-lives;me-freeForm;2;[8];25;2500;2500;1.73971e+03;2;1;1;1.00000e+00;1.00000e+00;1.00000e+00;24;4.97894e-01;5.03718e-01;2.46709e-04
nav-lives;me-freeForm;1;[8];43;4300;4300;2.67429e+03;28;1;1;1.00000e+00;1.00000e+00;1.00000e+00;69;9.99799e-01;1.00707e+00;9.05454e-04
nav-lives;me-freeForm;2;[8];26;2600;2600;1.80715e+03;2;1;1;1.00000e+00;1.00000e+00;1.00000e+00;24;4.97894e-01;5.03718e-01;2.46709e-04
nav-lives;me-freeForm;1;[8];44;4400;4400;2.74176e+03;31;1;1;1.00000e+00;1.00000e+00;1.00000e+00;69;9.99799e-01;1.00707e+00;9.05454e-04
nav-lives;me-freeForm;2;[8];27;2700;2700;1.87672e+03;2;1;1;1.00000e+00;1.00000e+00;1.00000e+00;24;4.97894e-01;5.03718e-01;2.46709e-04
nav-lives;me-freeForm;1;[8];45;4500;4500;2.80952e+03;32;1;1;1.00000e+00;1.00000e+00;1.00000e+00;69;9.99799e-01;1.00707e+00;9.05454e-04
nav-lives;me-freeForm;2;[8];28;2800;2800;1.94521e+03;2;1;1;1.00000e+00;1.00000e+00;1.00000e+00;24;4.97894e-01;5.03718e-01;2.46709e-04
nav-lives;me-freeForm;1;[8];46;4600;4600;2.87585e+03;32;1;1;1.00000e+00;1.00000e+00;1.00000e+00;69;9.99799e-01;1.00707e+00;9.05454e-04
nav-lives;me-freeForm;2;[8];29;2900;2900;2.01200e+03;2;1;1;1.00000e+00;1.00000e+00;1.00000e+00;24;4.97894e-01;5.03718e-01;2.46709e-04
nav-lives;me-freeForm;1;[8];47;4700;4700;2.94550e+03;33;1;1;1.00000e+00;1.00000e+00;1.00000e+00;69;9.99799e-01;1.00707e+00;9.05454e-04
nav-lives;me-freeForm;2;[8];30;3000;3000;2.08176e+03;2;1;1;1.00000e+00;1.00000e+00;1.00000e+00;24;4.97894e-01;5.03718e-01;2.46709e-04
nav-lives;me-freeForm;1;[8];48;4800;4800;3.01528e+03;33;1;1;1.00000e+00;1.00000e+00;1.00000e+00;69;9.99799e-01;1.00707e+00;9.05454e-04
nav-lives;me-freeForm;2;[8];31;3100;3100;2.15244e+03;2;1;1;1.00000e+00;1.00000e+00;1.00000e+00;24;4.97894e-01;5.03718e-01;2.46709e-04
nav-lives;me-freeForm;1;[8];49;4900;4900;3.08570e+03;33;1;1;1.00000e+00;1.00000e+00;1.00000e+00;69;9.99799e-01;1.00707e+00;9.05454e-04
nav-lives;me-freeForm;2;[8];32;3200;3200;2.21965e+03;2;1;1;1.00000e+00;1.00000e+00;1.00000e+00;24;4.97894e-01;5.03718e-01;2.46709e-04
nav-lives;me-freeForm;1;[8];50;5000;5000;3.15169e+03;33;1;1;1.00000e+00;1.00000e+00;1.00000e+00;69;9.99799e-01;1.00707e+00;9.05454e-04
nav-lives;me-freeForm;2;[8];33;3300;3300;2.28856e+03;2;1;1;1.00000e+00;1.00000e+00;1.00000e+00;24;4.97894e-01;5.03718e-01;2.46709e-04
nav-lives;me-freeForm;1;[8];51;5100;5100;3.22063e+03;33;1;1;1.00000e+00;1.00000e+00;1.00000e+00;69;9.99799e-01;1.00707e+00;9.05454e-04
nav-lives;me-freeForm;2;[8];34;3400;3400;2.35615e+03;2;1;1;1.00000e+00;1.00000e+00;1.00000e+00;24;4.97894e-01;5.03718e-01;2.46709e-04
nav-lives;me-freeForm;1;[8];52;5200;5200;3.28868e+03;34;1;1;1.00000e+00;1.00000e+00;1.00000e+00;69;9.99799e-01;1.00707e+00;9.05454e-04
nav-lives;me-freeForm;2;[8];35;3500;3500;2.42479e+03;2;1;1;1.00000e+00;1.00000e+00;1.00000e+00;24;4.97894e-01;5.03718e-01;2.46709e-04
nav-lives;me-freeForm;1;[8];53;5300;5300;3.35839e+03;34;1;1;1.00000e+00;1.00000e+00;1.00000e+00;69;9.99799e-01;1.00707e+00;9.05454e-04
nav-lives;me-freeForm;2;[8];36;3600;3600;2.49315e+03;2;1;1;1.00000e+00;1.00000e+00;1.00000e+00;24;4.97894e-01;5.03718e-01;2.46709e-04
nav-lives;me-freeForm;1;[8];54;5400;5400;3.42609e+03;35;1;1;1.00000e+00;1.00000e+00;1.00000e+00;69;9.99799e-01;1.00707e+00;9.05454e-04
nav-lives;me-freeForm;2;[8];37;3700;3700;2.56482e+03;2;1;1;1.00000e+00;1.00000e+00;1.00000e+00;24;4.97894e-01;5.03718e-01;2.46709e-04
nav-lives;me-freeForm;1;[8];55;5500;5500;3.49599e+03;36;1;1;1.00000e+00;1.00000e+00;1.00000e+00;69;9.99799e-01;1.00707e+00;9.05454e-04
nav-lives;me-freeForm;2;[8];38;3800;3800;2.63144e+03;2;1;1;1.00000e+00;1.00000e+00;1.00000e+00;24;4.97894e-01;5.03718e-01;2.46709e-04
nav-lives;me-freeForm;1;[8];56;5600;5600;3.56379e+03;36;1;1;1.00000e+00;1.00000e+00;1.00000e+00;69;9.99799e-01;1.00707e+00;9.05454e-04
nav-lives;me-freeForm;2;[8];39;3900;3900;2.70048e+03;2;1;1;1.00000e+00;1.00000e+00;1.00000e+00;24;4.97894e-01;5.03718e-01;2.46709e-04
nav-lives;me-freeForm;1;[8];57;5700;5700;3.63356e+03;36;1;1;1.00000e+00;1.00000e+00;1.00000e+00;69;9.99799e-01;1.00707e+00;9.05454e-04
nav-lives;me-freeForm;2;[8];40;4000;4000;2.76852e+03;2;1;1;1.00000e+00;1.00000e+00;1.00000e+00;24;4.97894e-01;5.03718e-01;2.46709e-04
nav-lives;me-freeForm;1;[8];58;5800;5800;3.70157e+03;36;1;1;1.00000e+00;1.00000e+00;1.00000e+00;69;9.99799e-01;1.00707e+00;9.05454e-04
nav-lives;me-freeForm;2;[8];41;4100;4100;2.83844e+03;2;1;1;1.00000e+00;1.00000e+00;1.00000e+00;24;4.97894e-01;5.03718e-01;2.46709e-04
nav-lives;me-freeForm;1;[8];59;5900;5900;3.77077e+03;37;1;1;1.00000e+00;1.00000e+00;1.00000e+00;69;9.99799e-01;1.00707e+00;9.05454e-04
nav-lives;me-freeForm;2;[8];42;4200;4200;2.90748e+03;2;1;1;1.00000e+00;1.00000e+00;1.00000e+00;24;4.97894e-01;5.03718e-01;2.46709e-04
nav-lives;me-freeForm;1;[8];60;6000;6000;3.84064e+03;37;1;1;1.00000e+00;1.00000e+00;1.00000e+00;69;9.99799e-01;1.00707e+00;9.05454e-04
nav-lives;me-freeForm;2;[8];43;4300;4300;2.97420e+03;2;1;1;1.00000e+00;1.00000e+00;1.00000e+00;24;4.97894e-01;5.03718e-01;2.46709e-04
nav-lives;me-freeForm;1;[8];61;6100;6100;3.90764e+03;38;1;1;1.00000e+00;1.00000e+00;1.00000e+00;69;9.99799e-01;1.00707e+00;9.05454e-04
nav-lives;me-freeForm;2;[8];44;4400;4400;3.04309e+03;2;1;1;1.00000e+00;1.00000e+00;1.00000e+00;24;4.97894e-01;5.03718e-01;2.46709e-04
nav-lives;me-freeForm;1;[8];62;6200;6200;3.97444e+03;38;1;1;9.73684e-01;1.00000e+00;1.00000e+00;69;9.99799e-01;1.00707e+00;9.05454e-04
nav-lives;me-freeForm;2;[8];45;4500;4500;3.11147e+03;2;1;1;1.00000e+00;1.00000e+00;1.00000e+00;24;4.97894e-01;5.03718e-01;2.46709e-04
nav-lives;me-freeForm;1;[8];63;6300;6300;4.04353e+03;38;1;1;9.47368e-01;1.00000e+00;1.00000e+00;74;9.99846e-01;1.00724e+00;9.85811e-04
nav-lives;me-freeForm;2;[8];46;4600;4600;3.18224e+03;2;1;1;1.00000e+00;1.00000e+00;1.00000e+00;24;4.97894e-01;5.03718e-01;2.46709e-04
nav-lives;me-freeForm;1;[8];64;6400;6400;4.11681e+03;38;1;1;9.47368e-01;1.00000e+00;1.00000e+00;74;9.99846e-01;1.00724e+00;9.85811e-04
nav-lives;me-freeForm;2;[8];47;4700;4700;3.25115e+03;2;1;1;1.00000e+00;1.00000e+00;1.00000e+00;24;4.97894e-01;5.03718e-01;2.46709e-04
nav-lives;me-freeForm;1;[8];65;6500;6500;4.18373e+03;38;1;1;9.47368e-01;1.00000e+00;1.00000e+00;74;9.99846e-01;1.00724e+00;9.85811e-04
nav-lives;me-freeForm;2;[8];48;4800;4800;3.31924e+03;2;1;1;1.00000e+00;1.00000e+00;1.00000e+00;24;4.97894e-01;5.03718e-01;2.46709e-04
nav-lives;me-freeForm;1;[8];66;6600;6600;4.24913e+03;38;1;1;9.47368e-01;1.00000e+00;1.00000e+00;74;9.99846e-01;1.00724e+00;9.85811e-04
nav-lives;me-freeForm;2;[8];49;4900;4900;3.38701e+03;2;1;1;1.00000e+00;1.00000e+00;1.00000e+00;24;4.97894e-01;5.03718e-01;2.46709e-04
nav-lives;me-freeForm;1;[8];67;6700;6700;4.31882e+03;38;1;1;9.47368e-01;1.00000e+00;1.00000e+00;74;9.99846e-01;1.00724e+00;9.85811e-04
nav-lives;me-freeForm;2;[8];50;5000;5000;3.45476e+03;2;1;1;1.00000e+00;1.00000e+00;1.00000e+00;24;4.97894e-01;5.03718e-01;2.46709e-04
nav-lives;me-freeForm;1;[8];68;6800;6800;4.38944e+03;38;1;1;9.47368e-01;1.00000e+00;1.00000e+00;74;9.99846e-01;1.00724e+00;9.85811e-04
nav-lives;me-freeForm;2;[8];51;5100;5100;3.52398e+03;2;1;1;1.00000e+00;1.00000e+00;1.00000e+00;24;4.97894e-01;5.03718e-01;2.46709e-04
nav-lives;me-freeForm;1;[8];69;6900;6900;4.45577e+03;39;1;1;9.48718e-01;1.00000e+00;1.00000e+00;74;9.99846e-01;1.00724e+00;9.85811e-04
nav-lives;me-freeForm;2;[8];52;5200;5200;3.59415e+03;2;1;1;1.00000e+00;1.00000e+00;1.00000e+00;24;4.97894e-01;5.03718e-01;2.46709e-04
nav-lives;me-freeForm;1;[8];70;7000;7000;4.52621e+03;39;1;1;9.48718e-01;1.00000e+00;1.00000e+00;74;9.99846e-01;1.00724e+00;9.85811e-04
nav-lives;me-freeForm;2;[8];53;5300;5300;3.66247e+03;2;1;1;1.00000e+00;1.00000e+00;1.00000e+00;24;4.97894e-01;5.03718e-01;2.46709e-04
nav-lives;me-freeForm;1;[8];71;7100;7100;4.59380e+03;39;1;1;9.48718e-01;1.00000e+00;1.00000e+00;74;9.99846e-01;1.00724e+00;9.85811e-04
nav-lives;me-freeForm;2;[8];54;5400;5400;3.73174e+03;2;1;1;1.00000e+00;1.00000e+00;1.00000e+00;24;4.97894e-01;5.03718e-01;2.46709e-04
nav-lives;me-freeForm;1;[8];72;7200;7200;4.66450e+03;39;1;1;9.48718e-01;1.00000e+00;1.00000e+00;74;9.99846e-01;1.00724e+00;9.85811e-04
nav-lives;me-freeForm;2;[8];55;5500;5500;3.79931e+03;2;1;1;1.00000e+00;1.00000e+00;1.00000e+00;24;4.97894e-01;5.03718e-01;2.46709e-04
nav-lives;me-freeForm;1;[8];73;7300;7300;4.73275e+03;39;1;1;9.48718e-01;1.00000e+00;1.00000e+00;74;9.99846e-01;1.00724e+00;9.85811e-04
nav-lives;me-freeForm;2;[8];56;5600;5600;3.86731e+03;2;1;1;1.00000e+00;1.00000e+00;1.00000e+00;24;4.97894e-01;5.03718e-01;2.46709e-04
nav-lives;me-freeForm;1;[8];74;7400;7400;4.79834e+03;39;1;1;9.48718e-01;1.00000e+00;1.00000e+00;74;9.99846e-01;1.00724e+00;9.85811e-04
nav-lives;me-freeForm;2;[8];57;5700;5700;3.93865e+03;2;1;1;1.00000e+00;1.00000e+00;1.00000e+00;24;4.97894e-01;5.03718e-01;2.46709e-04
nav-lives;me-freeForm;1;[8];75;7500;7500;4.87326e+03;40;1;1;9.50000e-01;1.00000e+00;1.00000e+00;74;9.99846e-01;1.00724e+00;9.85811e-04
nav-lives;me-freeForm;2;[8];58;5800;5800;4.00814e+03;2;1;1;1.00000e+00;1.00000e+00;1.00000e+00;24;4.97894e-01;5.03718e-01;2.46709e-04
nav-lives;me-freeForm;1;[8];76;7600;7600;4.93962e+03;41;1;1;9.51220e-01;1.00000e+00;1.00000e+00;74;9.99846e-01;1.00724e+00;9.85811e-04
nav-lives;me-freeForm;2;[8];59;5900;5900;4.07426e+03;2;1;1;1.00000e+00;1.00000e+00;1.00000e+00;24;4.97894e-01;5.03718e-01;2.46709e-04
nav-lives;me-freeForm;1;[8];77;7700;7700;5.00729e+03;41;1;1;9.51220e-01;1.00000e+00;1.00000e+00;74;9.99846e-01;1.00724e+00;9.85811e-04
nav-lives;me-freeForm;2;[8];60;6000;6000;4.14248e+03;2;1;1;1.00000e+00;1.00000e+00;1.00000e+00;24;4.97894e-01;5.03718e-01;2.46709e-04
nav-lives;me-freeForm;1;[8];78;7800;7800;5.07513e+03;41;1;1;9.51220e-01;1.00000e+00;1.00000e+00;74;9.99846e-01;1.00724e+00;9.85811e-04
nav-lives;me-freeForm;2;[8];61;6100;6100;4.21195e+03;2;1;1;1.00000e+00;1.00000e+00;1.00000e+00;24;4.97894e-01;5.03718e-01;2.46709e-04
nav-lives;me-freeForm;1;[8];79;7900;7900;5.14343e+03;41;1;1;9.75610e-01;1.00000e+00;1.00000e+00;74;9.99846e-01;1.00724e+00;9.85811e-04
nav-lives;me-freeForm;2;[8];62;6200;6200;4.27935e+03;2;1;1;1.00000e+00;1.00000e+00;1.00000e+00;24;4.97894e-01;5.03718e-01;2.46709e-04
nav-lives;me-freeForm;1;[8];80;8000;8000;5.21136e+03;41;1;1;9.75610e-01;1.00000e+00;1.00000e+00;74;9.99846e-01;1.00724e+00;9.85811e-04
nav-lives;me-freeForm;2;[8];63;6300;6300;4.34962e+03;2;1;1;1.00000e+00;1.00000e+00;1.00000e+00;24;4.97894e-01;5.03718e-01;2.46709e-04
nav-lives;me-freeForm;1;[8];81;8100;8100;5.28319e+03;41;1;1;9.75610e-01;1.00000e+00;1.00000e+00;74;9.99846e-01;1.00724e+00;9.85811e-04
nav-lives;me-freeForm;2;[8];64;6400;6400;4.41815e+03;2;1;1;1.00000e+00;1.00000e+00;1.00000e+00;24;4.97894e-01;5.03718e-01;2.46709e-04
nav-lives;me-freeForm;1;[8];82;8200;8200;5.35139e+03;41;1;1;9.75610e-01;1.00000e+00;1.00000e+00;74;9.99846e-01;1.00724e+00;9.85811e-04
nav-lives;me-freeForm;2;[8];65;6500;6500;4.48545e+03;2;1;1;1.00000e+00;1.00000e+00;1.00000e+00;24;4.97894e-01;5.03718e-01;2.46709e-04
nav-lives;me-freeForm;1;[8];83;8300;8300;5.41869e+03;41;1;1;9.75610e-01;1.00000e+00;1.00000e+00;74;9.99846e-01;1.00724e+00;9.85811e-04
nav-lives;me-freeForm;2;[8];66;6600;6600;4.55419e+03;2;1;1;1.00000e+00;1.00000e+00;1.00000e+00;24;4.97894e-01;5.03718e-01;2.46709e-04
nav-lives;me-freeForm;1;[8];84;8400;8400;5.48611e+03;41;1;1;9.75610e-01;1.00000e+00;1.00000e+00;74;9.99846e-01;1.00724e+00;9.85811e-04
nav-lives;me-freeForm;2;[8];67;6700;6700;4.62310e+03;2;1;1;1.00000e+00;1.00000e+00;1.00000e+00;24;4.97894e-01;5.03718e-01;2.46709e-04
nav-lives;me-freeForm;1;[8];85;8500;8500;5.55540e+03;41;1;1;9.75610e-01;1.00000e+00;1.00000e+00;74;9.99846e-01;1.00724e+00;9.85811e-04
nav-lives;me-freeForm;2;[8];68;6800;6800;4.69316e+03;2;1;1;1.00000e+00;1.00000e+00;1.00000e+00;24;4.97894e-01;5.03718e-01;2.46709e-04
nav-lives;me-freeForm;1;[8];86;8600;8600;5.62440e+03;41;1;1;9.75610e-01;1.00000e+00;1.00000e+00;74;9.99846e-01;1.00724e+00;9.85811e-04
nav-lives;me-freeForm;2;[8];69;6900;6900;4.76089e+03;2;1;1;1.00000e+00;1.00000e+00;1.00000e+00;24;4.97894e-01;5.03718e-01;2.46709e-04
nav-lives;me-freeForm;1;[8];87;8700;8700;5.69277e+03;41;1;1;9.75610e-01;1.00000e+00;1.00000e+00;74;9.99846e-01;1.00724e+00;9.85811e-04
nav-lives;me-freeForm;2;[8];70;7000;7000;4.82748e+03;2;1;1;1.00000e+00;1.00000e+00;1.00000e+00;24;4.97894e-01;5.03718e-01;2.46709e-04
nav-lives;me-freeForm;1;[8];88;8800;8800;5.76117e+03;41;1;1;9.75610e-01;1.00000e+00;1.00000e+00;74;9.99846e-01;1.00724e+00;9.85811e-04
nav-lives;me-freeForm;2;[8];71;7100;7100;4.89630e+03;2;1;1;1.00000e+00;1.00000e+00;1.00000e+00;24;4.97894e-01;5.03718e-01;2.46709e-04
nav-lives;me-freeForm;1;[8];89;8900;8900;5.82751e+03;41;1;1;9.75610e-01;1.00000e+00;1.00000e+00;74;9.99846e-01;1.00724e+00;9.85811e-04
nav-lives;me-freeForm;2;[8];72;7200;7200;4.96484e+03;2;1;1;1.00000e+00;1.00000e+00;1.00000e+00;24;4.97894e-01;5.03718e-01;2.46709e-04
nav-lives;me-freeForm;1;[8];90;9000;9000;5.90061e+03;41;1;1;9.75610e-01;1.00000e+00;1.00000e+00;74;9.99846e-01;1.00724e+00;9.85811e-04
nav-lives;me-freeForm;2;[8];73;7300;7300;5.03671e+03;2;1;1;1.00000e+00;1.00000e+00;1.00000e+00;24;4.97894e-01;5.03718e-01;2.46709e-04
nav-lives;me-freeForm;1;[8];91;9100;9100;5.96894e+03;41;1;1;9.75610e-01;1.00000e+00;1.00000e+00;74;9.99846e-01;1.00724e+00;9.85811e-04
nav-lives;me-freeForm;2;[8];74;7400;7400;5.10456e+03;2;1;1;1.00000e+00;1.00000e+00;1.00000e+00;24;4.97894e-01;5.03718e-01;2.46709e-04
nav-lives;me-freeForm;1;[8];92;9200;9200;6.03676e+03;41;1;1;9.75610e-01;1.00000e+00;1.00000e+00;74;9.99846e-01;1.00724e+00;9.85811e-04
nav-lives;me-freeForm;2;[8];75;7500;7500;5.17124e+03;2;1;1;1.00000e+00;1.00000e+00;1.00000e+00;24;4.97940e-01;5.03771e-01;3.35658e-04
nav-lives;me-freeForm;1;[8];93;9300;9300;6.10525e+03;41;1;1;9.75610e-01;1.00000e+00;1.00000e+00;74;9.99846e-01;1.00724e+00;9.85811e-04
nav-lives;me-freeForm;2;[8];76;7600;7600;5.24106e+03;2;1;1;1.00000e+00;1.00000e+00;1.00000e+00;24;4.97940e-01;5.03771e-01;3.35658e-04
nav-lives;me-freeForm;1;[8];94;9400;9400;6.17439e+03;41;1;1;9.75610e-01;1.00000e+00;1.00000e+00;74;9.99846e-01;1.00724e+00;9.85811e-04
nav-lives;me-freeForm;2;[8];77;7700;7700;5.31037e+03;2;1;1;1.00000e+00;1.00000e+00;1.00000e+00;24;4.97940e-01;5.03771e-01;3.35658e-04
nav-lives;me-freeForm;1;[8];95;9500;9500;6.24245e+03;41;1;1;9.75610e-01;1.00000e+00;1.00000e+00;74;9.99846e-01;1.00724e+00;9.85811e-04
nav-lives;me-freeForm;2;[8];78;7800;7800;5.37848e+03;2;1;1;1.00000e+00;1.00000e+00;1.00000e+00;24;4.97940e-01;5.03771e-01;3.35658e-04
nav-lives;me-freeForm;1;[8];96;9600;9600;6.31105e+03;41;1;1;9.75610e-01;1.00000e+00;1.00000e+00;74;9.99846e-01;1.00724e+00;9.85811e-04
nav-lives;me-freeForm;2;[8];79;7900;7900;5.44576e+03;2;1;1;1.00000e+00;1.00000e+00;1.00000e+00;24;4.97940e-01;5.03771e-01;3.35658e-04
nav-lives;me-freeForm;1;[8];97;9700;9700;6.37965e+03;41;1;1;9.75610e-01;1.00000e+00;1.00000e+00;74;9.99846e-01;1.00724e+00;9.85811e-04
nav-lives;me-freeForm;2;[8];80;8000;8000;5.51682e+03;2;1;1;1.00000e+00;1.00000e+00;1.00000e+00;24;4.97940e-01;5.03771e-01;3.35658e-04
nav-lives;me-freeForm;1;[8];98;9800;9800;6.44875e+03;41;1;1;9.75610e-01;1.00000e+00;1.00000e+00;74;9.99846e-01;1.00724e+00;9.85811e-04
nav-lives;me-freeForm;2;[8];81;8100;8100;5.58499e+03;2;1;1;1.00000e+00;1.00000e+00;1.00000e+00;24;4.97940e-01;5.03771e-01;3.35658e-04
nav-lives;me-freeForm;1;[8];99;9900;9900;6.51772e+03;41;1;1;9.75610e-01;1.00000e+00;1.00000e+00;74;9.99846e-01;1.00724e+00;9.85811e-04
nav-lives;me-freeForm;2;[8];82;8200;8200;5.65382e+03;2;1;1;1.00000e+00;1.00000e+00;1.00000e+00;24;4.97940e-01;5.03771e-01;3.35658e-04
nav-lives;me-freeForm;1;[8];100;10000;10000;6.58484e+03;41;1;1;9.75610e-01;1.00000e+00;1.00000e+00;74;9.99846e-01;1.00724e+00;9.85811e-04
nav-lives;me-freeForm;2;[8];83;8300;8300;5.72190e+03;2;1;1;1.00000e+00;1.00000e+00;1.00000e+00;24;4.97940e-01;5.03771e-01;3.35658e-04
nav-lives;me-freeForm;1;[8];101;10100;10100;6.65326e+03;42;1;1;9.76190e-01;1.00000e+00;1.00000e+00;74;9.99846e-01;1.00724e+00;9.85811e-04
nav-lives;me-freeForm;2;[8];84;8400;8400;5.78970e+03;2;1;1;1.00000e+00;1.00000e+00;1.00000e+00;24;4.97940e-01;5.03771e-01;3.35658e-04
nav-lives;me-freeForm;1;[8];102;10200;10200;6.72150e+03;43;1;1;9.76744e-01;1.00000e+00;1.00000e+00;74;9.99846e-01;1.00724e+00;9.85811e-04
nav-lives;me-freeForm;2;[8];85;8500;8500;5.85847e+03;2;1;1;1.00000e+00;1.00000e+00;1.00000e+00;24;4.97940e-01;5.03771e-01;3.35658e-04
nav-lives;me-freeForm;1;[8];103;10300;10300;6.79050e+03;43;1;1;9.76744e-01;1.00000e+00;1.00000e+00;74;9.99846e-01;1.00724e+00;9.85811e-04
nav-lives;me-freeForm;2;[8];86;8600;8600;5.92715e+03;2;1;1;1.00000e+00;1.00000e+00;1.00000e+00;24;4.97940e-01;5.03771e-01;3.35658e-04
nav-lives;me-freeForm;1;[8];104;10400;10400;6.86047e+03;43;1;1;9.76744e-01;1.00000e+00;1.00000e+00;74;9.99846e-01;1.00724e+00;9.85811e-04
nav-lives;me-freeForm;2;[8];87;8700;8700;5.99857e+03;2;1;1;1.00000e+00;1.00000e+00;1.00000e+00;24;4.97940e-01;5.03771e-01;3.35658e-04
nav-lives;me-freeForm;1;[8];105;10500;10500;6.93099e+03;43;1;1;9.76744e-01;1.00000e+00;1.00000e+00;74;9.99846e-01;1.00724e+00;9.85811e-04
nav-lives;me-freeForm;2;[8];88;8800;8800;6.06530e+03;2;1;1;1.00000e+00;1.00000e+00;1.00000e+00;24;4.97940e-01;5.03771e-01;3.35658e-04
nav-lives;me-freeForm;1;[8];106;10600;10600;6.99837e+03;44;1;1;9.77273e-01;1.00000e+00;1.00000e+00;74;9.99846e-01;1.00724e+00;9.85811e-04
nav-lives;me-freeForm;2;[8];89;8900;8900;6.13479e+03;2;1;1;1.00000e+00;1.00000e+00;1.00000e+00;24;4.97940e-01;5.03771e-01;3.35658e-04
nav-lives;me-freeForm;1;[8];107;10700;10700;7.06441e+03;44;1;1;9.77273e-01;1.00000e+00;1.00000e+00;74;9.99846e-01;1.00724e+00;9.85811e-04
nav-lives;me-freeForm;2;[8];90;9000;9000;6.20280e+03;2;1;1;1.00000e+00;1.00000e+00;1.00000e+00;24;4.97940e-01;5.03771e-01;3.35658e-04
nav-lives;me-freeForm;1;[8];108;10800;10800;7.13437e+03;44;1;1;9.77273e-01;1.00000e+00;1.00000e+00;74;9.99846e-01;1.00724e+00;9.85811e-04
nav-lives;me-freeForm;2;[8];91;9100;9100;6.27019e+03;2;1;1;1.00000e+00;1.00000e+00;1.00000e+00;24;4.97940e-01;5.03771e-01;3.35658e-04
nav-lives;me-freeForm;1;[8];109;10900;10900;7.20205e+03;44;1;1;9.77273e-01;1.00000e+00;1.00000e+00;74;9.99846e-01;1.00724e+00;9.85811e-04
nav-lives;me-freeForm;2;[8];92;9200;9200;6.33931e+03;2;1;1;1.00000e+00;1.00000e+00;1.00000e+00;24;4.97940e-01;5.03771e-01;3.35658e-04
nav-lives;me-freeForm;1;[8];110;11000;11000;7.27376e+03;44;1;1;9.77273e-01;1.00000e+00;1.00000e+00;74;9.99846e-01;1.00724e+00;9.85811e-04
nav-lives;me-freeForm;2;[8];93;9300;9300;6.40894e+03;2;1;1;1.00000e+00;1.00000e+00;1.00000e+00;24;4.97940e-01;5.03771e-01;3.35658e-04
nav-lives;me-freeForm;1;[8];111;11100;11100;7.34054e+03;44;1;1;9.77273e-01;1.00000e+00;1.00000e+00;74;9.99846e-01;1.00724e+00;9.85811e-04
nav-lives;me-freeForm;2;[8];94;9400;9400;6.47736e+03;2;1;1;1.00000e+00;1.00000e+00;1.00000e+00;24;4.97940e-01;5.03771e-01;3.35658e-04
nav-lives;me-freeForm;1;[8];112;11200;11200;7.40967e+03;44;1;1;9.77273e-01;1.00000e+00;1.00000e+00;74;9.99846e-01;1.00724e+00;9.85811e-04
nav-lives;me-freeForm;2;[8];95;9500;9500;6.54622e+03;2;1;1;1.00000e+00;1.00000e+00;1.00000e+00;24;4.97940e-01;5.03771e-01;3.35658e-04
nav-lives;me-freeForm;1;[8];113;11300;11300;7.47805e+03;44;1;1;9.77273e-01;1.00000e+00;1.00000e+00;74;9.99846e-01;1.00724e+00;9.85811e-04
nav-lives;me-freeForm;2;[8];96;9600;9600;6.61378e+03;2;1;1;1.00000e+00;1.00000e+00;1.00000e+00;24;4.97940e-01;5.03771e-01;3.35658e-04
nav-lives;me-freeForm;1;[8];114;11400;11400;7.54687e+03;44;1;1;9.77273e-01;1.00000e+00;1.00000e+00;74;9.99846e-01;1.00724e+00;9.85811e-04
nav-lives;me-freeForm;2;[8];97;9700;9700;6.68310e+03;2;1;1;1.00000e+00;1.00000e+00;1.00000e+00;24;4.97940e-01;5.03771e-01;3.35658e-04
nav-lives;me-freeForm;1;[8];115;11500;11500;7.61595e+03;44;1;1;9.77273e-01;1.00000e+00;1.00000e+00;74;9.99846e-01;1.00724e+00;9.85811e-04
nav-lives;me-freeForm;2;[8];98;9800;9800;6.75178e+03;2;1;1;1.00000e+00;1.00000e+00;1.00000e+00;24;4.97940e-01;5.03771e-01;3.35658e-04
nav-lives;me-freeForm;1;[8];116;11600;11600;7.68569e+03;44;1;1;9.77273e-01;1.00000e+00;1.00000e+00;74;9.99846e-01;1.00724e+00;9.85811e-04
nav-lives;me-freeForm;2;[8];99;9900;9900;6.82183e+03;2;1;1;1.00000e+00;1.00000e+00;1.00000e+00;24;4.97940e-01;5.03771e-01;3.35658e-04
nav-lives;me-freeForm;1;[8];117;11700;11700;7.75455e+03;44;1;1;9.77273e-01;1.00000e+00;1.00000e+00;74;9.99846e-01;1.00724e+00;9.85811e-04
nav-lives;me-freeForm;2;[8];100;10000;10000;6.89088e+03;2;1;1;1.00000e+00;1.00000e+00;1.00000e+00;24;4.97940e-01;5.03771e-01;3.35658e-04
nav-lives;me-freeForm;1;[8];118;11800;11800;7.82160e+03;44;1;1;9.77273e-01;1.00000e+00;1.00000e+00;74;9.99846e-01;1.00724e+00;9.85811e-04
nav-lives;me-freeForm;2;[8];101;10100;10100;6.95717e+03;2;1;1;1.00000e+00;1.00000e+00;1.00000e+00;36;4.99240e-01;5.04890e-01;7.21304e-04
nav-lives;me-freeForm;1;[8];119;11900;11900;7.89112e+03;44;1;1;9.77273e-01;1.00000e+00;1.00000e+00;74;9.99846e-01;1.00724e+00;9.85811e-04
nav-lives;me-freeForm;2;[8];102;10200;10200;7.02651e+03;2;1;1;1.00000e+00;1.00000e+00;1.00000e+00;36;4.99240e-01;5.04890e-01;7.21304e-04
nav-lives;me-freeForm;1;[8];120;12000;12000;7.95864e+03;44;1;1;9.77273e-01;1.00000e+00;1.00000e+00;74;9.99846e-01;1.00724e+00;9.85811e-04
nav-lives;me-freeForm;2;[8];103;10300;10300;7.09459e+03;2;1;1;1.00000e+00;1.00000e+00;1.00000e+00;36;4.99240e-01;5.04890e-01;7.21304e-04
nav-lives;me-freeForm;1;[8];121;12100;12100;8.02616e+03;44;1;1;9.77273e-01;1.00000e+00;1.00000e+00;74;9.99846e-01;1.00724e+00;9.85811e-04
nav-lives;me-freeForm;2;[8];104;10400;10400;7.16611e+03;2;1;1;1.00000e+00;1.00000e+00;1.00000e+00;36;4.99240e-01;5.04890e-01;7.21304e-04
nav-lives;me-freeForm;1;[8];122;12200;12200;8.09700e+03;44;1;1;9.77273e-01;1.00000e+00;1.00000e+00;74;9.99846e-01;1.00724e+00;9.85811e-04
nav-lives;me-freeForm;2;[8];105;10500;10500;7.23380e+03;2;1;1;1.00000e+00;1.00000e+00;1.00000e+00;36;4.99240e-01;5.04890e-01;7.21304e-04
nav-lives;me-freeForm;1;[8];123;12300;12300;8.16802e+03;44;1;1;9.77273e-01;1.00000e+00;1.00000e+00;74;9.99846e-01;1.00724e+00;9.85811e-04
nav-lives;me-freeForm;2;[8];106;10600;10600;7.30344e+03;2;1;1;1.00000e+00;1.00000e+00;1.00000e+00;36;4.99240e-01;5.04890e-01;7.21304e-04
nav-lives;me-freeForm;1;[8];124;12400;12400;8.23631e+03;44;1;1;9.77273e-01;1.00000e+00;1.00000e+00;74;9.99846e-01;1.00724e+00;9.85811e-04
nav-lives;me-freeForm;2;[8];107;10700;10700;7.37276e+03;2;1;1;1.00000e+00;1.00000e+00;1.00000e+00;36;4.99240e-01;5.04890e-01;7.21304e-04
nav-lives;me-freeForm;1;[8];125;12500;12500;8.30526e+03;44;1;1;9.77273e-01;1.00000e+00;1.00000e+00;74;9.99846e-01;1.00724e+00;9.85811e-04
nav-lives;me-freeForm;2;[8];108;10800;10800;7.44167e+03;2;1;1;1.00000e+00;1.00000e+00;1.00000e+00;36;4.99240e-01;5.04890e-01;7.21304e-04
nav-lives;me-freeForm;1;[8];126;12600;12600;8.37262e+03;45;1;1;9.77778e-01;1.00000e+00;1.00000e+00;74;9.99846e-01;1.00724e+00;9.85811e-04
nav-lives;me-freeForm;2;[8];109;10900;10900;7.51219e+03;2;1;1;1.00000e+00;1.00000e+00;1.00000e+00;36;4.99240e-01;5.04890e-01;7.21304e-04
nav-lives;me-freeForm;1;[8];127;12700;12700;8.44240e+03;45;1;1;9.77778e-01;1.00000e+00;1.00000e+00;74;9.99846e-01;1.00724e+00;9.85811e-04
nav-lives;me-freeForm;2;[8];110;11000;11000;7.58119e+03;2;1;1;1.00000e+00;1.00000e+00;1.00000e+00;36;4.99240e-01;5.04890e-01;7.21304e-04
nav-lives;me-freeForm;1;[8];128;12800;12800;8.51435e+03;45;1;1;9.77778e-01;1.00000e+00;1.00000e+00;74;9.99846e-01;1.00724e+00;9.85811e-04
nav-lives;me-freeForm;2;[8];111;11100;11100;7.64868e+03;3;1;1;1.00000e+00;1.00000e+00;1.00000e+00;36;4.99240e-01;5.04890e-01;7.21304e-04
nav-lives;me-freeForm;1;[8];129;12900;12900;8.58177e+03;45;1;1;9.77778e-01;1.00000e+00;1.00000e+00;74;9.99846e-01;1.00724e+00;9.85811e-04
nav-lives;me-freeForm;2;[8];112;11200;11200;7.71862e+03;4;1;1;1.00000e+00;1.00000e+00;1.00000e+00;36;4.99240e-01;5.04890e-01;7.21304e-04
nav-lives;me-freeForm;1;[8];130;13000;13000;8.65024e+03;45;1;1;9.77778e-01;1.00000e+00;1.00000e+00;74;9.99846e-01;1.00724e+00;9.85811e-04
nav-lives;me-freeForm;2;[8];113;11300;11300;7.78836e+03;4;1;1;1.00000e+00;1.00000e+00;1.00000e+00;36;4.99240e-01;5.04890e-01;7.21304e-04
nav-lives;me-freeForm;1;[8];131;13100;13100;8.71989e+03;45;1;1;9.77778e-01;1.00000e+00;1.00000e+00;74;9.99846e-01;1.00724e+00;9.85811e-04
nav-lives;me-freeForm;2;[8];114;11400;11400;7.85784e+03;4;1;1;1.00000e+00;1.00000e+00;1.00000e+00;36;4.99240e-01;5.04890e-01;7.21304e-04
nav-lives;me-freeForm;1;[8];132;13200;13200;8.79096e+03;45;1;1;9.77778e-01;1.00000e+00;1.00000e+00;74;9.99846e-01;1.00724e+00;9.85811e-04
nav-lives;me-freeForm;2;[8];115;11500;11500;7.92803e+03;4;1;1;1.00000e+00;1.00000e+00;1.00000e+00;36;4.99240e-01;5.04890e-01;7.21304e-04
nav-lives;me-freeForm;1;[8];133;13300;13300;8.85873e+03;45;1;1;9.77778e-01;1.00000e+00;1.00000e+00;74;9.99846e-01;1.00724e+00;9.85811e-04
nav-lives;me-freeForm;2;[8];116;11600;11600;7.99708e+03;4;1;1;1.00000e+00;1.00000e+00;1.00000e+00;36;4.99240e-01;5.04890e-01;7.21304e-04
nav-lives;me-freeForm;1;[8];134;13400;13400;8.92701e+03;45;1;1;9.77778e-01;1.00000e+00;1.00000e+00;74;9.99846e-01;1.00724e+00;9.85811e-04
nav-lives;me-freeForm;2;[8];117;11700;11700;8.06479e+03;4;1;1;1.00000e+00;1.00000e+00;1.00000e+00;36;4.99240e-01;5.04890e-01;7.21304e-04
nav-lives;me-freeForm;1;[8];135;13500;13500;8.99863e+03;45;1;1;9.77778e-01;1.00000e+00;1.00000e+00;74;9.99846e-01;1.00724e+00;9.85811e-04
nav-lives;me-freeForm;2;[8];118;11800;11800;8.13754e+03;4;1;1;1.00000e+00;1.00000e+00;1.00000e+00;36;4.99240e-01;5.04890e-01;7.21304e-04
nav-lives;me-freeForm;1;[8];136;13600;13600;9.06761e+03;45;1;1;9.77778e-01;1.00000e+00;1.00000e+00;74;9.99846e-01;1.00724e+00;9.85811e-04
nav-lives;me-freeForm;2;[8];119;11900;11900;8.20512e+03;4;1;1;1.00000e+00;1.00000e+00;1.00000e+00;36;4.99240e-01;5.04890e-01;7.21304e-04
nav-lives;me-freeForm;1;[8];137;13700;13700;9.13592e+03;45;1;1;9.77778e-01;1.00000e+00;1.00000e+00;74;9.99846e-01;1.00724e+00;9.85811e-04
nav-lives;me-freeForm;2;[8];120;12000;12000;8.27704e+03;4;1;1;1.00000e+00;1.00000e+00;1.00000e+00;36;4.99240e-01;5.04890e-01;7.21304e-04
nav-lives;me-freeForm;1;[8];138;13800;13800;9.20947e+03;45;1;1;1.00000e+00;1.00000e+00;1.00000e+00;74;9.99846e-01;1.00724e+00;9.85811e-04
nav-lives;me-freeForm;2;[8];121;12100;12100;8.34543e+03;4;1;1;1.00000e+00;1.00000e+00;1.00000e+00;36;4.99240e-01;5.04890e-01;7.21304e-04
nav-lives;me-freeForm;1;[8];139;13900;13900;9.27668e+03;45;1;1;1.00000e+00;1.00000e+00;1.00000e+00;74;9.99846e-01;1.00724e+00;9.85811e-04
nav-lives;me-freeForm;2;[8];122;12200;12200;8.41413e+03;4;1;1;1.00000e+00;1.00000e+00;1.00000e+00;36;4.99240e-01;5.04890e-01;7.21304e-04
nav-lives;me-freeForm;1;[8];140;14000;14000;9.34536e+03;45;1;1;1.00000e+00;1.00000e+00;1.00000e+00;74;9.99846e-01;1.00724e+00;9.85811e-04
nav-lives;me-freeForm;2;[8];123;12300;12300;8.48296e+03;4;1;1;1.00000e+00;1.00000e+00;1.00000e+00;36;4.99240e-01;5.04890e-01;7.21304e-04
nav-lives;me-freeForm;1;[8];141;14100;14100;9.41453e+03;45;1;1;1.00000e+00;1.00000e+00;1.00000e+00;74;9.99846e-01;1.00724e+00;9.85811e-04
nav-lives;me-freeForm;2;[8];124;12400;12400;8.55214e+03;4;1;1;1.00000e+00;1.00000e+00;1.00000e+00;36;4.99240e-01;5.04890e-01;7.21304e-04
nav-lives;me-freeForm;1;[8];142;14200;14200;9.48429e+03;45;1;1;1.00000e+00;1.00000e+00;1.00000e+00;74;9.99846e-01;1.00724e+00;9.85811e-04
nav-lives;me-freeForm;2;[8];125;12500;12500;8.62168e+03;4;1;1;1.00000e+00;1.00000e+00;1.00000e+00;36;4.99240e-01;5.04890e-01;7.21304e-04
nav-lives;me-freeForm;1;[8];143;14300;14300;9.55306e+03;46;1;1;1.00000e+00;1.00000e+00;1.00000e+00;74;9.99846e-01;1.00724e+00;9.85811e-04
nav-lives;me-freeForm;2;[8];126;12600;12600;8.69228e+03;4;1;1;1.00000e+00;1.00000e+00;1.00000e+00;36;4.99240e-01;5.04890e-01;7.21304e-04
nav-lives;me-freeForm;1;[8];144;14400;14400;9.62232e+03;46;1;1;1.00000e+00;1.00000e+00;1.00000e+00;74;9.99846e-01;1.00724e+00;9.85811e-04
nav-lives;me-freeForm;2;[8];127;12700;12700;8.76089e+03;4;1;1;1.00000e+00;1.00000e+00;1.00000e+00;36;4.99240e-01;5.04890e-01;7.21304e-04
nav-lives;me-freeForm;1;[8];145;14500;14500;9.69364e+03;46;1;1;1.00000e+00;1.00000e+00;1.00000e+00;74;9.99846e-01;1.00724e+00;9.85811e-04
nav-lives;me-freeForm;2;[8];128;12800;12800;8.83130e+03;4;1;1;1.00000e+00;1.00000e+00;1.00000e+00;44;4.99383e-01;5.05006e-01;8.78850e-04
nav-lives;me-freeForm;1;[8];146;14600;14600;9.76285e+03;47;1;1;1.00000e+00;1.00000e+00;1.00000e+00;74;9.99846e-01;1.00724e+00;9.85811e-04
nav-lives;me-freeForm;2;[8];129;12900;12900;8.90090e+03;4;1;1;1.00000e+00;1.00000e+00;1.00000e+00;44;4.99383e-01;5.05006e-01;8.78850e-04
nav-lives;me-freeForm;1;[8];147;14700;14700;9.83142e+03;47;1;1;1.00000e+00;1.00000e+00;1.00000e+00;74;9.99846e-01;1.00724e+00;9.85811e-04
nav-lives;me-freeForm;2;[8];130;13000;13000;8.96833e+03;4;1;1;1.00000e+00;1.00000e+00;1.00000e+00;44;4.99383e-01;5.05006e-01;8.78850e-04
nav-lives;me-freeForm;1;[8];148;14800;14800;9.90012e+03;48;1;1;1.00000e+00;1.00000e+00;1.00000e+00;74;9.99846e-01;1.00724e+00;9.85811e-04
nav-lives;me-freeForm;2;[8];131;13100;13100;9.03857e+03;4;1;1;1.00000e+00;1.00000e+00;1.00000e+00;44;4.99383e-01;5.05006e-01;8.78850e-04
nav-lives;me-freeForm;1;[8];149;14900;14900;9.97098e+03;48;1;1;1.00000e+00;1.00000e+00;1.00000e+00;74;9.99846e-01;1.00724e+00;9.85811e-04
nav-lives;me-freeForm;2;[8];132;13200;13200;9.10831e+03;5;1;1;1.00000e+00;1.00000e+00;1.00000e+00;44;4.99383e-01;5.05006e-01;8.78850e-04
nav-lives;me-freeForm;1;[8];150;15000;15000;1.00396e+04;49;1;1;1.00000e+00;1.00000e+00;1.00000e+00;74;9.99846e-01;1.00724e+00;9.85811e-04
nav-lives;me-freeForm;2;[8];133;13300;13300;9.17675e+03;5;1;1;1.00000e+00;1.00000e+00;1.00000e+00;44;4.99383e-01;5.05006e-01;8.78850e-04
nav-lives;me-freeForm;1;[8];151;15100;15100;1.01084e+04;49;1;1;1.00000e+00;1.00000e+00;1.00000e+00;74;9.99846e-01;1.00724e+00;9.85811e-04
nav-lives;me-freeForm;2;[8];134;13400;13400;9.24539e+03;6;1;1;1.00000e+00;1.00000e+00;1.00000e+00;44;4.99383e-01;5.05006e-01;8.78850e-04
nav-lives;me-freeForm;1;[8];152;15200;15200;1.01775e+04;49;1;1;1.00000e+00;1.00000e+00;1.00000e+00;74;9.99846e-01;1.00724e+00;9.85811e-04
nav-lives;me-freeForm;2;[8];135;13500;13500;9.31510e+03;6;1;1;1.00000e+00;1.00000e+00;1.00000e+00;44;4.99383e-01;5.05006e-01;8.78850e-04
nav-lives;me-freeForm;1;[8];153;15300;15300;1.02484e+04;49;1;1;1.00000e+00;1.00000e+00;1.00000e+00;74;9.99846e-01;1.00724e+00;9.85811e-04
nav-lives;me-freeForm;2;[8];136;13600;13600;9.38644e+03;6;1;1;1.00000e+00;1.00000e+00;1.00000e+00;44;4.99383e-01;5.05006e-01;8.78850e-04
nav-lives;me-freeForm;1;[8];154;15400;15400;1.03184e+04;49;1;1;1.00000e+00;1.00000e+00;1.00000e+00;74;9.99846e-01;1.00724e+00;9.85811e-04
nav-lives;me-freeForm;2;[8];137;13700;13700;9.45444e+03;6;1;1;1.00000e+00;1.00000e+00;1.00000e+00;44;4.99383e-01;5.05006e-01;8.78850e-04
nav-lives;me-freeForm;1;[8];155;15500;15500;1.03869e+04;50;1;1;1.00000e+00;1.00000e+00;1.00000e+00;74;9.99846e-01;1.00724e+00;9.85811e-04
nav-lives;me-freeForm;2;[8];138;13800;13800;9.52365e+03;6;1;1;1.00000e+00;1.00000e+00;1.00000e+00;44;4.99383e-01;5.05006e-01;8.78850e-04
nav-lives;me-freeForm;1;[8];156;15600;15600;1.04562e+04;50;1;1;1.00000e+00;1.00000e+00;1.00000e+00;74;9.99846e-01;1.00724e+00;9.85811e-04
nav-lives;me-freeForm;2;[8];139;13900;13900;9.59267e+03;6;1;1;1.00000e+00;1.00000e+00;1.00000e+00;44;4.99383e-01;5.05006e-01;8.78850e-04
nav-lives;me-freeForm;1;[8];157;15700;15700;1.05267e+04;51;1;1;1.00000e+00;1.00000e+00;1.00000e+00;74;9.99846e-01;1.00724e+00;9.85811e-04
nav-lives;me-freeForm;2;[8];140;14000;14000;9.66380e+03;6;1;1;1.00000e+00;1.00000e+00;1.00000e+00;44;4.99383e-01;5.05006e-01;8.78850e-04
nav-lives;me-freeForm;1;[8];158;15800;15800;1.05956e+04;51;1;1;1.00000e+00;1.00000e+00;1.00000e+00;74;9.99846e-01;1.00724e+00;9.85811e-04
nav-lives;me-freeForm;2;[8];141;14100;14100;9.73300e+03;6;1;1;1.00000e+00;1.00000e+00;1.00000e+00;44;4.99383e-01;5.05006e-01;8.78850e-04
nav-lives;me-freeForm;1;[8];159;15900;15900;1.06667e+04;51;1;1;1.00000e+00;1.00000e+00;1.00000e+00;74;9.99846e-01;1.00724e+00;9.85811e-04
nav-lives;me-freeForm;2;[8];142;14200;14200;9.80417e+03;6;1;1;1.00000e+00;1.00000e+00;1.00000e+00;44;4.99383e-01;5.05006e-01;8.78850e-04
nav-lives;me-freeForm;1;[8];160;16000;16000;1.07354e+04;51;1;1;1.00000e+00;1.00000e+00;1.00000e+00;74;9.99846e-01;1.00724e+00;9.85811e-04
nav-lives;me-freeForm;2;[8];143;14300;14300;9.87214e+03;6;1;1;1.00000e+00;1.00000e+00;1.00000e+00;44;4.99383e-01;5.05006e-01;8.78850e-04
nav-lives;me-freeForm;1;[8];161;16100;16100;1.08034e+04;51;1;1;1.00000e+00;1.00000e+00;1.00000e+00;74;9.99846e-01;1.00724e+00;9.85811e-04
nav-lives;me-freeForm;2;[8];144;14400;14400;9.94145e+03;6;1;1;1.00000e+00;1.00000e+00;1.00000e+00;44;4.99383e-01;5.05006e-01;8.78850e-04
nav-lives;me-freeForm;1;[8];162;16200;16200;1.08712e+04;51;1;1;1.00000e+00;1.00000e+00;1.00000e+00;74;9.99846e-01;1.00724e+00;9.85811e-04
nav-lives;me-freeForm;2;[8];145;14500;14500;1.00094e+04;7;1;1;1.00000e+00;1.00000e+00;1.00000e+00;42;9.99814e-01;1.00548e+00;9.63363e-04
nav-lives;me-freeForm;1;[8];163;16300;16300;1.09426e+04;51;1;1;1.00000e+00;1.00000e+00;1.00000e+00;74;9.99846e-01;1.00724e+00;9.85811e-04
nav-lives;me-freeForm;2;[8];146;14600;14600;1.00812e+04;7;1;1;1.00000e+00;1.00000e+00;1.00000e+00;42;9.99814e-01;1.00548e+00;9.63363e-04
nav-lives;me-freeForm;1;[8];164;16400;16400;1.10148e+04;52;1;1;1.00000e+00;1.00000e+00;1.00000e+00;74;9.99846e-01;1.00724e+00;9.85811e-04
nav-lives;me-freeForm;2;[8];147;14700;14700;1.01514e+04;7;1;1;1.00000e+00;1.00000e+00;1.00000e+00;42;9.99814e-01;1.00548e+00;9.63363e-04
nav-lives;me-freeForm;1;[8];165;16500;16500;1.10802e+04;52;1;1;1.00000e+00;1.00000e+00;1.00000e+00;74;9.99846e-01;1.00724e+00;9.85811e-04
nav-lives;me-freeForm;2;[8];148;14800;14800;1.02181e+04;7;1;1;1.00000e+00;1.00000e+00;1.00000e+00;42;9.99814e-01;1.00548e+00;9.63363e-04
nav-lives;me-freeForm;1;[8];166;16600;16600;1.11501e+04;52;1;1;1.00000e+00;1.00000e+00;1.00000e+00;74;9.99846e-01;1.00724e+00;9.85811e-04
nav-lives;me-freeForm;2;[8];149;14900;14900;1.02897e+04;7;1;1;1.00000e+00;1.00000e+00;1.00000e+00;42;9.99814e-01;1.00548e+00;9.63363e-04
nav-lives;me-freeForm;1;[8];167;16700;16700;1.12229e+04;52;1;1;1.00000e+00;1.00000e+00;1.00000e+00;74;9.99846e-01;1.00724e+00;9.85811e-04
nav-lives;me-freeForm;2;[8];150;15000;15000;1.03606e+04;7;1;1;1.00000e+00;1.00000e+00;1.00000e+00;42;9.99814e-01;1.00548e+00;9.63363e-04
nav-lives;me-freeForm;1;[8];168;16800;16800;1.12919e+04;52;1;1;1.00000e+00;1.00000e+00;1.00000e+00;74;9.99846e-01;1.00724e+00;9.85811e-04
nav-lives;me-freeForm;2;[8];151;15100;15100;1.04294e+04;7;1;1;1.00000e+00;1.00000e+00;1.00000e+00;42;9.99814e-01;1.00548e+00;9.63363e-04
nav-lives;me-freeForm;1;[8];169;16900;16900;1.13602e+04;52;1;1;1.00000e+00;1.00000e+00;1.00000e+00;74;9.99846e-01;1.00724e+00;9.85811e-04
nav-lives;me-freeForm;2;[8];152;15200;15200;1.04984e+04;8;1;1;1.00000e+00;1.00000e+00;1.00000e+00;42;9.99814e-01;1.00548e+00;9.63363e-04
nav-lives;me-freeForm;1;[8];170;17000;17000;1.14293e+04;52;1;1;1.00000e+00;1.00000e+00;1.00000e+00;74;9.99846e-01;1.00724e+00;9.85811e-04
nav-lives;me-freeForm;2;[8];153;15300;15300;1.05668e+04;8;1;1;1.00000e+00;1.00000e+00;1.00000e+00;42;9.99814e-01;1.00548e+00;9.63363e-04
nav-lives;me-freeForm;1;[8];171;17100;17100;1.14991e+04;52;1;1;1.00000e+00;1.00000e+00;1.00000e+00;74;9.99846e-01;1.00724e+00;9.85811e-04
nav-lives;me-freeForm;2;[8];154;15400;15400;1.06367e+04;8;1;1;1.00000e+00;1.00000e+00;1.00000e+00;42;9.99814e-01;1.00548e+00;9.63363e-04
nav-lives;me-freeForm;1;[8];172;17200;17200;1.15683e+04;52;1;1;1.00000e+00;1.00000e+00;1.00000e+00;74;9.99846e-01;1.00724e+00;9.85811e-04
nav-lives;me-freeForm;2;[8];155;15500;15500;1.07068e+04;8;1;1;1.00000e+00;1.00000e+00;1.00000e+00;42;9.99814e-01;1.00548e+00;9.63363e-04
nav-lives;me-freeForm;1;[8];173;17300;17300;1.16380e+04;52;1;1;1.00000e+00;1.00000e+00;1.00000e+00;74;9.99846e-01;1.00724e+00;9.85811e-04
nav-lives;me-freeForm;2;[8];156;15600;15600;1.07755e+04;8;1;1;1.00000e+00;1.00000e+00;1.00000e+00;42;9.99814e-01;1.00548e+00;9.63363e-04
nav-lives;me-freeForm;1;[8];174;17400;17400;1.17080e+04;52;1;1;1.00000e+00;1.00000e+00;1.00000e+00;74;9.99846e-01;1.00724e+00;9.85811e-04
nav-lives;me-freeForm;2;[8];157;15700;15700;1.08465e+04;8;1;1;1.00000e+00;1.00000e+00;1.00000e+00;42;9.99814e-01;1.00548e+00;9.63363e-04
nav-lives;me-freeForm;1;[8];175;17500;17500;1.17775e+04;52;1;1;1.00000e+00;1.00000e+00;1.00000e+00;74;9.99846e-01;1.00724e+00;9.85811e-04
nav-lives;me-freeForm;2;[8];158;15800;15800;1.09149e+04;8;1;1;1.00000e+00;1.00000e+00;1.00000e+00;42;9.99814e-01;1.00548e+00;9.63363e-04
nav-lives;me-freeForm;1;[8];176;17600;17600;1.18474e+04;53;1;1;1.00000e+00;1.00000e+00;1.00000e+00;74;9.99846e-01;1.00724e+00;9.85811e-04
nav-lives;me-freeForm;2;[8];159;15900;15900;1.09855e+04;8;1;1;1.00000e+00;1.00000e+00;1.00000e+00;42;9.99814e-01;1.00548e+00;9.63363e-04
nav-lives;me-freeForm;1;[8];177;17700;17700;1.19166e+04;53;1;1;1.00000e+00;1.00000e+00;1.00000e+00;74;9.99846e-01;1.00724e+00;9.85811e-04
nav-lives;me-freeForm;2;[8];160;16000;16000;1.10541e+04;8;1;1;1.00000e+00;1.00000e+00;1.00000e+00;42;9.99814e-01;1.00548e+00;9.63363e-04
nav-lives;me-freeForm;1;[8];178;17800;17800;1.19855e+04;54;1;1;1.00000e+00;1.00000e+00;1.00000e+00;74;9.99846e-01;1.00724e+00;9.85811e-04
nav-lives;me-freeForm;2;[8];161;16100;16100;1.11219e+04;8;1;1;1.00000e+00;1.00000e+00;1.00000e+00;42;9.99814e-01;1.00548e+00;9.63363e-04
nav-lives;me-freeForm;1;[8];179;17900;17900;1.20529e+04;56;1;1;1.00000e+00;1.00000e+00;1.00000e+00;74;9.99846e-01;1.00724e+00;9.85811e-04
nav-lives;me-freeForm;2;[8];162;16200;16200;1.11932e+04;8;1;1;1.00000e+00;1.00000e+00;1.00000e+00;42;9.99814e-01;1.00548e+00;9.63363e-04
nav-lives;me-freeForm;1;[8];180;18000;18000;1.21251e+04;56;1;1;1.00000e+00;1.00000e+00;1.00000e+00;74;9.99846e-01;1.00724e+00;9.85811e-04
nav-lives;me-freeForm;2;[8];163;16300;16300;1.12627e+04;8;1;1;1.00000e+00;1.00000e+00;1.00000e+00;42;9.99814e-01;1.00548e+00;9.63363e-04
nav-lives;me-freeForm;1;[8];181;18100;18100;1.21944e+04;56;1;1;1.00000e+00;1.00000e+00;1.00000e+00;74;9.99846e-01;1.00724e+00;9.85811e-04
nav-lives;me-freeForm;2;[8];164;16400;16400;1.13329e+04;8;1;1;1.00000e+00;1.00000e+00;1.00000e+00;42;9.99814e-01;1.00548e+00;9.63363e-04
nav-lives;me-freeForm;1;[8];182;18200;18200;1.22643e+04;56;1;1;1.00000e+00;1.00000e+00;1.00000e+00;74;9.99846e-01;1.00724e+00;9.85811e-04
nav-lives;me-freeForm;2;[8];165;16500;16500;1.14011e+04;8;1;1;1.00000e+00;1.00000e+00;1.00000e+00;42;9.99814e-01;1.00548e+00;9.63363e-04
nav-lives;me-freeForm;1;[8];183;18300;18300;1.23317e+04;56;1;1;1.00000e+00;1.00000e+00;1.00000e+00;74;9.99846e-01;1.00724e+00;9.85811e-04
nav-lives;me-freeForm;2;[8];166;16600;16600;1.14698e+04;8;1;1;1.00000e+00;1.00000e+00;1.00000e+00;42;9.99814e-01;1.00548e+00;9.63363e-04
nav-lives;me-freeForm;1;[8];184;18400;18400;1.24031e+04;56;1;1;1.00000e+00;1.00000e+00;1.00000e+00;74;9.99846e-01;1.00724e+00;9.85811e-04
nav-lives;me-freeForm;2;[8];167;16700;16700;1.15402e+04;8;1;1;1.00000e+00;1.00000e+00;1.00000e+00;42;9.99814e-01;1.00548e+00;9.63363e-04
nav-lives;me-freeForm;1;[8];185;18500;18500;1.24705e+04;56;1;1;1.00000e+00;1.00000e+00;1.00000e+00;74;9.99846e-01;1.00724e+00;9.85811e-04
nav-lives;me-freeForm;2;[8];168;16800;16800;1.16085e+04;8;1;1;1.00000e+00;1.00000e+00;1.00000e+00;42;9.99814e-01;1.00548e+00;9.63363e-04
nav-lives;me-freeForm;1;[8];186;18600;18600;1.25410e+04;58;1;1;1.00000e+00;1.00000e+00;1.00000e+00;74;9.99846e-01;1.00724e+00;9.85811e-04
nav-lives;me-freeForm;2;[8];169;16900;16900;1.16787e+04;8;1;1;1.00000e+00;1.00000e+00;1.00000e+00;42;9.99814e-01;1.00548e+00;9.63363e-04
nav-lives;me-freeForm;1;[8];187;18700;18700;1.26117e+04;58;1;1;1.00000e+00;1.00000e+00;1.00000e+00;74;9.99846e-01;1.00724e+00;9.85811e-04
nav-lives;me-freeForm;2;[8];170;17000;17000;1.17492e+04;8;1;1;1.00000e+00;1.00000e+00;1.00000e+00;42;9.99814e-01;1.00548e+00;9.63363e-04
nav-lives;me-freeForm;1;[8];188;18800;18800;1.26793e+04;58;1;1;1.00000e+00;1.00000e+00;1.00000e+00;74;9.99846e-01;1.00724e+00;9.85811e-04
nav-lives;me-freeForm;2;[8];171;17100;17100;1.18166e+04;8;1;1;1.00000e+00;1.00000e+00;1.00000e+00;42;9.99814e-01;1.00548e+00;9.63363e-04
nav-lives;me-freeForm;1;[8];189;18900;18900;1.27521e+04;58;1;1;1.00000e+00;1.00000e+00;1.00000e+00;74;9.99846e-01;1.00724e+00;9.85811e-04
nav-lives;me-freeForm;2;[8];172;17200;17200;1.18878e+04;8;1;1;1.00000e+00;1.00000e+00;1.00000e+00;42;9.99814e-01;1.00548e+00;9.63363e-04
nav-lives;me-freeForm;1;[8];190;19000;19000;1.28176e+04;58;1;1;1.00000e+00;1.00000e+00;1.00000e+00;74;9.99846e-01;1.00724e+00;9.85811e-04
nav-lives;me-freeForm;2;[8];173;17300;17300;1.19565e+04;8;1;1;1.00000e+00;1.00000e+00;1.00000e+00;42;9.99814e-01;1.00548e+00;9.63363e-04
nav-lives;me-freeForm;1;[8];191;19100;19100;1.28893e+04;58;1;1;1.00000e+00;1.00000e+00;1.00000e+00;74;9.99846e-01;1.00724e+00;9.85811e-04
nav-lives;me-freeForm;2;[8];174;17400;17400;1.20272e+04;8;1;1;1.00000e+00;1.00000e+00;1.00000e+00;42;9.99814e-01;1.00548e+00;9.63363e-04
nav-lives;me-freeForm;1;[8];192;19200;19200;1.29580e+04;58;1;1;1.00000e+00;1.00000e+00;1.00000e+00;74;9.99846e-01;1.00724e+00;9.85811e-04
nav-lives;me-freeForm;2;[8];175;17500;17500;1.20951e+04;8;1;1;1.00000e+00;1.00000e+00;1.00000e+00;42;9.99814e-01;1.00548e+00;9.63363e-04
nav-lives;me-freeForm;1;[8];193;19300;19300;1.30257e+04;58;1;1;1.00000e+00;1.00000e+00;1.00000e+00;74;9.99846e-01;1.00724e+00;9.85811e-04
nav-lives;me-freeForm;2;[8];176;17600;17600;1.21653e+04;8;1;1;1.00000e+00;1.00000e+00;1.00000e+00;42;9.99814e-01;1.00548e+00;9.63363e-04
nav-lives;me-freeForm;1;[8];194;19400;19400;1.30971e+04;58;1;1;1.00000e+00;1.00000e+00;1.00000e+00;74;9.99846e-01;1.00724e+00;9.85811e-04
nav-lives;me-freeForm;2;[8];177;17700;17700;1.22349e+04;8;1;1;1.00000e+00;1.00000e+00;1.00000e+00;42;9.99814e-01;1.00548e+00;9.63363e-04
nav-lives;me-freeForm;1;[8];195;19500;19500;1.31664e+04;58;1;1;1.00000e+00;1.00000e+00;1.00000e+00;74;9.99846e-01;1.00724e+00;9.85811e-04
nav-lives;me-freeForm;2;[8];178;17800;17800;1.23042e+04;8;1;1;1.00000e+00;1.00000e+00;1.00000e+00;42;9.99814e-01;1.00548e+00;9.63363e-04
nav-lives;me-freeForm;1;[8];196;19600;19600;1.32347e+04;58;1;1;1.00000e+00;1.00000e+00;1.00000e+00;74;9.99846e-01;1.00724e+00;9.85811e-04
nav-lives;me-freeForm;2;[8];179;17900;17900;1.23725e+04;8;1;1;1.00000e+00;1.00000e+00;1.00000e+00;42;9.99814e-01;1.00548e+00;9.63363e-04
nav-lives;me-freeForm;1;[8];197;19700;19700;1.33061e+04;58;1;1;1.00000e+00;1.00000e+00;1.00000e+00;74;9.99846e-01;1.00724e+00;9.85811e-04
nav-lives;me-freeForm;2;[8];180;18000;18000;1.24439e+04;8;1;1;1.00000e+00;1.00000e+00;1.00000e+00;42;9.99814e-01;1.00548e+00;9.63363e-04
nav-lives;me-freeForm;1;[8];198;19800;19800;1.33755e+04;58;1;1;1.00000e+00;1.00000e+00;1.00000e+00;74;9.99846e-01;1.00724e+00;9.85811e-04
nav-lives;me-freeForm;2;[8];181;18100;18100;1.25121e+04;8;1;1;1.00000e+00;1.00000e+00;1.00000e+00;42;9.99814e-01;1.00548e+00;9.63363e-04
nav-lives;me-freeForm;1;[8];199;19900;19900;1.34425e+04;58;1;1;1.00000e+00;1.00000e+00;1.00000e+00;74;9.99846e-01;1.00724e+00;9.85811e-04
nav-lives;me-freeForm;2;[8];182;18200;18200;1.25819e+04;8;1;1;1.00000e+00;1.00000e+00;1.00000e+00;42;9.99814e-01;1.00548e+00;9.63363e-04
nav-lives;me-freeForm;1;[8];200;20000;20000;1.35152e+04;58;1;1;1.00000e+00;1.00000e+00;1.00000e+00;74;9.99846e-01;1.00724e+00;9.85811e-04
nav-lives;me-freeForm;2;[8];183;18300;18300;1.26520e+04;8;1;1;1.00000e+00;1.00000e+00;1.00000e+00;42;9.99814e-01;1.00548e+00;9.63363e-04
nav-lives;me-freeForm;1;[8];201;20100;20100;1.35819e+04;58;1;1;1.00000e+00;1.00000e+00;1.00000e+00;74;9.99846e-01;1.00724e+00;9.85811e-04
nav-lives;me-freeForm;2;[8];184;18400;18400;1.27211e+04;8;1;1;1.00000e+00;1.00000e+00;1.00000e+00;42;9.99814e-01;1.00548e+00;9.63363e-04
nav-lives;me-freeForm;1;[8];202;20200;20200;1.36520e+04;58;1;1;1.00000e+00;1.00000e+00;1.00000e+00;74;9.99846e-01;1.00724e+00;9.85811e-04
nav-lives;me-freeForm;2;[8];185;18500;18500;1.27900e+04;8;1;1;1.00000e+00;1.00000e+00;1.00000e+00;42;9.99814e-01;1.00548e+00;9.63363e-04
nav-lives;me-freeForm;1;[8];203;20300;20300;1.37234e+04;58;1;1;1.00000e+00;1.00000e+00;1.00000e+00;74;9.99846e-01;1.00724e+00;9.85811e-04
nav-lives;me-freeForm;2;[8];186;18600;18600;1.28595e+04;8;1;1;1.00000e+00;1.00000e+00;1.00000e+00;42;9.99814e-01;1.00548e+00;9.63363e-04
nav-lives;me-freeForm;1;[8];204;20400;20400;1.37907e+04;58;1;1;1.00000e+00;1.00000e+00;1.00000e+00;74;9.99846e-01;1.00724e+00;9.85811e-04
nav-lives;me-freeForm;2;[8];187;18700;18700;1.29290e+04;8;1;1;1.00000e+00;1.00000e+00;1.00000e+00;42;9.99814e-01;1.00548e+00;9.63363e-04
nav-lives;me-freeForm;1;[8];205;20500;20500;1.38616e+04;58;1;1;1.00000e+00;1.00000e+00;1.00000e+00;74;9.99846e-01;1.00724e+00;9.85811e-04
nav-lives;me-freeForm;2;[8];188;18800;18800;1.29975e+04;8;1;1;1.00000e+00;1.00000e+00;1.00000e+00;42;9.99814e-01;1.00548e+00;9.63363e-04
nav-lives;me-freeForm;1;[8];206;20600;20600;1.39287e+04;58;1;1;1.00000e+00;1.00000e+00;1.00000e+00;74;9.99846e-01;1.00724e+00;9.85811e-04
nav-lives;me-freeForm;2;[8];189;18900;18900;1.30693e+04;8;1;1;1.00000e+00;1.00000e+00;1.00000e+00;42;9.99814e-01;1.00548e+00;9.63363e-04
nav-lives;me-freeForm;1;[8];207;20700;20700;1.40010e+04;59;1;1;1.00000e+00;1.00000e+00;1.00000e+00;74;9.99846e-01;1.00724e+00;9.85811e-04
nav-lives;me-freeForm;2;[8];190;19000;19000;1.31379e+04;8;1;1;1.00000e+00;1.00000e+00;1.00000e+00;42;9.99814e-01;1.00548e+00;9.63363e-04
nav-lives;me-freeForm;1;[8];208;20800;20800;1.40688e+04;59;1;1;1.00000e+00;1.00000e+00;1.00000e+00;74;9.99846e-01;1.00724e+00;9.85811e-04
nav-lives;me-freeForm;2;[8];191;19100;19100;1.32067e+04;8;1;1;1.00000e+00;1.00000e+00;1.00000e+00;42;9.99814e-01;1.00548e+00;9.63363e-04
nav-lives;me-freeForm;1;[8];209;20900;20900;1.41397e+04;59;1;1;1.00000e+00;1.00000e+00;1.00000e+00;74;9.99846e-01;1.00724e+00;9.85811e-04
nav-lives;me-freeForm;2;[8];192;19200;19200;1.32771e+04;8;1;1;1.00000e+00;1.00000e+00;1.00000e+00;42;9.99814e-01;1.00548e+00;9.63363e-04
nav-lives;me-freeForm;1;[8];210;21000;21000;1.42103e+04;59;1;1;1.00000e+00;1.00000e+00;1.00000e+00;74;9.99846e-01;1.00724e+00;9.85811e-04
nav-lives;me-freeForm;2;[8];193;19300;19300;1.33461e+04;8;1;1;1.00000e+00;1.00000e+00;1.00000e+00;42;9.99814e-01;1.00548e+00;9.63363e-04
nav-lives;me-freeForm;1;[8];211;21100;21100;1.42772e+04;60;1;1;9.83333e-01;1.00000e+00;1.00000e+00;74;9.99846e-01;1.00724e+00;9.85811e-04
nav-lives;me-freeForm;2;[8];194;19400;19400;1.34144e+04;8;1;1;1.00000e+00;1.00000e+00;1.00000e+00;42;9.99814e-01;1.00548e+00;9.63363e-04
nav-lives;me-freeForm;1;[8];212;21200;21200;1.43462e+04;60;1;1;9.83333e-01;1.00000e+00;1.00000e+00;74;9.99846e-01;1.00724e+00;9.85811e-04
nav-lives;me-freeForm;2;[8];195;19500;19500;1.34841e+04;8;1;1;1.00000e+00;1.00000e+00;1.00000e+00;42;9.99814e-01;1.00548e+00;9.63363e-04
nav-lives;me-freeForm;1;[8];213;21300;21300;1.44148e+04;60;1;1;9.83333e-01;1.00000e+00;1.00000e+00;74;9.99846e-01;1.00724e+00;9.85811e-04
nav-lives;me-freeForm;2;[8];196;19600;19600;1.35563e+04;8;1;1;1.00000e+00;1.00000e+00;1.00000e+00;42;9.99814e-01;1.00548e+00;9.63363e-04
nav-lives;me-freeForm;1;[8];214;21400;21400;1.44879e+04;60;1;1;9.83333e-01;1.00000e+00;1.00000e+00;74;9.99846e-01;1.00724e+00;9.85811e-04
nav-lives;me-freeForm;2;[8];197;19700;19700;1.36253e+04;8;1;1;1.00000e+00;1.00000e+00;1.00000e+00;42;9.99814e-01;1.00548e+00;9.63363e-04
nav-lives;me-freeForm;1;[8];215;21500;21500;1.45564e+04;60;1;1;9.83333e-01;1.00000e+00;1.00000e+00;74;9.99846e-01;1.00724e+00;9.85811e-04
nav-lives;me-freeForm;2;[8];198;19800;19800;1.36933e+04;8;1;1;1.00000e+00;1.00000e+00;1.00000e+00;42;9.99814e-01;1.00548e+00;9.63363e-04
nav-lives;me-freeForm;1;[8];216;21600;21600;1.46269e+04;60;1;1;9.83333e-01;1.00000e+00;1.00000e+00;74;9.99846e-01;1.00724e+00;9.85811e-04
nav-lives;me-freeForm;2;[8];199;19900;19900;1.37638e+04;8;1;1;1.00000e+00;1.00000e+00;1.00000e+00;42;9.99814e-01;1.00548e+00;9.63363e-04
nav-lives;me-freeForm;1;[8];217;21700;21700;1.46974e+04;60;1;1;1.00000e+00;1.00000e+00;1.00000e+00;74;9.99846e-01;1.00724e+00;9.85811e-04
nav-lives;me-freeForm;2;[8];200;20000;20000;1.38328e+04;8;1;1;1.00000e+00;1.00000e+00;1.00000e+00;42;9.99814e-01;1.00548e+00;9.63363e-04
nav-lives;me-freeForm;1;[8];218;21800;21800;1.47657e+04;60;1;1;1.00000e+00;1.00000e+00;1.00000e+00;74;9.99846e-01;1.00724e+00;9.85811e-04
nav-lives;me-freeForm;2;[8];201;20100;20100;1.39030e+04;8;1;1;1.00000e+00;1.00000e+00;1.00000e+00;42;9.99814e-01;1.00548e+00;9.63363e-04
nav-lives;me-freeForm;1;[8];219;21900;21900;1.48349e+04;60;1;1;1.00000e+00;1.00000e+00;1.00000e+00;74;9.99846e-01;1.00724e+00;9.85811e-04
nav-lives;me-freeForm;2;[8];202;20200;20200;1.39728e+04;8;1;1;1.00000e+00;1.00000e+00;1.00000e+00;42;9.99814e-01;1.00548e+00;9.63363e-04
nav-lives;me-freeForm;1;[8];220;22000;22000;1.49048e+04;60;1;1;1.00000e+00;1.00000e+00;1.00000e+00;74;9.99846e-01;1.00724e+00;9.85811e-04
nav-lives;me-freeForm;2;[8];203;20300;20300;1.40437e+04;8;1;1;1.00000e+00;1.00000e+00;1.00000e+00;42;9.99814e-01;1.00548e+00;9.63363e-04
nav-lives;me-freeForm;1;[8];221;22100;22100;1.49746e+04;60;1;1;1.00000e+00;1.00000e+00;1.00000e+00;74;9.99846e-01;1.00724e+00;9.85811e-04
nav-lives;me-freeForm;2;[8];204;20400;20400;1.41118e+04;8;1;1;1.00000e+00;1.00000e+00;1.00000e+00;42;9.99814e-01;1.00548e+00;9.63363e-04
nav-lives;me-freeForm;1;[8];222;22200;22200;1.50432e+04;60;1;1;1.00000e+00;1.00000e+00;1.00000e+00;74;9.99846e-01;1.00724e+00;9.85811e-04
nav-lives;me-freeForm;2;[8];205;20500;20500;1.41796e+04;8;1;1;1.00000e+00;1.00000e+00;1.00000e+00;42;9.99814e-01;1.00548e+00;9.63363e-04
nav-lives;me-freeForm;1;[8];223;22300;22300;1.51108e+04;60;1;1;1.00000e+00;1.00000e+00;1.00000e+00;74;9.99846e-01;1.00724e+00;9.85811e-04
nav-lives;me-freeForm;2;[8];206;20600;20600;1.42494e+04;8;1;1;1.00000e+00;1.00000e+00;1.00000e+00;42;9.99814e-01;1.00548e+00;9.63363e-04
nav-lives;me-freeForm;1;[8];224;22400;22400;1.51789e+04;60;1;1;1.00000e+00;1.00000e+00;1.00000e+00;74;9.99846e-01;1.00724e+00;9.85811e-04
nav-lives;me-freeForm;2;[8];207;20700;20700;1.43185e+04;8;1;1;1.00000e+00;1.00000e+00;1.00000e+00;42;9.99814e-01;1.00548e+00;9.63363e-04
nav-lives;me-freeForm;1;[8];225;22500;22500;1.52510e+04;60;1;1;1.00000e+00;1.00000e+00;1.00000e+00;74;9.99846e-01;1.00724e+00;9.85811e-04
nav-lives;me-freeForm;2;[8];208;20800;20800;1.43887e+04;8;1;1;1.00000e+00;1.00000e+00;1.00000e+00;42;9.99814e-01;1.00548e+00;9.63363e-04
nav-lives;me-freeForm;1;[8];226;22600;22600;1.53226e+04;60;1;1;1.00000e+00;1.00000e+00;1.00000e+00;74;9.99846e-01;1.00724e+00;9.85811e-04
nav-lives;me-freeForm;2;[8];209;20900;20900;1.44587e+04;8;1;1;1.00000e+00;1.00000e+00;1.00000e+00;42;9.99814e-01;1.00548e+00;9.63363e-04
nav-lives;me-freeForm;1;[8];227;22700;22700;1.53909e+04;60;1;1;1.00000e+00;1.00000e+00;1.00000e+00;74;9.99846e-01;1.00724e+00;9.85811e-04
nav-lives;me-freeForm;2;[8];210;21000;21000;1.45292e+04;8;1;1;1.00000e+00;1.00000e+00;1.00000e+00;42;9.99814e-01;1.00548e+00;9.63363e-04
nav-lives;me-freeForm;1;[8];228;22800;22800;1.54612e+04;60;1;1;1.00000e+00;1.00000e+00;1.00000e+00;74;9.99846e-01;1.00724e+00;9.85811e-04
nav-lives;me-freeForm;2;[8];211;21100;21100;1.45977e+04;8;1;1;1.00000e+00;1.00000e+00;1.00000e+00;42;9.99814e-01;1.00548e+00;9.63363e-04
nav-lives;me-freeForm;1;[8];229;22900;22900;1.55291e+04;60;1;1;1.00000e+00;1.00000e+00;1.00000e+00;74;9.99846e-01;1.00724e+00;9.85811e-04
nav-lives;me-freeForm;2;[8];212;21200;21200;1.46667e+04;8;1;1;1.00000e+00;1.00000e+00;1.00000e+00;42;9.99814e-01;1.00548e+00;9.63363e-04
nav-lives;me-freeForm;1;[8];230;23000;23000;1.55994e+04;60;1;1;1.00000e+00;1.00000e+00;1.00000e+00;74;9.99846e-01;1.00724e+00;9.85811e-04
nav-lives;me-freeForm;2;[8];213;21300;21300;1.47374e+04;8;1;1;1.00000e+00;1.00000e+00;1.00000e+00;42;9.99814e-01;1.00548e+00;9.63363e-04
nav-lives;me-freeForm;1;[8];231;23100;23100;1.56667e+04;60;1;1;1.00000e+00;1.00000e+00;1.00000e+00;74;9.99846e-01;1.00724e+00;9.85811e-04
nav-lives;me-freeForm;2;[8];214;21400;21400;1.48046e+04;8;1;1;1.00000e+00;1.00000e+00;1.00000e+00;42;9.99814e-01;1.00548e+00;9.63363e-04
nav-lives;me-freeForm;1;[8];232;23200;23200;1.57380e+04;60;1;1;1.00000e+00;1.00000e+00;1.00000e+00;74;9.99846e-01;1.00724e+00;9.85811e-04
nav-lives;me-freeForm;2;[8];215;21500;21500;1.48757e+04;8;1;1;1.00000e+00;1.00000e+00;1.00000e+00;42;9.99814e-01;1.00548e+00;9.63363e-04
nav-lives;me-freeForm;1;[8];233;23300;23300;1.58071e+04;60;1;1;1.00000e+00;1.00000e+00;1.00000e+00;74;9.99846e-01;1.00724e+00;9.85811e-04
nav-lives;me-freeForm;2;[8];216;21600;21600;1.49455e+04;8;1;1;1.00000e+00;1.00000e+00;1.00000e+00;42;9.99814e-01;1.00548e+00;9.63363e-04
nav-lives;me-freeForm;1;[8];234;23400;23400;1.58773e+04;60;1;1;1.00000e+00;1.00000e+00;1.00000e+00;74;9.99846e-01;1.00724e+00;9.85811e-04
nav-lives;me-freeForm;2;[8];217;21700;21700;1.50152e+04;8;1;1;1.00000e+00;1.00000e+00;1.00000e+00;42;9.99814e-01;1.00548e+00;9.63363e-04
nav-lives;me-freeForm;1;[8];235;23500;23500;1.59471e+04;60;1;1;1.00000e+00;1.00000e+00;1.00000e+00;74;9.99846e-01;1.00724e+00;9.85811e-04
nav-lives;me-freeForm;2;[8];218;21800;21800;1.50830e+04;8;1;1;1.00000e+00;1.00000e+00;1.00000e+00;42;9.99814e-01;1.00548e+00;9.63363e-04
nav-lives;me-freeForm;1;[8];236;23600;23600;1.60159e+04;60;1;1;1.00000e+00;1.00000e+00;1.00000e+00;74;9.99846e-01;1.00724e+00;9.85811e-04
nav-lives;me-freeForm;2;[8];219;21900;21900;1.51528e+04;8;1;1;1.00000e+00;1.00000e+00;1.00000e+00;42;9.99814e-01;1.00548e+00;9.63363e-04
nav-lives;me-freeForm;1;[8];237;23700;23700;1.60844e+04;60;1;1;1.00000e+00;1.00000e+00;1.00000e+00;74;9.99846e-01;1.00724e+00;9.85811e-04
nav-lives;me-freeForm;2;[8];220;22000;22000;1.52228e+04;8;1;1;1.00000e+00;1.00000e+00;1.00000e+00;42;9.99814e-01;1.00548e+00;9.63363e-04
nav-lives;me-freeForm;1;[8];238;23800;23800;1.61548e+04;60;1;1;1.00000e+00;1.00000e+00;1.00000e+00;74;9.99846e-01;1.00724e+00;9.85811e-04
nav-lives;me-freeForm;2;[8];221;22100;22100;1.52922e+04;8;1;1;1.00000e+00;1.00000e+00;1.00000e+00;42;9.99814e-01;1.00548e+00;9.63363e-04
nav-lives;me-freeForm;1;[8];239;23900;23900;1.62242e+04;60;1;1;1.00000e+00;1.00000e+00;1.00000e+00;74;9.99846e-01;1.00724e+00;9.85811e-04
nav-lives;me-freeForm;2;[8];222;22200;22200;1.53598e+04;8;1;1;1.00000e+00;1.00000e+00;1.00000e+00;42;9.99814e-01;1.00548e+00;9.63363e-04
nav-lives;me-freeForm;1;[8];240;24000;24000;1.62928e+04;60;1;1;1.00000e+00;1.00000e+00;1.00000e+00;74;9.99846e-01;1.00724e+00;9.85811e-04
nav-lives;me-freeForm;2;[8];223;22300;22300;1.54315e+04;8;1;1;1.00000e+00;1.00000e+00;1.00000e+00;42;9.99814e-01;1.00548e+00;9.63363e-04
nav-lives;me-freeForm;1;[8];241;24100;24100;1.63644e+04;61;1;1;1.00000e+00;1.00000e+00;1.00000e+00;74;9.99846e-01;1.00724e+00;9.85811e-04
nav-lives;me-freeForm;2;[8];224;22400;22400;1.55013e+04;8;1;1;1.00000e+00;1.00000e+00;1.00000e+00;42;9.99814e-01;1.00548e+00;9.63363e-04
nav-lives;me-freeForm;1;[8];242;24200;24200;1.64324e+04;61;1;1;1.00000e+00;1.00000e+00;1.00000e+00;74;9.99846e-01;1.00724e+00;9.85811e-04
nav-lives;me-freeForm;2;[8];225;22500;22500;1.55712e+04;8;1;1;1.00000e+00;1.00000e+00;1.00000e+00;42;9.99814e-01;1.00548e+00;9.63363e-04
nav-lives;me-freeForm;1;[8];243;24300;24300;1.65050e+04;61;1;1;1.00000e+00;1.00000e+00;1.00000e+00;74;9.99846e-01;1.00724e+00;9.85811e-04
nav-lives;me-freeForm;2;[8];226;22600;22600;1.56407e+04;8;1;1;1.00000e+00;1.00000e+00;1.00000e+00;42;9.99814e-01;1.00548e+00;9.63363e-04
nav-lives;me-freeForm;1;[8];244;24400;24400;1.65726e+04;61;1;1;1.00000e+00;1.00000e+00;1.00000e+00;74;9.99846e-01;1.00724e+00;9.85811e-04
nav-lives;me-freeForm;2;[8];227;22700;22700;1.57100e+04;8;1;1;1.00000e+00;1.00000e+00;1.00000e+00;42;9.99814e-01;1.00548e+00;9.63363e-04
nav-lives;me-freeForm;1;[8];245;24500;24500;1.66419e+04;61;1;1;1.00000e+00;1.00000e+00;1.00000e+00;74;9.99846e-01;1.00724e+00;9.85811e-04
nav-lives;me-freeForm;2;[8];228;22800;22800;1.57785e+04;8;1;1;1.00000e+00;1.00000e+00;1.00000e+00;42;9.99814e-01;1.00548e+00;9.63363e-04
nav-lives;me-freeForm;1;[8];246;24600;24600;1.67122e+04;61;1;1;1.00000e+00;1.00000e+00;1.00000e+00;74;9.99846e-01;1.00724e+00;9.85811e-04
nav-lives;me-freeForm;2;[8];229;22900;22900;1.58535e+04;8;1;1;1.00000e+00;1.00000e+00;1.00000e+00;42;9.99814e-01;1.00548e+00;9.63363e-04
nav-lives;me-freeForm;1;[8];247;24700;24700;1.67827e+04;61;1;1;1.00000e+00;1.00000e+00;1.00000e+00;74;9.99846e-01;1.00724e+00;9.85811e-04
nav-lives;me-freeForm;2;[8];230;23000;23000;1.59189e+04;8;1;1;1.00000e+00;1.00000e+00;1.00000e+00;42;9.99814e-01;1.00548e+00;9.63363e-04
nav-lives;me-freeForm;1;[8];248;24800;24800;1.68498e+04;61;1;1;1.00000e+00;1.00000e+00;1.00000e+00;74;9.99846e-01;1.00724e+00;9.85811e-04
nav-lives;me-freeForm;2;[8];231;23100;23100;1.59870e+04;8;1;1;1.00000e+00;1.00000e+00;1.00000e+00;42;9.99814e-01;1.00548e+00;9.63363e-04
nav-lives;me-freeForm;1;[8];249;24900;24900;1.69194e+04;61;1;1;1.00000e+00;1.00000e+00;1.00000e+00;74;9.99846e-01;1.00724e+00;9.85811e-04
nav-lives;me-freeForm;2;[8];232;23200;23200;1.60590e+04;8;1;1;1.00000e+00;1.00000e+00;1.00000e+00;42;9.99814e-01;1.00548e+00;9.63363e-04
nav-lives;me-freeForm;1;[8];250;25000;25000;1.69902e+04;62;1;1;1.00000e+00;1.00000e+00;1.00000e+00;74;9.99846e-01;1.00724e+00;9.85811e-04
nav-lives;me-freeForm;2;[8];233;23300;23300;1.61263e+04;8;1;1;1.00000e+00;1.00000e+00;1.00000e+00;42;9.99814e-01;1.00548e+00;9.63363e-04
nav-lives;me-freeForm;1;[8];251;25100;25100;1.70578e+04;62;1;1;1.00000e+00;1.00000e+00;1.00000e+00;74;9.99846e-01;1.00724e+00;9.85811e-04
nav-lives;me-freeForm;2;[8];234;23400;23400;1.61963e+04;8;1;1;1.00000e+00;1.00000e+00;1.00000e+00;42;9.99814e-01;1.00548e+00;9.63363e-04
nav-lives;me-freeForm;1;[8];252;25200;25200;1.71295e+04;62;1;1;1.00000e+00;1.00000e+00;1.00000e+00;74;9.99846e-01;1.00724e+00;9.85811e-04
nav-lives;me-freeForm;2;[8];235;23500;23500;1.62656e+04;8;1;1;1.00000e+00;1.00000e+00;1.00000e+00;42;9.99814e-01;1.00548e+00;9.63363e-04
nav-lives;me-freeForm;1;[8];253;25300;25300;1.72000e+04;62;1;1;1.00000e+00;1.00000e+00;1.00000e+00;74;9.99846e-01;1.00724e+00;9.85811e-04
nav-lives;me-freeForm;2;[8];236;23600;23600;1.63379e+04;8;1;1;1.00000e+00;1.00000e+00;1.00000e+00;42;9.99814e-01;1.00548e+00;9.63363e-04
nav-lives;me-freeForm;1;[8];254;25400;25400;1.72694e+04;62;1;1;1.00000e+00;1.00000e+00;1.00000e+00;74;9.99846e-01;1.00724e+00;9.85811e-04
nav-lives;me-freeForm;2;[8];237;23700;23700;1.64052e+04;8;1;1;1.00000e+00;1.00000e+00;1.00000e+00;42;9.99814e-01;1.00548e+00;9.63363e-04
nav-lives;me-freeForm;1;[8];255;25500;25500;1.73386e+04;62;1;1;1.00000e+00;1.00000e+00;1.00000e+00;74;9.99846e-01;1.00724e+00;9.85811e-04
nav-lives;me-freeForm;2;[8];238;23800;23800;1.64757e+04;8;1;1;1.00000e+00;1.00000e+00;1.00000e+00;42;9.99814e-01;1.00548e+00;9.63363e-04
nav-lives;me-freeForm;1;[8];256;25600;25600;1.74082e+04;62;1;1;1.00000e+00;1.00000e+00;1.00000e+00;74;9.99846e-01;1.00724e+00;9.85811e-04
nav-lives;me-freeForm;2;[8];239;23900;23900;1.65456e+04;8;1;1;1.00000e+00;1.00000e+00;1.00000e+00;42;9.99814e-01;1.00548e+00;9.63363e-04
nav-lives;me-freeForm;1;[8];257;25700;25700;1.74760e+04;62;1;1;1.00000e+00;1.00000e+00;1.00000e+00;74;9.99846e-01;1.00724e+00;9.85811e-04
nav-lives;me-freeForm;2;[8];240;24000;24000;1.66143e+04;8;1;1;1.00000e+00;1.00000e+00;1.00000e+00;42;9.99814e-01;1.00548e+00;9.63363e-04
nav-lives;me-freeForm;1;[8];258;25800;25800;1.75453e+04;62;1;1;1.00000e+00;1.00000e+00;1.00000e+00;74;9.99846e-01;1.00724e+00;9.85811e-04
nav-lives;me-freeForm;2;[8];241;24100;24100;1.66826e+04;8;1;1;1.00000e+00;1.00000e+00;1.00000e+00;42;9.99814e-01;1.00548e+00;9.63363e-04
nav-lives;me-freeForm;1;[8];259;25900;25900;1.76168e+04;62;1;1;1.00000e+00;1.00000e+00;1.00000e+00;74;9.99846e-01;1.00724e+00;9.85811e-04
nav-lives;me-freeForm;2;[8];242;24200;24200;1.67523e+04;8;1;1;1.00000e+00;1.00000e+00;1.00000e+00;42;9.99814e-01;1.00548e+00;9.63363e-04
nav-lives;me-freeForm;1;[8];260;26000;26000;1.76857e+04;62;1;1;1.00000e+00;1.00000e+00;1.00000e+00;74;9.99846e-01;1.00724e+00;9.85811e-04
nav-lives;me-freeForm;2;[8];243;24300;24300;1.68215e+04;8;1;1;1.00000e+00;1.00000e+00;1.00000e+00;42;9.99814e-01;1.00548e+00;9.63363e-04
nav-lives;me-freeForm;1;[8];261;26100;26100;1.77549e+04;62;1;1;1.00000e+00;1.00000e+00;1.00000e+00;74;9.99846e-01;1.00724e+00;9.85811e-04
nav-lives;me-freeForm;2;[8];244;24400;24400;1.68926e+04;8;1;1;1.00000e+00;1.00000e+00;1.00000e+00;42;9.99814e-01;1.00548e+00;9.63363e-04
nav-lives;me-freeForm;1;[8];262;26200;26200;1.78236e+04;62;1;1;1.00000e+00;1.00000e+00;1.00000e+00;74;9.99846e-01;1.00724e+00;9.85811e-04
nav-lives;me-freeForm;2;[8];245;24500;24500;1.69603e+04;8;1;1;1.00000e+00;1.00000e+00;1.00000e+00;42;9.99814e-01;1.00548e+00;9.63363e-04
nav-lives;me-freeForm;1;[8];263;26300;26300;1.78942e+04;62;1;1;1.00000e+00;1.00000e+00;1.00000e+00;74;9.99846e-01;1.00724e+00;9.85811e-04
nav-lives;me-freeForm;2;[8];246;24600;24600;1.70312e+04;8;1;1;1.00000e+00;1.00000e+00;1.00000e+00;42;9.99814e-01;1.00548e+00;9.63363e-04
nav-lives;me-freeForm;1;[8];264;26400;26400;1.79608e+04;62;1;1;1.00000e+00;1.00000e+00;1.00000e+00;74;9.99846e-01;1.00724e+00;9.85811e-04
nav-lives;me-freeForm;2;[8];247;24700;24700;1.70992e+04;8;1;1;1.00000e+00;1.00000e+00;1.00000e+00;42;9.99814e-01;1.00548e+00;9.63363e-04
nav-lives;me-freeForm;1;[8];265;26500;26500;1.80311e+04;62;1;1;1.00000e+00;1.00000e+00;1.00000e+00;74;9.99846e-01;1.00724e+00;9.85811e-04
nav-lives;me-freeForm;2;[8];248;24800;24800;1.71682e+04;8;1;1;1.00000e+00;1.00000e+00;1.00000e+00;42;9.99814e-01;1.00548e+00;9.63363e-04
nav-lives;me-freeForm;1;[8];266;26600;26600;1.81019e+04;62;1;1;1.00000e+00;1.00000e+00;1.00000e+00;74;9.99846e-01;1.00724e+00;9.85811e-04
nav-lives;me-freeForm;2;[8];249;24900;24900;1.72400e+04;8;1;1;1.00000e+00;1.00000e+00;1.00000e+00;42;9.99814e-01;1.00548e+00;9.63363e-04
nav-lives;me-freeForm;1;[8];267;26700;26700;1.81716e+04;62;1;1;1.00000e+00;1.00000e+00;1.00000e+00;74;9.99846e-01;1.00724e+00;9.85811e-04
nav-lives;me-freeForm;2;[8];250;25000;25000;1.73094e+04;8;1;1;1.00000e+00;1.00000e+00;1.00000e+00;42;9.99814e-01;1.00548e+00;9.63363e-04
nav-lives;me-freeForm;1;[8];268;26800;26800;1.82404e+04;62;1;1;1.00000e+00;1.00000e+00;1.00000e+00;74;9.99846e-01;1.00724e+00;9.85811e-04
nav-lives;me-freeForm;2;[8];251;25100;25100;1.73782e+04;8;1;1;1.00000e+00;1.00000e+00;1.00000e+00;42;9.99814e-01;1.00548e+00;9.63363e-04
nav-lives;me-freeForm;1;[8];269;26900;26900;1.83078e+04;62;1;1;1.00000e+00;1.00000e+00;1.00000e+00;74;9.99846e-01;1.00724e+00;9.85811e-04
nav-lives;me-freeForm;2;[8];252;25200;25200;1.74480e+04;8;1;1;1.00000e+00;1.00000e+00;1.00000e+00;42;9.99814e-01;1.00548e+00;9.63363e-04
nav-lives;me-freeForm;1;[8];270;27000;27000;1.83800e+04;62;1;1;1.00000e+00;1.00000e+00;1.00000e+00;74;9.99846e-01;1.00724e+00;9.85811e-04
nav-lives;me-freeForm;2;[8];253;25300;25300;1.75180e+04;8;1;1;1.00000e+00;1.00000e+00;1.00000e+00;42;9.99814e-01;1.00548e+00;9.63363e-04
nav-lives;me-freeForm;1;[8];271;27100;27100;1.84484e+04;62;1;1;1.00000e+00;1.00000e+00;1.00000e+00;74;9.99846e-01;1.00724e+00;9.85811e-04
nav-lives;me-freeForm;2;[8];254;25400;25400;1.75865e+04;8;1;1;1.00000e+00;1.00000e+00;1.00000e+00;42;9.99814e-01;1.00548e+00;9.63363e-04
nav-lives;me-freeForm;1;[8];272;27200;27200;1.85180e+04;62;1;1;1.00000e+00;1.00000e+00;1.00000e+00;74;9.99846e-01;1.00724e+00;9.85811e-04
nav-lives;me-freeForm;2;[8];255;25500;25500;1.76562e+04;8;1;1;1.00000e+00;1.00000e+00;1.00000e+00;42;9.99814e-01;1.00548e+00;9.63363e-04
nav-lives;me-freeForm;1;[8];273;27300;27300;1.85886e+04;62;1;1;1.00000e+00;1.00000e+00;1.00000e+00;74;9.99846e-01;1.00724e+00;9.85811e-04
nav-lives;me-freeForm;2;[8];256;25600;25600;1.77262e+04;8;1;1;1.00000e+00;1.00000e+00;1.00000e+00;42;9.99814e-01;1.00548e+00;9.63363e-04
nav-lives;me-freeForm;1;[8];274;27400;27400;1.86589e+04;62;1;1;1.00000e+00;1.00000e+00;1.00000e+00;74;9.99846e-01;1.00724e+00;9.85811e-04
nav-lives;me-freeForm;2;[8];257;25700;25700;1.77967e+04;9;1;1;1.00000e+00;1.00000e+00;1.00000e+00;42;9.99814e-01;1.00548e+00;9.63363e-04
nav-lives;me-freeForm;1;[8];275;27500;27500;1.87282e+04;62;1;1;1.00000e+00;1.00000e+00;1.00000e+00;74;9.99846e-01;1.00724e+00;9.85811e-04
nav-lives;me-freeForm;2;[8];258;25800;25800;1.78646e+04;9;1;1;1.00000e+00;1.00000e+00;1.00000e+00;42;9.99814e-01;1.00548e+00;9.63363e-04
nav-lives;me-freeForm;1;[8];276;27600;27600;1.87964e+04;62;1;1;1.00000e+00;1.00000e+00;1.00000e+00;74;9.99846e-01;1.00724e+00;9.85811e-04
nav-lives;me-freeForm;2;[8];259;25900;25900;1.79341e+04;9;1;1;1.00000e+00;1.00000e+00;1.00000e+00;42;9.99814e-01;1.00548e+00;9.63363e-04
nav-lives;me-freeForm;1;[8];277;27700;27700;1.88651e+04;62;1;1;1.00000e+00;1.00000e+00;1.00000e+00;74;9.99846e-01;1.00724e+00;9.85811e-04
nav-lives;me-freeForm;2;[8];260;26000;26000;1.80018e+04;9;1;1;1.00000e+00;1.00000e+00;1.00000e+00;42;9.99814e-01;1.00548e+00;9.63363e-04
nav-lives;me-freeForm;1;[8];278;27800;27800;1.89358e+04;62;1;1;1.00000e+00;1.00000e+00;1.00000e+00;74;9.99846e-01;1.00724e+00;9.85811e-04
nav-lives;me-freeForm;2;[8];261;26100;26100;1.80737e+04;9;1;1;1.00000e+00;1.00000e+00;1.00000e+00;42;9.99814e-01;1.00548e+00;9.63363e-04
nav-lives;me-freeForm;1;[8];279;27900;27900;1.90039e+04;62;1;1;1.00000e+00;1.00000e+00;1.00000e+00;74;9.99846e-01;1.00724e+00;9.85811e-04
nav-lives;me-freeForm;2;[8];262;26200;26200;1.81426e+04;9;1;1;1.00000e+00;1.00000e+00;1.00000e+00;42;9.99814e-01;1.00548e+00;9.63363e-04
nav-lives;me-freeForm;1;[8];280;28000;28000;1.90763e+04;62;1;1;1.00000e+00;1.00000e+00;1.00000e+00;74;9.99846e-01;1.00724e+00;9.85811e-04
nav-lives;me-freeForm;2;[8];263;26300;26300;1.82137e+04;9;1;1;1.00000e+00;1.00000e+00;1.00000e+00;42;9.99814e-01;1.00548e+00;9.63363e-04
nav-lives;me-freeForm;1;[8];281;28100;28100;1.91453e+04;62;1;1;1.00000e+00;1.00000e+00;1.00000e+00;74;9.99846e-01;1.00724e+00;9.85811e-04
nav-lives;me-freeForm;2;[8];264;26400;26400;1.82816e+04;9;1;1;1.00000e+00;1.00000e+00;1.00000e+00;42;9.99814e-01;1.00548e+00;9.63363e-04
nav-lives;me-freeForm;1;[8];282;28200;28200;1.92126e+04;62;1;1;1.00000e+00;1.00000e+00;1.00000e+00;74;9.99846e-01;1.00724e+00;9.85811e-04
nav-lives;me-freeForm;2;[8];265;26500;26500;1.83496e+04;9;1;1;1.00000e+00;1.00000e+00;1.00000e+00;42;9.99814e-01;1.00548e+00;9.63363e-04
nav-lives;me-freeForm;1;[8];283;28300;28300;1.92796e+04;62;1;1;1.00000e+00;1.00000e+00;1.00000e+00;74;9.99846e-01;1.00724e+00;9.85811e-04
nav-lives;me-freeForm;2;[8];266;26600;26600;1.84175e+04;9;1;1;1.00000e+00;1.00000e+00;1.00000e+00;42;9.99814e-01;1.00548e+00;9.63363e-04
nav-lives;me-freeForm;1;[8];284;28400;28400;1.93512e+04;62;1;1;1.00000e+00;1.00000e+00;1.00000e+00;74;9.99846e-01;1.00724e+00;9.85811e-04
nav-lives;me-freeForm;2;[8];267;26700;26700;1.84895e+04;9;1;1;1.00000e+00;1.00000e+00;1.00000e+00;42;9.99814e-01;1.00548e+00;9.63363e-04
nav-lives;me-freeForm;1;[8];285;28500;28500;1.94222e+04;62;1;1;1.00000e+00;1.00000e+00;1.00000e+00;74;9.99846e-01;1.00724e+00;9.85811e-04
nav-lives;me-freeForm;2;[8];268;26800;26800;1.85606e+04;9;1;1;1.00000e+00;1.00000e+00;1.00000e+00;42;9.99814e-01;1.00548e+00;9.63363e-04
nav-lives;me-freeForm;1;[8];286;28600;28600;1.94932e+04;62;1;1;1.00000e+00;1.00000e+00;1.00000e+00;74;9.99846e-01;1.00724e+00;9.85811e-04
nav-lives;me-freeForm;2;[8];269;26900;26900;1.86307e+04;9;1;1;1.00000e+00;1.00000e+00;1.00000e+00;42;9.99814e-01;1.00548e+00;9.63363e-04
nav-lives;me-freeForm;1;[8];287;28700;28700;1.95626e+04;62;1;1;1.00000e+00;1.00000e+00;1.00000e+00;74;9.99846e-01;1.00724e+00;9.85811e-04
nav-lives;me-freeForm;2;[8];270;27000;27000;1.86983e+04;9;1;1;1.00000e+00;1.00000e+00;1.00000e+00;42;9.99814e-01;1.00548e+00;9.63363e-04
nav-lives;me-freeForm;1;[8];288;28800;28800;1.96314e+04;62;1;1;1.00000e+00;1.00000e+00;1.00000e+00;74;9.99846e-01;1.00724e+00;9.85811e-04
nav-lives;me-freeForm;2;[8];271;27100;27100;1.87694e+04;9;1;1;1.00000e+00;1.00000e+00;1.00000e+00;42;9.99814e-01;1.00548e+00;9.63363e-04
nav-lives;me-freeForm;1;[8];289;28900;28900;1.97000e+04;62;1;1;1.00000e+00;1.00000e+00;1.00000e+00;74;9.99846e-01;1.00724e+00;9.85811e-04
nav-lives;me-freeForm;2;[8];272;27200;27200;1.88357e+04;9;1;1;1.00000e+00;1.00000e+00;1.00000e+00;42;9.99814e-01;1.00548e+00;9.63363e-04
nav-lives;me-freeForm;1;[8];290;29000;29000;1.97675e+04;62;1;1;1.00000e+00;1.00000e+00;1.00000e+00;74;9.99846e-01;1.00724e+00;9.85811e-04
nav-lives;me-freeForm;2;[8];273;27300;27300;1.89050e+04;9;1;1;1.00000e+00;1.00000e+00;1.00000e+00;42;9.99814e-01;1.00548e+00;9.63363e-04
nav-lives;me-freeForm;1;[8];291;29100;29100;1.98379e+04;62;1;1;1.00000e+00;1.00000e+00;1.00000e+00;74;9.99846e-01;1.00724e+00;9.85811e-04
nav-lives;me-freeForm;2;[8];274;27400;27400;1.89774e+04;9;1;1;1.00000e+00;1.00000e+00;1.00000e+00;42;9.99814e-01;1.00548e+00;9.63363e-04
nav-lives;me-freeForm;1;[8];292;29200;29200;1.99116e+04;62;1;1;1.00000e+00;1.00000e+00;1.00000e+00;74;9.99846e-01;1.00724e+00;9.85811e-04
nav-lives;me-freeForm;2;[8];275;27500;27500;1.90479e+04;9;1;1;1.00000e+00;1.00000e+00;1.00000e+00;42;9.99814e-01;1.00548e+00;9.63363e-04
nav-lives;me-freeForm;1;[8];293;29300;29300;1.99775e+04;62;1;1;1.00000e+00;1.00000e+00;1.00000e+00;74;9.99846e-01;1.00724e+00;9.85811e-04
nav-lives;me-freeForm;2;[8];276;27600;27600;1.91155e+04;9;1;1;1.00000e+00;1.00000e+00;1.00000e+00;42;9.99814e-01;1.00548e+00;9.63363e-04
nav-lives;me-freeForm;1;[8];294;29400;29400;2.00489e+04;62;1;1;1.00000e+00;1.00000e+00;1.00000e+00;74;9.99846e-01;1.00724e+00;9.85811e-04
nav-lives;me-freeForm;2;[8];277;27700;27700;1.91863e+04;9;1;1;1.00000e+00;1.00000e+00;1.00000e+00;42;9.99814e-01;1.00548e+00;9.63363e-04
nav-lives;me-freeForm;1;[8];295;29500;29500;2.01174e+04;62;1;1;1.00000e+00;1.00000e+00;1.00000e+00;74;9.99846e-01;1.00724e+00;9.85811e-04
nav-lives;me-freeForm;2;[8];278;27800;27800;1.92529e+04;9;1;1;1.00000e+00;1.00000e+00;1.00000e+00;42;9.99814e-01;1.00548e+00;9.63363e-04
nav-lives;me-freeForm;1;[8];296;29600;29600;2.01898e+04;62;1;1;1.00000e+00;1.00000e+00;1.00000e+00;74;9.99846e-01;1.00724e+00;9.85811e-04
nav-lives;me-freeForm;2;[8];279;27900;27900;1.93254e+04;9;1;1;1.00000e+00;1.00000e+00;1.00000e+00;42;9.99814e-01;1.00548e+00;9.63363e-04
nav-lives;me-freeForm;1;[8];297;29700;29700;2.02559e+04;62;1;1;1.00000e+00;1.00000e+00;1.00000e+00;74;9.99846e-01;1.00724e+00;9.85811e-04
nav-lives;me-freeForm;2;[8];280;28000;28000;1.93938e+04;9;1;1;1.00000e+00;1.00000e+00;1.00000e+00;42;9.99814e-01;1.00548e+00;9.63363e-04
nav-lives;me-freeForm;1;[8];298;29800;29800;2.03248e+04;62;1;1;1.00000e+00;1.00000e+00;1.00000e+00;74;9.99846e-01;1.00724e+00;9.85811e-04
nav-lives;me-freeForm;2;[8];281;28100;28100;1.94638e+04;9;1;1;1.00000e+00;1.00000e+00;1.00000e+00;42;9.99814e-01;1.00548e+00;9.63363e-04
nav-lives;me-freeForm;1;[8];299;29900;29900;2.03946e+04;62;1;1;1.00000e+00;1.00000e+00;1.00000e+00;74;9.99846e-01;1.00724e+00;9.85811e-04
nav-lives;me-freeForm;2;[8];282;28200;28200;1.95320e+04;9;1;1;1.00000e+00;1.00000e+00;1.00000e+00;42;9.99814e-01;1.00548e+00;9.63363e-04
nav-lives;me-freeForm;1;[8];300;30000;30000;2.04642e+04;62;1;1;1.00000e+00;1.00000e+00;1.00000e+00;74;9.99846e-01;1.00724e+00;9.85811e-04
nav-lives;me-freeForm;2;[8];283;28300;28300;1.96019e+04;9;1;1;1.00000e+00;1.00000e+00;1.00000e+00;42;9.99814e-01;1.00548e+00;9.63363e-04
nav-lives;me-freeForm;1;[8];301;30100;30100;2.05343e+04;62;1;1;1.00000e+00;1.00000e+00;1.00000e+00;74;9.99846e-01;1.00724e+00;9.85811e-04
nav-lives;me-freeForm;2;[8];284;28400;28400;1.96722e+04;9;1;1;1.00000e+00;1.00000e+00;1.00000e+00;42;9.99814e-01;1.00548e+00;9.63363e-04
nav-lives;me-freeForm;1;[8];302;30200;30200;2.06035e+04;62;1;1;1.00000e+00;1.00000e+00;1.00000e+00;74;9.99846e-01;1.00724e+00;9.85811e-04
nav-lives;me-freeForm;2;[8];285;28500;28500;1.97393e+04;9;1;1;1.00000e+00;1.00000e+00;1.00000e+00;42;9.99814e-01;1.00548e+00;9.63363e-04
nav-lives;me-freeForm;1;[8];303;30300;30300;2.06726e+04;62;1;1;1.00000e+00;1.00000e+00;1.00000e+00;74;9.99846e-01;1.00724e+00;9.85811e-04
nav-lives;me-freeForm;2;[8];286;28600;28600;1.98091e+04;9;1;1;1.00000e+00;1.00000e+00;1.00000e+00;42;9.99814e-01;1.00548e+00;9.63363e-04
nav-lives;me-freeForm;1;[8];304;30400;30400;2.07416e+04;62;1;1;1.00000e+00;1.00000e+00;1.00000e+00;74;9.99846e-01;1.00724e+00;9.85811e-04
nav-lives;me-freeForm;2;[8];287;28700;28700;1.98790e+04;9;1;1;1.00000e+00;1.00000e+00;1.00000e+00;42;9.99814e-01;1.00548e+00;9.63363e-04
nav-lives;me-freeForm;1;[8];305;30500;30500;2.08110e+04;62;1;1;1.00000e+00;1.00000e+00;1.00000e+00;74;9.99846e-01;1.00724e+00;9.85811e-04
nav-lives;me-freeForm;2;[8];288;28800;28800;1.99480e+04;9;1;1;1.00000e+00;1.00000e+00;1.00000e+00;42;9.99814e-01;1.00548e+00;9.63363e-04
nav-lives;me-freeForm;1;[8];306;30600;30600;2.08829e+04;62;1;1;1.00000e+00;1.00000e+00;1.00000e+00;74;9.99846e-01;1.00724e+00;9.85811e-04
nav-lives;me-freeForm;2;[8];289;28900;28900;2.00179e+04;9;1;1;1.00000e+00;1.00000e+00;1.00000e+00;42;9.99814e-01;1.00548e+00;9.63363e-04
nav-lives;me-freeForm;1;[8];307;30700;30700;2.09517e+04;62;1;1;1.00000e+00;1.00000e+00;1.00000e+00;74;9.99846e-01;1.00724e+00;9.85811e-04
nav-lives;me-freeForm;2;[8];290;29000;29000;2.00893e+04;9;1;1;1.00000e+00;1.00000e+00;1.00000e+00;42;9.99814e-01;1.00548e+00;9.63363e-04
nav-lives;me-freeForm;1;[8];308;30800;30800;2.10220e+04;62;1;1;1.00000e+00;1.00000e+00;1.00000e+00;64;9.99854e-01;1.00693e+00;9.52509e-04
nav-lives;me-freeForm;2;[8];291;29100;29100;2.01603e+04;9;1;1;1.00000e+00;1.00000e+00;1.00000e+00;42;9.99814e-01;1.00548e+00;9.63363e-04
nav-lives;me-freeForm;1;[8];309;30900;30900;2.10906e+04;62;1;1;1.00000e+00;1.00000e+00;1.00000e+00;64;9.99854e-01;1.00693e+00;9.52509e-04
nav-lives;me-freeForm;2;[8];292;29200;29200;2.02279e+04;9;1;1;1.00000e+00;1.00000e+00;1.00000e+00;42;9.99814e-01;1.00548e+00;9.63363e-04
nav-lives;me-freeForm;1;[8];310;31000;31000;2.11578e+04;62;1;1;1.00000e+00;1.00000e+00;1.00000e+00;64;9.99854e-01;1.00693e+00;9.52509e-04
nav-lives;me-freeForm;2;[8];293;29300;29300;2.02962e+04;9;1;1;1.00000e+00;1.00000e+00;1.00000e+00;42;9.99814e-01;1.00548e+00;9.63363e-04
nav-lives;me-freeForm;1;[8];311;31100;31100;2.12291e+04;62;1;1;1.00000e+00;1.00000e+00;1.00000e+00;64;9.99854e-01;1.00693e+00;9.52509e-04
nav-lives;me-freeForm;2;[8];294;29400;29400;2.03699e+04;9;1;1;1.00000e+00;1.00000e+00;1.00000e+00;42;9.99814e-01;1.00548e+00;9.63363e-04
nav-lives;me-freeForm;1;[8];312;31200;31200;2.12997e+04;62;1;1;1.00000e+00;1.00000e+00;1.00000e+00;64;9.99854e-01;1.00693e+00;9.52509e-04
nav-lives;me-freeForm;2;[8];295;29500;29500;2.04364e+04;9;1;1;1.00000e+00;1.00000e+00;1.00000e+00;42;9.99814e-01;1.00548e+00;9.63363e-04
nav-lives;me-freeForm;1;[8];313;31300;31300;2.13710e+04;62;1;1;1.00000e+00;1.00000e+00;1.00000e+00;64;9.99854e-01;1.00693e+00;9.52509e-04
nav-lives;me-freeForm;2;[8];296;29600;29600;2.05071e+04;9;1;1;1.00000e+00;1.00000e+00;1.00000e+00;42;9.99814e-01;1.00548e+00;9.63363e-04
nav-lives;me-freeForm;1;[8];314;31400;31400;2.14393e+04;62;1;1;1.00000e+00;1.00000e+00;1.00000e+00;64;9.99854e-01;1.00693e+00;9.52509e-04
nav-lives;me-freeForm;2;[8];297;29700;29700;2.05738e+04;9;1;1;1.00000e+00;1.00000e+00;1.00000e+00;42;9.99814e-01;1.00548e+00;9.63363e-04
nav-lives;me-freeForm;1;[8];315;31500;31500;2.15084e+04;62;1;1;1.00000e+00;1.00000e+00;1.00000e+00;64;9.99854e-01;1.00693e+00;9.52509e-04
nav-lives;me-freeForm;2;[8];298;29800;29800;2.06443e+04;9;1;1;1.00000e+00;1.00000e+00;1.00000e+00;42;9.99814e-01;1.00548e+00;9.63363e-04
nav-lives;me-freeForm;1;[8];316;31600;31600;2.15793e+04;63;1;1;1.00000e+00;1.00000e+00;1.00000e+00;64;9.99854e-01;1.00693e+00;9.52509e-04
nav-lives;me-freeForm;2;[8];299;29900;29900;2.07157e+04;9;1;1;1.00000e+00;1.00000e+00;1.00000e+00;42;9.99814e-01;1.00548e+00;9.63363e-04
nav-lives;me-freeForm;1;[8];317;31700;31700;2.16489e+04;63;1;1;1.00000e+00;1.00000e+00;1.00000e+00;64;9.99854e-01;1.00693e+00;9.52509e-04
nav-lives;me-freeForm;2;[8];300;30000;30000;2.07865e+04;9;1;1;1.00000e+00;1.00000e+00;1.00000e+00;42;9.99814e-01;1.00548e+00;9.63363e-04
nav-lives;me-freeForm;1;[8];318;31800;31800;2.17192e+04;63;1;1;1.00000e+00;1.00000e+00;1.00000e+00;64;9.99854e-01;1.00693e+00;9.52509e-04
nav-lives;me-freeForm;2;[8];301;30100;30100;2.08555e+04;9;1;1;1.00000e+00;1.00000e+00;1.00000e+00;42;9.99814e-01;1.00548e+00;9.63363e-04
nav-lives;me-freeForm;1;[8];319;31900;31900;2.17857e+04;63;1;1;1.00000e+00;1.00000e+00;1.00000e+00;64;9.99854e-01;1.00693e+00;9.52509e-04
nav-lives;me-freeForm;2;[8];302;30200;30200;2.09247e+04;9;1;1;1.00000e+00;1.00000e+00;1.00000e+00;42;9.99814e-01;1.00548e+00;9.63363e-04
nav-lives;me-freeForm;1;[8];320;32000;32000;2.18598e+04;63;1;1;1.00000e+00;1.00000e+00;1.00000e+00;64;9.99854e-01;1.00693e+00;9.52509e-04
nav-lives;me-freeForm;2;[8];303;30300;30300;2.09930e+04;9;1;1;1.00000e+00;1.00000e+00;1.00000e+00;42;9.99814e-01;1.00548e+00;9.63363e-04
nav-lives;me-freeForm;1;[8];321;32100;32100;2.19277e+04;63;1;1;1.00000e+00;1.00000e+00;1.00000e+00;64;9.99854e-01;1.00693e+00;9.52509e-04
nav-lives;me-freeForm;2;[8];304;30400;30400;2.10653e+04;9;1;1;1.00000e+00;1.00000e+00;1.00000e+00;42;9.99814e-01;1.00548e+00;9.63363e-04
nav-lives;me-freeForm;1;[8];322;32200;32200;2.19952e+04;63;1;1;1.00000e+00;1.00000e+00;1.00000e+00;64;9.99854e-01;1.00693e+00;9.52509e-04
nav-lives;me-freeForm;2;[8];305;30500;30500;2.11343e+04;9;1;1;1.00000e+00;1.00000e+00;1.00000e+00;42;9.99814e-01;1.00548e+00;9.63363e-04
nav-lives;me-freeForm;1;[8];323;32300;32300;2.20661e+04;63;1;1;1.00000e+00;1.00000e+00;1.00000e+00;64;9.99854e-01;1.00693e+00;9.52509e-04
nav-lives;me-freeForm;2;[8];306;30600;30600;2.12056e+04;9;1;1;1.00000e+00;1.00000e+00;1.00000e+00;42;9.99814e-01;1.00548e+00;9.63363e-04
nav-lives;me-freeForm;1;[8];324;32400;32400;2.21373e+04;63;1;1;1.00000e+00;1.00000e+00;1.00000e+00;64;9.99854e-01;1.00693e+00;9.52509e-04
nav-lives;me-freeForm;2;[8];307;30700;30700;2.12740e+04;9;1;1;1.00000e+00;1.00000e+00;1.00000e+00;42;9.99814e-01;1.00548e+00;9.63363e-04
nav-lives;me-freeForm;1;[8];325;32500;32500;2.22054e+04;63;1;1;1.00000e+00;1.00000e+00;1.00000e+00;64;9.99854e-01;1.00693e+00;9.52509e-04
nav-lives;me-freeForm;2;[8];308;30800;30800;2.13440e+04;9;1;1;1.00000e+00;1.00000e+00;1.00000e+00;42;9.99814e-01;1.00548e+00;9.63363e-04
nav-lives;me-freeForm;1;[8];326;32600;32600;2.22774e+04;63;1;1;1.00000e+00;1.00000e+00;1.00000e+00;64;9.99854e-01;1.00693e+00;9.52509e-04
nav-lives;me-freeForm;2;[8];309;30900;30900;2.14126e+04;9;1;1;1.00000e+00;1.00000e+00;1.00000e+00;42;9.99814e-01;1.00548e+00;9.63363e-04
nav-lives;me-freeForm;1;[8];327;32700;32700;2.23452e+04;63;1;1;1.00000e+00;1.00000e+00;1.00000e+00;64;9.99854e-01;1.00693e+00;9.52509e-04
nav-lives;me-freeForm;2;[8];310;31000;31000;2.14825e+04;9;1;1;1.00000e+00;1.00000e+00;1.00000e+00;42;9.99814e-01;1.00548e+00;9.63363e-04
nav-lives;me-freeForm;1;[8];328;32800;32800;2.24129e+04;63;1;1;1.00000e+00;1.00000e+00;1.00000e+00;64;9.99854e-01;1.00693e+00;9.52509e-04
nav-lives;me-freeForm;2;[8];311;31100;31100;2.15517e+04;9;1;1;1.00000e+00;1.00000e+00;1.00000e+00;42;9.99814e-01;1.00548e+00;9.63363e-04
nav-lives;me-freeForm;1;[8];329;32900;32900;2.24827e+04;63;1;1;1.00000e+00;1.00000e+00;1.00000e+00;64;9.99854e-01;1.00693e+00;9.52509e-04
nav-lives;me-freeForm;2;[8];312;31200;31200;2.16194e+04;9;1;1;1.00000e+00;1.00000e+00;1.00000e+00;42;9.99814e-01;1.00548e+00;9.63363e-04
nav-lives;me-freeForm;1;[8];330;33000;33000;2.25542e+04;63;1;1;1.00000e+00;1.00000e+00;1.00000e+00;64;9.99854e-01;1.00693e+00;9.52509e-04
nav-lives;me-freeForm;2;[8];313;31300;31300;2.16913e+04;9;1;1;1.00000e+00;1.00000e+00;1.00000e+00;42;9.99814e-01;1.00548e+00;9.63363e-04
nav-lives;me-freeForm;1;[8];331;33100;33100;2.26266e+04;63;1;1;1.00000e+00;1.00000e+00;1.00000e+00;64;9.99854e-01;1.00693e+00;9.52509e-04
nav-lives;me-freeForm;2;[8];314;31400;31400;2.17609e+04;9;1;1;1.00000e+00;1.00000e+00;1.00000e+00;42;9.99814e-01;1.00548e+00;9.63363e-04
nav-lives;me-freeForm;1;[8];332;33200;33200;2.26938e+04;63;1;1;1.00000e+00;1.00000e+00;1.00000e+00;64;9.99854e-01;1.00693e+00;9.52509e-04
nav-lives;me-freeForm;2;[8];315;31500;31500;2.18306e+04;9;1;1;1.00000e+00;1.00000e+00;1.00000e+00;42;9.99814e-01;1.00548e+00;9.63363e-04
nav-lives;me-freeForm;1;[8];333;33300;33300;2.27622e+04;63;1;1;1.00000e+00;1.00000e+00;1.00000e+00;64;9.99854e-01;1.00693e+00;9.52509e-04
nav-lives;me-freeForm;2;[8];316;31600;31600;2.19000e+04;9;1;1;1.00000e+00;1.00000e+00;1.00000e+00;42;9.99814e-01;1.00548e+00;9.63363e-04
nav-lives;me-freeForm;1;[8];334;33400;33400;2.28330e+04;63;1;1;1.00000e+00;1.00000e+00;1.00000e+00;64;9.99854e-01;1.00693e+00;9.52509e-04
nav-lives;me-freeForm;2;[8];317;31700;31700;2.19701e+04;9;1;1;1.00000e+00;1.00000e+00;1.00000e+00;42;9.99814e-01;1.00548e+00;9.63363e-04
nav-lives;me-freeForm;1;[8];335;33500;33500;2.29007e+04;63;1;1;1.00000e+00;1.00000e+00;1.00000e+00;64;9.99854e-01;1.00693e+00;9.52509e-04
nav-lives;me-freeForm;2;[8];318;31800;31800;2.20382e+04;9;1;1;1.00000e+00;1.00000e+00;1.00000e+00;42;9.99814e-01;1.00548e+00;9.63363e-04
nav-lives;me-freeForm;1;[8];336;33600;33600;2.29725e+04;63;1;1;1.00000e+00;1.00000e+00;1.00000e+00;64;9.99854e-01;1.00693e+00;9.52509e-04
nav-lives;me-freeForm;2;[8];319;31900;31900;2.21099e+04;9;1;1;1.00000e+00;1.00000e+00;1.00000e+00;42;9.99814e-01;1.00548e+00;9.63363e-04
nav-lives;me-freeForm;1;[8];337;33700;33700;2.30429e+04;63;1;1;1.00000e+00;1.00000e+00;1.00000e+00;64;9.99854e-01;1.00693e+00;9.52509e-04
nav-lives;me-freeForm;2;[8];320;32000;32000;2.21794e+04;9;1;1;1.00000e+00;1.00000e+00;1.00000e+00;42;9.99814e-01;1.00548e+00;9.63363e-04
nav-lives;me-freeForm;1;[8];338;33800;33800;2.31118e+04;63;1;1;1.00000e+00;1.00000e+00;1.00000e+00;64;9.99854e-01;1.00693e+00;9.52509e-04
nav-lives;me-freeForm;2;[8];321;32100;32100;2.22495e+04;9;1;1;1.00000e+00;1.00000e+00;1.00000e+00;42;9.99814e-01;1.00548e+00;9.63363e-04
nav-lives;me-freeForm;1;[8];339;33900;33900;2.31820e+04;64;1;1;1.00000e+00;1.00000e+00;1.00000e+00;64;9.99854e-01;1.00693e+00;9.52509e-04
nav-lives;me-freeForm;2;[8];322;32200;32200;2.23193e+04;9;1;1;1.00000e+00;1.00000e+00;1.00000e+00;42;9.99814e-01;1.00548e+00;9.63363e-04
nav-lives;me-freeForm;1;[8];340;34000;34000;2.32496e+04;64;1;1;1.00000e+00;1.00000e+00;1.00000e+00;64;9.99854e-01;1.00693e+00;9.52509e-04
nav-lives;me-freeForm;2;[8];323;32300;32300;2.23868e+04;9;1;1;1.00000e+00;1.00000e+00;1.00000e+00;42;9.99814e-01;1.00548e+00;9.63363e-04
nav-lives;me-freeForm;1;[8];341;34100;34100;2.33197e+04;64;1;1;1.00000e+00;1.00000e+00;1.00000e+00;64;9.99854e-01;1.00693e+00;9.52509e-04
nav-lives;me-freeForm;2;[8];324;32400;32400;2.24613e+04;9;1;1;1.00000e+00;1.00000e+00;1.00000e+00;42;9.99814e-01;1.00548e+00;9.63363e-04
nav-lives;me-freeForm;1;[8];342;34200;34200;2.33909e+04;64;1;1;1.00000e+00;1.00000e+00;1.00000e+00;64;9.99854e-01;1.00693e+00;9.52509e-04
nav-lives;me-freeForm;2;[8];325;32500;32500;2.25296e+04;9;1;1;1.00000e+00;1.00000e+00;1.00000e+00;42;9.99814e-01;1.00548e+00;9.63363e-04
nav-lives;me-freeForm;1;[8];343;34300;34300;2.34603e+04;64;1;1;1.00000e+00;1.00000e+00;1.00000e+00;64;9.99854e-01;1.00693e+00;9.52509e-04
nav-lives;me-freeForm;2;[8];326;32600;32600;2.25971e+04;9;1;1;1.00000e+00;1.00000e+00;1.00000e+00;42;9.99814e-01;1.00548e+00;9.63363e-04
nav-lives;me-freeForm;1;[8];344;34400;34400;2.35302e+04;64;1;1;1.00000e+00;1.00000e+00;1.00000e+00;64;9.99854e-01;1.00693e+00;9.52509e-04
nav-lives;me-freeForm;2;[8];327;32700;32700;2.26684e+04;9;1;1;1.00000e+00;1.00000e+00;1.00000e+00;42;9.99814e-01;1.00548e+00;9.63363e-04
nav-lives;me-freeForm;1;[8];345;34500;34500;2.35989e+04;64;1;1;1.00000e+00;1.00000e+00;1.00000e+00;64;9.99854e-01;1.00693e+00;9.52509e-04
nav-lives;me-freeForm;2;[8];328;32800;32800;2.27359e+04;9;1;1;1.00000e+00;1.00000e+00;1.00000e+00;42;9.99814e-01;1.00548e+00;9.63363e-04
nav-lives;me-freeForm;1;[8];346;34600;34600;2.36681e+04;64;1;1;1.00000e+00;1.00000e+00;1.00000e+00;64;9.99854e-01;1.00693e+00;9.52509e-04
nav-lives;me-freeForm;2;[8];329;32900;32900;2.28059e+04;9;1;1;1.00000e+00;1.00000e+00;1.00000e+00;42;9.99814e-01;1.00548e+00;9.63363e-04
nav-lives;me-freeForm;1;[8];347;34700;34700;2.37403e+04;64;1;1;1.00000e+00;1.00000e+00;1.00000e+00;64;9.99854e-01;1.00693e+00;9.52509e-04
nav-lives;me-freeForm;2;[8];330;33000;33000;2.28760e+04;9;1;1;1.00000e+00;1.00000e+00;1.00000e+00;42;9.99814e-01;1.00548e+00;9.63363e-04
nav-lives;me-freeForm;1;[8];348;34800;34800;2.38091e+04;64;1;1;1.00000e+00;1.00000e+00;1.00000e+00;64;9.99854e-01;1.00693e+00;9.52509e-04
nav-lives;me-freeForm;2;[8];331;33100;33100;2.29462e+04;9;1;1;1.00000e+00;1.00000e+00;1.00000e+00;42;9.99814e-01;1.00548e+00;9.63363e-04
nav-lives;me-freeForm;1;[8];349;34900;34900;2.38786e+04;64;1;1;1.00000e+00;1.00000e+00;1.00000e+00;64;9.99854e-01;1.00693e+00;9.52509e-04
nav-lives;me-freeForm;2;[8];332;33200;33200;2.30141e+04;9;1;1;1.00000e+00;1.00000e+00;1.00000e+00;42;9.99814e-01;1.00548e+00;9.63363e-04
nav-lives;me-freeForm;1;[8];350;35000;35000;2.39486e+04;64;1;1;1.00000e+00;1.00000e+00;1.00000e+00;64;9.99854e-01;1.00693e+00;9.52509e-04
nav-lives;me-freeForm;2;[8];333;33300;33300;2.30856e+04;9;1;1;1.00000e+00;1.00000e+00;1.00000e+00;42;9.99814e-01;1.00548e+00;9.63363e-04
nav-lives;me-freeForm;1;[8];351;35100;35100;2.40183e+04;64;1;1;1.00000e+00;1.00000e+00;1.00000e+00;64;9.99854e-01;1.00693e+00;9.52509e-04
nav-lives;me-freeForm;2;[8];334;33400;33400;2.31571e+04;9;1;1;1.00000e+00;1.00000e+00;1.00000e+00;42;9.99814e-01;1.00548e+00;9.63363e-04
nav-lives;me-freeForm;1;[8];352;35200;35200;2.40883e+04;64;1;1;1.00000e+00;1.00000e+00;1.00000e+00;64;9.99854e-01;1.00693e+00;9.52509e-04
nav-lives;me-freeForm;2;[8];335;33500;33500;2.32264e+04;9;1;1;1.00000e+00;1.00000e+00;1.00000e+00;42;9.99814e-01;1.00548e+00;9.63363e-04
nav-lives;me-freeForm;1;[8];353;35300;35300;2.41574e+04;64;1;1;1.00000e+00;1.00000e+00;1.00000e+00;64;9.99854e-01;1.00693e+00;9.52509e-04
nav-lives;me-freeForm;2;[8];336;33600;33600;2.32953e+04;9;1;1;1.00000e+00;1.00000e+00;1.00000e+00;42;9.99814e-01;1.00548e+00;9.63363e-04
nav-lives;me-freeForm;1;[8];354;35400;35400;2.42294e+04;64;1;1;1.00000e+00;1.00000e+00;1.00000e+00;64;9.99854e-01;1.00693e+00;9.52509e-04
nav-lives;me-freeForm;2;[8];337;33700;33700;2.33641e+04;9;1;1;1.00000e+00;1.00000e+00;1.00000e+00;42;9.99814e-01;1.00548e+00;9.63363e-04
nav-lives;me-freeForm;1;[8];355;35500;35500;2.42979e+04;64;1;1;1.00000e+00;1.00000e+00;1.00000e+00;64;9.99854e-01;1.00693e+00;9.52509e-04
nav-lives;me-freeForm;2;[8];338;33800;33800;2.34340e+04;9;1;1;1.00000e+00;1.00000e+00;1.00000e+00;42;9.99814e-01;1.00548e+00;9.63363e-04
nav-lives;me-freeForm;1;[8];356;35600;35600;2.43658e+04;64;1;1;1.00000e+00;1.00000e+00;1.00000e+00;64;9.99854e-01;1.00693e+00;9.52509e-04
nav-lives;me-freeForm;2;[8];339;33900;33900;2.35036e+04;10;1;1;1.00000e+00;1.00000e+00;1.00000e+00;42;9.99814e-01;1.00548e+00;9.63363e-04
nav-lives;me-freeForm;1;[8];357;35700;35700;2.44364e+04;64;1;1;1.00000e+00;1.00000e+00;1.00000e+00;64;9.99854e-01;1.00693e+00;9.52509e-04
nav-lives;me-freeForm;2;[8];340;34000;34000;2.35720e+04;10;1;1;1.00000e+00;1.00000e+00;1.00000e+00;42;9.99814e-01;1.00548e+00;9.63363e-04
nav-lives;me-freeForm;1;[8];358;35800;35800;2.45058e+04;64;1;1;1.00000e+00;1.00000e+00;1.00000e+00;64;9.99854e-01;1.00693e+00;9.52509e-04
nav-lives;me-freeForm;2;[8];341;34100;34100;2.36436e+04;10;1;1;1.00000e+00;1.00000e+00;1.00000e+00;42;9.99814e-01;1.00548e+00;9.63363e-04
nav-lives;me-freeForm;1;[8];359;35900;35900;2.45774e+04;64;1;1;1.00000e+00;1.00000e+00;1.00000e+00;64;9.99854e-01;1.00693e+00;9.52509e-04
nav-lives;me-freeForm;2;[8];342;34200;34200;2.37156e+04;10;1;1;1.00000e+00;1.00000e+00;1.00000e+00;42;9.99814e-01;1.00548e+00;9.63363e-04
nav-lives;me-freeForm;1;[8];360;36000;36000;2.46476e+04;64;1;1;1.00000e+00;1.00000e+00;1.00000e+00;64;9.99854e-01;1.00693e+00;9.52509e-04
nav-lives;me-freeForm;2;[8];343;34300;34300;2.37847e+04;10;1;1;1.00000e+00;1.00000e+00;1.00000e+00;42;9.99814e-01;1.00548e+00;9.63363e-04
nav-lives;me-freeForm;1;[8];361;36100;36100;2.47184e+04;64;1;1;1.00000e+00;1.00000e+00;1.00000e+00;64;9.99854e-01;1.00693e+00;9.52509e-04
nav-lives;me-freeForm;2;[8];344;34400;34400;2.38509e+04;10;1;1;1.00000e+00;1.00000e+00;1.00000e+00;42;9.99814e-01;1.00548e+00;9.63363e-04
nav-lives;me-freeForm;1;[8];362;36200;36200;2.47874e+04;64;1;1;1.00000e+00;1.00000e+00;1.00000e+00;64;9.99854e-01;1.00693e+00;9.52509e-04
nav-lives;me-freeForm;2;[8];345;34500;34500;2.39231e+04;10;1;1;1.00000e+00;1.00000e+00;1.00000e+00;42;9.99814e-01;1.00548e+00;9.63363e-04
nav-lives;me-freeForm;1;[8];363;36300;36300;2.48547e+04;64;1;1;1.00000e+00;1.00000e+00;1.00000e+00;64;9.99854e-01;1.00693e+00;9.52509e-04
nav-lives;me-freeForm;2;[8];346;34600;34600;2.39911e+04;10;1;1;1.00000e+00;1.00000e+00;1.00000e+00;42;9.99814e-01;1.00548e+00;9.63363e-04
nav-lives;me-freeForm;1;[8];364;36400;36400;2.49230e+04;64;1;1;1.00000e+00;1.00000e+00;1.00000e+00;64;9.99854e-01;1.00693e+00;9.52509e-04
nav-lives;me-freeForm;2;[8];347;34700;34700;2.40612e+04;10;1;1;1.00000e+00;1.00000e+00;1.00000e+00;42;9.99814e-01;1.00548e+00;9.63363e-04
nav-lives;me-freeForm;1;[8];365;36500;36500;2.49932e+04;64;1;1;1.00000e+00;1.00000e+00;1.00000e+00;64;9.99854e-01;1.00693e+00;9.52509e-04
nav-lives;me-freeForm;2;[8];348;34800;34800;2.41302e+04;10;1;1;1.00000e+00;1.00000e+00;1.00000e+00;42;9.99814e-01;1.00548e+00;9.63363e-04
nav-lives;me-freeForm;1;[8];366;36600;36600;2.50625e+04;64;1;1;1.00000e+00;1.00000e+00;1.00000e+00;64;9.99854e-01;1.00693e+00;9.52509e-04
nav-lives;me-freeForm;2;[8];349;34900;34900;2.41990e+04;11;1;1;1.00000e+00;1.00000e+00;1.00000e+00;42;9.99814e-01;1.00548e+00;9.63363e-04
nav-lives;me-freeForm;1;[8];367;36700;36700;2.51330e+04;64;1;1;1.00000e+00;1.00000e+00;1.00000e+00;64;9.99854e-01;1.00693e+00;9.52509e-04
nav-lives;me-freeForm;2;[8];350;35000;35000;2.42684e+04;11;1;1;1.00000e+00;1.00000e+00;1.00000e+00;42;9.99814e-01;1.00548e+00;9.63363e-04
nav-lives;me-freeForm;1;[8];368;36800;36800;2.52017e+04;64;1;1;1.00000e+00;1.00000e+00;1.00000e+00;64;9.99854e-01;1.00693e+00;9.52509e-04
nav-lives;me-freeForm;2;[8];351;35100;35100;2.43373e+04;11;1;1;1.00000e+00;1.00000e+00;1.00000e+00;42;9.99814e-01;1.00548e+00;9.63363e-04
nav-lives;me-freeForm;1;[8];369;36900;36900;2.52730e+04;64;1;1;1.00000e+00;1.00000e+00;1.00000e+00;64;9.99854e-01;1.00693e+00;9.52509e-04
nav-lives;me-freeForm;2;[8];352;35200;35200;2.44075e+04;11;1;1;1.00000e+00;1.00000e+00;1.00000e+00;42;9.99814e-01;1.00548e+00;9.63363e-04
nav-lives;me-freeForm;1;[8];370;37000;37000;2.53412e+04;64;1;1;1.00000e+00;1.00000e+00;1.00000e+00;64;9.99854e-01;1.00693e+00;9.52509e-04
nav-lives;me-freeForm;2;[8];353;35300;35300;2.44776e+04;11;1;1;1.00000e+00;1.00000e+00;1.00000e+00;42;9.99814e-01;1.00548e+00;9.63363e-04
nav-lives;me-freeForm;1;[8];371;37100;37100;2.54126e+04;64;1;1;1.00000e+00;1.00000e+00;1.00000e+00;64;9.99854e-01;1.00693e+00;9.52509e-04
nav-lives;me-freeForm;2;[8];354;35400;35400;2.45484e+04;11;1;1;1.00000e+00;1.00000e+00;1.00000e+00;42;9.99814e-01;1.00548e+00;9.63363e-04
nav-lives;me-freeForm;1;[8];372;37200;37200;2.54800e+04;64;1;1;1.00000e+00;1.00000e+00;1.00000e+00;64;9.99854e-01;1.00693e+00;9.52509e-04
nav-lives;me-freeForm;2;[8];355;35500;35500;2.46183e+04;11;1;1;1.00000e+00;1.00000e+00;1.00000e+00;42;9.99814e-01;1.00548e+00;9.63363e-04
nav-lives;me-freeForm;1;[8];373;37300;37300;2.55501e+04;64;1;1;1.00000e+00;1.00000e+00;1.00000e+00;64;9.99854e-01;1.00693e+00;9.52509e-04
nav-lives;me-freeForm;2;[8];356;35600;35600;2.46888e+04;11;1;1;1.00000e+00;1.00000e+00;1.00000e+00;42;9.99814e-01;1.00548e+00;9.63363e-04
nav-lives;me-freeForm;1;[8];374;37400;37400;2.56229e+04;64;1;1;1.00000e+00;1.00000e+00;1.00000e+00;64;9.99854e-01;1.00693e+00;9.52509e-04
nav-lives;me-freeForm;2;[8];357;35700;35700;2.47571e+04;11;1;1;1.00000e+00;1.00000e+00;1.00000e+00;42;9.99814e-01;1.00548e+00;9.63363e-04
nav-lives;me-freeForm;1;[8];375;37500;37500;2.56906e+04;64;1;1;1.00000e+00;1.00000e+00;1.00000e+00;64;9.99854e-01;1.00693e+00;9.52509e-04
nav-lives;me-freeForm;2;[8];358;35800;35800;2.48270e+04;11;1;1;1.00000e+00;1.00000e+00;1.00000e+00;42;9.99814e-01;1.00548e+00;9.63363e-04
nav-lives;me-freeForm;1;[8];376;37600;37600;2.57585e+04;64;1;1;1.00000e+00;1.00000e+00;1.00000e+00;64;9.99854e-01;1.00693e+00;9.52509e-04
nav-lives;me-freeForm;2;[8];359;35900;35900;2.48973e+04;11;1;1;1.00000e+00;1.00000e+00;1.00000e+00;42;9.99814e-01;1.00548e+00;9.63363e-04
nav-lives;me-freeForm;1;[8];377;37700;37700;2.58291e+04;64;1;1;1.00000e+00;1.00000e+00;1.00000e+00;64;9.99854e-01;1.00693e+00;9.52509e-04
nav-lives;me-freeForm;2;[8];360;36000;36000;2.49645e+04;11;1;1;1.00000e+00;1.00000e+00;1.00000e+00;42;9.99814e-01;1.00548e+00;9.63363e-04
nav-lives;me-freeForm;1;[8];378;37800;37800;2.58984e+04;64;1;1;1.00000e+00;1.00000e+00;1.00000e+00;64;9.99854e-01;1.00693e+00;9.52509e-04
nav-lives;me-freeForm;2;[8];361;36100;36100;2.50348e+04;11;1;1;1.00000e+00;1.00000e+00;1.00000e+00;42;9.99814e-01;1.00548e+00;9.63363e-04
nav-lives;me-freeForm;1;[8];379;37900;37900;2.59692e+04;64;1;1;1.00000e+00;1.00000e+00;1.00000e+00;64;9.99854e-01;1.00693e+00;9.52509e-04
nav-lives;me-freeForm;2;[8];362;36200;36200;2.51042e+04;11;1;1;1.00000e+00;1.00000e+00;1.00000e+00;42;9.99814e-01;1.00548e+00;9.63363e-04
nav-lives;me-freeForm;1;[8];380;38000;38000;2.60390e+04;64;1;1;1.00000e+00;1.00000e+00;1.00000e+00;64;9.99854e-01;1.00693e+00;9.52509e-04
nav-lives;me-freeForm;2;[8];363;36300;36300;2.51755e+04;11;1;1;1.00000e+00;1.00000e+00;1.00000e+00;42;9.99814e-01;1.00548e+00;9.63363e-04
nav-lives;me-freeForm;1;[8];381;38100;38100;2.61083e+04;64;1;1;1.00000e+00;1.00000e+00;1.00000e+00;64;9.99854e-01;1.00693e+00;9.52509e-04
nav-lives;me-freeForm;2;[8];364;36400;36400;2.52447e+04;11;1;1;1.00000e+00;1.00000e+00;1.00000e+00;42;9.99814e-01;1.00548e+00;9.63363e-04
nav-lives;me-freeForm;1;[8];382;38200;38200;2.61763e+04;64;1;1;1.00000e+00;1.00000e+00;1.00000e+00;64;9.99854e-01;1.00693e+00;9.52509e-04
nav-lives;me-freeForm;2;[8];365;36500;36500;2.53138e+04;11;1;1;1.00000e+00;1.00000e+00;1.00000e+00;42;9.99814e-01;1.00548e+00;9.63363e-04
nav-lives;me-freeForm;1;[8];383;38300;38300;2.62476e+04;64;1;1;1.00000e+00;1.00000e+00;1.00000e+00;64;9.99854e-01;1.00693e+00;9.52509e-04
nav-lives;me-freeForm;2;[8];366;36600;36600;2.53848e+04;11;1;1;1.00000e+00;1.00000e+00;1.00000e+00;42;9.99814e-01;1.00548e+00;9.63363e-04
nav-lives;me-freeForm;1;[8];384;38400;38400;2.63167e+04;64;1;1;1.00000e+00;1.00000e+00;1.00000e+00;64;9.99854e-01;1.00693e+00;9.52509e-04
nav-lives;me-freeForm;2;[8];367;36700;36700;2.54529e+04;11;1;1;1.00000e+00;1.00000e+00;1.00000e+00;42;9.99814e-01;1.00548e+00;9.63363e-04
nav-lives;me-freeForm;1;[8];385;38500;38500;2.63841e+04;64;1;1;1.00000e+00;1.00000e+00;1.00000e+00;64;9.99854e-01;1.00693e+00;9.52509e-04
nav-lives;me-freeForm;2;[8];368;36800;36800;2.55214e+04;11;1;1;1.00000e+00;1.00000e+00;1.00000e+00;42;9.99814e-01;1.00548e+00;9.63363e-04
nav-lives;me-freeForm;1;[8];386;38600;38600;2.64545e+04;64;1;1;1.00000e+00;1.00000e+00;1.00000e+00;64;9.99854e-01;1.00693e+00;9.52509e-04
nav-lives;me-freeForm;2;[8];369;36900;36900;2.55924e+04;11;1;1;1.00000e+00;1.00000e+00;1.00000e+00;42;9.99814e-01;1.00548e+00;9.63363e-04
nav-lives;me-freeForm;1;[8];387;38700;38700;2.65282e+04;64;1;1;1.00000e+00;1.00000e+00;1.00000e+00;64;9.99854e-01;1.00693e+00;9.52509e-04
nav-lives;me-freeForm;2;[8];370;37000;37000;2.56652e+04;11;1;1;1.00000e+00;1.00000e+00;1.00000e+00;42;9.99814e-01;1.00548e+00;9.63363e-04
nav-lives;me-freeForm;1;[8];388;38800;38800;2.65953e+04;64;1;1;1.00000e+00;1.00000e+00;1.00000e+00;64;9.99854e-01;1.00693e+00;9.52509e-04
nav-lives;me-freeForm;2;[8];371;37100;37100;2.57321e+04;11;1;1;1.00000e+00;1.00000e+00;1.00000e+00;42;9.99814e-01;1.00548e+00;9.63363e-04
nav-lives;me-freeForm;1;[8];389;38900;38900;2.66631e+04;64;1;1;1.00000e+00;1.00000e+00;1.00000e+00;64;9.99854e-01;1.00693e+00;9.52509e-04
nav-lives;me-freeForm;2;[8];372;37200;37200;2.58010e+04;11;1;1;1.00000e+00;1.00000e+00;1.00000e+00;42;9.99814e-01;1.00548e+00;9.63363e-04
nav-lives;me-freeForm;1;[8];390;39000;39000;2.67339e+04;64;1;1;1.00000e+00;1.00000e+00;1.00000e+00;64;9.99854e-01;1.00693e+00;9.52509e-04
nav-lives;me-freeForm;2;[8];373;37300;37300;2.58705e+04;11;1;1;1.00000e+00;1.00000e+00;1.00000e+00;42;9.99814e-01;1.00548e+00;9.63363e-04
nav-lives;me-freeForm;1;[8];391;39100;39100;2.68043e+04;64;1;1;1.00000e+00;1.00000e+00;1.00000e+00;64;9.99854e-01;1.00693e+00;9.52509e-04
nav-lives;me-freeForm;2;[8];374;37400;37400;2.59392e+04;11;1;1;1.00000e+00;1.00000e+00;1.00000e+00;42;9.99814e-01;1.00548e+00;9.63363e-04
nav-lives;me-freeForm;1;[8];392;39200;39200;2.68719e+04;64;1;1;1.00000e+00;1.00000e+00;1.00000e+00;64;9.99854e-01;1.00693e+00;9.52509e-04
nav-lives;me-freeForm;2;[8];375;37500;37500;2.60090e+04;11;1;1;1.00000e+00;1.00000e+00;1.00000e+00;42;9.99814e-01;1.00548e+00;9.63363e-04
nav-lives;me-freeForm;1;[8];393;39300;39300;2.69429e+04;64;1;1;1.00000e+00;1.00000e+00;1.00000e+00;64;9.99854e-01;1.00693e+00;9.52509e-04
nav-lives;me-freeForm;2;[8];376;37600;37600;2.60796e+04;11;1;1;1.00000e+00;1.00000e+00;1.00000e+00;42;9.99814e-01;1.00548e+00;9.63363e-04
nav-lives;me-freeForm;1;[8];394;39400;39400;2.70119e+04;64;1;1;1.00000e+00;1.00000e+00;1.00000e+00;64;9.99854e-01;1.00693e+00;9.52509e-04
nav-lives;me-freeForm;2;[8];377;37700;37700;2.61502e+04;11;1;1;1.00000e+00;1.00000e+00;1.00000e+00;42;9.99814e-01;1.00548e+00;9.63363e-04
nav-lives;me-freeForm;1;[8];395;39500;39500;2.70796e+04;64;1;1;1.00000e+00;1.00000e+00;1.00000e+00;64;9.99854e-01;1.00693e+00;9.52509e-04
nav-lives;me-freeForm;2;[8];378;37800;37800;2.62190e+04;11;1;1;1.00000e+00;1.00000e+00;1.00000e+00;42;9.99814e-01;1.00548e+00;9.63363e-04
nav-lives;me-freeForm;1;[8];396;39600;39600;2.71537e+04;64;1;1;1.00000e+00;1.00000e+00;1.00000e+00;64;9.99854e-01;1.00693e+00;9.52509e-04
nav-lives;me-freeForm;2;[8];379;37900;37900;2.62906e+04;11;1;1;1.00000e+00;1.00000e+00;1.00000e+00;42;9.99814e-01;1.00548e+00;9.63363e-04
nav-lives;me-freeForm;1;[8];397;39700;39700;2.72202e+04;64;1;1;1.00000e+00;1.00000e+00;1.00000e+00;64;9.99854e-01;1.00693e+00;9.52509e-04
nav-lives;me-freeForm;2;[8];380;38000;38000;2.63583e+04;11;1;1;1.00000e+00;1.00000e+00;1.00000e+00;42;9.99814e-01;1.00548e+00;9.63363e-04
nav-lives;me-freeForm;1;[8];398;39800;39800;2.72914e+04;64;1;1;1.00000e+00;1.00000e+00;1.00000e+00;64;9.99854e-01;1.00693e+00;9.52509e-04
nav-lives;me-freeForm;2;[8];381;38100;38100;2.64291e+04;11;1;1;1.00000e+00;1.00000e+00;1.00000e+00;42;9.99814e-01;1.00548e+00;9.63363e-04
nav-lives;me-freeForm;1;[8];399;39900;39900;2.73623e+04;64;1;1;1.00000e+00;1.00000e+00;1.00000e+00;64;9.99854e-01;1.00693e+00;9.52509e-04
nav-lives;me-freeForm;2;[8];382;38200;38200;2.64992e+04;11;1;1;1.00000e+00;1.00000e+00;1.00000e+00;42;9.99814e-01;1.00548e+00;9.63363e-04
nav-lives;me-freeForm;1;[8];400;40000;40000;2.74311e+04;64;1;1;1.00000e+00;1.00000e+00;1.00000e+00;64;9.99854e-01;1.00693e+00;9.52509e-04
nav-lives;me-freeForm;2;[8];383;38300;38300;2.65682e+04;11;1;1;1.00000e+00;1.00000e+00;1.00000e+00;42;9.99814e-01;1.00548e+00;9.63363e-04
nav-lives;me-freeForm;2;[8];384;38400;38400;2.66266e+04;11;1;1;1.00000e+00;1.00000e+00;1.00000e+00;42;9.99814e-01;1.00548e+00;9.63363e-04
nav-lives;me-freeForm;3;[8];1;100;100;1.16874e+02;1;1;1;1.00000e+00;1.00000e+00;1.00000e+00;59;-6.18699e-03;-9.71285e-07;0.00000e+00
nav-lives;me-freeForm;2;[8];385;38500;38500;2.66883e+04;11;1;1;1.00000e+00;1.00000e+00;1.00000e+00;42;9.99814e-01;1.00548e+00;9.63363e-04
nav-lives;me-freeForm;3;[8];2;200;200;1.84858e+02;1;1;1;1.00000e+00;1.00000e+00;1.00000e+00;59;-4.55542e-03;5.19750e-04;9.52512e-17
nav-lives;me-freeForm;2;[8];386;38600;38600;2.67519e+04;11;1;1;1.00000e+00;1.00000e+00;1.00000e+00;42;9.99814e-01;1.00548e+00;9.63363e-04
nav-lives;me-freeForm;3;[8];3;300;300;2.49079e+02;1;1;1;1.00000e+00;1.00000e+00;1.00000e+00;60;-4.22330e-03;5.77543e-04;2.99616e-18
nav-lives;me-freeForm;2;[8];387;38700;38700;2.68172e+04;11;1;1;1.00000e+00;1.00000e+00;1.00000e+00;42;9.99814e-01;1.00548e+00;9.63363e-04
nav-lives;me-freeForm;3;[8];4;400;400;3.15758e+02;1;1;1;1.00000e+00;1.00000e+00;1.00000e+00;61;-4.22288e-03;5.77989e-04;2.12121e-18
nav-lives;me-freeForm;2;[8];388;38800;38800;2.68843e+04;11;1;1;1.00000e+00;1.00000e+00;1.00000e+00;42;9.99814e-01;1.00548e+00;9.63363e-04
nav-lives;me-freeForm;3;[8];5;500;500;3.82087e+02;1;1;1;1.00000e+00;1.00000e+00;1.00000e+00;61;-4.20126e-03;5.91753e-04;1.69200e-18
nav-lives;me-freeForm;2;[8];389;38900;38900;2.69503e+04;11;1;1;1.00000e+00;1.00000e+00;1.00000e+00;42;9.99814e-01;1.00548e+00;9.63363e-04
nav-lives;me-freeForm;3;[8];6;600;600;4.48156e+02;1;1;1;1.00000e+00;1.00000e+00;1.00000e+00;68;-3.81011e-03;7.58306e-04;0.00000e+00
nav-lives;me-freeForm;2;[8];390;39000;39000;2.70202e+04;11;1;1;1.00000e+00;1.00000e+00;1.00000e+00;42;9.99814e-01;1.00548e+00;9.63363e-04
nav-lives;me-freeForm;3;[8];7;700;700;5.27611e+02;1;1;1;1.00000e+00;1.00000e+00;1.00000e+00;46;-2.83479e-03;3.40751e-03;6.74350e-04
nav-lives;me-freeForm;2;[8];391;39100;39100;2.70983e+04;11;1;1;1.00000e+00;1.00000e+00;1.00000e+00;42;9.99814e-01;1.00548e+00;9.63363e-04
nav-lives;me-freeForm;3;[8];8;800;800;5.95008e+02;1;1;1;1.00000e+00;1.00000e+00;1.00000e+00;49;-2.12212e-03;4.11950e-03;9.25616e-04
nav-lives;me-freeForm;2;[8];392;39200;39200;2.71650e+04;11;1;1;1.00000e+00;1.00000e+00;1.00000e+00;42;9.99814e-01;1.00548e+00;9.63363e-04
nav-lives;me-freeForm;3;[8];9;900;900;6.61409e+02;1;1;1;1.00000e+00;1.00000e+00;1.00000e+00;54;-2.12135e-03;4.12099e-03;9.30075e-04
nav-lives;me-freeForm;2;[8];393;39300;39300;2.72305e+04;11;1;1;1.00000e+00;1.00000e+00;1.00000e+00;42;9.99814e-01;1.00548e+00;9.63363e-04
nav-lives;me-freeForm;3;[8];10;1000;1000;7.28233e+02;1;1;1;1.00000e+00;1.00000e+00;1.00000e+00;57;-2.09881e-03;4.14256e-03;9.43053e-04
nav-lives;me-freeForm;2;[8];394;39400;39400;2.72965e+04;11;1;1;1.00000e+00;1.00000e+00;1.00000e+00;42;9.99814e-01;1.00548e+00;9.63363e-04
nav-lives;me-freeForm;3;[8];11;1100;1100;7.95505e+02;1;1;1;1.00000e+00;1.00000e+00;1.00000e+00;57;-2.09881e-03;4.14256e-03;9.43053e-04
nav-lives;me-freeForm;2;[8];395;39500;39500;2.73650e+04;11;1;1;1.00000e+00;1.00000e+00;1.00000e+00;42;9.99814e-01;1.00548e+00;9.63363e-04
nav-lives;me-freeForm;3;[8];12;1200;1200;8.64016e+02;1;1;1;1.00000e+00;1.00000e+00;1.00000e+00;57;-2.09881e-03;4.14256e-03;9.43053e-04
nav-lives;me-freeForm;2;[8];396;39600;39600;2.74359e+04;11;1;1;1.00000e+00;1.00000e+00;1.00000e+00;42;9.99814e-01;1.00548e+00;9.63363e-04
nav-lives;me-freeForm;3;[8];13;1300;1300;9.34001e+02;1;1;1;1.00000e+00;1.00000e+00;1.00000e+00;57;-2.09881e-03;4.14256e-03;9.43053e-04
nav-lives;me-freeForm;2;[8];397;39700;39700;2.75047e+04;11;1;1;1.00000e+00;1.00000e+00;1.00000e+00;42;9.99814e-01;1.00548e+00;9.63363e-04
nav-lives;me-freeForm;3;[8];14;1400;1400;1.00534e+03;1;1;1;1.00000e+00;1.00000e+00;1.00000e+00;57;-2.09881e-03;4.14256e-03;9.43053e-04
nav-lives;me-freeForm;2;[8];398;39800;39800;2.75750e+04;11;1;1;1.00000e+00;1.00000e+00;1.00000e+00;42;9.99814e-01;1.00548e+00;9.63363e-04
nav-lives;me-freeForm;3;[8];15;1500;1500;1.07550e+03;1;1;1;1.00000e+00;1.00000e+00;1.00000e+00;62;-1.80031e-03;4.44023e-03;7.67838e-04
nav-lives;me-freeForm;2;[8];399;39900;39900;2.76440e+04;11;1;1;1.00000e+00;1.00000e+00;1.00000e+00;42;9.99814e-01;1.00548e+00;9.63363e-04
nav-lives;me-freeForm;3;[8];16;1600;1600;1.14336e+03;1;1;1;1.00000e+00;1.00000e+00;1.00000e+00;62;-1.80031e-03;4.44023e-03;7.67838e-04
nav-lives;me-freeForm;2;[8];400;40000;40000;2.77108e+04;11;1;1;1.00000e+00;1.00000e+00;1.00000e+00;42;9.99814e-01;1.00548e+00;9.63363e-04
nav-lives;me-freeForm;3;[8];17;1700;1700;1.21117e+03;1;1;1;1.00000e+00;1.00000e+00;1.00000e+00;62;-1.80031e-03;4.44023e-03;7.67838e-04
nav-lives;me-freeForm;3;[8];18;1800;1800;1.26975e+03;1;1;1;1.00000e+00;1.00000e+00;1.00000e+00;62;-1.80031e-03;4.44023e-03;7.67838e-04
nav-lives;me-freeForm;3;[8];19;1900;1900;1.30786e+03;1;1;1;1.00000e+00;1.00000e+00;1.00000e+00;62;-1.80031e-03;4.44023e-03;7.67838e-04
nav-lives;me-freeForm;4;[8];1;100;100;1.35595e+02;1;1;1;1.00000e+00;1.00000e+00;1.00000e+00;43;-6.20000e-03;0.00000e+00;0.00000e+00
nav-lives;me-freeForm;3;[8];20;2000;2000;1.37211e+03;1;1;1;1.00000e+00;1.00000e+00;1.00000e+00;62;-1.80031e-03;4.44023e-03;7.67838e-04
nav-lives;me-freeForm;4;[8];2;200;200;2.29078e+02;1;1;1;1.00000e+00;1.00000e+00;1.00000e+00;47;-5.45185e-03;8.13646e-04;5.94020e-04
nav-lives;me-freeForm;3;[8];21;2100;2100;1.43820e+03;1;1;1;1.00000e+00;1.00000e+00;1.00000e+00;62;-1.80031e-03;4.44023e-03;7.67838e-04
nav-lives;me-freeForm;4;[8];3;300;300;2.94134e+02;1;1;1;1.00000e+00;1.00000e+00;1.00000e+00;45;-5.21563e-03;1.07875e-03;1.89469e-04
nav-lives;me-freeForm;3;[8];22;2200;2200;1.50276e+03;1;1;1;1.00000e+00;1.00000e+00;1.00000e+00;62;-1.80031e-03;4.44023e-03;7.67838e-04
nav-lives;me-freeForm;4;[8];4;400;400;3.60253e+02;1;1;1;1.00000e+00;1.00000e+00;1.00000e+00;42;-4.43149e-03;2.70749e-03;9.88864e-04
nav-lives;me-freeForm;3;[8];23;2300;2300;1.56972e+03;1;1;1;1.00000e+00;1.00000e+00;1.00000e+00;62;-1.80031e-03;4.44023e-03;7.67838e-04
nav-lives;me-freeForm;4;[8];5;500;500;4.26487e+02;1;1;1;1.00000e+00;1.00000e+00;1.00000e+00;42;-4.43149e-03;2.70749e-03;9.88864e-04
nav-lives;me-freeForm;3;[8];24;2400;2400;1.63727e+03;1;1;1;1.00000e+00;1.00000e+00;1.00000e+00;62;-1.80031e-03;4.44023e-03;7.67838e-04
nav-lives;me-freeForm;4;[8];6;600;600;4.95935e+02;1;1;1;1.00000e+00;1.00000e+00;1.00000e+00;42;-4.05813e-03;2.14478e-03;3.10210e-10
nav-lives;me-freeForm;3;[8];25;2500;2500;1.70646e+03;1;1;1;1.00000e+00;1.00000e+00;1.00000e+00;62;-1.80031e-03;4.44023e-03;7.67838e-04
nav-lives;me-freeForm;4;[8];7;700;700;5.67869e+02;1;1;1;1.00000e+00;1.00000e+00;1.00000e+00;42;-3.76625e-03;2.44096e-03;3.48494e-04
nav-lives;me-freeForm;3;[8];26;2600;2600;1.78223e+03;1;1;1;1.00000e+00;1.00000e+00;1.00000e+00;62;-1.80031e-03;4.44023e-03;7.67838e-04
nav-lives;me-freeForm;4;[8];8;800;800;6.40967e+02;1;1;1;1.00000e+00;1.00000e+00;1.00000e+00;42;-3.76625e-03;2.44096e-03;3.48494e-04
nav-lives;me-freeForm;3;[8];27;2700;2700;1.85103e+03;1;1;1;1.00000e+00;1.00000e+00;1.00000e+00;62;-1.80031e-03;4.44023e-03;7.67838e-04
nav-lives;me-freeForm;4;[8];9;900;900;7.07727e+02;1;1;1;1.00000e+00;1.00000e+00;1.00000e+00;42;-3.76625e-03;2.44096e-03;3.48494e-04
nav-lives;me-freeForm;3;[8];28;2800;2800;1.91776e+03;1;1;1;1.00000e+00;1.00000e+00;1.00000e+00;62;-1.80031e-03;4.44023e-03;7.67838e-04
nav-lives;me-freeForm;4;[8];10;1000;1000;7.76195e+02;1;1;1;1.00000e+00;1.00000e+00;1.00000e+00;45;-9.09585e-04;4.99664e-03;8.43173e-05
nav-lives;me-freeForm;3;[8];29;2900;2900;1.98406e+03;1;1;1;1.00000e+00;1.00000e+00;1.00000e+00;62;-1.80031e-03;4.44023e-03;7.67838e-04
nav-lives;me-freeForm;4;[8];11;1100;1100;8.43456e+02;2;1;1;1.00000e+00;1.00000e+00;1.00000e+00;45;1.54494e-01;1.60509e-01;2.33015e-01
nav-lives;me-freeForm;3;[8];30;3000;3000;2.05657e+03;1;1;1;1.00000e+00;1.00000e+00;1.00000e+00;62;-1.80031e-03;4.44023e-03;7.67838e-04
nav-lives;me-freeForm;4;[8];12;1200;1200;9.15596e+02;2;1;1;1.00000e+00;1.00000e+00;1.00000e+00;45;1.54494e-01;1.60509e-01;2.33015e-01
nav-lives;me-freeForm;3;[8];31;3100;3100;2.13056e+03;1;1;1;1.00000e+00;1.00000e+00;1.00000e+00;62;-1.80031e-03;4.44023e-03;7.67838e-04
nav-lives;me-freeForm;4;[8];13;1300;1300;9.87281e+02;2;1;1;1.00000e+00;1.00000e+00;1.00000e+00;45;1.54494e-01;1.60509e-01;2.33015e-01
nav-lives;me-freeForm;3;[8];32;3200;3200;2.19846e+03;1;1;1;1.00000e+00;1.00000e+00;1.00000e+00;62;-1.80031e-03;4.44023e-03;7.67838e-04
nav-lives;me-freeForm;4;[8];14;1400;1400;1.05636e+03;2;1;1;1.00000e+00;1.00000e+00;1.00000e+00;45;1.54494e-01;1.60509e-01;2.33015e-01
nav-lives;me-freeForm;3;[8];33;3300;3300;2.26474e+03;1;1;1;1.00000e+00;1.00000e+00;1.00000e+00;62;-1.80031e-03;4.44023e-03;7.67838e-04
nav-lives;me-freeForm;4;[8];15;1500;1500;1.12560e+03;2;1;1;1.00000e+00;1.00000e+00;1.00000e+00;45;1.54494e-01;1.60509e-01;2.33015e-01
nav-lives;me-freeForm;3;[8];34;3400;3400;2.33448e+03;1;1;1;1.00000e+00;1.00000e+00;1.00000e+00;62;-1.80031e-03;4.44023e-03;7.67838e-04
nav-lives;me-freeForm;4;[8];16;1600;1600;1.19245e+03;2;1;1;1.00000e+00;1.00000e+00;1.00000e+00;45;1.54494e-01;1.60509e-01;2.33015e-01
nav-lives;me-freeForm;3;[8];35;3500;3500;2.40186e+03;1;1;1;1.00000e+00;1.00000e+00;1.00000e+00;62;-1.80031e-03;4.44023e-03;7.67838e-04
nav-lives;me-freeForm;4;[8];17;1700;1700;1.26082e+03;2;1;1;1.00000e+00;1.00000e+00;1.00000e+00;45;1.54494e-01;1.60509e-01;2.33015e-01
nav-lives;me-freeForm;3;[8];36;3600;3600;2.47430e+03;1;1;1;1.00000e+00;1.00000e+00;1.00000e+00;62;-1.80031e-03;4.44023e-03;7.67838e-04
nav-lives;me-freeForm;4;[8];18;1800;1800;1.33465e+03;2;1;1;1.00000e+00;1.00000e+00;1.00000e+00;45;1.54494e-01;1.60509e-01;2.33015e-01
nav-lives;me-freeForm;3;[8];37;3700;3700;2.54662e+03;1;1;1;1.00000e+00;1.00000e+00;1.00000e+00;62;-1.80031e-03;4.44023e-03;7.67838e-04
nav-lives;me-freeForm;4;[8];19;1900;1900;1.40505e+03;2;1;1;1.00000e+00;1.00000e+00;1.00000e+00;45;1.54494e-01;1.60509e-01;2.33015e-01
nav-lives;me-freeForm;3;[8];38;3800;3800;2.61582e+03;1;1;1;1.00000e+00;1.00000e+00;1.00000e+00;62;-1.80031e-03;4.44023e-03;7.67838e-04
nav-lives;me-freeForm;4;[8];20;2000;2000;1.47348e+03;2;1;1;1.00000e+00;1.00000e+00;1.00000e+00;45;1.54494e-01;1.60509e-01;2.33015e-01
nav-lives;me-freeForm;3;[8];39;3900;3900;2.68436e+03;1;1;1;1.00000e+00;1.00000e+00;1.00000e+00;62;-1.80031e-03;4.44023e-03;7.67838e-04
nav-lives;me-freeForm;4;[8];21;2100;2100;1.54148e+03;2;1;1;1.00000e+00;1.00000e+00;1.00000e+00;45;1.54494e-01;1.60509e-01;2.33015e-01
nav-lives;me-freeForm;3;[8];40;4000;4000;2.75377e+03;1;1;1;1.00000e+00;1.00000e+00;1.00000e+00;62;-1.80031e-03;4.44023e-03;7.67838e-04
nav-lives;me-freeForm;4;[8];22;2200;2200;1.61132e+03;2;1;1;1.00000e+00;1.00000e+00;1.00000e+00;45;1.54494e-01;1.60509e-01;2.33015e-01
nav-lives;me-freeForm;3;[8];41;4100;4100;2.82132e+03;2;1;1;1.00000e+00;1.00000e+00;1.00000e+00;80;8.74070e-02;9.37129e-02;1.93897e-01
nav-lives;me-freeForm;4;[8];23;2300;2300;1.68205e+03;2;1;1;1.00000e+00;1.00000e+00;1.00000e+00;45;1.54494e-01;1.60509e-01;2.33015e-01
nav-lives;me-freeForm;3;[8];42;4200;4200;2.89257e+03;2;1;1;1.00000e+00;1.00000e+00;1.00000e+00;80;8.74070e-02;9.37129e-02;1.93897e-01
nav-lives;me-freeForm;4;[8];24;2400;2400;1.75200e+03;2;1;1;1.00000e+00;1.00000e+00;1.00000e+00;45;1.54494e-01;1.60509e-01;2.33015e-01
nav-lives;me-freeForm;3;[8];43;4300;4300;2.96399e+03;2;1;1;1.00000e+00;1.00000e+00;1.00000e+00;80;8.74070e-02;9.37129e-02;1.93897e-01
nav-lives;me-freeForm;4;[8];25;2500;2500;1.82448e+03;2;1;1;1.00000e+00;1.00000e+00;1.00000e+00;45;1.54494e-01;1.60509e-01;2.33015e-01
nav-lives;me-freeForm;3;[8];44;4400;4400;3.03827e+03;2;1;1;1.00000e+00;1.00000e+00;1.00000e+00;80;8.74070e-02;9.37129e-02;1.93897e-01
nav-lives;me-freeForm;4;[8];26;2600;2600;1.89577e+03;2;1;1;1.00000e+00;1.00000e+00;1.00000e+00;45;1.54494e-01;1.60509e-01;2.33015e-01
nav-lives;me-freeForm;3;[8];45;4500;4500;3.10740e+03;2;1;1;1.00000e+00;1.00000e+00;1.00000e+00;80;8.74070e-02;9.37129e-02;1.93897e-01
nav-lives;me-freeForm;4;[8];27;2700;2700;1.96626e+03;2;1;1;1.00000e+00;1.00000e+00;1.00000e+00;45;1.54494e-01;1.60509e-01;2.33015e-01
nav-lives;me-freeForm;3;[8];46;4600;4600;3.17841e+03;2;1;1;1.00000e+00;1.00000e+00;1.00000e+00;80;8.74070e-02;9.37129e-02;1.93897e-01
nav-lives;me-freeForm;4;[8];28;2800;2800;2.03638e+03;2;1;1;1.00000e+00;1.00000e+00;1.00000e+00;45;1.54494e-01;1.60509e-01;2.33015e-01
nav-lives;me-freeForm;3;[8];47;4700;4700;3.24869e+03;2;1;1;1.00000e+00;1.00000e+00;1.00000e+00;80;8.74070e-02;9.37129e-02;1.93897e-01
nav-lives;me-freeForm;4;[8];29;2900;2900;2.10709e+03;2;1;1;1.00000e+00;1.00000e+00;1.00000e+00;45;1.54494e-01;1.60509e-01;2.33015e-01
nav-lives;me-freeForm;3;[8];48;4800;4800;3.32030e+03;3;1;1;1.00000e+00;1.00000e+00;1.00000e+00;83;1.04059e-01;1.10386e-01;2.06475e-01
nav-lives;me-freeForm;4;[8];30;3000;3000;2.17967e+03;2;1;1;1.00000e+00;1.00000e+00;1.00000e+00;45;1.54494e-01;1.60509e-01;2.33015e-01
nav-lives;me-freeForm;3;[8];49;4900;4900;3.39108e+03;3;1;1;1.00000e+00;1.00000e+00;1.00000e+00;87;1.29032e-01;1.35338e-01;2.21636e-01
nav-lives;me-freeForm;4;[8];31;3100;3100;2.25060e+03;2;1;1;1.00000e+00;1.00000e+00;1.00000e+00;45;1.54494e-01;1.60509e-01;2.33015e-01
nav-lives;me-freeForm;3;[8];50;5000;5000;3.46379e+03;3;1;1;1.00000e+00;1.00000e+00;1.00000e+00;87;1.29032e-01;1.35338e-01;2.21636e-01
nav-lives;me-freeForm;4;[8];32;3200;3200;2.32301e+03;2;1;1;1.00000e+00;1.00000e+00;1.00000e+00;45;1.54494e-01;1.60509e-01;2.33015e-01
nav-lives;me-freeForm;3;[8];51;5100;5100;3.53436e+03;3;1;1;1.00000e+00;1.00000e+00;1.00000e+00;87;1.29032e-01;1.35338e-01;2.21636e-01
nav-lives;me-freeForm;4;[8];33;3300;3300;2.39325e+03;2;1;1;1.00000e+00;1.00000e+00;1.00000e+00;45;1.54494e-01;1.60509e-01;2.33015e-01
nav-lives;me-freeForm;3;[8];52;5200;5200;3.60732e+03;3;1;1;1.00000e+00;1.00000e+00;1.00000e+00;87;1.29032e-01;1.35338e-01;2.21636e-01
nav-lives;me-freeForm;4;[8];34;3400;3400;2.46484e+03;2;1;1;1.00000e+00;1.00000e+00;1.00000e+00;45;1.54494e-01;1.60509e-01;2.33015e-01
nav-lives;me-freeForm;3;[8];53;5300;5300;3.67818e+03;3;1;1;1.00000e+00;1.00000e+00;1.00000e+00;87;1.29032e-01;1.35338e-01;2.21636e-01
nav-lives;me-freeForm;4;[8];35;3500;3500;2.53582e+03;2;1;1;1.00000e+00;1.00000e+00;1.00000e+00;45;1.54494e-01;1.60509e-01;2.33015e-01
nav-lives;me-freeForm;3;[8];54;5400;5400;3.74923e+03;3;1;1;1.00000e+00;1.00000e+00;1.00000e+00;87;1.29032e-01;1.35338e-01;2.21636e-01
nav-lives;me-freeForm;4;[8];36;3600;3600;2.60772e+03;2;1;1;1.00000e+00;1.00000e+00;1.00000e+00;45;1.54494e-01;1.60509e-01;2.33015e-01
nav-lives;me-freeForm;3;[8];55;5500;5500;3.82239e+03;4;1;1;1.00000e+00;1.00000e+00;1.00000e+00;87;1.29032e-01;1.35338e-01;2.21636e-01
nav-lives;me-freeForm;4;[8];37;3700;3700;2.67916e+03;2;1;1;1.00000e+00;1.00000e+00;1.00000e+00;45;1.54494e-01;1.60509e-01;2.33015e-01
nav-lives;me-freeForm;3;[8];56;5600;5600;3.89272e+03;6;1;1;1.00000e+00;1.00000e+00;1.00000e+00;87;1.29032e-01;1.35338e-01;2.21636e-01
nav-lives;me-freeForm;4;[8];38;3800;3800;2.75137e+03;2;1;1;1.00000e+00;1.00000e+00;1.00000e+00;45;1.54494e-01;1.60509e-01;2.33015e-01
nav-lives;me-freeForm;3;[8];57;5700;5700;3.96451e+03;6;1;1;1.00000e+00;1.00000e+00;1.00000e+00;87;1.29032e-01;1.35338e-01;2.21636e-01
nav-lives;me-freeForm;4;[8];39;3900;3900;2.82093e+03;2;1;1;1.00000e+00;1.00000e+00;1.00000e+00;45;1.54494e-01;1.60509e-01;2.33015e-01
nav-lives;me-freeForm;3;[8];58;5800;5800;4.03354e+03;6;1;1;1.00000e+00;1.00000e+00;1.00000e+00;89;1.45522e-01;1.51868e-01;2.29884e-01
nav-lives;me-freeForm;4;[8];40;4000;4000;2.89219e+03;2;1;1;1.00000e+00;1.00000e+00;1.00000e+00;45;1.54494e-01;1.60509e-01;2.33015e-01
nav-lives;me-freeForm;3;[8];59;5900;5900;4.10738e+03;6;1;1;1.00000e+00;1.00000e+00;1.00000e+00;89;1.45522e-01;1.51868e-01;2.29884e-01
nav-lives;me-freeForm;4;[8];41;4100;4100;2.96493e+03;3;1;1;1.00000e+00;1.00000e+00;1.00000e+00;45;1.54494e-01;1.60509e-01;2.33015e-01
nav-lives;me-freeForm;3;[8];60;6000;6000;4.18033e+03;6;1;1;1.00000e+00;1.00000e+00;1.00000e+00;89;1.45522e-01;1.51868e-01;2.29884e-01
nav-lives;me-freeForm;4;[8];42;4200;4200;3.03749e+03;3;1;1;1.00000e+00;1.00000e+00;1.00000e+00;45;1.54494e-01;1.60509e-01;2.33015e-01
nav-lives;me-freeForm;3;[8];61;6100;6100;4.24934e+03;6;1;1;1.00000e+00;1.00000e+00;1.00000e+00;89;1.45522e-01;1.51868e-01;2.29884e-01
nav-lives;me-freeForm;4;[8];43;4300;4300;3.10647e+03;3;1;1;1.00000e+00;1.00000e+00;1.00000e+00;45;1.54494e-01;1.60509e-01;2.33015e-01
nav-lives;me-freeForm;3;[8];62;6200;6200;4.32071e+03;6;1;1;1.00000e+00;1.00000e+00;1.00000e+00;89;1.45522e-01;1.51868e-01;2.29884e-01
nav-lives;me-freeForm;4;[8];44;4400;4400;3.17881e+03;3;1;1;1.00000e+00;1.00000e+00;1.00000e+00;45;1.54494e-01;1.60509e-01;2.33015e-01
nav-lives;me-freeForm;3;[8];63;6300;6300;4.39291e+03;6;1;1;1.00000e+00;1.00000e+00;1.00000e+00;89;1.45522e-01;1.51868e-01;2.29884e-01
nav-lives;me-freeForm;4;[8];45;4500;4500;3.24923e+03;3;1;1;1.00000e+00;1.00000e+00;1.00000e+00;45;1.54494e-01;1.60509e-01;2.33015e-01
nav-lives;me-freeForm;3;[8];64;6400;6400;4.46091e+03;6;1;1;1.00000e+00;1.00000e+00;1.00000e+00;89;1.45522e-01;1.51868e-01;2.29884e-01
nav-lives;me-freeForm;4;[8];46;4600;4600;3.32139e+03;3;1;1;1.00000e+00;1.00000e+00;1.00000e+00;45;1.54494e-01;1.60509e-01;2.33015e-01
nav-lives;me-freeForm;3;[8];65;6500;6500;4.53531e+03;6;1;1;1.00000e+00;1.00000e+00;1.00000e+00;89;1.45522e-01;1.51868e-01;2.29884e-01
nav-lives;me-freeForm;4;[8];47;4700;4700;3.39288e+03;3;1;1;1.00000e+00;1.00000e+00;1.00000e+00;45;1.54494e-01;1.60509e-01;2.33015e-01
nav-lives;me-freeForm;3;[8];66;6600;6600;4.60792e+03;6;1;1;1.00000e+00;1.00000e+00;1.00000e+00;89;1.45522e-01;1.51868e-01;2.29884e-01
nav-lives;me-freeForm;4;[8];48;4800;4800;3.46557e+03;3;1;1;1.00000e+00;1.00000e+00;1.00000e+00;45;1.54494e-01;1.60509e-01;2.33015e-01
nav-lives;me-freeForm;3;[8];67;6700;6700;4.68011e+03;6;1;1;1.00000e+00;1.00000e+00;1.00000e+00;89;1.45522e-01;1.51868e-01;2.29884e-01
nav-lives;me-freeForm;4;[8];49;4900;4900;3.53697e+03;3;1;1;1.00000e+00;1.00000e+00;1.00000e+00;45;1.54494e-01;1.60509e-01;2.33015e-01
nav-lives;me-freeForm;3;[8];68;6800;6800;4.75065e+03;6;1;1;1.00000e+00;1.00000e+00;1.00000e+00;89;1.45522e-01;1.51868e-01;2.29884e-01
nav-lives;me-freeForm;4;[8];50;5000;5000;3.60705e+03;3;1;1;1.00000e+00;1.00000e+00;1.00000e+00;45;1.54494e-01;1.60509e-01;2.33015e-01
nav-lives;me-freeForm;3;[8];69;6900;6900;4.82175e+03;6;1;1;1.00000e+00;1.00000e+00;1.00000e+00;89;1.45522e-01;1.51868e-01;2.29884e-01
nav-lives;me-freeForm;4;[8];51;5100;5100;3.67966e+03;3;1;1;1.00000e+00;1.00000e+00;1.00000e+00;45;1.54494e-01;1.60509e-01;2.33015e-01
nav-lives;me-freeForm;3;[8];70;7000;7000;4.89275e+03;6;1;1;1.00000e+00;1.00000e+00;1.00000e+00;89;1.45522e-01;1.51868e-01;2.29884e-01
nav-lives;me-freeForm;4;[8];52;5200;5200;3.75018e+03;3;1;1;1.00000e+00;1.00000e+00;1.00000e+00;45;1.54494e-01;1.60509e-01;2.33015e-01
nav-lives;me-freeForm;3;[8];71;7100;7100;4.96278e+03;6;1;1;1.00000e+00;1.00000e+00;1.00000e+00;89;1.45522e-01;1.51868e-01;2.29884e-01
nav-lives;me-freeForm;4;[8];53;5300;5300;3.81956e+03;3;1;1;1.00000e+00;1.00000e+00;1.00000e+00;45;1.54494e-01;1.60509e-01;2.33015e-01
nav-lives;me-freeForm;3;[8];72;7200;7200;5.03304e+03;6;1;1;1.00000e+00;1.00000e+00;1.00000e+00;89;1.45522e-01;1.51868e-01;2.29884e-01
nav-lives;me-freeForm;4;[8];54;5400;5400;3.89301e+03;3;1;1;1.00000e+00;1.00000e+00;1.00000e+00;45;1.54494e-01;1.60509e-01;2.33015e-01
nav-lives;me-freeForm;3;[8];73;7300;7300;5.10677e+03;6;1;1;1.00000e+00;1.00000e+00;1.00000e+00;89;1.45522e-01;1.51868e-01;2.29884e-01
nav-lives;me-freeForm;4;[8];55;5500;5500;3.96505e+03;3;1;1;1.00000e+00;1.00000e+00;1.00000e+00;45;1.54494e-01;1.60509e-01;2.33015e-01
nav-lives;me-freeForm;3;[8];74;7400;7400;5.17907e+03;6;1;1;1.00000e+00;1.00000e+00;1.00000e+00;89;1.45522e-01;1.51868e-01;2.29884e-01
nav-lives;me-freeForm;4;[8];56;5600;5600;4.03634e+03;3;1;1;1.00000e+00;1.00000e+00;1.00000e+00;45;1.54494e-01;1.60509e-01;2.33015e-01
nav-lives;me-freeForm;3;[8];75;7500;7500;5.25042e+03;6;1;1;1.00000e+00;1.00000e+00;1.00000e+00;89;1.45522e-01;1.51868e-01;2.29884e-01
nav-lives;me-freeForm;4;[8];57;5700;5700;4.10926e+03;3;1;1;1.00000e+00;1.00000e+00;1.00000e+00;45;1.54494e-01;1.60509e-01;2.33015e-01
nav-lives;me-freeForm;3;[8];76;7600;7600;5.32082e+03;6;1;1;1.00000e+00;1.00000e+00;1.00000e+00;89;1.45522e-01;1.51868e-01;2.29884e-01
nav-lives;me-freeForm;4;[8];58;5800;5800;4.17937e+03;3;1;1;1.00000e+00;1.00000e+00;1.00000e+00;45;1.54494e-01;1.60509e-01;2.33015e-01
nav-lives;me-freeForm;3;[8];77;7700;7700;5.39145e+03;6;1;1;1.00000e+00;1.00000e+00;1.00000e+00;89;1.45522e-01;1.51868e-01;2.29884e-01
nav-lives;me-freeForm;4;[8];59;5900;5900;4.25007e+03;3;1;1;1.00000e+00;1.00000e+00;1.00000e+00;45;1.54494e-01;1.60509e-01;2.33015e-01
nav-lives;me-freeForm;3;[8];78;7800;7800;5.46075e+03;6;1;1;1.00000e+00;1.00000e+00;1.00000e+00;78;1.48515e-01;1.54580e-01;2.29759e-01
nav-lives;me-freeForm;4;[8];60;6000;6000;4.32064e+03;3;1;1;1.00000e+00;1.00000e+00;1.00000e+00;45;1.54494e-01;1.60509e-01;2.33015e-01
nav-lives;me-freeForm;3;[8];79;7900;7900;5.53224e+03;6;1;1;1.00000e+00;1.00000e+00;1.00000e+00;78;1.48515e-01;1.54580e-01;2.29759e-01
nav-lives;me-freeForm;4;[8];61;6100;6100;4.39239e+03;3;1;1;1.00000e+00;1.00000e+00;1.00000e+00;45;1.54494e-01;1.60509e-01;2.33015e-01
nav-lives;me-freeForm;3;[8];80;8000;8000;5.60770e+03;6;1;1;1.00000e+00;1.00000e+00;1.00000e+00;78;1.48515e-01;1.54580e-01;2.29759e-01
nav-lives;me-freeForm;4;[8];62;6200;6200;4.46542e+03;3;1;1;1.00000e+00;1.00000e+00;1.00000e+00;45;1.54494e-01;1.60509e-01;2.33015e-01
nav-lives;me-freeForm;3;[8];81;8100;8100;5.67973e+03;6;1;1;1.00000e+00;1.00000e+00;1.00000e+00;78;1.48515e-01;1.54580e-01;2.29759e-01
nav-lives;me-freeForm;4;[8];63;6300;6300;4.53572e+03;3;1;1;1.00000e+00;1.00000e+00;1.00000e+00;45;1.54494e-01;1.60509e-01;2.33015e-01
nav-lives;me-freeForm;3;[8];82;8200;8200;5.75023e+03;6;1;1;1.00000e+00;1.00000e+00;1.00000e+00;78;1.48515e-01;1.54580e-01;2.29759e-01
nav-lives;me-freeForm;4;[8];64;6400;6400;4.60631e+03;3;1;1;1.00000e+00;1.00000e+00;1.00000e+00;45;1.54494e-01;1.60509e-01;2.33015e-01
nav-lives;me-freeForm;3;[8];83;8300;8300;5.81852e+03;6;1;1;1.00000e+00;1.00000e+00;1.00000e+00;78;1.48515e-01;1.54580e-01;2.29759e-01
nav-lives;me-freeForm;4;[8];65;6500;6500;4.67699e+03;3;1;1;1.00000e+00;1.00000e+00;1.00000e+00;45;1.54494e-01;1.60509e-01;2.33015e-01
nav-lives;me-freeForm;3;[8];84;8400;8400;5.88924e+03;6;1;1;1.00000e+00;1.00000e+00;1.00000e+00;78;1.48515e-01;1.54580e-01;2.29759e-01
nav-lives;me-freeForm;4;[8];66;6600;6600;4.74774e+03;3;1;1;1.00000e+00;1.00000e+00;1.00000e+00;45;1.54494e-01;1.60509e-01;2.33015e-01
nav-lives;me-freeForm;3;[8];85;8500;8500;5.96370e+03;6;1;1;1.00000e+00;1.00000e+00;1.00000e+00;78;1.48515e-01;1.54580e-01;2.29759e-01
nav-lives;me-freeForm;4;[8];67;6700;6700;4.82010e+03;3;1;1;1.00000e+00;1.00000e+00;1.00000e+00;45;1.54494e-01;1.60509e-01;2.33015e-01
nav-lives;me-freeForm;3;[8];86;8600;8600;6.03362e+03;6;1;1;1.00000e+00;1.00000e+00;1.00000e+00;78;1.48515e-01;1.54580e-01;2.29759e-01
nav-lives;me-freeForm;4;[8];68;6800;6800;4.89227e+03;3;1;1;1.00000e+00;1.00000e+00;1.00000e+00;45;1.54494e-01;1.60509e-01;2.33015e-01
nav-lives;me-freeForm;3;[8];87;8700;8700;6.10628e+03;6;1;1;1.00000e+00;1.00000e+00;1.00000e+00;78;1.48515e-01;1.54580e-01;2.29759e-01
nav-lives;me-freeForm;4;[8];69;6900;6900;4.96347e+03;3;1;1;1.00000e+00;1.00000e+00;1.00000e+00;45;1.54494e-01;1.60509e-01;2.33015e-01
nav-lives;me-freeForm;3;[8];88;8800;8800;6.17499e+03;6;1;1;1.00000e+00;1.00000e+00;1.00000e+00;78;1.48515e-01;1.54580e-01;2.29759e-01
nav-lives;me-freeForm;4;[8];70;7000;7000;5.03358e+03;3;1;1;1.00000e+00;1.00000e+00;1.00000e+00;45;1.54494e-01;1.60509e-01;2.33015e-01
nav-lives;me-freeForm;3;[8];89;8900;8900;6.24914e+03;6;1;1;1.00000e+00;1.00000e+00;1.00000e+00;78;1.48515e-01;1.54580e-01;2.29759e-01
nav-lives;me-freeForm;4;[8];71;7100;7100;5.10561e+03;3;1;1;1.00000e+00;1.00000e+00;1.00000e+00;45;1.54494e-01;1.60509e-01;2.33015e-01
nav-lives;me-freeForm;3;[8];90;9000;9000;6.31785e+03;6;1;1;1.00000e+00;1.00000e+00;1.00000e+00;78;1.48515e-01;1.54580e-01;2.29759e-01
nav-lives;me-freeForm;4;[8];72;7200;7200;5.17505e+03;3;1;1;1.00000e+00;1.00000e+00;1.00000e+00;45;1.54494e-01;1.60509e-01;2.33015e-01
nav-lives;me-freeForm;3;[8];91;9100;9100;6.38787e+03;6;1;1;1.00000e+00;1.00000e+00;1.00000e+00;78;1.48515e-01;1.54580e-01;2.29759e-01
nav-lives;me-freeForm;4;[8];73;7300;7300;5.24617e+03;3;1;1;1.00000e+00;1.00000e+00;1.00000e+00;45;1.54494e-01;1.60509e-01;2.33015e-01
nav-lives;me-freeForm;3;[8];92;9200;9200;6.45817e+03;6;1;1;1.00000e+00;1.00000e+00;1.00000e+00;78;1.48515e-01;1.54580e-01;2.29759e-01
nav-lives;me-freeForm;4;[8];74;7400;7400;5.31893e+03;3;1;1;1.00000e+00;1.00000e+00;1.00000e+00;45;1.54494e-01;1.60509e-01;2.33015e-01
nav-lives;me-freeForm;3;[8];93;9300;9300;6.53348e+03;6;1;1;1.00000e+00;1.00000e+00;1.00000e+00;78;1.48515e-01;1.54580e-01;2.29759e-01
nav-lives;me-freeForm;4;[8];75;7500;7500;5.39068e+03;3;1;1;1.00000e+00;1.00000e+00;1.00000e+00;45;1.54494e-01;1.60509e-01;2.33015e-01
nav-lives;me-freeForm;3;[8];94;9400;9400;6.60368e+03;6;1;1;1.00000e+00;1.00000e+00;1.00000e+00;78;1.48515e-01;1.54580e-01;2.29759e-01
nav-lives;me-freeForm;4;[8];76;7600;7600;5.46138e+03;3;1;1;1.00000e+00;1.00000e+00;1.00000e+00;45;1.54494e-01;1.60509e-01;2.33015e-01
nav-lives;me-freeForm;3;[8];95;9500;9500;6.67494e+03;6;1;1;1.00000e+00;1.00000e+00;1.00000e+00;78;1.48515e-01;1.54580e-01;2.29759e-01
nav-lives;me-freeForm;4;[8];77;7700;7700;5.53344e+03;3;1;1;1.00000e+00;1.00000e+00;1.00000e+00;45;1.54494e-01;1.60509e-01;2.33015e-01
nav-lives;me-freeForm;3;[8];96;9600;9600;6.74691e+03;6;1;1;1.00000e+00;1.00000e+00;1.00000e+00;78;1.48515e-01;1.54580e-01;2.29759e-01
nav-lives;me-freeForm;4;[8];78;7800;7800;5.60525e+03;3;1;1;1.00000e+00;1.00000e+00;1.00000e+00;45;1.54494e-01;1.60509e-01;2.33015e-01
nav-lives;me-freeForm;3;[8];97;9700;9700;6.81795e+03;6;1;1;1.00000e+00;1.00000e+00;1.00000e+00;78;1.48515e-01;1.54580e-01;2.29759e-01
nav-lives;me-freeForm;4;[8];79;7900;7900;5.67498e+03;3;1;1;1.00000e+00;1.00000e+00;1.00000e+00;45;1.54494e-01;1.60509e-01;2.33015e-01
nav-lives;me-freeForm;3;[8];98;9800;9800;6.88770e+03;6;1;1;1.00000e+00;1.00000e+00;1.00000e+00;78;1.48515e-01;1.54580e-01;2.29759e-01
nav-lives;me-freeForm;4;[8];80;8000;8000;5.74597e+03;3;1;1;1.00000e+00;1.00000e+00;1.00000e+00;45;1.54494e-01;1.60509e-01;2.33015e-01
nav-lives;me-freeForm;3;[8];99;9900;9900;6.95988e+03;6;1;1;1.00000e+00;1.00000e+00;1.00000e+00;78;1.48515e-01;1.54580e-01;2.29759e-01
nav-lives;me-freeForm;4;[8];81;8100;8100;5.81832e+03;3;1;1;1.00000e+00;1.00000e+00;1.00000e+00;45;1.54494e-01;1.60509e-01;2.33015e-01
nav-lives;me-freeForm;3;[8];100;10000;10000;7.03087e+03;7;1;1;1.00000e+00;1.00000e+00;1.00000e+00;83;4.96076e-01;5.02276e-01;7.71982e-04
nav-lives;me-freeForm;4;[8];82;8200;8200;5.88765e+03;3;1;1;1.00000e+00;1.00000e+00;1.00000e+00;45;1.54494e-01;1.60509e-01;2.33015e-01
nav-lives;me-freeForm;3;[8];101;10100;10100;7.10050e+03;7;1;1;1.00000e+00;1.00000e+00;1.00000e+00;83;4.96076e-01;5.02276e-01;7.71982e-04
nav-lives;me-freeForm;4;[8];83;8300;8300;5.95875e+03;3;1;1;1.00000e+00;1.00000e+00;1.00000e+00;45;1.54494e-01;1.60509e-01;2.33015e-01
nav-lives;me-freeForm;3;[8];102;10200;10200;7.17247e+03;7;1;1;1.00000e+00;1.00000e+00;1.00000e+00;83;4.96076e-01;5.02276e-01;7.71982e-04
nav-lives;me-freeForm;4;[8];84;8400;8400;6.03287e+03;3;1;1;1.00000e+00;1.00000e+00;1.00000e+00;45;1.54494e-01;1.60509e-01;2.33015e-01
nav-lives;me-freeForm;3;[8];103;10300;10300;7.24661e+03;7;1;1;1.00000e+00;1.00000e+00;1.00000e+00;83;4.96076e-01;5.02276e-01;7.71982e-04
nav-lives;me-freeForm;4;[8];85;8500;8500;6.10147e+03;3;1;1;1.00000e+00;1.00000e+00;1.00000e+00;45;1.54494e-01;1.60509e-01;2.33015e-01
nav-lives;me-freeForm;3;[8];104;10400;10400;7.31597e+03;7;1;1;1.00000e+00;1.00000e+00;1.00000e+00;83;4.96076e-01;5.02276e-01;7.71982e-04
nav-lives;me-freeForm;4;[8];86;8600;8600;6.17368e+03;3;1;1;1.00000e+00;1.00000e+00;1.00000e+00;45;1.54494e-01;1.60509e-01;2.33015e-01
nav-lives;me-freeForm;3;[8];105;10500;10500;7.38840e+03;7;1;1;1.00000e+00;1.00000e+00;1.00000e+00;83;4.96076e-01;5.02276e-01;7.71982e-04
nav-lives;me-freeForm;4;[8];87;8700;8700;6.24507e+03;3;1;1;1.00000e+00;1.00000e+00;1.00000e+00;45;1.54494e-01;1.60509e-01;2.33015e-01
nav-lives;me-freeForm;3;[8];106;10600;10600;7.45716e+03;7;1;1;1.00000e+00;1.00000e+00;1.00000e+00;83;4.96076e-01;5.02276e-01;7.71982e-04
nav-lives;me-freeForm;4;[8];88;8800;8800;6.31396e+03;3;1;1;1.00000e+00;1.00000e+00;1.00000e+00;45;1.54494e-01;1.60509e-01;2.33015e-01
nav-lives;me-freeForm;3;[8];107;10700;10700;7.52947e+03;7;1;1;1.00000e+00;1.00000e+00;1.00000e+00;83;4.96076e-01;5.02276e-01;7.71982e-04
nav-lives;me-freeForm;4;[8];89;8900;8900;6.38750e+03;3;1;1;1.00000e+00;1.00000e+00;1.00000e+00;45;1.54494e-01;1.60509e-01;2.33015e-01
nav-lives;me-freeForm;3;[8];108;10800;10800;7.60139e+03;7;1;1;1.00000e+00;1.00000e+00;1.00000e+00;83;4.96076e-01;5.02276e-01;7.71982e-04
nav-lives;me-freeForm;4;[8];90;9000;9000;6.45716e+03;3;1;1;1.00000e+00;1.00000e+00;1.00000e+00;45;1.54494e-01;1.60509e-01;2.33015e-01
nav-lives;me-freeForm;3;[8];109;10900;10900;7.67181e+03;7;1;1;1.00000e+00;1.00000e+00;1.00000e+00;83;4.96076e-01;5.02276e-01;7.71982e-04
nav-lives;me-freeForm;4;[8];91;9100;9100;6.52855e+03;3;1;1;1.00000e+00;1.00000e+00;1.00000e+00;45;1.54494e-01;1.60509e-01;2.33015e-01
nav-lives;me-freeForm;3;[8];110;11000;11000;7.74444e+03;7;1;1;1.00000e+00;1.00000e+00;1.00000e+00;83;4.96076e-01;5.02276e-01;7.71982e-04
nav-lives;me-freeForm;4;[8];92;9200;9200;6.60288e+03;3;1;1;1.00000e+00;1.00000e+00;1.00000e+00;45;1.54494e-01;1.60509e-01;2.33015e-01
nav-lives;me-freeForm;3;[8];111;11100;11100;7.81481e+03;7;1;1;1.00000e+00;1.00000e+00;1.00000e+00;83;4.96076e-01;5.02276e-01;7.71982e-04
nav-lives;me-freeForm;4;[8];93;9300;9300;6.67287e+03;3;1;1;1.00000e+00;1.00000e+00;1.00000e+00;45;1.54494e-01;1.60509e-01;2.33015e-01
nav-lives;me-freeForm;3;[8];112;11200;11200;7.88650e+03;7;1;1;1.00000e+00;1.00000e+00;1.00000e+00;83;4.96076e-01;5.02276e-01;7.71982e-04
nav-lives;me-freeForm;4;[8];94;9400;9400;6.74549e+03;3;1;1;1.00000e+00;1.00000e+00;1.00000e+00;45;1.54494e-01;1.60509e-01;2.33015e-01
nav-lives;me-freeForm;3;[8];113;11300;11300;7.95624e+03;7;1;1;1.00000e+00;1.00000e+00;1.00000e+00;83;4.96076e-01;5.02276e-01;7.71982e-04
nav-lives;me-freeForm;4;[8];95;9500;9500;6.81348e+03;4;1;1;1.00000e+00;1.00000e+00;1.00000e+00;73;4.90337e-01;4.96892e-01;4.56784e-04
nav-lives;me-freeForm;3;[8];114;11400;11400;8.02698e+03;7;1;1;1.00000e+00;1.00000e+00;1.00000e+00;83;4.96076e-01;5.02276e-01;7.71982e-04
nav-lives;me-freeForm;4;[8];96;9600;9600;6.88647e+03;4;1;1;1.00000e+00;1.00000e+00;1.00000e+00;73;4.90337e-01;4.96892e-01;4.56784e-04
nav-lives;me-freeForm;3;[8];115;11500;11500;8.09770e+03;7;1;1;1.00000e+00;1.00000e+00;1.00000e+00;83;4.96076e-01;5.02276e-01;7.71982e-04
nav-lives;me-freeForm;4;[8];97;9700;9700;6.95721e+03;4;1;1;1.00000e+00;1.00000e+00;1.00000e+00;73;4.90337e-01;4.96892e-01;4.56784e-04
nav-lives;me-freeForm;3;[8];116;11600;11600;8.17179e+03;7;1;1;1.00000e+00;1.00000e+00;1.00000e+00;83;4.96076e-01;5.02276e-01;7.71982e-04
nav-lives;me-freeForm;4;[8];98;9800;9800;7.03158e+03;4;1;1;1.00000e+00;1.00000e+00;1.00000e+00;73;4.90337e-01;4.96892e-01;4.56784e-04
nav-lives;me-freeForm;3;[8];117;11700;11700;8.24606e+03;7;1;1;1.00000e+00;1.00000e+00;1.00000e+00;83;4.96076e-01;5.02276e-01;7.71982e-04
nav-lives;me-freeForm;4;[8];99;9900;9900;7.10285e+03;4;1;1;1.00000e+00;1.00000e+00;1.00000e+00;73;4.90337e-01;4.96892e-01;4.56784e-04
nav-lives;me-freeForm;3;[8];118;11800;11800;8.31646e+03;7;1;1;1.00000e+00;1.00000e+00;1.00000e+00;83;4.96076e-01;5.02276e-01;7.71982e-04
nav-lives;me-freeForm;4;[8];100;10000;10000;7.17508e+03;4;1;1;1.00000e+00;1.00000e+00;1.00000e+00;73;4.90337e-01;4.96892e-01;4.56784e-04
nav-lives;me-freeForm;3;[8];119;11900;11900;8.38635e+03;7;1;1;1.00000e+00;1.00000e+00;1.00000e+00;83;4.96076e-01;5.02276e-01;7.71982e-04
nav-lives;me-freeForm;4;[8];101;10100;10100;7.24507e+03;4;1;1;1.00000e+00;1.00000e+00;1.00000e+00;73;4.90337e-01;4.96892e-01;4.56784e-04
nav-lives;me-freeForm;3;[8];120;12000;12000;8.45633e+03;7;1;1;1.00000e+00;1.00000e+00;1.00000e+00;83;4.96076e-01;5.02276e-01;7.71982e-04
nav-lives;me-freeForm;4;[8];102;10200;10200;7.31583e+03;4;1;1;1.00000e+00;1.00000e+00;1.00000e+00;73;4.90337e-01;4.96892e-01;4.56784e-04
nav-lives;me-freeForm;3;[8];121;12100;12100;8.52903e+03;7;1;1;1.00000e+00;1.00000e+00;1.00000e+00;83;4.96076e-01;5.02276e-01;7.71982e-04
nav-lives;me-freeForm;4;[8];103;10300;10300;7.38909e+03;4;1;1;1.00000e+00;1.00000e+00;1.00000e+00;73;4.90337e-01;4.96892e-01;4.56784e-04
nav-lives;me-freeForm;3;[8];122;12200;12200;8.60092e+03;7;1;1;1.00000e+00;1.00000e+00;1.00000e+00;83;4.96076e-01;5.02276e-01;7.71982e-04
nav-lives;me-freeForm;4;[8];104;10400;10400;7.46128e+03;5;1;1;1.00000e+00;1.00000e+00;1.00000e+00;71;4.95782e-01;5.02294e-01;5.65139e-04
nav-lives;me-freeForm;3;[8];123;12300;12300;8.67611e+03;7;1;1;1.00000e+00;1.00000e+00;1.00000e+00;83;4.96076e-01;5.02276e-01;7.71982e-04
nav-lives;me-freeForm;4;[8];105;10500;10500;7.53500e+03;6;1;1;1.00000e+00;1.00000e+00;1.00000e+00;71;4.95782e-01;5.02294e-01;5.65139e-04
nav-lives;me-freeForm;3;[8];124;12400;12400;8.74793e+03;7;1;1;1.00000e+00;1.00000e+00;1.00000e+00;83;4.96076e-01;5.02276e-01;7.71982e-04
nav-lives;me-freeForm;4;[8];106;10600;10600;7.60757e+03;6;1;1;1.00000e+00;1.00000e+00;1.00000e+00;71;4.95782e-01;5.02294e-01;5.65139e-04
nav-lives;me-freeForm;3;[8];125;12500;12500;8.81822e+03;7;1;1;1.00000e+00;1.00000e+00;1.00000e+00;83;4.96076e-01;5.02276e-01;7.71982e-04
nav-lives;me-freeForm;4;[8];107;10700;10700;7.67894e+03;7;1;1;1.00000e+00;1.00000e+00;1.00000e+00;71;4.95782e-01;5.02294e-01;5.65139e-04
nav-lives;me-freeForm;3;[8];126;12600;12600;8.89260e+03;7;1;1;1.00000e+00;1.00000e+00;1.00000e+00;83;4.96076e-01;5.02276e-01;7.71982e-04
nav-lives;me-freeForm;4;[8];108;10800;10800;7.75313e+03;7;1;1;1.00000e+00;1.00000e+00;1.00000e+00;71;4.95782e-01;5.02294e-01;5.65139e-04
nav-lives;me-freeForm;3;[8];127;12700;12700;8.96339e+03;7;1;1;1.00000e+00;1.00000e+00;1.00000e+00;83;4.96076e-01;5.02276e-01;7.71982e-04
nav-lives;me-freeForm;4;[8];109;10900;10900;7.82772e+03;8;1;1;1.00000e+00;1.00000e+00;1.00000e+00;71;4.95782e-01;5.02294e-01;5.65139e-04
nav-lives;me-freeForm;3;[8];128;12800;12800;9.03673e+03;7;1;1;1.00000e+00;1.00000e+00;1.00000e+00;83;4.96076e-01;5.02276e-01;7.71982e-04
nav-lives;me-freeForm;4;[8];110;11000;11000;7.89635e+03;8;1;1;1.00000e+00;1.00000e+00;1.00000e+00;71;4.95782e-01;5.02294e-01;5.65139e-04
nav-lives;me-freeForm;3;[8];129;12900;12900;9.11000e+03;7;1;1;1.00000e+00;1.00000e+00;1.00000e+00;83;4.96076e-01;5.02276e-01;7.71982e-04
nav-lives;me-freeForm;4;[8];111;11100;11100;7.97160e+03;8;1;1;1.00000e+00;1.00000e+00;1.00000e+00;71;4.95782e-01;5.02294e-01;5.65139e-04
nav-lives;me-freeForm;3;[8];130;13000;13000;9.18397e+03;7;1;1;1.00000e+00;1.00000e+00;1.00000e+00;83;4.96076e-01;5.02276e-01;7.71982e-04
nav-lives;me-freeForm;4;[8];112;11200;11200;8.04392e+03;9;1;1;1.00000e+00;1.00000e+00;1.00000e+00;71;4.95782e-01;5.02294e-01;5.65139e-04
nav-lives;me-freeForm;3;[8];131;13100;13100;9.25595e+03;7;1;1;1.00000e+00;1.00000e+00;1.00000e+00;83;4.96076e-01;5.02276e-01;7.71982e-04
nav-lives;me-freeForm;4;[8];113;11300;11300;8.11988e+03;10;1;1;1.00000e+00;1.00000e+00;1.00000e+00;71;4.95782e-01;5.02294e-01;5.65139e-04
nav-lives;me-freeForm;3;[8];132;13200;13200;9.32993e+03;7;1;1;1.00000e+00;1.00000e+00;1.00000e+00;83;4.96076e-01;5.02276e-01;7.71982e-04
nav-lives;me-freeForm;4;[8];114;11400;11400;8.19357e+03;11;1;1;1.00000e+00;1.00000e+00;1.00000e+00;71;4.95782e-01;5.02294e-01;5.65139e-04
nav-lives;me-freeForm;3;[8];133;13300;13300;9.40362e+03;7;1;1;1.00000e+00;1.00000e+00;1.00000e+00;83;4.96076e-01;5.02276e-01;7.71982e-04
nav-lives;me-freeForm;4;[8];115;11500;11500;8.26663e+03;11;1;1;1.00000e+00;1.00000e+00;1.00000e+00;71;4.95782e-01;5.02294e-01;5.65139e-04
nav-lives;me-freeForm;3;[8];134;13400;13400;9.47715e+03;7;1;1;1.00000e+00;1.00000e+00;1.00000e+00;83;4.96076e-01;5.02276e-01;7.71982e-04
nav-lives;me-freeForm;4;[8];116;11600;11600;8.33868e+03;12;1;1;1.00000e+00;1.00000e+00;1.00000e+00;71;4.95782e-01;5.02294e-01;5.65139e-04
nav-lives;me-freeForm;3;[8];135;13500;13500;9.54916e+03;7;1;1;1.00000e+00;1.00000e+00;1.00000e+00;83;4.96076e-01;5.02276e-01;7.71982e-04
nav-lives;me-freeForm;4;[8];117;11700;11700;8.41039e+03;12;1;1;1.00000e+00;1.00000e+00;1.00000e+00;71;4.95782e-01;5.02294e-01;5.65139e-04
nav-lives;me-freeForm;3;[8];136;13600;13600;9.62065e+03;7;1;1;1.00000e+00;1.00000e+00;1.00000e+00;83;4.96076e-01;5.02276e-01;7.71982e-04
nav-lives;me-freeForm;4;[8];118;11800;11800;8.48436e+03;12;1;1;1.00000e+00;1.00000e+00;1.00000e+00;71;4.95782e-01;5.02294e-01;5.65139e-04
nav-lives;me-freeForm;3;[8];137;13700;13700;9.69615e+03;7;1;1;1.00000e+00;1.00000e+00;1.00000e+00;83;4.96076e-01;5.02276e-01;7.71982e-04
nav-lives;me-freeForm;4;[8];119;11900;11900;8.55671e+03;12;1;1;1.00000e+00;1.00000e+00;1.00000e+00;71;4.95782e-01;5.02294e-01;5.65139e-04
nav-lives;me-freeForm;3;[8];138;13800;13800;9.76812e+03;7;1;1;1.00000e+00;1.00000e+00;1.00000e+00;83;4.96076e-01;5.02276e-01;7.71982e-04
nav-lives;me-freeForm;4;[8];120;12000;12000;8.63075e+03;12;1;1;1.00000e+00;1.00000e+00;1.00000e+00;71;4.95782e-01;5.02294e-01;5.65139e-04
nav-lives;me-freeForm;3;[8];139;13900;13900;9.84435e+03;7;1;1;1.00000e+00;1.00000e+00;1.00000e+00;83;4.96076e-01;5.02276e-01;7.71982e-04
nav-lives;me-freeForm;4;[8];121;12100;12100;8.70657e+03;12;1;1;1.00000e+00;1.00000e+00;1.00000e+00;71;4.95782e-01;5.02294e-01;5.65139e-04
nav-lives;me-freeForm;3;[8];140;14000;14000;9.91559e+03;7;1;1;1.00000e+00;1.00000e+00;1.00000e+00;83;4.96076e-01;5.02276e-01;7.71982e-04
nav-lives;me-freeForm;4;[8];122;12200;12200;8.77662e+03;12;1;1;1.00000e+00;1.00000e+00;1.00000e+00;84;4.96909e-01;5.03335e-01;1.85156e-04
nav-lives;me-freeForm;3;[8];141;14100;14100;9.98833e+03;7;1;1;1.00000e+00;1.00000e+00;1.00000e+00;83;4.96076e-01;5.02276e-01;7.71982e-04
nav-lives;me-freeForm;4;[8];123;12300;12300;8.85147e+03;12;1;1;1.00000e+00;1.00000e+00;1.00000e+00;83;4.98245e-01;5.04702e-01;1.94468e-03
nav-lives;me-freeForm;3;[8];142;14200;14200;1.00621e+04;7;1;1;1.00000e+00;1.00000e+00;1.00000e+00;83;4.96076e-01;5.02276e-01;7.71982e-04
nav-lives;me-freeForm;4;[8];124;12400;12400;8.92337e+03;12;1;1;1.00000e+00;1.00000e+00;1.00000e+00;83;4.98245e-01;5.04702e-01;1.94468e-03
nav-lives;me-freeForm;3;[8];143;14300;14300;1.01368e+04;7;1;1;1.00000e+00;1.00000e+00;1.00000e+00;83;4.96076e-01;5.02276e-01;7.71982e-04
nav-lives;me-freeForm;4;[8];125;12500;12500;9.00088e+03;12;1;1;1.00000e+00;1.00000e+00;1.00000e+00;83;4.98245e-01;5.04702e-01;1.94468e-03
nav-lives;me-freeForm;3;[8];144;14400;14400;1.02111e+04;7;1;1;1.00000e+00;1.00000e+00;1.00000e+00;83;4.96076e-01;5.02276e-01;7.71982e-04
nav-lives;me-freeForm;4;[8];126;12600;12600;9.07322e+03;12;1;1;1.00000e+00;1.00000e+00;1.00000e+00;83;4.98245e-01;5.04702e-01;1.94468e-03
nav-lives;me-freeForm;3;[8];145;14500;14500;1.02842e+04;7;1;1;1.00000e+00;1.00000e+00;1.00000e+00;83;4.96076e-01;5.02276e-01;7.71982e-04
nav-lives;me-freeForm;4;[8];127;12700;12700;9.14526e+03;12;1;1;1.00000e+00;1.00000e+00;1.00000e+00;83;4.98245e-01;5.04702e-01;1.94468e-03
nav-lives;me-freeForm;3;[8];146;14600;14600;1.03563e+04;7;1;1;1.00000e+00;1.00000e+00;1.00000e+00;83;4.96076e-01;5.02276e-01;7.71982e-04
nav-lives;me-freeForm;4;[8];128;12800;12800;9.21767e+03;12;1;1;1.00000e+00;1.00000e+00;1.00000e+00;83;4.98245e-01;5.04702e-01;1.94468e-03
nav-lives;me-freeForm;3;[8];147;14700;14700;1.04292e+04;7;1;1;1.00000e+00;1.00000e+00;1.00000e+00;83;4.96076e-01;5.02276e-01;7.71982e-04
nav-lives;me-freeForm;4;[8];129;12900;12900;9.29083e+03;12;1;1;1.00000e+00;1.00000e+00;1.00000e+00;83;4.98245e-01;5.04702e-01;1.94468e-03
nav-lives;me-freeForm;3;[8];148;14800;14800;1.05041e+04;7;1;1;1.00000e+00;1.00000e+00;1.00000e+00;83;4.96076e-01;5.02276e-01;7.71982e-04
nav-lives;me-freeForm;4;[8];130;13000;13000;9.36684e+03;12;1;1;1.00000e+00;1.00000e+00;1.00000e+00;83;4.98245e-01;5.04702e-01;1.94468e-03
nav-lives;me-freeForm;3;[8];149;14900;14900;1.05792e+04;7;1;1;1.00000e+00;1.00000e+00;1.00000e+00;83;4.96076e-01;5.02276e-01;7.71982e-04
nav-lives;me-freeForm;4;[8];131;13100;13100;9.44092e+03;12;1;1;1.00000e+00;1.00000e+00;1.00000e+00;83;4.98245e-01;5.04702e-01;1.94468e-03
nav-lives;me-freeForm;3;[8];150;15000;15000;1.06510e+04;7;1;1;1.00000e+00;1.00000e+00;1.00000e+00;83;4.96076e-01;5.02276e-01;7.71982e-04
nav-lives;me-freeForm;4;[8];132;13200;13200;9.51337e+03;12;1;1;1.00000e+00;1.00000e+00;1.00000e+00;83;4.98245e-01;5.04702e-01;1.94468e-03
nav-lives;me-freeForm;3;[8];151;15100;15100;1.07237e+04;7;1;1;1.00000e+00;1.00000e+00;1.00000e+00;83;4.96076e-01;5.02276e-01;7.71982e-04
nav-lives;me-freeForm;4;[8];133;13300;13300;9.58428e+03;13;1;1;1.00000e+00;1.00000e+00;1.00000e+00;83;4.98245e-01;5.04702e-01;1.94468e-03
nav-lives;me-freeForm;3;[8];152;15200;15200;1.07961e+04;7;1;1;1.00000e+00;1.00000e+00;1.00000e+00;83;4.96076e-01;5.02276e-01;7.71982e-04
nav-lives;me-freeForm;4;[8];134;13400;13400;9.65816e+03;13;1;1;1.00000e+00;1.00000e+00;1.00000e+00;83;4.98245e-01;5.04702e-01;1.94468e-03
nav-lives;me-freeForm;3;[8];153;15300;15300;1.08699e+04;7;1;1;1.00000e+00;1.00000e+00;1.00000e+00;83;4.96076e-01;5.02276e-01;7.71982e-04
nav-lives;me-freeForm;4;[8];135;13500;13500;9.73591e+03;13;1;1;1.00000e+00;1.00000e+00;1.00000e+00;83;4.98245e-01;5.04702e-01;1.94468e-03
nav-lives;me-freeForm;3;[8];154;15400;15400;1.09467e+04;7;1;1;1.00000e+00;1.00000e+00;1.00000e+00;83;4.96076e-01;5.02276e-01;7.71982e-04
nav-lives;me-freeForm;4;[8];136;13600;13600;9.80799e+03;13;1;1;1.00000e+00;1.00000e+00;1.00000e+00;83;4.98245e-01;5.04702e-01;1.94468e-03
nav-lives;me-freeForm;3;[8];155;15500;15500;1.10196e+04;7;1;1;1.00000e+00;1.00000e+00;1.00000e+00;83;4.96076e-01;5.02276e-01;7.71982e-04
nav-lives;me-freeForm;4;[8];137;13700;13700;9.87966e+03;13;1;1;1.00000e+00;1.00000e+00;1.00000e+00;83;4.98245e-01;5.04702e-01;1.94468e-03
nav-lives;me-freeForm;3;[8];156;15600;15600;1.10911e+04;7;1;1;1.00000e+00;1.00000e+00;1.00000e+00;83;4.96076e-01;5.02276e-01;7.71982e-04
nav-lives;me-freeForm;4;[8];138;13800;13800;9.95386e+03;14;1;1;1.00000e+00;1.00000e+00;1.00000e+00;83;4.98245e-01;5.04702e-01;1.94468e-03
nav-lives;me-freeForm;3;[8];157;15700;15700;1.11650e+04;7;1;1;1.00000e+00;1.00000e+00;1.00000e+00;83;4.96076e-01;5.02276e-01;7.71982e-04
nav-lives;me-freeForm;4;[8];139;13900;13900;1.00274e+04;14;1;1;1.00000e+00;1.00000e+00;1.00000e+00;83;4.98245e-01;5.04702e-01;1.94468e-03
nav-lives;me-freeForm;3;[8];158;15800;15800;1.12382e+04;7;1;1;1.00000e+00;1.00000e+00;1.00000e+00;83;4.96076e-01;5.02276e-01;7.71982e-04
nav-lives;me-freeForm;4;[8];140;14000;14000;1.01022e+04;14;1;1;1.00000e+00;1.00000e+00;1.00000e+00;83;4.98245e-01;5.04702e-01;1.94468e-03
nav-lives;me-freeForm;3;[8];159;15900;15900;1.13136e+04;7;1;1;1.00000e+00;1.00000e+00;1.00000e+00;83;4.96076e-01;5.02276e-01;7.71982e-04
nav-lives;me-freeForm;4;[8];141;14100;14100;1.01766e+04;14;1;1;1.00000e+00;1.00000e+00;1.00000e+00;83;4.98245e-01;5.04702e-01;1.94468e-03
nav-lives;me-freeForm;3;[8];160;16000;16000;1.13886e+04;7;1;1;1.00000e+00;1.00000e+00;1.00000e+00;83;4.96076e-01;5.02276e-01;7.71982e-04
nav-lives;me-freeForm;4;[8];142;14200;14200;1.02497e+04;14;1;1;1.00000e+00;1.00000e+00;1.00000e+00;83;4.98245e-01;5.04702e-01;1.94468e-03
nav-lives;me-freeForm;3;[8];161;16100;16100;1.14630e+04;7;1;1;1.00000e+00;1.00000e+00;1.00000e+00;83;4.96076e-01;5.02276e-01;7.71982e-04
nav-lives;me-freeForm;4;[8];143;14300;14300;1.03262e+04;14;1;1;1.00000e+00;1.00000e+00;1.00000e+00;83;4.98245e-01;5.04702e-01;1.94468e-03
nav-lives;me-freeForm;3;[8];162;16200;16200;1.15349e+04;7;1;1;1.00000e+00;1.00000e+00;1.00000e+00;83;4.96076e-01;5.02276e-01;7.71982e-04
nav-lives;me-freeForm;4;[8];144;14400;14400;1.03964e+04;14;1;1;1.00000e+00;1.00000e+00;1.00000e+00;83;4.98245e-01;5.04702e-01;1.94468e-03
nav-lives;me-freeForm;3;[8];163;16300;16300;1.16097e+04;7;1;1;1.00000e+00;1.00000e+00;1.00000e+00;83;4.96076e-01;5.02276e-01;7.71982e-04
nav-lives;me-freeForm;4;[8];145;14500;14500;1.04712e+04;14;1;1;1.00000e+00;1.00000e+00;1.00000e+00;83;4.98245e-01;5.04702e-01;1.94468e-03
nav-lives;me-freeForm;3;[8];164;16400;16400;1.16822e+04;7;1;1;1.00000e+00;1.00000e+00;1.00000e+00;83;4.96076e-01;5.02276e-01;7.71982e-04
nav-lives;me-freeForm;4;[8];146;14600;14600;1.05426e+04;15;1;1;1.00000e+00;1.00000e+00;1.00000e+00;89;5.16146e-01;5.23074e-01;4.89923e-01
nav-lives;me-freeForm;3;[8];165;16500;16500;1.17590e+04;7;1;1;1.00000e+00;1.00000e+00;1.00000e+00;83;4.96076e-01;5.02276e-01;7.71982e-04
nav-lives;me-freeForm;4;[8];147;14700;14700;1.06200e+04;16;1;1;1.00000e+00;1.00000e+00;1.00000e+00;89;5.16146e-01;5.23074e-01;4.89923e-01
nav-lives;me-freeForm;3;[8];166;16600;16600;1.18343e+04;7;1;1;1.00000e+00;1.00000e+00;1.00000e+00;83;4.96076e-01;5.02276e-01;7.71982e-04
nav-lives;me-freeForm;4;[8];148;14800;14800;1.06944e+04;16;1;1;1.00000e+00;1.00000e+00;1.00000e+00;89;5.16146e-01;5.23074e-01;4.89923e-01
nav-lives;me-freeForm;3;[8];167;16700;16700;1.19046e+04;7;1;1;1.00000e+00;1.00000e+00;1.00000e+00;83;4.96076e-01;5.02276e-01;7.71982e-04
nav-lives;me-freeForm;4;[8];149;14900;14900;1.07655e+04;16;1;1;1.00000e+00;1.00000e+00;1.00000e+00;89;5.16146e-01;5.23074e-01;4.89923e-01
nav-lives;me-freeForm;3;[8];168;16800;16800;1.19784e+04;7;1;1;1.00000e+00;1.00000e+00;1.00000e+00;83;4.96076e-01;5.02276e-01;7.71982e-04
nav-lives;me-freeForm;4;[8];150;15000;15000;1.08393e+04;16;1;1;1.00000e+00;1.00000e+00;1.00000e+00;89;5.16146e-01;5.23074e-01;4.89923e-01
nav-lives;me-freeForm;3;[8];169;16900;16900;1.20514e+04;7;1;1;1.00000e+00;1.00000e+00;1.00000e+00;83;4.96076e-01;5.02276e-01;7.71982e-04
nav-lives;me-freeForm;4;[8];151;15100;15100;1.09154e+04;16;1;1;1.00000e+00;1.00000e+00;1.00000e+00;89;5.16146e-01;5.23074e-01;4.89923e-01
nav-lives;me-freeForm;3;[8];170;17000;17000;1.21274e+04;7;1;1;1.00000e+00;1.00000e+00;1.00000e+00;83;4.96076e-01;5.02276e-01;7.71982e-04
nav-lives;me-freeForm;4;[8];152;15200;15200;1.09902e+04;16;1;1;1.00000e+00;1.00000e+00;1.00000e+00;89;5.16146e-01;5.23074e-01;4.89923e-01
nav-lives;me-freeForm;3;[8];171;17100;17100;1.22005e+04;7;1;1;1.00000e+00;1.00000e+00;1.00000e+00;83;4.96076e-01;5.02276e-01;7.71982e-04
nav-lives;me-freeForm;4;[8];153;15300;15300;1.10630e+04;16;1;1;1.00000e+00;1.00000e+00;1.00000e+00;89;5.16146e-01;5.23074e-01;4.89923e-01
nav-lives;me-freeForm;3;[8];172;17200;17200;1.22727e+04;7;1;1;1.00000e+00;1.00000e+00;1.00000e+00;83;4.96076e-01;5.02276e-01;7.71982e-04
nav-lives;me-freeForm;4;[8];154;15400;15400;1.11368e+04;16;1;1;1.00000e+00;1.00000e+00;1.00000e+00;89;5.16146e-01;5.23074e-01;4.89923e-01
nav-lives;me-freeForm;3;[8];173;17300;17300;1.23499e+04;7;1;1;1.00000e+00;1.00000e+00;1.00000e+00;83;4.96076e-01;5.02276e-01;7.71982e-04
nav-lives;me-freeForm;4;[8];155;15500;15500;1.12112e+04;16;1;1;1.00000e+00;1.00000e+00;1.00000e+00;89;5.16146e-01;5.23074e-01;4.89923e-01
nav-lives;me-freeForm;3;[8];174;17400;17400;1.24235e+04;7;1;1;1.00000e+00;1.00000e+00;1.00000e+00;83;4.96076e-01;5.02276e-01;7.71982e-04
nav-lives;me-freeForm;4;[8];156;15600;15600;1.12847e+04;17;1;1;1.00000e+00;1.00000e+00;1.00000e+00;89;5.16146e-01;5.23074e-01;4.89923e-01
nav-lives;me-freeForm;3;[8];175;17500;17500;1.24948e+04;7;1;1;1.00000e+00;1.00000e+00;1.00000e+00;83;4.96076e-01;5.02276e-01;7.71982e-04
nav-lives;me-freeForm;4;[8];157;15700;15700;1.13562e+04;17;1;1;1.00000e+00;1.00000e+00;1.00000e+00;89;5.16146e-01;5.23074e-01;4.89923e-01
nav-lives;me-freeForm;3;[8];176;17600;17600;1.25686e+04;7;1;1;1.00000e+00;1.00000e+00;1.00000e+00;83;4.96076e-01;5.02276e-01;7.71982e-04
nav-lives;me-freeForm;4;[8];158;15800;15800;1.14320e+04;17;1;1;1.00000e+00;1.00000e+00;1.00000e+00;89;5.16146e-01;5.23074e-01;4.89923e-01
nav-lives;me-freeForm;3;[8];177;17700;17700;1.26439e+04;7;1;1;1.00000e+00;1.00000e+00;1.00000e+00;83;4.96076e-01;5.02276e-01;7.71982e-04
nav-lives;me-freeForm;4;[8];159;15900;15900;1.15071e+04;17;1;1;1.00000e+00;1.00000e+00;1.00000e+00;89;5.16146e-01;5.23074e-01;4.89923e-01
nav-lives;me-freeForm;3;[8];178;17800;17800;1.27191e+04;7;1;1;1.00000e+00;1.00000e+00;1.00000e+00;83;4.96076e-01;5.02276e-01;7.71982e-04
nav-lives;me-freeForm;4;[8];160;16000;16000;1.15813e+04;17;1;1;1.00000e+00;1.00000e+00;1.00000e+00;89;5.16146e-01;5.23074e-01;4.89923e-01
nav-lives;me-freeForm;3;[8];179;17900;17900;1.27913e+04;7;1;1;1.00000e+00;1.00000e+00;1.00000e+00;83;4.96076e-01;5.02276e-01;7.71982e-04
nav-lives;me-freeForm;4;[8];161;16100;16100;1.16544e+04;17;1;1;1.00000e+00;1.00000e+00;1.00000e+00;89;5.16146e-01;5.23074e-01;4.89923e-01
nav-lives;me-freeForm;3;[8];180;18000;18000;1.28648e+04;7;1;1;1.00000e+00;1.00000e+00;1.00000e+00;83;4.96076e-01;5.02276e-01;7.71982e-04
nav-lives;me-freeForm;4;[8];162;16200;16200;1.17277e+04;17;1;1;1.00000e+00;1.00000e+00;1.00000e+00;89;5.16146e-01;5.23074e-01;4.89923e-01
nav-lives;me-freeForm;3;[8];181;18100;18100;1.29388e+04;7;1;1;1.00000e+00;1.00000e+00;1.00000e+00;83;4.96076e-01;5.02276e-01;7.71982e-04
nav-lives;me-freeForm;4;[8];163;16300;16300;1.17996e+04;17;1;1;1.00000e+00;1.00000e+00;1.00000e+00;89;5.16146e-01;5.23074e-01;4.89923e-01
nav-lives;me-freeForm;3;[8];182;18200;18200;1.30103e+04;7;1;1;1.00000e+00;1.00000e+00;1.00000e+00;83;4.96076e-01;5.02276e-01;7.71982e-04
nav-lives;me-freeForm;4;[8];164;16400;16400;1.18750e+04;17;1;1;1.00000e+00;1.00000e+00;1.00000e+00;89;5.16146e-01;5.23074e-01;4.89923e-01
nav-lives;me-freeForm;3;[8];183;18300;18300;1.30856e+04;7;1;1;1.00000e+00;1.00000e+00;1.00000e+00;83;4.96076e-01;5.02276e-01;7.71982e-04
nav-lives;me-freeForm;4;[8];165;16500;16500;1.19492e+04;17;1;1;1.00000e+00;1.00000e+00;1.00000e+00;89;5.16146e-01;5.23074e-01;4.89923e-01
nav-lives;me-freeForm;3;[8];184;18400;18400;1.31623e+04;7;1;1;1.00000e+00;1.00000e+00;1.00000e+00;83;4.96076e-01;5.02276e-01;7.71982e-04
nav-lives;me-freeForm;4;[8];166;16600;16600;1.20247e+04;17;1;1;1.00000e+00;1.00000e+00;1.00000e+00;89;5.16146e-01;5.23074e-01;4.89923e-01
nav-lives;me-freeForm;3;[8];185;18500;18500;1.32369e+04;7;1;1;1.00000e+00;1.00000e+00;1.00000e+00;83;4.96076e-01;5.02276e-01;7.71982e-04
nav-lives;me-freeForm;4;[8];167;16700;16700;1.20968e+04;17;1;1;1.00000e+00;1.00000e+00;1.00000e+00;89;5.16146e-01;5.23074e-01;4.89923e-01
nav-lives;me-freeForm;3;[8];186;18600;18600;1.33096e+04;7;1;1;1.00000e+00;1.00000e+00;1.00000e+00;83;4.96076e-01;5.02276e-01;7.71982e-04
nav-lives;me-freeForm;4;[8];168;16800;16800;1.21727e+04;17;1;1;1.00000e+00;1.00000e+00;1.00000e+00;89;5.16146e-01;5.23074e-01;4.89923e-01
nav-lives;me-freeForm;3;[8];187;18700;18700;1.33834e+04;7;1;1;1.00000e+00;1.00000e+00;1.00000e+00;83;4.96076e-01;5.02276e-01;7.71982e-04
nav-lives;me-freeForm;4;[8];169;16900;16900;1.22450e+04;17;1;1;1.00000e+00;1.00000e+00;1.00000e+00;89;5.16146e-01;5.23074e-01;4.89923e-01
nav-lives;me-freeForm;3;[8];188;18800;18800;1.34559e+04;7;1;1;1.00000e+00;1.00000e+00;1.00000e+00;83;4.96076e-01;5.02276e-01;7.71982e-04
nav-lives;me-freeForm;4;[8];170;17000;17000;1.23176e+04;17;1;1;1.00000e+00;1.00000e+00;1.00000e+00;89;5.16146e-01;5.23074e-01;4.89923e-01
nav-lives;me-freeForm;3;[8];189;18900;18900;1.35307e+04;7;1;1;1.00000e+00;1.00000e+00;1.00000e+00;83;4.96076e-01;5.02276e-01;7.71982e-04
nav-lives;me-freeForm;4;[8];171;17100;17100;1.23949e+04;17;1;1;1.00000e+00;1.00000e+00;1.00000e+00;89;5.16146e-01;5.23074e-01;4.89923e-01
nav-lives;me-freeForm;3;[8];190;19000;19000;1.36064e+04;7;1;1;1.00000e+00;1.00000e+00;1.00000e+00;83;4.96076e-01;5.02276e-01;7.71982e-04
nav-lives;me-freeForm;4;[8];172;17200;17200;1.24692e+04;17;1;1;1.00000e+00;1.00000e+00;1.00000e+00;89;5.16146e-01;5.23074e-01;4.89923e-01
nav-lives;me-freeForm;3;[8];191;19100;19100;1.36811e+04;7;1;1;1.00000e+00;1.00000e+00;1.00000e+00;83;4.96076e-01;5.02276e-01;7.71982e-04
nav-lives;me-freeForm;4;[8];173;17300;17300;1.25424e+04;17;1;1;1.00000e+00;1.00000e+00;1.00000e+00;89;5.16146e-01;5.23074e-01;4.89923e-01
nav-lives;me-freeForm;3;[8];192;19200;19200;1.37525e+04;7;1;1;1.00000e+00;1.00000e+00;1.00000e+00;83;4.96076e-01;5.02276e-01;7.71982e-04
nav-lives;me-freeForm;4;[8];174;17400;17400;1.26136e+04;17;1;1;1.00000e+00;1.00000e+00;1.00000e+00;89;5.16146e-01;5.23074e-01;4.89923e-01
nav-lives;me-freeForm;3;[8];193;19300;19300;1.38273e+04;7;1;1;1.00000e+00;1.00000e+00;1.00000e+00;83;4.96076e-01;5.02276e-01;7.71982e-04
nav-lives;me-freeForm;4;[8];175;17500;17500;1.26905e+04;17;1;1;1.00000e+00;1.00000e+00;1.00000e+00;89;5.16146e-01;5.23074e-01;4.89923e-01
nav-lives;me-freeForm;3;[8];194;19400;19400;1.39017e+04;7;1;1;1.00000e+00;1.00000e+00;1.00000e+00;83;4.96076e-01;5.02276e-01;7.71982e-04
nav-lives;me-freeForm;4;[8];176;17600;17600;1.27639e+04;17;1;1;1.00000e+00;1.00000e+00;1.00000e+00;89;5.16146e-01;5.23074e-01;4.89923e-01
nav-lives;me-freeForm;3;[8];195;19500;19500;1.39765e+04;7;1;1;1.00000e+00;1.00000e+00;1.00000e+00;83;4.96076e-01;5.02276e-01;7.71982e-04
nav-lives;me-freeForm;4;[8];177;17700;17700;1.28396e+04;17;1;1;1.00000e+00;1.00000e+00;1.00000e+00;89;5.16146e-01;5.23074e-01;4.89923e-01
nav-lives;me-freeForm;3;[8];196;19600;19600;1.40497e+04;7;1;1;1.00000e+00;1.00000e+00;1.00000e+00;83;4.96076e-01;5.02276e-01;7.71982e-04
nav-lives;me-freeForm;4;[8];178;17800;17800;1.29130e+04;17;1;1;1.00000e+00;1.00000e+00;1.00000e+00;89;5.16146e-01;5.23074e-01;4.89923e-01
nav-lives;me-freeForm;3;[8];197;19700;19700;1.41226e+04;7;1;1;1.00000e+00;1.00000e+00;1.00000e+00;83;4.96076e-01;5.02276e-01;7.71982e-04
nav-lives;me-freeForm;4;[8];179;17900;17900;1.29858e+04;17;1;1;1.00000e+00;1.00000e+00;1.00000e+00;89;5.16146e-01;5.23074e-01;4.89923e-01
nav-lives;me-freeForm;3;[8];198;19800;19800;1.41964e+04;7;1;1;1.00000e+00;1.00000e+00;1.00000e+00;83;4.96076e-01;5.02276e-01;7.71982e-04
nav-lives;me-freeForm;4;[8];180;18000;18000;1.30609e+04;17;1;1;1.00000e+00;1.00000e+00;1.00000e+00;89;5.16146e-01;5.23074e-01;4.89923e-01
nav-lives;me-freeForm;3;[8];199;19900;19900;1.42738e+04;7;1;1;1.00000e+00;1.00000e+00;1.00000e+00;83;4.96076e-01;5.02276e-01;7.71982e-04
nav-lives;me-freeForm;4;[8];181;18100;18100;1.31341e+04;17;1;1;1.00000e+00;1.00000e+00;1.00000e+00;89;5.16146e-01;5.23074e-01;4.89923e-01
nav-lives;me-freeForm;3;[8];200;20000;20000;1.43476e+04;7;1;1;1.00000e+00;1.00000e+00;1.00000e+00;83;4.96076e-01;5.02276e-01;7.71982e-04
nav-lives;me-freeForm;4;[8];182;18200;18200;1.32094e+04;17;1;1;1.00000e+00;1.00000e+00;1.00000e+00;89;5.16146e-01;5.23074e-01;4.89923e-01
nav-lives;me-freeForm;3;[8];201;20100;20100;1.44221e+04;7;1;1;1.00000e+00;1.00000e+00;1.00000e+00;83;4.96076e-01;5.02276e-01;7.71982e-04
nav-lives;me-freeForm;4;[8];183;18300;18300;1.32839e+04;17;1;1;1.00000e+00;1.00000e+00;1.00000e+00;89;5.16146e-01;5.23074e-01;4.89923e-01
nav-lives;me-freeForm;3;[8];202;20200;20200;1.44966e+04;7;1;1;1.00000e+00;1.00000e+00;1.00000e+00;83;4.96076e-01;5.02276e-01;7.71982e-04
nav-lives;me-freeForm;4;[8];184;18400;18400;1.33592e+04;17;1;1;1.00000e+00;1.00000e+00;1.00000e+00;89;5.16146e-01;5.23074e-01;4.89923e-01
nav-lives;me-freeForm;3;[8];203;20300;20300;1.45699e+04;7;1;1;1.00000e+00;1.00000e+00;1.00000e+00;83;4.96076e-01;5.02276e-01;7.71982e-04
nav-lives;me-freeForm;4;[8];185;18500;18500;1.34312e+04;17;1;1;1.00000e+00;1.00000e+00;1.00000e+00;89;5.16146e-01;5.23074e-01;4.89923e-01
nav-lives;me-freeForm;3;[8];204;20400;20400;1.46421e+04;7;1;1;1.00000e+00;1.00000e+00;1.00000e+00;83;4.96076e-01;5.02276e-01;7.71982e-04
nav-lives;me-freeForm;4;[8];186;18600;18600;1.35038e+04;17;1;1;1.00000e+00;1.00000e+00;1.00000e+00;89;5.16146e-01;5.23074e-01;4.89923e-01
nav-lives;me-freeForm;3;[8];205;20500;20500;1.47156e+04;7;1;1;1.00000e+00;1.00000e+00;1.00000e+00;83;4.96076e-01;5.02276e-01;7.71982e-04
nav-lives;me-freeForm;4;[8];187;18700;18700;1.35774e+04;17;1;1;1.00000e+00;1.00000e+00;1.00000e+00;89;5.16146e-01;5.23074e-01;4.89923e-01
nav-lives;me-freeForm;3;[8];206;20600;20600;1.47909e+04;7;1;1;1.00000e+00;1.00000e+00;1.00000e+00;83;4.96076e-01;5.02276e-01;7.71982e-04
nav-lives;me-freeForm;4;[8];188;18800;18800;1.36557e+04;17;1;1;1.00000e+00;1.00000e+00;1.00000e+00;89;5.16146e-01;5.23074e-01;4.89923e-01
nav-lives;me-freeForm;3;[8];207;20700;20700;1.48666e+04;7;1;1;1.00000e+00;1.00000e+00;1.00000e+00;83;4.96076e-01;5.02276e-01;7.71982e-04
nav-lives;me-freeForm;4;[8];189;18900;18900;1.37280e+04;17;1;1;1.00000e+00;1.00000e+00;1.00000e+00;89;5.16146e-01;5.23074e-01;4.89923e-01
nav-lives;me-freeForm;3;[8];208;20800;20800;1.49412e+04;7;1;1;1.00000e+00;1.00000e+00;1.00000e+00;83;4.96076e-01;5.02276e-01;7.71982e-04
nav-lives;me-freeForm;4;[8];190;19000;19000;1.38030e+04;17;1;1;1.00000e+00;1.00000e+00;1.00000e+00;89;5.16146e-01;5.23074e-01;4.89923e-01
nav-lives;me-freeForm;3;[8];209;20900;20900;1.50141e+04;7;1;1;1.00000e+00;1.00000e+00;1.00000e+00;83;4.96076e-01;5.02276e-01;7.71982e-04
nav-lives;me-freeForm;4;[8];191;19100;19100;1.38772e+04;17;1;1;1.00000e+00;1.00000e+00;1.00000e+00;89;5.16146e-01;5.23074e-01;4.89923e-01
nav-lives;me-freeForm;3;[8];210;21000;21000;1.50879e+04;7;1;1;1.00000e+00;1.00000e+00;1.00000e+00;83;4.96076e-01;5.02276e-01;7.71982e-04
nav-lives;me-freeForm;4;[8];192;19200;19200;1.39504e+04;17;1;1;1.00000e+00;1.00000e+00;1.00000e+00;89;5.16146e-01;5.23074e-01;4.89923e-01
nav-lives;me-freeForm;3;[8];211;21100;21100;1.51616e+04;7;1;1;1.00000e+00;1.00000e+00;1.00000e+00;83;4.96076e-01;5.02276e-01;7.71982e-04
nav-lives;me-freeForm;4;[8];193;19300;19300;1.40243e+04;17;1;1;1.00000e+00;1.00000e+00;1.00000e+00;89;5.16146e-01;5.23074e-01;4.89923e-01
nav-lives;me-freeForm;3;[8];212;21200;21200;1.52389e+04;7;1;1;1.00000e+00;1.00000e+00;1.00000e+00;83;4.96076e-01;5.02276e-01;7.71982e-04
nav-lives;me-freeForm;4;[8];194;19400;19400;1.41005e+04;17;1;1;1.00000e+00;1.00000e+00;1.00000e+00;89;5.16146e-01;5.23074e-01;4.89923e-01
nav-lives;me-freeForm;3;[8];213;21300;21300;1.53107e+04;7;1;1;1.00000e+00;1.00000e+00;1.00000e+00;83;4.96076e-01;5.02276e-01;7.71982e-04
nav-lives;me-freeForm;4;[8];195;19500;19500;1.41726e+04;17;1;1;1.00000e+00;1.00000e+00;1.00000e+00;89;5.16146e-01;5.23074e-01;4.89923e-01
nav-lives;me-freeForm;3;[8];214;21400;21400;1.53861e+04;7;1;1;1.00000e+00;1.00000e+00;1.00000e+00;83;4.96076e-01;5.02276e-01;7.71982e-04
nav-lives;me-freeForm;4;[8];196;19600;19600;1.42498e+04;17;1;1;1.00000e+00;1.00000e+00;1.00000e+00;89;5.16146e-01;5.23074e-01;4.89923e-01
nav-lives;me-freeForm;3;[8];215;21500;21500;1.54605e+04;7;1;1;1.00000e+00;1.00000e+00;1.00000e+00;83;4.96076e-01;5.02276e-01;7.71982e-04
nav-lives;me-freeForm;4;[8];197;19700;19700;1.43216e+04;17;1;1;1.00000e+00;1.00000e+00;1.00000e+00;89;5.16146e-01;5.23074e-01;4.89923e-01
nav-lives;me-freeForm;3;[8];216;21600;21600;1.55330e+04;7;1;1;1.00000e+00;1.00000e+00;1.00000e+00;83;4.96076e-01;5.02276e-01;7.71982e-04
nav-lives;me-freeForm;4;[8];198;19800;19800;1.43971e+04;17;1;1;1.00000e+00;1.00000e+00;1.00000e+00;89;5.16146e-01;5.23074e-01;4.89923e-01
nav-lives;me-freeForm;3;[8];217;21700;21700;1.56097e+04;7;1;1;1.00000e+00;1.00000e+00;1.00000e+00;83;4.96076e-01;5.02276e-01;7.71982e-04
nav-lives;me-freeForm;4;[8];199;19900;19900;1.44706e+04;17;1;1;1.00000e+00;1.00000e+00;1.00000e+00;89;5.16146e-01;5.23074e-01;4.89923e-01
nav-lives;me-freeForm;3;[8];218;21800;21800;1.56814e+04;7;1;1;1.00000e+00;1.00000e+00;1.00000e+00;83;4.96076e-01;5.02276e-01;7.71982e-04
nav-lives;me-freeForm;4;[8];200;20000;20000;1.45460e+04;17;1;1;1.00000e+00;1.00000e+00;1.00000e+00;89;5.16146e-01;5.23074e-01;4.89923e-01
nav-lives;me-freeForm;3;[8];219;21900;21900;1.57566e+04;7;1;1;1.00000e+00;1.00000e+00;1.00000e+00;83;4.96076e-01;5.02276e-01;7.71982e-04
nav-lives;me-freeForm;4;[8];201;20100;20100;1.46194e+04;17;1;1;1.00000e+00;1.00000e+00;1.00000e+00;89;5.16146e-01;5.23074e-01;4.89923e-01
nav-lives;me-freeForm;3;[8];220;22000;22000;1.58309e+04;7;1;1;1.00000e+00;1.00000e+00;1.00000e+00;83;4.96076e-01;5.02276e-01;7.71982e-04
nav-lives;me-freeForm;4;[8];202;20200;20200;1.46908e+04;17;1;1;1.00000e+00;1.00000e+00;1.00000e+00;89;5.16146e-01;5.23074e-01;4.89923e-01
nav-lives;me-freeForm;3;[8];221;22100;22100;1.59015e+04;7;1;1;1.00000e+00;1.00000e+00;1.00000e+00;83;4.96076e-01;5.02276e-01;7.71982e-04
nav-lives;me-freeForm;4;[8];203;20300;20300;1.47664e+04;17;1;1;1.00000e+00;1.00000e+00;1.00000e+00;89;5.16146e-01;5.23074e-01;4.89923e-01
nav-lives;me-freeForm;3;[8];222;22200;22200;1.59764e+04;7;1;1;1.00000e+00;1.00000e+00;1.00000e+00;83;4.96076e-01;5.02276e-01;7.71982e-04
nav-lives;me-freeForm;4;[8];204;20400;20400;1.48389e+04;17;1;1;1.00000e+00;1.00000e+00;1.00000e+00;89;5.16146e-01;5.23074e-01;4.89923e-01
nav-lives;me-freeForm;3;[8];223;22300;22300;1.60520e+04;7;1;1;1.00000e+00;1.00000e+00;1.00000e+00;83;4.96076e-01;5.02276e-01;7.71982e-04
nav-lives;me-freeForm;4;[8];205;20500;20500;1.49160e+04;17;1;1;1.00000e+00;1.00000e+00;1.00000e+00;89;5.16146e-01;5.23074e-01;4.89923e-01
nav-lives;me-freeForm;3;[8];224;22400;22400;1.61281e+04;7;1;1;1.00000e+00;1.00000e+00;1.00000e+00;83;4.96076e-01;5.02276e-01;7.71982e-04
nav-lives;me-freeForm;4;[8];206;20600;20600;1.49910e+04;17;1;1;1.00000e+00;1.00000e+00;1.00000e+00;89;5.16146e-01;5.23074e-01;4.89923e-01
nav-lives;me-freeForm;3;[8];225;22500;22500;1.62018e+04;7;1;1;1.00000e+00;1.00000e+00;1.00000e+00;83;4.96076e-01;5.02276e-01;7.71982e-04
nav-lives;me-freeForm;4;[8];207;20700;20700;1.50615e+04;17;1;1;1.00000e+00;1.00000e+00;1.00000e+00;89;5.16146e-01;5.23074e-01;4.89923e-01
nav-lives;me-freeForm;3;[8];226;22600;22600;1.62718e+04;7;1;1;1.00000e+00;1.00000e+00;1.00000e+00;83;4.96076e-01;5.02276e-01;7.71982e-04
nav-lives;me-freeForm;4;[8];208;20800;20800;1.51362e+04;17;1;1;1.00000e+00;1.00000e+00;1.00000e+00;89;5.16146e-01;5.23074e-01;4.89923e-01
nav-lives;me-freeForm;3;[8];227;22700;22700;1.63492e+04;7;1;1;1.00000e+00;1.00000e+00;1.00000e+00;83;4.96076e-01;5.02276e-01;7.71982e-04
nav-lives;me-freeForm;4;[8];209;20900;20900;1.52112e+04;18;1;1;1.00000e+00;1.00000e+00;1.00000e+00;89;5.16146e-01;5.23074e-01;4.89923e-01
nav-lives;me-freeForm;3;[8];228;22800;22800;1.64220e+04;7;1;1;1.00000e+00;1.00000e+00;1.00000e+00;83;4.96076e-01;5.02276e-01;7.71982e-04
nav-lives;me-freeForm;4;[8];210;21000;21000;1.52856e+04;18;1;1;1.00000e+00;1.00000e+00;1.00000e+00;89;5.16146e-01;5.23074e-01;4.89923e-01
nav-lives;me-freeForm;3;[8];229;22900;22900;1.64964e+04;7;1;1;1.00000e+00;1.00000e+00;1.00000e+00;83;4.96076e-01;5.02276e-01;7.71982e-04
nav-lives;me-freeForm;4;[8];211;21100;21100;1.53580e+04;18;1;1;1.00000e+00;1.00000e+00;1.00000e+00;89;5.16146e-01;5.23074e-01;4.89923e-01
nav-lives;me-freeForm;3;[8];230;23000;23000;1.65712e+04;7;1;1;1.00000e+00;1.00000e+00;1.00000e+00;83;4.96076e-01;5.02276e-01;7.71982e-04
nav-lives;me-freeForm;4;[8];212;21200;21200;1.54320e+04;18;1;1;1.00000e+00;1.00000e+00;1.00000e+00;89;5.16146e-01;5.23074e-01;4.89923e-01
nav-lives;me-freeForm;3;[8];231;23100;23100;1.66447e+04;7;1;1;1.00000e+00;1.00000e+00;1.00000e+00;83;4.96076e-01;5.02276e-01;7.71982e-04
nav-lives;me-freeForm;4;[8];213;21300;21300;1.55066e+04;18;1;1;1.00000e+00;1.00000e+00;1.00000e+00;89;5.16146e-01;5.23074e-01;4.89923e-01
nav-lives;me-freeForm;3;[8];232;23200;23200;1.67168e+04;7;1;1;1.00000e+00;1.00000e+00;1.00000e+00;83;4.96076e-01;5.02276e-01;7.71982e-04
nav-lives;me-freeForm;4;[8];214;21400;21400;1.55823e+04;18;1;1;1.00000e+00;1.00000e+00;1.00000e+00;89;5.16146e-01;5.23074e-01;4.89923e-01
nav-lives;me-freeForm;3;[8];233;23300;23300;1.67920e+04;7;1;1;1.00000e+00;1.00000e+00;1.00000e+00;83;4.96076e-01;5.02276e-01;7.71982e-04
nav-lives;me-freeForm;4;[8];215;21500;21500;1.56573e+04;19;1;1;1.00000e+00;1.00000e+00;1.00000e+00;89;5.16146e-01;5.23074e-01;4.89923e-01
nav-lives;me-freeForm;3;[8];234;23400;23400;1.68698e+04;7;1;1;1.00000e+00;1.00000e+00;1.00000e+00;83;4.96076e-01;5.02276e-01;7.71982e-04
nav-lives;me-freeForm;4;[8];216;21600;21600;1.57282e+04;19;1;1;1.00000e+00;1.00000e+00;1.00000e+00;89;5.16146e-01;5.23074e-01;4.89923e-01
nav-lives;me-freeForm;3;[8];235;23500;23500;1.69429e+04;7;1;1;1.00000e+00;1.00000e+00;1.00000e+00;83;4.96076e-01;5.02276e-01;7.71982e-04
nav-lives;me-freeForm;4;[8];217;21700;21700;1.58020e+04;19;1;1;1.00000e+00;1.00000e+00;1.00000e+00;89;5.16146e-01;5.23074e-01;4.89923e-01
nav-lives;me-freeForm;3;[8];236;23600;23600;1.70150e+04;7;1;1;1.00000e+00;1.00000e+00;1.00000e+00;83;4.96076e-01;5.02276e-01;7.71982e-04
nav-lives;me-freeForm;4;[8];218;21800;21800;1.58764e+04;20;1;1;1.00000e+00;1.00000e+00;1.00000e+00;89;5.16146e-01;5.23074e-01;4.89923e-01
nav-lives;me-freeForm;3;[8];237;23700;23700;1.70883e+04;7;1;1;1.00000e+00;1.00000e+00;1.00000e+00;83;4.96076e-01;5.02276e-01;7.71982e-04
nav-lives;me-freeForm;4;[8];219;21900;21900;1.59514e+04;20;1;1;1.00000e+00;1.00000e+00;1.00000e+00;89;5.16146e-01;5.23074e-01;4.89923e-01
nav-lives;me-freeForm;3;[8];238;23800;23800;1.71621e+04;7;1;1;1.00000e+00;1.00000e+00;1.00000e+00;83;4.96076e-01;5.02276e-01;7.71982e-04
nav-lives;me-freeForm;4;[8];220;22000;22000;1.60235e+04;20;1;1;1.00000e+00;1.00000e+00;1.00000e+00;89;5.16146e-01;5.23074e-01;4.89923e-01
nav-lives;me-freeForm;3;[8];239;23900;23900;1.72359e+04;7;1;1;1.00000e+00;1.00000e+00;1.00000e+00;83;4.96076e-01;5.02276e-01;7.71982e-04
nav-lives;me-freeForm;4;[8];221;22100;22100;1.61001e+04;20;1;1;1.00000e+00;1.00000e+00;1.00000e+00;89;5.16146e-01;5.23074e-01;4.89923e-01
nav-lives;me-freeForm;3;[8];240;24000;24000;1.73119e+04;7;1;1;1.00000e+00;1.00000e+00;1.00000e+00;83;4.96076e-01;5.02276e-01;7.71982e-04
nav-lives;me-freeForm;4;[8];222;22200;22200;1.61748e+04;20;1;1;1.00000e+00;1.00000e+00;1.00000e+00;89;5.16146e-01;5.23074e-01;4.89923e-01
nav-lives;me-freeForm;3;[8];241;24100;24100;1.73873e+04;7;1;1;1.00000e+00;1.00000e+00;1.00000e+00;83;4.96076e-01;5.02276e-01;7.71982e-04
nav-lives;me-freeForm;4;[8];223;22300;22300;1.62499e+04;20;1;1;1.00000e+00;1.00000e+00;1.00000e+00;89;5.16146e-01;5.23074e-01;4.89923e-01
nav-lives;me-freeForm;3;[8];242;24200;24200;1.74579e+04;7;1;1;1.00000e+00;1.00000e+00;1.00000e+00;83;4.96076e-01;5.02276e-01;7.71982e-04
nav-lives;me-freeForm;4;[8];224;22400;22400;1.63220e+04;20;1;1;1.00000e+00;1.00000e+00;1.00000e+00;89;5.16146e-01;5.23074e-01;4.89923e-01
nav-lives;me-freeForm;3;[8];243;24300;24300;1.75335e+04;7;1;1;1.00000e+00;1.00000e+00;1.00000e+00;83;4.96076e-01;5.02276e-01;7.71982e-04
nav-lives;me-freeForm;4;[8];225;22500;22500;1.63943e+04;20;1;1;1.00000e+00;1.00000e+00;1.00000e+00;89;5.16146e-01;5.23074e-01;4.89923e-01
nav-lives;me-freeForm;3;[8];244;24400;24400;1.76056e+04;7;1;1;1.00000e+00;1.00000e+00;1.00000e+00;83;4.96076e-01;5.02276e-01;7.71982e-04
nav-lives;me-freeForm;4;[8];226;22600;22600;1.64711e+04;20;1;1;1.00000e+00;1.00000e+00;1.00000e+00;89;5.16146e-01;5.23074e-01;4.89923e-01
nav-lives;me-freeForm;3;[8];245;24500;24500;1.76814e+04;7;1;1;1.00000e+00;1.00000e+00;1.00000e+00;83;4.96076e-01;5.02276e-01;7.71982e-04
nav-lives;me-freeForm;4;[8];227;22700;22700;1.65462e+04;21;1;1;1.00000e+00;1.00000e+00;1.00000e+00;89;5.16146e-01;5.23074e-01;4.89923e-01
nav-lives;me-freeForm;3;[8];246;24600;24600;1.77547e+04;7;1;1;1.00000e+00;1.00000e+00;1.00000e+00;83;4.96076e-01;5.02276e-01;7.71982e-04
nav-lives;me-freeForm;4;[8];228;22800;22800;1.66197e+04;21;1;1;1.00000e+00;1.00000e+00;1.00000e+00;89;5.16146e-01;5.23074e-01;4.89923e-01
nav-lives;me-freeForm;3;[8];247;24700;24700;1.78305e+04;7;1;1;1.00000e+00;1.00000e+00;1.00000e+00;83;4.96076e-01;5.02276e-01;7.71982e-04
nav-lives;me-freeForm;4;[8];229;22900;22900;1.66904e+04;21;1;1;1.00000e+00;1.00000e+00;1.00000e+00;89;5.16146e-01;5.23074e-01;4.89923e-01
nav-lives;me-freeForm;3;[8];248;24800;24800;1.79042e+04;7;1;1;1.00000e+00;1.00000e+00;1.00000e+00;83;4.96076e-01;5.02276e-01;7.71982e-04
nav-lives;me-freeForm;4;[8];230;23000;23000;1.67674e+04;21;1;1;1.00000e+00;1.00000e+00;1.00000e+00;89;5.16146e-01;5.23074e-01;4.89923e-01
nav-lives;me-freeForm;3;[8];249;24900;24900;1.79781e+04;7;1;1;1.00000e+00;1.00000e+00;1.00000e+00;83;4.96076e-01;5.02276e-01;7.71982e-04
nav-lives;me-freeForm;4;[8];231;23100;23100;1.68415e+04;21;1;1;1.00000e+00;1.00000e+00;1.00000e+00;89;5.16146e-01;5.23074e-01;4.89923e-01
nav-lives;me-freeForm;3;[8];250;25000;25000;1.80522e+04;7;1;1;1.00000e+00;1.00000e+00;1.00000e+00;83;4.96076e-01;5.02276e-01;7.71982e-04
nav-lives;me-freeForm;4;[8];232;23200;23200;1.69137e+04;21;1;1;1.00000e+00;1.00000e+00;1.00000e+00;89;5.16146e-01;5.23074e-01;4.89923e-01
nav-lives;me-freeForm;3;[8];251;25100;25100;1.81247e+04;7;1;1;1.00000e+00;1.00000e+00;1.00000e+00;83;4.96076e-01;5.02276e-01;7.71982e-04
nav-lives;me-freeForm;4;[8];233;23300;23300;1.69897e+04;22;1;1;1.00000e+00;1.00000e+00;1.00000e+00;89;5.16146e-01;5.23074e-01;4.89923e-01
nav-lives;me-freeForm;3;[8];252;25200;25200;1.82011e+04;7;1;1;1.00000e+00;1.00000e+00;1.00000e+00;83;4.96076e-01;5.02276e-01;7.71982e-04
nav-lives;me-freeForm;4;[8];234;23400;23400;1.70649e+04;22;1;1;1.00000e+00;1.00000e+00;1.00000e+00;89;5.16146e-01;5.23074e-01;4.89923e-01
nav-lives;me-freeForm;3;[8];253;25300;25300;1.82760e+04;7;1;1;1.00000e+00;1.00000e+00;1.00000e+00;83;4.96076e-01;5.02276e-01;7.71982e-04
nav-lives;me-freeForm;4;[8];235;23500;23500;1.71389e+04;22;1;1;1.00000e+00;1.00000e+00;1.00000e+00;89;5.16146e-01;5.23074e-01;4.89923e-01
nav-lives;me-freeForm;3;[8];254;25400;25400;1.83478e+04;8;1;1;1.00000e+00;1.00000e+00;1.00000e+00;83;4.96076e-01;5.02276e-01;7.71982e-04
nav-lives;me-freeForm;4;[8];236;23600;23600;1.72107e+04;22;1;1;1.00000e+00;1.00000e+00;1.00000e+00;89;5.16146e-01;5.23074e-01;4.89923e-01
nav-lives;me-freeForm;3;[8];255;25500;25500;1.84221e+04;8;1;1;1.00000e+00;1.00000e+00;1.00000e+00;83;4.96076e-01;5.02276e-01;7.71982e-04
nav-lives;me-freeForm;4;[8];237;23700;23700;1.72834e+04;22;1;1;1.00000e+00;1.00000e+00;1.00000e+00;89;5.16146e-01;5.23074e-01;4.89923e-01
nav-lives;me-freeForm;3;[8];256;25600;25600;1.84982e+04;8;1;1;1.00000e+00;1.00000e+00;1.00000e+00;83;4.96076e-01;5.02276e-01;7.71982e-04
nav-lives;me-freeForm;4;[8];238;23800;23800;1.73625e+04;22;1;1;1.00000e+00;1.00000e+00;1.00000e+00;89;5.16146e-01;5.23074e-01;4.89923e-01
nav-lives;me-freeForm;3;[8];257;25700;25700;1.85727e+04;8;1;1;1.00000e+00;1.00000e+00;1.00000e+00;83;4.96076e-01;5.02276e-01;7.71982e-04
nav-lives;me-freeForm;4;[8];239;23900;23900;1.74351e+04;22;1;1;1.00000e+00;1.00000e+00;1.00000e+00;89;5.16146e-01;5.23074e-01;4.89923e-01
nav-lives;me-freeForm;3;[8];258;25800;25800;1.86479e+04;8;1;1;1.00000e+00;1.00000e+00;1.00000e+00;83;4.96076e-01;5.02276e-01;7.71982e-04
nav-lives;me-freeForm;4;[8];240;24000;24000;1.75095e+04;22;1;1;1.00000e+00;1.00000e+00;1.00000e+00;89;5.16146e-01;5.23074e-01;4.89923e-01
nav-lives;me-freeForm;3;[8];259;25900;25900;1.87214e+04;8;1;1;1.00000e+00;1.00000e+00;1.00000e+00;83;4.96076e-01;5.02276e-01;7.71982e-04
nav-lives;me-freeForm;4;[8];241;24100;24100;1.75849e+04;22;1;1;1.00000e+00;1.00000e+00;1.00000e+00;89;5.16146e-01;5.23074e-01;4.89923e-01
nav-lives;me-freeForm;3;[8];260;26000;26000;1.87960e+04;8;1;1;1.00000e+00;1.00000e+00;1.00000e+00;83;4.96076e-01;5.02276e-01;7.71982e-04
nav-lives;me-freeForm;4;[8];242;24200;24200;1.76567e+04;22;1;1;1.00000e+00;1.00000e+00;1.00000e+00;89;5.16146e-01;5.23074e-01;4.89923e-01
nav-lives;me-freeForm;3;[8];261;26100;26100;1.88670e+04;8;1;1;1.00000e+00;1.00000e+00;1.00000e+00;83;4.96076e-01;5.02276e-01;7.71982e-04
nav-lives;me-freeForm;4;[8];243;24300;24300;1.77321e+04;22;1;1;1.00000e+00;1.00000e+00;1.00000e+00;89;5.16146e-01;5.23074e-01;4.89923e-01
nav-lives;me-freeForm;3;[8];262;26200;26200;1.89431e+04;8;1;1;1.00000e+00;1.00000e+00;1.00000e+00;83;4.96076e-01;5.02276e-01;7.71982e-04
nav-lives;me-freeForm;4;[8];244;24400;24400;1.78058e+04;22;1;1;1.00000e+00;1.00000e+00;1.00000e+00;89;5.16146e-01;5.23074e-01;4.89923e-01
nav-lives;me-freeForm;3;[8];263;26300;26300;1.90189e+04;8;1;1;1.00000e+00;1.00000e+00;1.00000e+00;83;4.96076e-01;5.02276e-01;7.71982e-04
nav-lives;me-freeForm;4;[8];245;24500;24500;1.78827e+04;22;1;1;1.00000e+00;1.00000e+00;1.00000e+00;89;5.16146e-01;5.23074e-01;4.89923e-01
nav-lives;me-freeForm;3;[8];264;26400;26400;1.90939e+04;8;1;1;1.00000e+00;1.00000e+00;1.00000e+00;83;4.96076e-01;5.02276e-01;7.71982e-04
nav-lives;me-freeForm;4;[8];246;24600;24600;1.79557e+04;22;1;1;1.00000e+00;1.00000e+00;1.00000e+00;89;5.16146e-01;5.23074e-01;4.89923e-01
nav-lives;me-freeForm;3;[8];265;26500;26500;1.91667e+04;8;1;1;1.00000e+00;1.00000e+00;1.00000e+00;83;4.96076e-01;5.02276e-01;7.71982e-04
nav-lives;me-freeForm;4;[8];247;24700;24700;1.80317e+04;22;1;1;1.00000e+00;1.00000e+00;1.00000e+00;89;5.16146e-01;5.23074e-01;4.89923e-01
nav-lives;me-freeForm;3;[8];266;26600;26600;1.92396e+04;8;1;1;1.00000e+00;1.00000e+00;1.00000e+00;83;4.96076e-01;5.02276e-01;7.71982e-04
nav-lives;me-freeForm;4;[8];248;24800;24800;1.81031e+04;22;1;1;1.00000e+00;1.00000e+00;1.00000e+00;89;5.16146e-01;5.23074e-01;4.89923e-01
nav-lives;me-freeForm;3;[8];267;26700;26700;1.93132e+04;8;1;1;1.00000e+00;1.00000e+00;1.00000e+00;83;4.96076e-01;5.02276e-01;7.71982e-04
nav-lives;me-freeForm;4;[8];249;24900;24900;1.81754e+04;22;1;1;1.00000e+00;1.00000e+00;1.00000e+00;89;5.16146e-01;5.23074e-01;4.89923e-01
nav-lives;me-freeForm;3;[8];268;26800;26800;1.93880e+04;8;1;1;1.00000e+00;1.00000e+00;1.00000e+00;83;4.96076e-01;5.02276e-01;7.71982e-04
nav-lives;me-freeForm;4;[8];250;25000;25000;1.82540e+04;22;1;1;1.00000e+00;1.00000e+00;1.00000e+00;89;5.16146e-01;5.23074e-01;4.89923e-01
nav-lives;me-freeForm;3;[8];269;26900;26900;1.94652e+04;8;1;1;1.00000e+00;1.00000e+00;1.00000e+00;83;4.96076e-01;5.02276e-01;7.71982e-04
nav-lives;me-freeForm;4;[8];251;25100;25100;1.83275e+04;22;1;1;1.00000e+00;1.00000e+00;1.00000e+00;89;5.16146e-01;5.23074e-01;4.89923e-01
nav-lives;me-freeForm;3;[8];270;27000;27000;1.95384e+04;8;1;1;1.00000e+00;1.00000e+00;1.00000e+00;83;4.96076e-01;5.02276e-01;7.71982e-04
nav-lives;me-freeForm;4;[8];252;25200;25200;1.84032e+04;22;1;1;1.00000e+00;1.00000e+00;1.00000e+00;89;5.16146e-01;5.23074e-01;4.89923e-01
nav-lives;me-freeForm;3;[8];271;27100;27100;1.96113e+04;8;1;1;1.00000e+00;1.00000e+00;1.00000e+00;83;4.96076e-01;5.02276e-01;7.71982e-04
nav-lives;me-freeForm;4;[8];253;25300;25300;1.84737e+04;22;1;1;1.00000e+00;1.00000e+00;1.00000e+00;89;5.16146e-01;5.23074e-01;4.89923e-01
nav-lives;me-freeForm;3;[8];272;27200;27200;1.96834e+04;8;1;1;1.00000e+00;1.00000e+00;1.00000e+00;83;4.96076e-01;5.02276e-01;7.71982e-04
nav-lives;me-freeForm;4;[8];254;25400;25400;1.85460e+04;22;1;1;1.00000e+00;1.00000e+00;1.00000e+00;89;5.16146e-01;5.23074e-01;4.89923e-01
nav-lives;me-freeForm;3;[8];273;27300;27300;1.97585e+04;8;1;1;1.00000e+00;1.00000e+00;1.00000e+00;83;4.96076e-01;5.02276e-01;7.71982e-04
nav-lives;me-freeForm;4;[8];255;25500;25500;1.86215e+04;22;1;1;1.00000e+00;1.00000e+00;1.00000e+00;89;5.16146e-01;5.23074e-01;4.89923e-01
nav-lives;me-freeForm;3;[8];274;27400;27400;1.98345e+04;8;1;1;1.00000e+00;1.00000e+00;1.00000e+00;83;4.96076e-01;5.02276e-01;7.71982e-04
nav-lives;me-freeForm;4;[8];256;25600;25600;1.86971e+04;22;1;1;1.00000e+00;1.00000e+00;1.00000e+00;89;5.16146e-01;5.23074e-01;4.89923e-01
nav-lives;me-freeForm;3;[8];275;27500;27500;1.99131e+04;8;1;1;1.00000e+00;1.00000e+00;1.00000e+00;83;4.96076e-01;5.02276e-01;7.71982e-04
nav-lives;me-freeForm;4;[8];257;25700;25700;1.87742e+04;22;1;1;1.00000e+00;1.00000e+00;1.00000e+00;89;5.16146e-01;5.23074e-01;4.89923e-01
nav-lives;me-freeForm;3;[8];276;27600;27600;1.99858e+04;8;1;1;1.00000e+00;1.00000e+00;1.00000e+00;83;4.96076e-01;5.02276e-01;7.71982e-04
nav-lives;me-freeForm;4;[8];258;25800;25800;1.88474e+04;22;1;1;1.00000e+00;1.00000e+00;1.00000e+00;89;5.16146e-01;5.23074e-01;4.89923e-01
nav-lives;me-freeForm;3;[8];277;27700;27700;2.00563e+04;8;1;1;1.00000e+00;1.00000e+00;1.00000e+00;83;4.96076e-01;5.02276e-01;7.71982e-04
nav-lives;me-freeForm;4;[8];259;25900;25900;1.89188e+04;22;1;1;1.00000e+00;1.00000e+00;1.00000e+00;89;5.16146e-01;5.23074e-01;4.89923e-01
nav-lives;me-freeForm;3;[8];278;27800;27800;2.01301e+04;8;1;1;1.00000e+00;1.00000e+00;1.00000e+00;83;4.96076e-01;5.02276e-01;7.71982e-04
nav-lives;me-freeForm;4;[8];260;26000;26000;1.89924e+04;22;1;1;1.00000e+00;1.00000e+00;1.00000e+00;89;5.16146e-01;5.23074e-01;4.89923e-01
nav-lives;me-freeForm;3;[8];279;27900;27900;2.02027e+04;8;1;1;1.00000e+00;1.00000e+00;1.00000e+00;83;4.96076e-01;5.02276e-01;7.71982e-04
nav-lives;me-freeForm;4;[8];261;26100;26100;1.90679e+04;22;1;1;1.00000e+00;1.00000e+00;1.00000e+00;89;5.16146e-01;5.23074e-01;4.89923e-01
nav-lives;me-freeForm;3;[8];280;28000;28000;2.02802e+04;8;1;1;1.00000e+00;1.00000e+00;1.00000e+00;83;4.96076e-01;5.02276e-01;7.71982e-04
nav-lives;me-freeForm;4;[8];262;26200;26200;1.91433e+04;22;1;1;1.00000e+00;1.00000e+00;1.00000e+00;89;5.16146e-01;5.23074e-01;4.89923e-01
nav-lives;me-freeForm;3;[8];281;28100;28100;2.03554e+04;8;1;1;1.00000e+00;1.00000e+00;1.00000e+00;83;4.96076e-01;5.02276e-01;7.71982e-04
nav-lives;me-freeForm;4;[8];263;26300;26300;1.92206e+04;22;1;1;1.00000e+00;1.00000e+00;1.00000e+00;89;5.16146e-01;5.23074e-01;4.89923e-01
nav-lives;me-freeForm;3;[8];282;28200;28200;2.04300e+04;8;1;1;1.00000e+00;1.00000e+00;1.00000e+00;83;4.96076e-01;5.02276e-01;7.71982e-04
nav-lives;me-freeForm;4;[8];264;26400;26400;1.92923e+04;22;1;1;1.00000e+00;1.00000e+00;1.00000e+00;89;5.16146e-01;5.23074e-01;4.89923e-01
nav-lives;me-freeForm;3;[8];283;28300;28300;2.05021e+04;8;1;1;1.00000e+00;1.00000e+00;1.00000e+00;83;4.96076e-01;5.02276e-01;7.71982e-04
nav-lives;me-freeForm;4;[8];265;26500;26500;1.93645e+04;22;1;1;1.00000e+00;1.00000e+00;1.00000e+00;89;5.16146e-01;5.23074e-01;4.89923e-01
nav-lives;me-freeForm;3;[8];284;28400;28400;2.05748e+04;8;1;1;1.00000e+00;1.00000e+00;1.00000e+00;83;4.96076e-01;5.02276e-01;7.71982e-04
nav-lives;me-freeForm;4;[8];266;26600;26600;1.94367e+04;23;1;1;1.00000e+00;1.00000e+00;1.00000e+00;89;5.16146e-01;5.23074e-01;4.89923e-01
nav-lives;me-freeForm;3;[8];285;28500;28500;2.06479e+04;8;1;1;1.00000e+00;1.00000e+00;1.00000e+00;83;4.96076e-01;5.02276e-01;7.71982e-04
nav-lives;me-freeForm;4;[8];267;26700;26700;1.95130e+04;23;1;1;1.00000e+00;1.00000e+00;1.00000e+00;89;5.16146e-01;5.23074e-01;4.89923e-01
nav-lives;me-freeForm;3;[8];286;28600;28600;2.07255e+04;8;1;1;1.00000e+00;1.00000e+00;1.00000e+00;83;4.96076e-01;5.02276e-01;7.71982e-04
nav-lives;me-freeForm;4;[8];268;26800;26800;1.95863e+04;23;1;1;1.00000e+00;1.00000e+00;1.00000e+00;89;5.16146e-01;5.23074e-01;4.89923e-01
nav-lives;me-freeForm;3;[8];287;28700;28700;2.08028e+04;8;1;1;1.00000e+00;1.00000e+00;1.00000e+00;83;4.96076e-01;5.02276e-01;7.71982e-04
nav-lives;me-freeForm;4;[8];269;26900;26900;1.96625e+04;23;1;1;1.00000e+00;1.00000e+00;1.00000e+00;89;5.16146e-01;5.23074e-01;4.89923e-01
nav-lives;me-freeForm;3;[8];288;28800;28800;2.08732e+04;8;1;1;1.00000e+00;1.00000e+00;1.00000e+00;83;4.96076e-01;5.02276e-01;7.71982e-04
nav-lives;me-freeForm;4;[8];270;27000;27000;1.97370e+04;24;1;1;1.00000e+00;1.00000e+00;1.00000e+00;89;5.16146e-01;5.23074e-01;4.89923e-01
nav-lives;me-freeForm;3;[8];289;28900;28900;2.09498e+04;8;1;1;1.00000e+00;1.00000e+00;1.00000e+00;83;4.96076e-01;5.02276e-01;7.71982e-04
nav-lives;me-freeForm;4;[8];271;27100;27100;1.98144e+04;24;1;1;1.00000e+00;1.00000e+00;1.00000e+00;89;5.16146e-01;5.23074e-01;4.89923e-01
nav-lives;me-freeForm;3;[8];290;29000;29000;2.10218e+04;8;1;1;1.00000e+00;1.00000e+00;1.00000e+00;83;4.96076e-01;5.02276e-01;7.71982e-04
nav-lives;me-freeForm;4;[8];272;27200;27200;1.98855e+04;24;1;1;1.00000e+00;1.00000e+00;1.00000e+00;89;5.16146e-01;5.23074e-01;4.89923e-01
nav-lives;me-freeForm;3;[8];291;29100;29100;2.10953e+04;8;1;1;1.00000e+00;1.00000e+00;1.00000e+00;83;4.96076e-01;5.02276e-01;7.71982e-04
nav-lives;me-freeForm;4;[8];273;27300;27300;1.99604e+04;24;1;1;1.00000e+00;1.00000e+00;1.00000e+00;89;5.16146e-01;5.23074e-01;4.89923e-01
nav-lives;me-freeForm;3;[8];292;29200;29200;2.11706e+04;8;1;1;1.00000e+00;1.00000e+00;1.00000e+00;83;4.96076e-01;5.02276e-01;7.71982e-04
nav-lives;me-freeForm;4;[8];274;27400;27400;2.00329e+04;24;1;1;1.00000e+00;1.00000e+00;1.00000e+00;89;5.16146e-01;5.23074e-01;4.89923e-01
nav-lives;me-freeForm;3;[8];293;29300;29300;2.12437e+04;8;1;1;1.00000e+00;1.00000e+00;1.00000e+00;83;4.96076e-01;5.02276e-01;7.71982e-04
nav-lives;me-freeForm;4;[8];275;27500;27500;2.01090e+04;24;1;1;1.00000e+00;1.00000e+00;1.00000e+00;89;5.16146e-01;5.23074e-01;4.89923e-01
nav-lives;me-freeForm;3;[8];294;29400;29400;2.13226e+04;8;1;1;1.00000e+00;1.00000e+00;1.00000e+00;83;4.96076e-01;5.02276e-01;7.71982e-04
nav-lives;me-freeForm;4;[8];276;27600;27600;2.01849e+04;24;1;1;1.00000e+00;1.00000e+00;1.00000e+00;89;5.16146e-01;5.23074e-01;4.89923e-01
nav-lives;me-freeForm;3;[8];295;29500;29500;2.13978e+04;8;1;1;1.00000e+00;1.00000e+00;1.00000e+00;83;4.96076e-01;5.02276e-01;7.71982e-04
nav-lives;me-freeForm;4;[8];277;27700;27700;2.02592e+04;24;1;1;1.00000e+00;1.00000e+00;1.00000e+00;89;5.16146e-01;5.23074e-01;4.89923e-01
nav-lives;me-freeForm;3;[8];296;29600;29600;2.14690e+04;8;1;1;1.00000e+00;1.00000e+00;1.00000e+00;83;4.96076e-01;5.02276e-01;7.71982e-04
nav-lives;me-freeForm;4;[8];278;27800;27800;2.03324e+04;24;1;1;1.00000e+00;1.00000e+00;1.00000e+00;89;5.16146e-01;5.23074e-01;4.89923e-01
nav-lives;me-freeForm;3;[8];297;29700;29700;2.15423e+04;8;1;1;1.00000e+00;1.00000e+00;1.00000e+00;83;4.96076e-01;5.02276e-01;7.71982e-04
nav-lives;me-freeForm;4;[8];279;27900;27900;2.04036e+04;24;1;1;1.00000e+00;1.00000e+00;1.00000e+00;89;5.16146e-01;5.23074e-01;4.89923e-01
nav-lives;me-freeForm;3;[8];298;29800;29800;2.16145e+04;8;1;1;1.00000e+00;1.00000e+00;1.00000e+00;83;4.96076e-01;5.02276e-01;7.71982e-04
nav-lives;me-freeForm;4;[8];280;28000;28000;2.04813e+04;24;1;1;1.00000e+00;1.00000e+00;1.00000e+00;89;5.16146e-01;5.23074e-01;4.89923e-01
nav-lives;me-freeForm;3;[8];299;29900;29900;2.16906e+04;8;1;1;1.00000e+00;1.00000e+00;1.00000e+00;83;4.96076e-01;5.02276e-01;7.71982e-04
nav-lives;me-freeForm;4;[8];281;28100;28100;2.05552e+04;24;1;1;1.00000e+00;1.00000e+00;1.00000e+00;89;5.16146e-01;5.23074e-01;4.89923e-01
nav-lives;me-freeForm;3;[8];300;30000;30000;2.17664e+04;8;1;1;1.00000e+00;1.00000e+00;1.00000e+00;83;4.96076e-01;5.02276e-01;7.71982e-04
nav-lives;me-freeForm;4;[8];282;28200;28200;2.06319e+04;24;1;1;1.00000e+00;1.00000e+00;1.00000e+00;89;5.16146e-01;5.23074e-01;4.89923e-01
nav-lives;me-freeForm;3;[8];301;30100;30100;2.18429e+04;8;1;1;1.00000e+00;1.00000e+00;1.00000e+00;83;4.96076e-01;5.02276e-01;7.71982e-04
nav-lives;me-freeForm;4;[8];283;28300;28300;2.07051e+04;24;1;1;1.00000e+00;1.00000e+00;1.00000e+00;89;5.16146e-01;5.23074e-01;4.89923e-01
nav-lives;me-freeForm;3;[8];302;30200;30200;2.19170e+04;8;1;1;1.00000e+00;1.00000e+00;1.00000e+00;83;4.96076e-01;5.02276e-01;7.71982e-04
nav-lives;me-freeForm;4;[8];284;28400;28400;2.07769e+04;24;1;1;1.00000e+00;1.00000e+00;1.00000e+00;89;5.16146e-01;5.23074e-01;4.89923e-01
nav-lives;me-freeForm;3;[8];303;30300;30300;2.19877e+04;8;1;1;1.00000e+00;1.00000e+00;1.00000e+00;83;4.96076e-01;5.02276e-01;7.71982e-04
nav-lives;me-freeForm;4;[8];285;28500;28500;2.08502e+04;24;1;1;1.00000e+00;1.00000e+00;1.00000e+00;89;5.16146e-01;5.23074e-01;4.89923e-01
nav-lives;me-freeForm;3;[8];304;30400;30400;2.20607e+04;8;1;1;1.00000e+00;1.00000e+00;1.00000e+00;83;4.96076e-01;5.02276e-01;7.71982e-04
nav-lives;me-freeForm;4;[8];286;28600;28600;2.09236e+04;24;1;1;1.00000e+00;1.00000e+00;1.00000e+00;89;5.16146e-01;5.23074e-01;4.89923e-01
nav-lives;me-freeForm;3;[8];305;30500;30500;2.21365e+04;8;1;1;1.00000e+00;1.00000e+00;1.00000e+00;83;4.96076e-01;5.02276e-01;7.71982e-04
nav-lives;me-freeForm;4;[8];287;28700;28700;2.10025e+04;24;1;1;1.00000e+00;1.00000e+00;1.00000e+00;89;5.16146e-01;5.23074e-01;4.89923e-01
nav-lives;me-freeForm;3;[8];306;30600;30600;2.22129e+04;8;1;1;1.00000e+00;1.00000e+00;1.00000e+00;83;4.96076e-01;5.02276e-01;7.71982e-04
nav-lives;me-freeForm;4;[8];288;28800;28800;2.10754e+04;24;1;1;1.00000e+00;1.00000e+00;1.00000e+00;89;5.16146e-01;5.23074e-01;4.89923e-01
nav-lives;me-freeForm;3;[8];307;30700;30700;2.22853e+04;8;1;1;1.00000e+00;1.00000e+00;1.00000e+00;83;4.96076e-01;5.02276e-01;7.71982e-04
nav-lives;me-freeForm;4;[8];289;28900;28900;2.11502e+04;24;1;1;1.00000e+00;1.00000e+00;1.00000e+00;89;5.16146e-01;5.23074e-01;4.89923e-01
nav-lives;me-freeForm;3;[8];308;30800;30800;2.23606e+04;8;1;1;1.00000e+00;1.00000e+00;1.00000e+00;83;4.96076e-01;5.02276e-01;7.71982e-04
nav-lives;me-freeForm;4;[8];290;29000;29000;2.12237e+04;24;1;1;1.00000e+00;1.00000e+00;1.00000e+00;89;5.16146e-01;5.23074e-01;4.89923e-01
nav-lives;me-freeForm;3;[8];309;30900;30900;2.24352e+04;8;1;1;1.00000e+00;1.00000e+00;1.00000e+00;83;4.96076e-01;5.02276e-01;7.71982e-04
nav-lives;me-freeForm;4;[8];291;29100;29100;2.12955e+04;24;1;1;1.00000e+00;1.00000e+00;1.00000e+00;89;5.16146e-01;5.23074e-01;4.89923e-01
nav-lives;me-freeForm;3;[8];310;31000;31000;2.25083e+04;8;1;1;1.00000e+00;1.00000e+00;1.00000e+00;83;4.96076e-01;5.02276e-01;7.71982e-04
nav-lives;me-freeForm;4;[8];292;29200;29200;2.13718e+04;24;1;1;1.00000e+00;1.00000e+00;1.00000e+00;89;5.16146e-01;5.23074e-01;4.89923e-01
nav-lives;me-freeForm;3;[8];311;31100;31100;2.25842e+04;8;1;1;1.00000e+00;1.00000e+00;1.00000e+00;83;4.96076e-01;5.02276e-01;7.71982e-04
nav-lives;me-freeForm;4;[8];293;29300;29300;2.14482e+04;24;1;1;1.00000e+00;1.00000e+00;1.00000e+00;89;5.16146e-01;5.23074e-01;4.89923e-01
nav-lives;me-freeForm;3;[8];312;31200;31200;2.26581e+04;8;1;1;1.00000e+00;1.00000e+00;1.00000e+00;83;4.96076e-01;5.02276e-01;7.71982e-04
nav-lives;me-freeForm;4;[8];294;29400;29400;2.15223e+04;24;1;1;1.00000e+00;1.00000e+00;1.00000e+00;89;5.16146e-01;5.23074e-01;4.89923e-01
nav-lives;me-freeForm;3;[8];313;31300;31300;2.27338e+04;8;1;1;1.00000e+00;1.00000e+00;1.00000e+00;83;4.96076e-01;5.02276e-01;7.71982e-04
nav-lives;me-freeForm;4;[8];295;29500;29500;2.15948e+04;24;1;1;1.00000e+00;1.00000e+00;1.00000e+00;89;5.16146e-01;5.23074e-01;4.89923e-01
nav-lives;me-freeForm;3;[8];314;31400;31400;2.28058e+04;8;1;1;1.00000e+00;1.00000e+00;1.00000e+00;83;4.96076e-01;5.02276e-01;7.71982e-04
nav-lives;me-freeForm;4;[8];296;29600;29600;2.16685e+04;24;1;1;1.00000e+00;1.00000e+00;1.00000e+00;89;5.16146e-01;5.23074e-01;4.89923e-01
nav-lives;me-freeForm;3;[8];315;31500;31500;2.28807e+04;8;1;1;1.00000e+00;1.00000e+00;1.00000e+00;83;4.96076e-01;5.02276e-01;7.71982e-04
nav-lives;me-freeForm;4;[8];297;29700;29700;2.17430e+04;24;1;1;1.00000e+00;1.00000e+00;1.00000e+00;89;5.16146e-01;5.23074e-01;4.89923e-01
nav-lives;me-freeForm;3;[8];316;31600;31600;2.29542e+04;8;1;1;1.00000e+00;1.00000e+00;1.00000e+00;83;4.96076e-01;5.02276e-01;7.71982e-04
nav-lives;me-freeForm;4;[8];298;29800;29800;2.18158e+04;24;1;1;1.00000e+00;1.00000e+00;1.00000e+00;89;5.16146e-01;5.23074e-01;4.89923e-01
nav-lives;me-freeForm;3;[8];317;31700;31700;2.30307e+04;8;1;1;1.00000e+00;1.00000e+00;1.00000e+00;83;4.96076e-01;5.02276e-01;7.71982e-04
nav-lives;me-freeForm;4;[8];299;29900;29900;2.18929e+04;24;1;1;1.00000e+00;1.00000e+00;1.00000e+00;89;5.16146e-01;5.23074e-01;4.89923e-01
nav-lives;me-freeForm;3;[8];318;31800;31800;2.31043e+04;8;1;1;1.00000e+00;1.00000e+00;1.00000e+00;83;4.96076e-01;5.02276e-01;7.71982e-04
nav-lives;me-freeForm;4;[8];300;30000;30000;2.19675e+04;24;1;1;1.00000e+00;1.00000e+00;1.00000e+00;89;5.16146e-01;5.23074e-01;4.89923e-01
nav-lives;me-freeForm;3;[8];319;31900;31900;2.31772e+04;8;1;1;1.00000e+00;1.00000e+00;1.00000e+00;83;4.96076e-01;5.02276e-01;7.71982e-04
nav-lives;me-freeForm;4;[8];301;30100;30100;2.20403e+04;24;1;1;1.00000e+00;1.00000e+00;1.00000e+00;89;5.16146e-01;5.23074e-01;4.89923e-01
nav-lives;me-freeForm;3;[8];320;32000;32000;2.32515e+04;8;1;1;1.00000e+00;1.00000e+00;1.00000e+00;83;4.96076e-01;5.02276e-01;7.71982e-04
nav-lives;me-freeForm;4;[8];302;30200;30200;2.21122e+04;24;1;1;1.00000e+00;1.00000e+00;1.00000e+00;89;5.16146e-01;5.23074e-01;4.89923e-01
nav-lives;me-freeForm;3;[8];321;32100;32100;2.33273e+04;8;1;1;1.00000e+00;1.00000e+00;1.00000e+00;83;4.96076e-01;5.02276e-01;7.71982e-04
nav-lives;me-freeForm;4;[8];303;30300;30300;2.21916e+04;24;1;1;1.00000e+00;1.00000e+00;1.00000e+00;89;5.16146e-01;5.23074e-01;4.89923e-01
nav-lives;me-freeForm;3;[8];322;32200;32200;2.34044e+04;8;1;1;1.00000e+00;1.00000e+00;1.00000e+00;83;4.96076e-01;5.02276e-01;7.71982e-04
nav-lives;me-freeForm;4;[8];304;30400;30400;2.22676e+04;24;1;1;1.00000e+00;1.00000e+00;1.00000e+00;89;5.16146e-01;5.23074e-01;4.89923e-01
nav-lives;me-freeForm;3;[8];323;32300;32300;2.34781e+04;8;1;1;1.00000e+00;1.00000e+00;1.00000e+00;83;4.96076e-01;5.02276e-01;7.71982e-04
nav-lives;me-freeForm;4;[8];305;30500;30500;2.23393e+04;25;1;1;1.00000e+00;1.00000e+00;1.00000e+00;89;5.16146e-01;5.23074e-01;4.89923e-01
nav-lives;me-freeForm;3;[8];324;32400;32400;2.35498e+04;8;1;1;1.00000e+00;1.00000e+00;1.00000e+00;83;4.96076e-01;5.02276e-01;7.71982e-04
nav-lives;me-freeForm;4;[8];306;30600;30600;2.24132e+04;25;1;1;1.00000e+00;1.00000e+00;1.00000e+00;89;5.16146e-01;5.23074e-01;4.89923e-01
nav-lives;me-freeForm;3;[8];325;32500;32500;2.36235e+04;8;1;1;1.00000e+00;1.00000e+00;1.00000e+00;83;4.96076e-01;5.02276e-01;7.71982e-04
nav-lives;me-freeForm;4;[8];307;30700;30700;2.24895e+04;25;1;1;1.00000e+00;1.00000e+00;1.00000e+00;89;5.16146e-01;5.23074e-01;4.89923e-01
nav-lives;me-freeForm;3;[8];326;32600;32600;2.37001e+04;8;1;1;1.00000e+00;1.00000e+00;1.00000e+00;83;4.96076e-01;5.02276e-01;7.71982e-04
nav-lives;me-freeForm;4;[8];308;30800;30800;2.25615e+04;25;1;1;1.00000e+00;1.00000e+00;1.00000e+00;89;5.16146e-01;5.23074e-01;4.89923e-01
nav-lives;me-freeForm;3;[8];327;32700;32700;2.37747e+04;8;1;1;1.00000e+00;1.00000e+00;1.00000e+00;83;4.96076e-01;5.02276e-01;7.71982e-04
nav-lives;me-freeForm;4;[8];309;30900;30900;2.26367e+04;25;1;1;1.00000e+00;1.00000e+00;1.00000e+00;89;5.16146e-01;5.23074e-01;4.89923e-01
nav-lives;me-freeForm;3;[8];328;32800;32800;2.38478e+04;8;1;1;1.00000e+00;1.00000e+00;1.00000e+00;83;4.96076e-01;5.02276e-01;7.71982e-04
nav-lives;me-freeForm;4;[8];310;31000;31000;2.27108e+04;25;1;1;1.00000e+00;1.00000e+00;1.00000e+00;89;5.16146e-01;5.23074e-01;4.89923e-01
nav-lives;me-freeForm;3;[8];329;32900;32900;2.39224e+04;8;1;1;1.00000e+00;1.00000e+00;1.00000e+00;83;4.96076e-01;5.02276e-01;7.71982e-04
nav-lives;me-freeForm;4;[8];311;31100;31100;2.27876e+04;25;1;1;1.00000e+00;1.00000e+00;1.00000e+00;89;5.16146e-01;5.23074e-01;4.89923e-01
nav-lives;me-freeForm;3;[8];330;33000;33000;2.39981e+04;8;1;1;1.00000e+00;1.00000e+00;1.00000e+00;83;4.96076e-01;5.02276e-01;7.71982e-04
nav-lives;me-freeForm;4;[8];312;31200;31200;2.28606e+04;25;1;1;1.00000e+00;1.00000e+00;1.00000e+00;89;5.16146e-01;5.23074e-01;4.89923e-01
nav-lives;me-freeForm;3;[8];331;33100;33100;2.40714e+04;8;1;1;1.00000e+00;1.00000e+00;1.00000e+00;83;4.96076e-01;5.02276e-01;7.71982e-04
nav-lives;me-freeForm;4;[8];313;31300;31300;2.29343e+04;25;1;1;1.00000e+00;1.00000e+00;1.00000e+00;89;5.16146e-01;5.23074e-01;4.89923e-01
nav-lives;me-freeForm;3;[8];332;33200;33200;2.41468e+04;9;1;1;1.00000e+00;1.00000e+00;1.00000e+00;83;4.96076e-01;5.02276e-01;7.71982e-04
nav-lives;me-freeForm;4;[8];314;31400;31400;2.30075e+04;25;1;1;1.00000e+00;1.00000e+00;1.00000e+00;89;5.16146e-01;5.23074e-01;4.89923e-01
nav-lives;me-freeForm;3;[8];333;33300;33300;2.42185e+04;9;1;1;1.00000e+00;1.00000e+00;1.00000e+00;83;4.96076e-01;5.02276e-01;7.71982e-04
nav-lives;me-freeForm;4;[8];315;31500;31500;2.30824e+04;26;1;1;1.00000e+00;1.00000e+00;1.00000e+00;89;5.16146e-01;5.23074e-01;4.89923e-01
nav-lives;me-freeForm;3;[8];334;33400;33400;2.42962e+04;9;1;1;1.00000e+00;1.00000e+00;1.00000e+00;83;4.96076e-01;5.02276e-01;7.71982e-04
nav-lives;me-freeForm;4;[8];316;31600;31600;2.31624e+04;26;1;1;1.00000e+00;1.00000e+00;1.00000e+00;89;5.16146e-01;5.23074e-01;4.89923e-01
nav-lives;me-freeForm;3;[8];335;33500;33500;2.43726e+04;9;1;1;1.00000e+00;1.00000e+00;1.00000e+00;83;4.96076e-01;5.02276e-01;7.71982e-04
nav-lives;me-freeForm;4;[8];317;31700;31700;2.32343e+04;26;1;1;1.00000e+00;1.00000e+00;1.00000e+00;89;5.16146e-01;5.23074e-01;4.89923e-01
nav-lives;me-freeForm;3;[8];336;33600;33600;2.44456e+04;9;1;1;1.00000e+00;1.00000e+00;1.00000e+00;83;4.96076e-01;5.02276e-01;7.71982e-04
nav-lives;me-freeForm;4;[8];318;31800;31800;2.33076e+04;26;1;1;1.00000e+00;1.00000e+00;1.00000e+00;89;5.16146e-01;5.23074e-01;4.89923e-01
nav-lives;me-freeForm;3;[8];337;33700;33700;2.45183e+04;9;1;1;1.00000e+00;1.00000e+00;1.00000e+00;83;4.96076e-01;5.02276e-01;7.71982e-04
nav-lives;me-freeForm;4;[8];319;31900;31900;2.33840e+04;26;1;1;1.00000e+00;1.00000e+00;1.00000e+00;89;5.16146e-01;5.23074e-01;4.89923e-01
nav-lives;me-freeForm;3;[8];338;33800;33800;2.45935e+04;9;1;1;1.00000e+00;1.00000e+00;1.00000e+00;83;4.96076e-01;5.02276e-01;7.71982e-04
nav-lives;me-freeForm;4;[8];320;32000;32000;2.34551e+04;26;1;1;1.00000e+00;1.00000e+00;1.00000e+00;89;5.16146e-01;5.23074e-01;4.89923e-01
nav-lives;me-freeForm;3;[8];339;33900;33900;2.46684e+04;9;1;1;1.00000e+00;1.00000e+00;1.00000e+00;83;4.96076e-01;5.02276e-01;7.71982e-04
nav-lives;me-freeForm;4;[8];321;32100;32100;2.35328e+04;26;1;1;1.00000e+00;1.00000e+00;1.00000e+00;89;5.16146e-01;5.23074e-01;4.89923e-01
nav-lives;me-freeForm;3;[8];340;34000;34000;2.47438e+04;9;1;1;1.00000e+00;1.00000e+00;1.00000e+00;83;4.96076e-01;5.02276e-01;7.71982e-04
nav-lives;me-freeForm;4;[8];322;32200;32200;2.36073e+04;26;1;1;1.00000e+00;1.00000e+00;1.00000e+00;89;5.16146e-01;5.23074e-01;4.89923e-01
nav-lives;me-freeForm;3;[8];341;34100;34100;2.48155e+04;9;1;1;1.00000e+00;1.00000e+00;1.00000e+00;83;4.96076e-01;5.02276e-01;7.71982e-04
nav-lives;me-freeForm;4;[8];323;32300;32300;2.36821e+04;26;1;1;1.00000e+00;1.00000e+00;1.00000e+00;89;5.16146e-01;5.23074e-01;4.89923e-01
nav-lives;me-freeForm;3;[8];342;34200;34200;2.48912e+04;9;1;1;1.00000e+00;1.00000e+00;1.00000e+00;83;4.96076e-01;5.02276e-01;7.71982e-04
nav-lives;me-freeForm;4;[8];324;32400;32400;2.37532e+04;26;1;1;1.00000e+00;1.00000e+00;1.00000e+00;89;5.16146e-01;5.23074e-01;4.89923e-01
nav-lives;me-freeForm;3;[8];343;34300;34300;2.49650e+04;9;1;1;1.00000e+00;1.00000e+00;1.00000e+00;83;4.96076e-01;5.02276e-01;7.71982e-04
nav-lives;me-freeForm;4;[8];325;32500;32500;2.38320e+04;26;1;1;1.00000e+00;1.00000e+00;1.00000e+00;89;5.16146e-01;5.23074e-01;4.89923e-01
nav-lives;me-freeForm;3;[8];344;34400;34400;2.50410e+04;9;1;1;1.00000e+00;1.00000e+00;1.00000e+00;83;4.96076e-01;5.02276e-01;7.71982e-04
nav-lives;me-freeForm;4;[8];326;32600;32600;2.39035e+04;26;1;1;1.00000e+00;1.00000e+00;1.00000e+00;89;5.16146e-01;5.23074e-01;4.89923e-01
nav-lives;me-freeForm;3;[8];345;34500;34500;2.51149e+04;9;1;1;1.00000e+00;1.00000e+00;1.00000e+00;83;4.96076e-01;5.02276e-01;7.71982e-04
nav-lives;me-freeForm;4;[8];327;32700;32700;2.39795e+04;26;1;1;1.00000e+00;1.00000e+00;1.00000e+00;89;5.16146e-01;5.23074e-01;4.89923e-01
nav-lives;me-freeForm;3;[8];346;34600;34600;2.51914e+04;9;1;1;1.00000e+00;1.00000e+00;1.00000e+00;83;4.96076e-01;5.02276e-01;7.71982e-04
nav-lives;me-freeForm;4;[8];328;32800;32800;2.40529e+04;26;1;1;1.00000e+00;1.00000e+00;1.00000e+00;89;5.16146e-01;5.23074e-01;4.89923e-01
nav-lives;me-freeForm;3;[8];347;34700;34700;2.52623e+04;9;1;1;1.00000e+00;1.00000e+00;1.00000e+00;83;4.96076e-01;5.02276e-01;7.71982e-04
nav-lives;me-freeForm;4;[8];329;32900;32900;2.41277e+04;26;1;1;1.00000e+00;1.00000e+00;1.00000e+00;89;5.16146e-01;5.23074e-01;4.89923e-01
nav-lives;me-freeForm;3;[8];348;34800;34800;2.53390e+04;9;1;1;1.00000e+00;1.00000e+00;1.00000e+00;83;4.96076e-01;5.02276e-01;7.71982e-04
nav-lives;me-freeForm;4;[8];330;33000;33000;2.42014e+04;26;1;1;1.00000e+00;1.00000e+00;1.00000e+00;89;5.16146e-01;5.23074e-01;4.89923e-01
nav-lives;me-freeForm;3;[8];349;34900;34900;2.54129e+04;9;1;1;1.00000e+00;1.00000e+00;1.00000e+00;83;4.96076e-01;5.02276e-01;7.71982e-04
nav-lives;me-freeForm;4;[8];331;33100;33100;2.42771e+04;26;1;1;1.00000e+00;1.00000e+00;1.00000e+00;89;5.16146e-01;5.23074e-01;4.89923e-01
nav-lives;me-freeForm;3;[8];350;35000;35000;2.54870e+04;9;1;1;1.00000e+00;1.00000e+00;1.00000e+00;83;4.96076e-01;5.02276e-01;7.71982e-04
nav-lives;me-freeForm;4;[8];332;33200;33200;2.43524e+04;26;1;1;1.00000e+00;1.00000e+00;1.00000e+00;89;5.16146e-01;5.23074e-01;4.89923e-01
nav-lives;me-freeForm;3;[8];351;35100;35100;2.55627e+04;9;1;1;1.00000e+00;1.00000e+00;1.00000e+00;83;4.96076e-01;5.02276e-01;7.71982e-04
nav-lives;me-freeForm;4;[8];333;33300;33300;2.44269e+04;26;1;1;1.00000e+00;1.00000e+00;1.00000e+00;89;5.16146e-01;5.23074e-01;4.89923e-01
nav-lives;me-freeForm;3;[8];352;35200;35200;2.56360e+04;9;1;1;1.00000e+00;1.00000e+00;1.00000e+00;83;4.96076e-01;5.02276e-01;7.71982e-04
nav-lives;me-freeForm;4;[8];334;33400;33400;2.44990e+04;26;1;1;1.00000e+00;1.00000e+00;1.00000e+00;89;5.16146e-01;5.23074e-01;4.89923e-01
nav-lives;me-freeForm;3;[8];353;35300;35300;2.57112e+04;9;1;1;1.00000e+00;1.00000e+00;1.00000e+00;83;4.96076e-01;5.02276e-01;7.71982e-04
nav-lives;me-freeForm;4;[8];335;33500;33500;2.45734e+04;26;1;1;1.00000e+00;1.00000e+00;1.00000e+00;89;5.16146e-01;5.23074e-01;4.89923e-01
nav-lives;me-freeForm;3;[8];354;35400;35400;2.57838e+04;9;1;1;1.00000e+00;1.00000e+00;1.00000e+00;83;4.96076e-01;5.02276e-01;7.71982e-04
nav-lives;me-freeForm;4;[8];336;33600;33600;2.46457e+04;26;1;1;1.00000e+00;1.00000e+00;1.00000e+00;89;5.16146e-01;5.23074e-01;4.89923e-01
nav-lives;me-freeForm;3;[8];355;35500;35500;2.58607e+04;9;1;1;1.00000e+00;1.00000e+00;1.00000e+00;83;4.96076e-01;5.02276e-01;7.71982e-04
nav-lives;me-freeForm;4;[8];337;33700;33700;2.47226e+04;26;1;1;1.00000e+00;1.00000e+00;1.00000e+00;89;5.16146e-01;5.23074e-01;4.89923e-01
nav-lives;me-freeForm;3;[8];356;35600;35600;2.59338e+04;9;1;1;1.00000e+00;1.00000e+00;1.00000e+00;83;4.96076e-01;5.02276e-01;7.71982e-04
nav-lives;me-freeForm;4;[8];338;33800;33800;2.47984e+04;26;1;1;1.00000e+00;1.00000e+00;1.00000e+00;89;5.16146e-01;5.23074e-01;4.89923e-01
nav-lives;me-freeForm;3;[8];357;35700;35700;2.60103e+04;9;1;1;1.00000e+00;1.00000e+00;1.00000e+00;83;4.96076e-01;5.02276e-01;7.71982e-04
nav-lives;me-freeForm;4;[8];339;33900;33900;2.48745e+04;26;1;1;1.00000e+00;1.00000e+00;1.00000e+00;89;5.16146e-01;5.23074e-01;4.89923e-01
nav-lives;me-freeForm;3;[8];358;35800;35800;2.60833e+04;9;1;1;1.00000e+00;1.00000e+00;1.00000e+00;83;4.96076e-01;5.02276e-01;7.71982e-04
nav-lives;me-freeForm;4;[8];340;34000;34000;2.49447e+04;26;1;1;1.00000e+00;1.00000e+00;1.00000e+00;89;5.16146e-01;5.23074e-01;4.89923e-01
nav-lives;me-freeForm;3;[8];359;35900;35900;2.61589e+04;9;1;1;1.00000e+00;1.00000e+00;1.00000e+00;83;4.96076e-01;5.02276e-01;7.71982e-04
nav-lives;me-freeForm;4;[8];341;34100;34100;2.50220e+04;26;1;1;1.00000e+00;1.00000e+00;1.00000e+00;89;5.16146e-01;5.23074e-01;4.89923e-01
nav-lives;me-freeForm;3;[8];360;36000;36000;2.62350e+04;9;1;1;1.00000e+00;1.00000e+00;1.00000e+00;83;4.96076e-01;5.02276e-01;7.71982e-04
nav-lives;me-freeForm;4;[8];342;34200;34200;2.50984e+04;26;1;1;1.00000e+00;1.00000e+00;1.00000e+00;89;5.16146e-01;5.23074e-01;4.89923e-01
nav-lives;me-freeForm;3;[8];361;36100;36100;2.63084e+04;9;1;1;1.00000e+00;1.00000e+00;1.00000e+00;83;4.96076e-01;5.02276e-01;7.71982e-04
nav-lives;me-freeForm;4;[8];343;34300;34300;2.51719e+04;26;1;1;1.00000e+00;1.00000e+00;1.00000e+00;89;5.16146e-01;5.23074e-01;4.89923e-01
nav-lives;me-freeForm;3;[8];362;36200;36200;2.63820e+04;9;1;1;1.00000e+00;1.00000e+00;1.00000e+00;83;4.96076e-01;5.02276e-01;7.71982e-04
nav-lives;me-freeForm;4;[8];344;34400;34400;2.52445e+04;26;1;1;1.00000e+00;1.00000e+00;1.00000e+00;89;5.16146e-01;5.23074e-01;4.89923e-01
nav-lives;me-freeForm;3;[8];363;36300;36300;2.64547e+04;9;1;1;1.00000e+00;1.00000e+00;1.00000e+00;83;4.96076e-01;5.02276e-01;7.71982e-04
nav-lives;me-freeForm;4;[8];345;34500;34500;2.53198e+04;26;1;1;1.00000e+00;1.00000e+00;1.00000e+00;89;5.16146e-01;5.23074e-01;4.89923e-01
nav-lives;me-freeForm;3;[8];364;36400;36400;2.65329e+04;9;1;1;1.00000e+00;1.00000e+00;1.00000e+00;83;4.96076e-01;5.02276e-01;7.71982e-04
nav-lives;me-freeForm;4;[8];346;34600;34600;2.53971e+04;26;1;1;1.00000e+00;1.00000e+00;1.00000e+00;89;5.16146e-01;5.23074e-01;4.89923e-01
nav-lives;me-freeForm;3;[8];365;36500;36500;2.66067e+04;9;1;1;1.00000e+00;1.00000e+00;1.00000e+00;83;4.96076e-01;5.02276e-01;7.71982e-04
nav-lives;me-freeForm;4;[8];347;34700;34700;2.54691e+04;26;1;1;1.00000e+00;1.00000e+00;1.00000e+00;89;5.16146e-01;5.23074e-01;4.89923e-01
nav-lives;me-freeForm;3;[8];366;36600;36600;2.66782e+04;9;1;1;1.00000e+00;1.00000e+00;1.00000e+00;83;4.96076e-01;5.02276e-01;7.71982e-04
nav-lives;me-freeForm;4;[8];348;34800;34800;2.55459e+04;26;1;1;1.00000e+00;1.00000e+00;1.00000e+00;89;5.16146e-01;5.23074e-01;4.89923e-01
nav-lives;me-freeForm;3;[8];367;36700;36700;2.67561e+04;9;1;1;1.00000e+00;1.00000e+00;1.00000e+00;83;4.96076e-01;5.02276e-01;7.71982e-04
nav-lives;me-freeForm;4;[8];349;34900;34900;2.56211e+04;26;1;1;1.00000e+00;1.00000e+00;1.00000e+00;89;5.16146e-01;5.23074e-01;4.89923e-01
nav-lives;me-freeForm;3;[8];368;36800;36800;2.68312e+04;9;1;1;1.00000e+00;1.00000e+00;1.00000e+00;83;4.96076e-01;5.02276e-01;7.71982e-04
nav-lives;me-freeForm;4;[8];350;35000;35000;2.56936e+04;26;1;1;1.00000e+00;1.00000e+00;1.00000e+00;89;5.16146e-01;5.23074e-01;4.89923e-01
nav-lives;me-freeForm;3;[8];369;36900;36900;2.69037e+04;9;1;1;1.00000e+00;1.00000e+00;1.00000e+00;83;4.96076e-01;5.02276e-01;7.71982e-04
nav-lives;me-freeForm;4;[8];351;35100;35100;2.57670e+04;26;1;1;1.00000e+00;1.00000e+00;1.00000e+00;89;5.16146e-01;5.23074e-01;4.89923e-01
nav-lives;me-freeForm;3;[8];370;37000;37000;2.69774e+04;9;1;1;1.00000e+00;1.00000e+00;1.00000e+00;83;4.96076e-01;5.02276e-01;7.71982e-04
nav-lives;me-freeForm;4;[8];352;35200;35200;2.58427e+04;26;1;1;1.00000e+00;1.00000e+00;1.00000e+00;89;5.16146e-01;5.23074e-01;4.89923e-01
nav-lives;me-freeForm;3;[8];371;37100;37100;2.70529e+04;9;1;1;1.00000e+00;1.00000e+00;1.00000e+00;83;4.96076e-01;5.02276e-01;7.71982e-04
nav-lives;me-freeForm;4;[8];353;35300;35300;2.59162e+04;26;1;1;1.00000e+00;1.00000e+00;1.00000e+00;89;5.16146e-01;5.23074e-01;4.89923e-01
nav-lives;me-freeForm;3;[8];372;37200;37200;2.71259e+04;9;1;1;1.00000e+00;1.00000e+00;1.00000e+00;83;4.96076e-01;5.02276e-01;7.71982e-04
nav-lives;me-freeForm;4;[8];354;35400;35400;2.59917e+04;26;1;1;1.00000e+00;1.00000e+00;1.00000e+00;89;5.16146e-01;5.23074e-01;4.89923e-01
nav-lives;me-freeForm;3;[8];373;37300;37300;2.72031e+04;9;1;1;1.00000e+00;1.00000e+00;1.00000e+00;83;4.96076e-01;5.02276e-01;7.71982e-04
nav-lives;me-freeForm;4;[8];355;35500;35500;2.60679e+04;26;1;1;1.00000e+00;1.00000e+00;1.00000e+00;89;5.16146e-01;5.23074e-01;4.89923e-01
nav-lives;me-freeForm;3;[8];374;37400;37400;2.72761e+04;9;1;1;1.00000e+00;1.00000e+00;1.00000e+00;83;4.96076e-01;5.02276e-01;7.71982e-04
nav-lives;me-freeForm;4;[8];356;35600;35600;2.61385e+04;26;1;1;1.00000e+00;1.00000e+00;1.00000e+00;89;5.16146e-01;5.23074e-01;4.89923e-01
nav-lives;me-freeForm;3;[8];375;37500;37500;2.73525e+04;9;1;1;1.00000e+00;1.00000e+00;1.00000e+00;83;4.96076e-01;5.02276e-01;7.71982e-04
nav-lives;me-freeForm;4;[8];357;35700;35700;2.62138e+04;26;1;1;1.00000e+00;1.00000e+00;1.00000e+00;89;5.16146e-01;5.23074e-01;4.89923e-01
nav-lives;me-freeForm;3;[8];376;37600;37600;2.74239e+04;9;1;1;1.00000e+00;1.00000e+00;1.00000e+00;83;4.96076e-01;5.02276e-01;7.71982e-04
nav-lives;me-freeForm;4;[8];358;35800;35800;2.62871e+04;26;1;1;1.00000e+00;1.00000e+00;1.00000e+00;89;5.16146e-01;5.23074e-01;4.89923e-01
nav-lives;me-freeForm;3;[8];377;37700;37700;2.75003e+04;9;1;1;1.00000e+00;1.00000e+00;1.00000e+00;83;4.96076e-01;5.02276e-01;7.71982e-04
nav-lives;me-freeForm;4;[8];359;35900;35900;2.63659e+04;26;1;1;1.00000e+00;1.00000e+00;1.00000e+00;89;5.16146e-01;5.23074e-01;4.89923e-01
nav-lives;me-freeForm;3;[8];378;37800;37800;2.75756e+04;9;1;1;1.00000e+00;1.00000e+00;1.00000e+00;83;4.96076e-01;5.02276e-01;7.71982e-04
nav-lives;me-freeForm;4;[8];360;36000;36000;2.64381e+04;26;1;1;1.00000e+00;1.00000e+00;1.00000e+00;89;5.16146e-01;5.23074e-01;4.89923e-01
nav-lives;me-freeForm;3;[8];379;37900;37900;2.76492e+04;9;1;1;1.00000e+00;1.00000e+00;1.00000e+00;83;4.96076e-01;5.02276e-01;7.71982e-04
nav-lives;me-freeForm;4;[8];361;36100;36100;2.65130e+04;26;1;1;1.00000e+00;1.00000e+00;1.00000e+00;89;5.16146e-01;5.23074e-01;4.89923e-01
nav-lives;me-freeForm;3;[8];380;38000;38000;2.77245e+04;9;1;1;1.00000e+00;1.00000e+00;1.00000e+00;83;4.96076e-01;5.02276e-01;7.71982e-04
nav-lives;me-freeForm;4;[8];362;36200;36200;2.65868e+04;26;1;1;1.00000e+00;1.00000e+00;1.00000e+00;89;5.16146e-01;5.23074e-01;4.89923e-01
nav-lives;me-freeForm;3;[8];381;38100;38100;2.77973e+04;9;1;1;1.00000e+00;1.00000e+00;1.00000e+00;83;4.96076e-01;5.02276e-01;7.71982e-04
nav-lives;me-freeForm;4;[8];363;36300;36300;2.66619e+04;26;1;1;1.00000e+00;1.00000e+00;1.00000e+00;89;5.16146e-01;5.23074e-01;4.89923e-01
nav-lives;me-freeForm;3;[8];382;38200;38200;2.78735e+04;9;1;1;1.00000e+00;1.00000e+00;1.00000e+00;83;4.96076e-01;5.02276e-01;7.71982e-04
nav-lives;me-freeForm;4;[8];364;36400;36400;2.67388e+04;26;1;1;1.00000e+00;1.00000e+00;1.00000e+00;89;5.16146e-01;5.23074e-01;4.89923e-01
nav-lives;me-freeForm;3;[8];383;38300;38300;2.79500e+04;9;1;1;1.00000e+00;1.00000e+00;1.00000e+00;83;4.96076e-01;5.02276e-01;7.71982e-04
nav-lives;me-freeForm;4;[8];365;36500;36500;2.68133e+04;27;1;1;1.00000e+00;1.00000e+00;1.00000e+00;89;5.16146e-01;5.23074e-01;4.89923e-01
nav-lives;me-freeForm;3;[8];384;38400;38400;2.80255e+04;9;1;1;1.00000e+00;1.00000e+00;1.00000e+00;83;4.96076e-01;5.02276e-01;7.71982e-04
nav-lives;me-freeForm;4;[8];366;36600;36600;2.68878e+04;27;1;1;1.00000e+00;1.00000e+00;1.00000e+00;89;5.16146e-01;5.23074e-01;4.89923e-01
nav-lives;me-freeForm;3;[8];385;38500;38500;2.80979e+04;9;1;1;1.00000e+00;1.00000e+00;1.00000e+00;83;4.96076e-01;5.02276e-01;7.71982e-04
nav-lives;me-freeForm;4;[8];367;36700;36700;2.69611e+04;27;1;1;1.00000e+00;1.00000e+00;1.00000e+00;89;5.16146e-01;5.23074e-01;4.89923e-01
nav-lives;me-freeForm;3;[8];386;38600;38600;2.81732e+04;9;1;1;1.00000e+00;1.00000e+00;1.00000e+00;83;4.96076e-01;5.02276e-01;7.71982e-04
nav-lives;me-freeForm;4;[8];368;36800;36800;2.70376e+04;27;1;1;1.00000e+00;1.00000e+00;1.00000e+00;89;5.16146e-01;5.23074e-01;4.89923e-01
nav-lives;me-freeForm;3;[8];387;38700;38700;2.82480e+04;9;1;1;1.00000e+00;1.00000e+00;1.00000e+00;83;4.96076e-01;5.02276e-01;7.71982e-04
nav-lives;me-freeForm;4;[8];369;36900;36900;2.71114e+04;27;1;1;1.00000e+00;1.00000e+00;1.00000e+00;89;5.16146e-01;5.23074e-01;4.89923e-01
nav-lives;me-freeForm;3;[8];388;38800;38800;2.83242e+04;9;1;1;1.00000e+00;1.00000e+00;1.00000e+00;83;4.96076e-01;5.02276e-01;7.71982e-04
nav-lives;me-freeForm;4;[8];370;37000;37000;2.71874e+04;27;1;1;1.00000e+00;1.00000e+00;1.00000e+00;89;5.16146e-01;5.23074e-01;4.89923e-01
nav-lives;me-freeForm;3;[8];389;38900;38900;2.83987e+04;9;1;1;1.00000e+00;1.00000e+00;1.00000e+00;83;4.96076e-01;5.02276e-01;7.71982e-04
nav-lives;me-freeForm;4;[8];371;37100;37100;2.72610e+04;27;1;1;1.00000e+00;1.00000e+00;1.00000e+00;89;5.16146e-01;5.23074e-01;4.89923e-01
nav-lives;me-freeForm;3;[8];390;39000;39000;2.84727e+04;9;1;1;1.00000e+00;1.00000e+00;1.00000e+00;83;4.96076e-01;5.02276e-01;7.71982e-04
nav-lives;me-freeForm;4;[8];372;37200;37200;2.73378e+04;27;1;1;1.00000e+00;1.00000e+00;1.00000e+00;89;5.16146e-01;5.23074e-01;4.89923e-01
nav-lives;me-freeForm;3;[8];391;39100;39100;2.85459e+04;9;1;1;1.00000e+00;1.00000e+00;1.00000e+00;83;4.96076e-01;5.02276e-01;7.71982e-04
nav-lives;me-freeForm;4;[8];373;37300;37300;2.74106e+04;27;1;1;1.00000e+00;1.00000e+00;1.00000e+00;89;5.16146e-01;5.23074e-01;4.89923e-01
nav-lives;me-freeForm;3;[8];392;39200;39200;2.86233e+04;10;1;1;1.00000e+00;1.00000e+00;1.00000e+00;83;4.96076e-01;5.02276e-01;7.71982e-04
nav-lives;me-freeForm;4;[8];374;37400;37400;2.74863e+04;27;1;1;1.00000e+00;1.00000e+00;1.00000e+00;89;5.16146e-01;5.23074e-01;4.89923e-01
nav-lives;me-freeForm;3;[8];393;39300;39300;2.86973e+04;10;1;1;1.00000e+00;1.00000e+00;1.00000e+00;83;4.96076e-01;5.02276e-01;7.71982e-04
nav-lives;me-freeForm;4;[8];375;37500;37500;2.75593e+04;27;1;1;1.00000e+00;1.00000e+00;1.00000e+00;89;5.16146e-01;5.23074e-01;4.89923e-01
nav-lives;me-freeForm;3;[8];394;39400;39400;2.87704e+04;10;1;1;1.00000e+00;1.00000e+00;1.00000e+00;76;4.96923e-01;5.03147e-01;3.63799e-04
nav-lives;me-freeForm;4;[8];376;37600;37600;2.76365e+04;27;1;1;1.00000e+00;1.00000e+00;1.00000e+00;89;5.16146e-01;5.23074e-01;4.89923e-01
nav-lives;me-freeForm;3;[8];395;39500;39500;2.88447e+04;10;1;1;1.00000e+00;1.00000e+00;1.00000e+00;76;4.96923e-01;5.03147e-01;3.63799e-04
nav-lives;me-freeForm;4;[8];377;37700;37700;2.77105e+04;27;1;1;1.00000e+00;1.00000e+00;1.00000e+00;89;5.16146e-01;5.23074e-01;4.89923e-01
nav-lives;me-freeForm;3;[8];396;39600;39600;2.89212e+04;10;1;1;1.00000e+00;1.00000e+00;1.00000e+00;76;4.96923e-01;5.03147e-01;3.63799e-04
nav-lives;me-freeForm;4;[8];378;37800;37800;2.77836e+04;27;1;1;1.00000e+00;1.00000e+00;1.00000e+00;89;5.16146e-01;5.23074e-01;4.89923e-01
nav-lives;me-freeForm;3;[8];397;39700;39700;2.89949e+04;10;1;1;1.00000e+00;1.00000e+00;1.00000e+00;76;4.96923e-01;5.03147e-01;3.63799e-04
nav-lives;me-freeForm;4;[8];379;37900;37900;2.78584e+04;27;1;1;1.00000e+00;1.00000e+00;1.00000e+00;89;5.16146e-01;5.23074e-01;4.89923e-01
nav-lives;me-freeForm;3;[8];398;39800;39800;2.90700e+04;10;1;1;1.00000e+00;1.00000e+00;1.00000e+00;76;4.96923e-01;5.03147e-01;3.63799e-04
nav-lives;me-freeForm;4;[8];380;38000;38000;2.79331e+04;27;1;1;1.00000e+00;1.00000e+00;1.00000e+00;89;5.16146e-01;5.23074e-01;4.89923e-01
nav-lives;me-freeForm;3;[8];399;39900;39900;2.91433e+04;10;1;1;1.00000e+00;1.00000e+00;1.00000e+00;76;4.96923e-01;5.03147e-01;3.63799e-04
nav-lives;me-freeForm;4;[8];381;38100;38100;2.80063e+04;27;1;1;1.00000e+00;1.00000e+00;1.00000e+00;89;5.16146e-01;5.23074e-01;4.89923e-01
nav-lives;me-freeForm;3;[8];400;40000;40000;2.92161e+04;10;1;1;1.00000e+00;1.00000e+00;1.00000e+00;76;4.96923e-01;5.03147e-01;3.63799e-04
nav-lives;me-freeForm;4;[8];382;38200;38200;2.80816e+04;27;1;1;1.00000e+00;1.00000e+00;1.00000e+00;89;5.16146e-01;5.23074e-01;4.89923e-01
nav-lives;me-freeForm;4;[8];383;38300;38300;2.81412e+04;27;1;1;1.00000e+00;1.00000e+00;1.00000e+00;89;5.16146e-01;5.23074e-01;4.89923e-01
nav-lives;me-freeForm;5;[8];1;100;100;1.03212e+02;1;1;1;1.00000e+00;1.00000e+00;1.00000e+00;31;-3.72223e-03;1.80399e-03;7.05210e-04
nav-lives;me-freeForm;4;[8];384;38400;38400;2.82084e+04;27;1;1;1.00000e+00;1.00000e+00;1.00000e+00;89;5.16146e-01;5.23074e-01;4.89923e-01
nav-lives;me-freeForm;5;[8];2;200;200;1.92772e+02;1;1;1;1.00000e+00;1.00000e+00;1.00000e+00;31;-3.72223e-03;1.80399e-03;7.05210e-04
nav-lives;me-freeForm;4;[8];385;38500;38500;2.82754e+04;27;1;1;1.00000e+00;1.00000e+00;1.00000e+00;89;5.16146e-01;5.23074e-01;4.89923e-01
nav-lives;me-freeForm;5;[8];3;300;300;2.60108e+02;1;1;1;1.00000e+00;1.00000e+00;1.00000e+00;37;-2.87348e-03;3.23398e-03;6.47740e-04
nav-lives;me-freeForm;4;[8];386;38600;38600;2.83431e+04;27;1;1;1.00000e+00;1.00000e+00;1.00000e+00;89;5.16146e-01;5.23074e-01;4.89923e-01
nav-lives;me-freeForm;5;[8];4;400;400;3.30395e+02;1;1;1;1.00000e+00;1.00000e+00;1.00000e+00;37;-2.87348e-03;3.23398e-03;6.47740e-04
nav-lives;me-freeForm;4;[8];387;38700;38700;2.84132e+04;27;1;1;1.00000e+00;1.00000e+00;1.00000e+00;89;5.16146e-01;5.23074e-01;4.89923e-01
nav-lives;me-freeForm;5;[8];5;500;500;3.97837e+02;2;1;1;1.00000e+00;1.00000e+00;1.00000e+00;45;4.96228e-01;5.02472e-01;7.36085e-04
nav-lives;me-freeForm;4;[8];388;38800;38800;2.84830e+04;27;1;1;1.00000e+00;1.00000e+00;1.00000e+00;89;5.16146e-01;5.23074e-01;4.89923e-01
nav-lives;me-freeForm;5;[8];6;600;600;4.70198e+02;3;1;1;1.00000e+00;1.00000e+00;1.00000e+00;45;4.96228e-01;5.02472e-01;7.36085e-04
nav-lives;me-freeForm;4;[8];389;38900;38900;2.85549e+04;27;1;1;1.00000e+00;1.00000e+00;1.00000e+00;89;5.16146e-01;5.23074e-01;4.89923e-01
nav-lives;me-freeForm;5;[8];7;700;700;5.44253e+02;3;1;1;1.00000e+00;1.00000e+00;1.00000e+00;52;4.96904e-01;5.02598e-01;7.16950e-04
nav-lives;me-freeForm;4;[8];390;39000;39000;2.86269e+04;27;1;1;1.00000e+00;1.00000e+00;1.00000e+00;89;5.16146e-01;5.23074e-01;4.89923e-01
nav-lives;me-freeForm;5;[8];8;800;800;6.15073e+02;3;1;1;1.00000e+00;1.00000e+00;1.00000e+00;52;4.96904e-01;5.02598e-01;7.16950e-04
nav-lives;me-freeForm;4;[8];391;39100;39100;2.86963e+04;27;1;1;1.00000e+00;1.00000e+00;1.00000e+00;89;5.16146e-01;5.23074e-01;4.89923e-01
nav-lives;me-freeForm;5;[8];9;900;900;6.86466e+02;4;1;1;1.00000e+00;1.00000e+00;1.00000e+00;52;4.96904e-01;5.02598e-01;7.16950e-04
nav-lives;me-freeForm;4;[8];392;39200;39200;2.87690e+04;27;1;1;1.00000e+00;1.00000e+00;1.00000e+00;89;5.16146e-01;5.23074e-01;4.89923e-01
nav-lives;me-freeForm;5;[8];10;1000;1000;7.60418e+02;4;1;1;1.00000e+00;1.00000e+00;1.00000e+00;52;4.96904e-01;5.02598e-01;7.16950e-04
nav-lives;me-freeForm;4;[8];393;39300;39300;2.88415e+04;27;1;1;1.00000e+00;1.00000e+00;1.00000e+00;89;5.16146e-01;5.23074e-01;4.89923e-01
nav-lives;me-freeForm;5;[8];11;1100;1100;8.34234e+02;4;1;1;1.00000e+00;1.00000e+00;1.00000e+00;52;4.96904e-01;5.02598e-01;7.16950e-04
nav-lives;me-freeForm;4;[8];394;39400;39400;2.89166e+04;27;1;1;1.00000e+00;1.00000e+00;1.00000e+00;89;5.16146e-01;5.23074e-01;4.89923e-01
nav-lives;me-freeForm;5;[8];12;1200;1200;9.05278e+02;4;1;1;1.00000e+00;1.00000e+00;1.00000e+00;52;4.96904e-01;5.02598e-01;7.16950e-04
nav-lives;me-freeForm;4;[8];395;39500;39500;2.89859e+04;28;1;1;1.00000e+00;1.00000e+00;1.00000e+00;82;6.82998e-01;6.89680e-01;2.41515e-01
nav-lives;me-freeForm;5;[8];13;1300;1300;9.78029e+02;4;1;1;1.00000e+00;1.00000e+00;1.00000e+00;52;4.96904e-01;5.02598e-01;7.16950e-04
nav-lives;me-freeForm;4;[8];396;39600;39600;2.90591e+04;28;1;1;1.00000e+00;1.00000e+00;1.00000e+00;82;6.82998e-01;6.89680e-01;2.41515e-01
nav-lives;me-freeForm;5;[8];14;1400;1400;1.05038e+03;5;1;1;1.00000e+00;1.00000e+00;1.00000e+00;52;4.96904e-01;5.02598e-01;7.16950e-04
nav-lives;me-freeForm;4;[8];397;39700;39700;2.91303e+04;28;1;1;1.00000e+00;1.00000e+00;1.00000e+00;82;6.82998e-01;6.89680e-01;2.41515e-01
nav-lives;me-freeForm;5;[8];15;1500;1500;1.12230e+03;5;1;1;1.00000e+00;1.00000e+00;1.00000e+00;52;4.96904e-01;5.02598e-01;7.16950e-04
nav-lives;me-freeForm;4;[8];398;39800;39800;2.92020e+04;28;1;1;1.00000e+00;1.00000e+00;1.00000e+00;82;6.82998e-01;6.89680e-01;2.41515e-01
nav-lives;me-freeForm;5;[8];16;1600;1600;1.19454e+03;5;1;1;1.00000e+00;1.00000e+00;1.00000e+00;52;4.96904e-01;5.02598e-01;7.16950e-04
nav-lives;me-freeForm;4;[8];399;39900;39900;2.92766e+04;28;1;1;1.00000e+00;1.00000e+00;1.00000e+00;82;6.82998e-01;6.89680e-01;2.41515e-01
nav-lives;me-freeForm;5;[8];17;1700;1700;1.26783e+03;5;1;1;1.00000e+00;1.00000e+00;1.00000e+00;52;4.96904e-01;5.02598e-01;7.16950e-04
nav-lives;me-freeForm;4;[8];400;40000;40000;2.93520e+04;28;1;1;1.00000e+00;1.00000e+00;1.00000e+00;82;6.82998e-01;6.89680e-01;2.41515e-01
nav-lives;me-freeForm;5;[8];18;1800;1800;1.32432e+03;5;1;1;1.00000e+00;1.00000e+00;1.00000e+00;52;4.96904e-01;5.02598e-01;7.16950e-04
nav-lives;me-freeForm;5;[8];19;1900;1900;1.36095e+03;5;1;1;1.00000e+00;1.00000e+00;1.00000e+00;52;4.96904e-01;5.02598e-01;7.16950e-04
nav-lives;me-freeForm;5;[8];20;2000;2000;1.39777e+03;5;1;1;1.00000e+00;1.00000e+00;1.00000e+00;52;4.96904e-01;5.02598e-01;7.16950e-04
nav-lives;me-freeForm;5;[8];21;2100;2100;1.43456e+03;5;1;1;1.00000e+00;1.00000e+00;1.00000e+00;52;4.96904e-01;5.02598e-01;7.16950e-04
nav-lives;me-freeForm;5;[8];22;2200;2200;1.47138e+03;5;1;1;1.00000e+00;1.00000e+00;1.00000e+00;52;4.96904e-01;5.02598e-01;7.16950e-04
nav-lives;me-freeForm;5;[8];23;2300;2300;1.50815e+03;5;1;1;1.00000e+00;1.00000e+00;1.00000e+00;52;4.96904e-01;5.02598e-01;7.16950e-04
nav-lives;me-freeForm;5;[8];24;2400;2400;1.54452e+03;5;1;1;1.00000e+00;1.00000e+00;1.00000e+00;52;4.96904e-01;5.02598e-01;7.16950e-04
nav-lives;me-freeForm;5;[8];25;2500;2500;1.58124e+03;5;1;1;1.00000e+00;1.00000e+00;1.00000e+00;52;4.96904e-01;5.02598e-01;7.16950e-04
nav-lives;me-freeForm;5;[8];26;2600;2600;1.61803e+03;5;1;1;1.00000e+00;1.00000e+00;1.00000e+00;52;4.96904e-01;5.02598e-01;7.16950e-04
nav-lives;me-freeForm;5;[8];27;2700;2700;1.65473e+03;5;1;1;1.00000e+00;1.00000e+00;1.00000e+00;52;4.96904e-01;5.02598e-01;7.16950e-04
nav-lives;me-freeForm;5;[8];28;2800;2800;1.69141e+03;5;1;1;1.00000e+00;1.00000e+00;1.00000e+00;52;4.96904e-01;5.02598e-01;7.16950e-04
nav-lives;me-freeForm;5;[8];29;2900;2900;1.72792e+03;5;1;1;1.00000e+00;1.00000e+00;1.00000e+00;52;4.96904e-01;5.02598e-01;7.16950e-04
nav-lives;me-freeForm;5;[8];30;3000;3000;1.76459e+03;5;1;1;1.00000e+00;1.00000e+00;1.00000e+00;52;4.96904e-01;5.02598e-01;7.16950e-04
nav-lives;me-freeForm;5;[8];31;3100;3100;1.80157e+03;5;1;1;1.00000e+00;1.00000e+00;1.00000e+00;52;4.96904e-01;5.02598e-01;7.16950e-04
nav-lives;me-freeForm;5;[8];32;3200;3200;1.83829e+03;5;1;1;1.00000e+00;1.00000e+00;1.00000e+00;52;4.96904e-01;5.02598e-01;7.16950e-04
nav-lives;me-freeForm;5;[8];33;3300;3300;1.87478e+03;5;1;1;1.00000e+00;1.00000e+00;1.00000e+00;52;4.96904e-01;5.02598e-01;7.16950e-04
nav-lives;me-freeForm;5;[8];34;3400;3400;1.91134e+03;6;1;1;1.00000e+00;1.00000e+00;1.00000e+00;52;4.96904e-01;5.02598e-01;7.16950e-04
nav-lives;me-freeForm;5;[8];35;3500;3500;1.94813e+03;6;1;1;1.00000e+00;1.00000e+00;1.00000e+00;52;4.96904e-01;5.02598e-01;7.16950e-04
nav-lives;me-freeForm;5;[8];36;3600;3600;1.98441e+03;6;1;1;1.00000e+00;1.00000e+00;1.00000e+00;52;4.96904e-01;5.02598e-01;7.16950e-04
nav-lives;me-freeForm;5;[8];37;3700;3700;2.02106e+03;6;1;1;1.00000e+00;1.00000e+00;1.00000e+00;52;4.96904e-01;5.02598e-01;7.16950e-04
nav-lives;me-freeForm;5;[8];38;3800;3800;2.05768e+03;6;1;1;1.00000e+00;1.00000e+00;1.00000e+00;52;4.96904e-01;5.02598e-01;7.16950e-04
nav-lives;me-freeForm;5;[8];39;3900;3900;2.09444e+03;6;1;1;1.00000e+00;1.00000e+00;1.00000e+00;52;4.96904e-01;5.02598e-01;7.16950e-04
nav-lives;me-freeForm;5;[8];40;4000;4000;2.13121e+03;6;1;1;1.00000e+00;1.00000e+00;1.00000e+00;52;4.96904e-01;5.02598e-01;7.16950e-04
nav-lives;me-freeForm;5;[8];41;4100;4100;2.16782e+03;6;1;1;1.00000e+00;1.00000e+00;1.00000e+00;52;4.96904e-01;5.02598e-01;7.16950e-04
nav-lives;me-freeForm;5;[8];42;4200;4200;2.20440e+03;6;1;1;1.00000e+00;1.00000e+00;1.00000e+00;52;4.96904e-01;5.02598e-01;7.16950e-04
nav-lives;me-freeForm;5;[8];43;4300;4300;2.24103e+03;6;1;1;1.00000e+00;1.00000e+00;1.00000e+00;52;4.96904e-01;5.02598e-01;7.16950e-04
nav-lives;me-freeForm;5;[8];44;4400;4400;2.27757e+03;6;1;1;1.00000e+00;1.00000e+00;1.00000e+00;52;4.96904e-01;5.02598e-01;7.16950e-04
nav-lives;me-freeForm;5;[8];45;4500;4500;2.31382e+03;6;1;1;1.00000e+00;1.00000e+00;1.00000e+00;52;4.96904e-01;5.02598e-01;7.16950e-04
nav-lives;me-freeForm;5;[8];46;4600;4600;2.35050e+03;6;1;1;1.00000e+00;1.00000e+00;1.00000e+00;52;4.96904e-01;5.02598e-01;7.16950e-04
nav-lives;me-freeForm;5;[8];47;4700;4700;2.38699e+03;6;1;1;1.00000e+00;1.00000e+00;1.00000e+00;52;4.96904e-01;5.02598e-01;7.16950e-04
nav-lives;me-freeForm;5;[8];48;4800;4800;2.42370e+03;6;1;1;1.00000e+00;1.00000e+00;1.00000e+00;52;4.96904e-01;5.02598e-01;7.16950e-04
nav-lives;me-freeForm;5;[8];49;4900;4900;2.46026e+03;6;1;1;1.00000e+00;1.00000e+00;1.00000e+00;52;4.96904e-01;5.02598e-01;7.16950e-04
nav-lives;me-freeForm;5;[8];50;5000;5000;2.49715e+03;6;1;1;1.00000e+00;1.00000e+00;1.00000e+00;52;4.96904e-01;5.02598e-01;7.16950e-04
nav-lives;me-freeForm;5;[8];51;5100;5100;2.53379e+03;6;1;1;1.00000e+00;1.00000e+00;1.00000e+00;52;4.96904e-01;5.02598e-01;7.16950e-04
nav-lives;me-freeForm;5;[8];52;5200;5200;2.57056e+03;6;1;1;1.00000e+00;1.00000e+00;1.00000e+00;52;4.96904e-01;5.02598e-01;7.16950e-04
nav-lives;me-freeForm;5;[8];53;5300;5300;2.60732e+03;6;1;1;1.00000e+00;1.00000e+00;1.00000e+00;52;4.96904e-01;5.02598e-01;7.16950e-04
nav-lives;me-freeForm;5;[8];54;5400;5400;2.64393e+03;6;1;1;1.00000e+00;1.00000e+00;1.00000e+00;52;4.96904e-01;5.02598e-01;7.16950e-04
nav-lives;me-freeForm;5;[8];55;5500;5500;2.68092e+03;6;1;1;1.00000e+00;1.00000e+00;1.00000e+00;52;4.96904e-01;5.02598e-01;7.16950e-04
nav-lives;me-freeForm;5;[8];56;5600;5600;2.71757e+03;6;1;1;1.00000e+00;1.00000e+00;1.00000e+00;52;4.96904e-01;5.02598e-01;7.16950e-04
nav-lives;me-freeForm;5;[8];57;5700;5700;2.75416e+03;6;1;1;1.00000e+00;1.00000e+00;1.00000e+00;52;4.96904e-01;5.02598e-01;7.16950e-04
nav-lives;me-freeForm;5;[8];58;5800;5800;2.79137e+03;6;1;1;1.00000e+00;1.00000e+00;1.00000e+00;52;4.96904e-01;5.02598e-01;7.16950e-04
nav-lives;me-freeForm;5;[8];59;5900;5900;2.82794e+03;6;1;1;1.00000e+00;1.00000e+00;1.00000e+00;52;4.96904e-01;5.02598e-01;7.16950e-04
nav-lives;me-freeForm;5;[8];60;6000;6000;2.86449e+03;6;1;1;1.00000e+00;1.00000e+00;1.00000e+00;52;4.96904e-01;5.02598e-01;7.16950e-04
nav-lives;me-freeForm;5;[8];61;6100;6100;2.90127e+03;6;1;1;1.00000e+00;1.00000e+00;1.00000e+00;52;4.96904e-01;5.02598e-01;7.16950e-04
nav-lives;me-freeForm;5;[8];62;6200;6200;2.93834e+03;6;1;1;1.00000e+00;1.00000e+00;1.00000e+00;52;4.96904e-01;5.02598e-01;7.16950e-04
nav-lives;me-freeForm;5;[8];63;6300;6300;2.97501e+03;6;1;1;1.00000e+00;1.00000e+00;1.00000e+00;52;4.96904e-01;5.02598e-01;7.16950e-04
nav-lives;me-freeForm;5;[8];64;6400;6400;3.01165e+03;6;1;1;1.00000e+00;1.00000e+00;1.00000e+00;52;4.96904e-01;5.02598e-01;7.16950e-04
nav-lives;me-freeForm;5;[8];65;6500;6500;3.04845e+03;6;1;1;1.00000e+00;1.00000e+00;1.00000e+00;52;4.96904e-01;5.02598e-01;7.16950e-04
nav-lives;me-freeForm;5;[8];66;6600;6600;3.08556e+03;6;1;1;1.00000e+00;1.00000e+00;1.00000e+00;52;4.96904e-01;5.02598e-01;7.16950e-04
nav-lives;me-freeForm;5;[8];67;6700;6700;3.12225e+03;6;1;1;1.00000e+00;1.00000e+00;1.00000e+00;52;4.96904e-01;5.02598e-01;7.16950e-04
nav-lives;me-freeForm;5;[8];68;6800;6800;3.15885e+03;6;1;1;1.00000e+00;1.00000e+00;1.00000e+00;52;4.96904e-01;5.02598e-01;7.16950e-04
nav-lives;me-freeForm;5;[8];69;6900;6900;3.19587e+03;6;1;1;1.00000e+00;1.00000e+00;1.00000e+00;52;4.96904e-01;5.02598e-01;7.16950e-04
nav-lives;me-freeForm;5;[8];70;7000;7000;3.23252e+03;6;1;1;1.00000e+00;1.00000e+00;1.00000e+00;52;4.96904e-01;5.02598e-01;7.16950e-04
nav-lives;me-freeForm;5;[8];71;7100;7100;3.26919e+03;6;1;1;1.00000e+00;1.00000e+00;1.00000e+00;52;4.96904e-01;5.02598e-01;7.16950e-04
nav-lives;me-freeForm;5;[8];72;7200;7200;3.30586e+03;6;1;1;1.00000e+00;1.00000e+00;1.00000e+00;52;4.96904e-01;5.02598e-01;7.16950e-04
nav-lives;me-freeForm;5;[8];73;7300;7300;3.34252e+03;6;1;1;1.00000e+00;1.00000e+00;1.00000e+00;52;4.96904e-01;5.02598e-01;7.16950e-04
nav-lives;me-freeForm;5;[8];74;7400;7400;3.37934e+03;6;1;1;1.00000e+00;1.00000e+00;1.00000e+00;52;4.96904e-01;5.02598e-01;7.16950e-04
nav-lives;me-freeForm;5;[8];75;7500;7500;3.41591e+03;6;1;1;1.00000e+00;1.00000e+00;1.00000e+00;52;4.96904e-01;5.02598e-01;7.16950e-04
nav-lives;me-freeForm;5;[8];76;7600;7600;3.45261e+03;6;1;1;1.00000e+00;1.00000e+00;1.00000e+00;52;4.96904e-01;5.02598e-01;7.16950e-04
nav-lives;me-freeForm;5;[8];77;7700;7700;3.48923e+03;6;1;1;1.00000e+00;1.00000e+00;1.00000e+00;52;4.96904e-01;5.02598e-01;7.16950e-04
nav-lives;me-freeForm;5;[8];78;7800;7800;3.52588e+03;6;1;1;1.00000e+00;1.00000e+00;1.00000e+00;52;4.96904e-01;5.02598e-01;7.16950e-04
nav-lives;me-freeForm;5;[8];79;7900;7900;3.56260e+03;6;1;1;1.00000e+00;1.00000e+00;1.00000e+00;52;4.96904e-01;5.02598e-01;7.16950e-04
nav-lives;me-freeForm;5;[8];80;8000;8000;3.59971e+03;6;1;1;1.00000e+00;1.00000e+00;1.00000e+00;52;4.96904e-01;5.02598e-01;7.16950e-04
nav-lives;me-freeForm;5;[8];81;8100;8100;3.63642e+03;6;1;1;1.00000e+00;1.00000e+00;1.00000e+00;52;4.96904e-01;5.02598e-01;7.16950e-04
nav-lives;me-freeForm;5;[8];82;8200;8200;3.67336e+03;6;1;1;1.00000e+00;1.00000e+00;1.00000e+00;52;4.96904e-01;5.02598e-01;7.16950e-04
nav-lives;me-freeForm;5;[8];83;8300;8300;3.71037e+03;6;1;1;1.00000e+00;1.00000e+00;1.00000e+00;52;4.96904e-01;5.02598e-01;7.16950e-04
nav-lives;me-freeForm;5;[8];84;8400;8400;3.74742e+03;6;1;1;1.00000e+00;1.00000e+00;1.00000e+00;52;4.96904e-01;5.02598e-01;7.16950e-04
nav-lives;me-freeForm;5;[8];85;8500;8500;3.78397e+03;6;1;1;1.00000e+00;1.00000e+00;1.00000e+00;52;4.96904e-01;5.02598e-01;7.16950e-04
nav-lives;me-freeForm;5;[8];86;8600;8600;3.82054e+03;6;1;1;1.00000e+00;1.00000e+00;1.00000e+00;52;4.96904e-01;5.02598e-01;7.16950e-04
nav-lives;me-freeForm;5;[8];87;8700;8700;3.85762e+03;6;1;1;1.00000e+00;1.00000e+00;1.00000e+00;52;4.96904e-01;5.02598e-01;7.16950e-04
nav-lives;me-freeForm;5;[8];88;8800;8800;3.89451e+03;6;1;1;1.00000e+00;1.00000e+00;1.00000e+00;52;4.96904e-01;5.02598e-01;7.16950e-04
nav-lives;me-freeForm;5;[8];89;8900;8900;3.93133e+03;6;1;1;1.00000e+00;1.00000e+00;1.00000e+00;52;4.96904e-01;5.02598e-01;7.16950e-04
nav-lives;me-freeForm;5;[8];90;9000;9000;3.96800e+03;6;1;1;1.00000e+00;1.00000e+00;1.00000e+00;52;4.96904e-01;5.02598e-01;7.16950e-04
nav-lives;me-freeForm;5;[8];91;9100;9100;4.00472e+03;6;1;1;1.00000e+00;1.00000e+00;1.00000e+00;52;4.96904e-01;5.02598e-01;7.16950e-04
nav-lives;me-freeForm;5;[8];92;9200;9200;4.04152e+03;6;1;1;1.00000e+00;1.00000e+00;1.00000e+00;52;4.96904e-01;5.02598e-01;7.16950e-04
nav-lives;me-freeForm;5;[8];93;9300;9300;4.07830e+03;6;1;1;1.00000e+00;1.00000e+00;1.00000e+00;52;4.96904e-01;5.02598e-01;7.16950e-04
nav-lives;me-freeForm;5;[8];94;9400;9400;4.11500e+03;6;1;1;1.00000e+00;1.00000e+00;1.00000e+00;52;4.96904e-01;5.02598e-01;7.16950e-04
nav-lives;me-freeForm;5;[8];95;9500;9500;4.15179e+03;6;1;1;1.00000e+00;1.00000e+00;1.00000e+00;52;4.96904e-01;5.02598e-01;7.16950e-04
nav-lives;me-freeForm;5;[8];96;9600;9600;4.18860e+03;6;1;1;1.00000e+00;1.00000e+00;1.00000e+00;52;4.96904e-01;5.02598e-01;7.16950e-04
nav-lives;me-freeForm;5;[8];97;9700;9700;4.22534e+03;6;1;1;1.00000e+00;1.00000e+00;1.00000e+00;52;4.96904e-01;5.02598e-01;7.16950e-04
nav-lives;me-freeForm;5;[8];98;9800;9800;4.26240e+03;6;1;1;1.00000e+00;1.00000e+00;1.00000e+00;52;4.96904e-01;5.02598e-01;7.16950e-04
nav-lives;me-freeForm;5;[8];99;9900;9900;4.29949e+03;6;1;1;1.00000e+00;1.00000e+00;1.00000e+00;52;4.96904e-01;5.02598e-01;7.16950e-04
nav-lives;me-freeForm;5;[8];100;10000;10000;4.33633e+03;6;1;1;1.00000e+00;1.00000e+00;1.00000e+00;52;4.96904e-01;5.02598e-01;7.16950e-04
nav-lives;me-freeForm;5;[8];101;10100;10100;4.37310e+03;6;1;1;1.00000e+00;1.00000e+00;1.00000e+00;52;4.96904e-01;5.02598e-01;7.16950e-04
nav-lives;me-freeForm;5;[8];102;10200;10200;4.40976e+03;6;1;1;1.00000e+00;1.00000e+00;1.00000e+00;52;4.96904e-01;5.02598e-01;7.16950e-04
nav-lives;me-freeForm;5;[8];103;10300;10300;4.44660e+03;6;1;1;1.00000e+00;1.00000e+00;1.00000e+00;52;4.96904e-01;5.02598e-01;7.16950e-04
nav-lives;me-freeForm;5;[8];104;10400;10400;4.48291e+03;6;1;1;1.00000e+00;1.00000e+00;1.00000e+00;52;4.96904e-01;5.02598e-01;7.16950e-04
nav-lives;me-freeForm;5;[8];105;10500;10500;4.51967e+03;6;1;1;1.00000e+00;1.00000e+00;1.00000e+00;52;4.96904e-01;5.02598e-01;7.16950e-04
nav-lives;me-freeForm;5;[8];106;10600;10600;4.55662e+03;6;1;1;1.00000e+00;1.00000e+00;1.00000e+00;52;4.96904e-01;5.02598e-01;7.16950e-04
nav-lives;me-freeForm;5;[8];107;10700;10700;4.59339e+03;6;1;1;1.00000e+00;1.00000e+00;1.00000e+00;52;4.96904e-01;5.02598e-01;7.16950e-04
nav-lives;me-freeForm;5;[8];108;10800;10800;4.63008e+03;6;1;1;1.00000e+00;1.00000e+00;1.00000e+00;52;4.96904e-01;5.02598e-01;7.16950e-04
nav-lives;me-freeForm;5;[8];109;10900;10900;4.66700e+03;6;1;1;1.00000e+00;1.00000e+00;1.00000e+00;52;4.96904e-01;5.02598e-01;7.16950e-04
nav-lives;me-freeForm;5;[8];110;11000;11000;4.70377e+03;7;1;1;1.00000e+00;1.00000e+00;1.00000e+00;52;4.96904e-01;5.02598e-01;7.16950e-04
nav-lives;me-freeForm;5;[8];111;11100;11100;4.74045e+03;7;1;1;1.00000e+00;1.00000e+00;1.00000e+00;52;4.96904e-01;5.02598e-01;7.16950e-04
nav-lives;me-freeForm;5;[8];112;11200;11200;4.77717e+03;7;1;1;1.00000e+00;1.00000e+00;1.00000e+00;52;4.96904e-01;5.02598e-01;7.16950e-04
nav-lives;me-freeForm;5;[8];113;11300;11300;4.81353e+03;7;1;1;1.00000e+00;1.00000e+00;1.00000e+00;52;4.96904e-01;5.02598e-01;7.16950e-04
nav-lives;me-freeForm;5;[8];114;11400;11400;4.85034e+03;7;1;1;1.00000e+00;1.00000e+00;1.00000e+00;52;4.96904e-01;5.02598e-01;7.16950e-04
nav-lives;me-freeForm;5;[8];115;11500;11500;4.88721e+03;7;1;1;1.00000e+00;1.00000e+00;1.00000e+00;54;4.96912e-01;5.02586e-01;7.52832e-04
nav-lives;me-freeForm;5;[8];116;11600;11600;4.92378e+03;7;1;1;1.00000e+00;1.00000e+00;1.00000e+00;54;4.96912e-01;5.02586e-01;7.52832e-04
nav-lives;me-freeForm;5;[8];117;11700;11700;4.96038e+03;7;1;1;1.00000e+00;1.00000e+00;1.00000e+00;54;4.96912e-01;5.02586e-01;7.52832e-04
nav-lives;me-freeForm;5;[8];118;11800;11800;4.99720e+03;7;1;1;1.00000e+00;1.00000e+00;1.00000e+00;54;4.96912e-01;5.02586e-01;7.52832e-04
nav-lives;me-freeForm;5;[8];119;11900;11900;5.03383e+03;7;1;1;1.00000e+00;1.00000e+00;1.00000e+00;54;4.96912e-01;5.02586e-01;7.52832e-04
nav-lives;me-freeForm;5;[8];120;12000;12000;5.07068e+03;7;1;1;1.00000e+00;1.00000e+00;1.00000e+00;54;4.96912e-01;5.02586e-01;7.52832e-04
nav-lives;me-freeForm;5;[8];121;12100;12100;5.10732e+03;7;1;1;1.00000e+00;1.00000e+00;1.00000e+00;54;4.96912e-01;5.02586e-01;7.52832e-04
nav-lives;me-freeForm;5;[8];122;12200;12200;5.14413e+03;7;1;1;1.00000e+00;1.00000e+00;1.00000e+00;54;4.96912e-01;5.02586e-01;7.52832e-04
nav-lives;me-freeForm;5;[8];123;12300;12300;5.18092e+03;8;1;1;1.00000e+00;1.00000e+00;1.00000e+00;54;4.96912e-01;5.02586e-01;7.52832e-04
nav-lives;me-freeForm;5;[8];124;12400;12400;5.21777e+03;8;1;1;1.00000e+00;1.00000e+00;1.00000e+00;54;4.96912e-01;5.02586e-01;7.52832e-04
nav-lives;me-freeForm;5;[8];125;12500;12500;5.25452e+03;8;1;1;1.00000e+00;1.00000e+00;1.00000e+00;54;4.96912e-01;5.02586e-01;7.52832e-04
nav-lives;me-freeForm;5;[8];126;12600;12600;5.29121e+03;8;1;1;1.00000e+00;1.00000e+00;1.00000e+00;54;4.96912e-01;5.02586e-01;7.52832e-04
nav-lives;me-freeForm;5;[8];127;12700;12700;5.32798e+03;8;1;1;1.00000e+00;1.00000e+00;1.00000e+00;54;4.96912e-01;5.02586e-01;7.52832e-04
nav-lives;me-freeForm;5;[8];128;12800;12800;5.36494e+03;8;1;1;1.00000e+00;1.00000e+00;1.00000e+00;54;4.96912e-01;5.02586e-01;7.52832e-04
nav-lives;me-freeForm;5;[8];129;12900;12900;5.40152e+03;8;1;1;1.00000e+00;1.00000e+00;1.00000e+00;54;4.96912e-01;5.02586e-01;7.52832e-04
nav-lives;me-freeForm;5;[8];130;13000;13000;5.43852e+03;8;1;1;1.00000e+00;1.00000e+00;1.00000e+00;54;4.96912e-01;5.02586e-01;7.52832e-04
nav-lives;me-freeForm;5;[8];131;13100;13100;5.47533e+03;8;1;1;1.00000e+00;1.00000e+00;1.00000e+00;54;4.96912e-01;5.02586e-01;7.52832e-04
nav-lives;me-freeForm;5;[8];132;13200;13200;5.51218e+03;8;1;1;1.00000e+00;1.00000e+00;1.00000e+00;54;4.96912e-01;5.02586e-01;7.52832e-04
nav-lives;me-freeForm;5;[8];133;13300;13300;5.54904e+03;8;1;1;1.00000e+00;1.00000e+00;1.00000e+00;54;4.96912e-01;5.02586e-01;7.52832e-04
nav-lives;me-freeForm;5;[8];134;13400;13400;5.58576e+03;8;1;1;1.00000e+00;1.00000e+00;1.00000e+00;54;4.96912e-01;5.02586e-01;7.52832e-04
nav-lives;me-freeForm;5;[8];135;13500;13500;5.62249e+03;8;1;1;1.00000e+00;1.00000e+00;1.00000e+00;54;4.96912e-01;5.02586e-01;7.52832e-04
nav-lives;me-freeForm;5;[8];136;13600;13600;5.65912e+03;8;1;1;1.00000e+00;1.00000e+00;1.00000e+00;54;4.96912e-01;5.02586e-01;7.52832e-04
nav-lives;me-freeForm;5;[8];137;13700;13700;5.69555e+03;8;1;1;1.00000e+00;1.00000e+00;1.00000e+00;54;4.96912e-01;5.02586e-01;7.52832e-04
nav-lives;me-freeForm;5;[8];138;13800;13800;5.73214e+03;8;1;1;1.00000e+00;1.00000e+00;1.00000e+00;54;4.96912e-01;5.02586e-01;7.52832e-04
nav-lives;me-freeForm;5;[8];139;13900;13900;5.76872e+03;8;1;1;1.00000e+00;1.00000e+00;1.00000e+00;54;4.96912e-01;5.02586e-01;7.52832e-04
nav-lives;me-freeForm;5;[8];140;14000;14000;5.80570e+03;8;1;1;1.00000e+00;1.00000e+00;1.00000e+00;54;4.96912e-01;5.02586e-01;7.52832e-04
nav-lives;me-freeForm;5;[8];141;14100;14100;5.84208e+03;8;1;1;1.00000e+00;1.00000e+00;1.00000e+00;54;4.96912e-01;5.02586e-01;7.52832e-04
nav-lives;me-freeForm;5;[8];142;14200;14200;5.87882e+03;8;1;1;1.00000e+00;1.00000e+00;1.00000e+00;54;4.96912e-01;5.02586e-01;7.52832e-04
nav-lives;me-freeForm;5;[8];143;14300;14300;5.91558e+03;9;1;1;1.00000e+00;1.00000e+00;1.00000e+00;54;4.96912e-01;5.02586e-01;7.52832e-04
nav-lives;me-freeForm;5;[8];144;14400;14400;5.95275e+03;9;1;1;1.00000e+00;1.00000e+00;1.00000e+00;54;4.96912e-01;5.02586e-01;7.52832e-04
nav-lives;me-freeForm;5;[8];145;14500;14500;5.98924e+03;9;1;1;1.00000e+00;1.00000e+00;1.00000e+00;54;4.96912e-01;5.02586e-01;7.52832e-04
nav-lives;me-freeForm;5;[8];146;14600;14600;6.02613e+03;9;1;1;1.00000e+00;1.00000e+00;1.00000e+00;54;4.96912e-01;5.02586e-01;7.52832e-04
nav-lives;me-freeForm;5;[8];147;14700;14700;6.06311e+03;9;1;1;1.00000e+00;1.00000e+00;1.00000e+00;54;4.96912e-01;5.02586e-01;7.52832e-04
nav-lives;me-freeForm;5;[8];148;14800;14800;6.09989e+03;9;1;1;1.00000e+00;1.00000e+00;1.00000e+00;54;4.96912e-01;5.02586e-01;7.52832e-04
nav-lives;me-freeForm;5;[8];149;14900;14900;6.13658e+03;9;1;1;1.00000e+00;1.00000e+00;1.00000e+00;54;4.96912e-01;5.02586e-01;7.52832e-04
nav-lives;me-freeForm;5;[8];150;15000;15000;6.17309e+03;9;1;1;1.00000e+00;1.00000e+00;1.00000e+00;54;4.96912e-01;5.02586e-01;7.52832e-04
nav-lives;me-freeForm;5;[8];151;15100;15100;6.20989e+03;9;1;1;1.00000e+00;1.00000e+00;1.00000e+00;54;4.96912e-01;5.02586e-01;7.52832e-04
nav-lives;me-freeForm;5;[8];152;15200;15200;6.24651e+03;9;1;1;1.00000e+00;1.00000e+00;1.00000e+00;54;4.96912e-01;5.02586e-01;7.52832e-04
nav-lives;me-freeForm;5;[8];153;15300;15300;6.28316e+03;9;1;1;1.00000e+00;1.00000e+00;1.00000e+00;54;4.96912e-01;5.02586e-01;7.52832e-04
nav-lives;me-freeForm;5;[8];154;15400;15400;6.31966e+03;10;1;1;1.00000e+00;1.00000e+00;1.00000e+00;54;4.96912e-01;5.02586e-01;7.52832e-04
nav-lives;me-freeForm;5;[8];155;15500;15500;6.35617e+03;10;1;1;1.00000e+00;1.00000e+00;1.00000e+00;54;4.96912e-01;5.02586e-01;7.52832e-04
nav-lives;me-freeForm;5;[8];156;15600;15600;6.39264e+03;10;1;1;1.00000e+00;1.00000e+00;1.00000e+00;54;4.96912e-01;5.02586e-01;7.52832e-04
nav-lives;me-freeForm;5;[8];157;15700;15700;6.42959e+03;10;1;1;1.00000e+00;1.00000e+00;1.00000e+00;54;4.96912e-01;5.02586e-01;7.52832e-04
nav-lives;me-freeForm;5;[8];158;15800;15800;6.46631e+03;10;1;1;1.00000e+00;1.00000e+00;1.00000e+00;54;4.96912e-01;5.02586e-01;7.52832e-04
nav-lives;me-freeForm;5;[8];159;15900;15900;6.50257e+03;11;1;1;1.00000e+00;1.00000e+00;1.00000e+00;54;4.96912e-01;5.02586e-01;7.52832e-04
nav-lives;me-freeForm;5;[8];160;16000;16000;6.53920e+03;11;1;1;1.00000e+00;1.00000e+00;1.00000e+00;54;4.96912e-01;5.02586e-01;7.52832e-04
nav-lives;me-freeForm;5;[8];161;16100;16100;6.57591e+03;11;1;1;1.00000e+00;1.00000e+00;1.00000e+00;54;4.96912e-01;5.02586e-01;7.52832e-04
nav-lives;me-freeForm;5;[8];162;16200;16200;6.61235e+03;11;1;1;1.00000e+00;1.00000e+00;1.00000e+00;54;4.96912e-01;5.02586e-01;7.52832e-04
nav-lives;me-freeForm;5;[8];163;16300;16300;6.64898e+03;11;1;1;1.00000e+00;1.00000e+00;1.00000e+00;54;4.96912e-01;5.02586e-01;7.52832e-04
nav-lives;me-freeForm;5;[8];164;16400;16400;6.68547e+03;11;1;1;1.00000e+00;1.00000e+00;1.00000e+00;54;4.96912e-01;5.02586e-01;7.52832e-04
nav-lives;me-freeForm;5;[8];165;16500;16500;6.72188e+03;11;1;1;1.00000e+00;1.00000e+00;1.00000e+00;54;4.96912e-01;5.02586e-01;7.52832e-04
nav-lives;me-freeForm;5;[8];166;16600;16600;6.75829e+03;11;1;1;1.00000e+00;1.00000e+00;1.00000e+00;54;4.96912e-01;5.02586e-01;7.52832e-04
nav-lives;me-freeForm;5;[8];167;16700;16700;6.79509e+03;11;1;1;1.00000e+00;1.00000e+00;1.00000e+00;54;4.96912e-01;5.02586e-01;7.52832e-04
nav-lives;me-freeForm;5;[8];168;16800;16800;6.83175e+03;11;1;1;1.00000e+00;1.00000e+00;1.00000e+00;54;4.96912e-01;5.02586e-01;7.52832e-04
nav-lives;me-freeForm;5;[8];169;16900;16900;6.86865e+03;11;1;1;1.00000e+00;1.00000e+00;1.00000e+00;54;4.96912e-01;5.02586e-01;7.52832e-04
nav-lives;me-freeForm;5;[8];170;17000;17000;6.90517e+03;11;1;1;1.00000e+00;1.00000e+00;1.00000e+00;54;4.96912e-01;5.02586e-01;7.52832e-04
nav-lives;me-freeForm;5;[8];171;17100;17100;6.94194e+03;11;1;1;1.00000e+00;1.00000e+00;1.00000e+00;54;4.96912e-01;5.02586e-01;7.52832e-04
nav-lives;me-freeForm;5;[8];172;17200;17200;6.97879e+03;11;1;1;1.00000e+00;1.00000e+00;1.00000e+00;54;4.96912e-01;5.02586e-01;7.52832e-04
nav-lives;me-freeForm;5;[8];173;17300;17300;7.01539e+03;11;1;1;1.00000e+00;1.00000e+00;1.00000e+00;54;4.96912e-01;5.02586e-01;7.52832e-04
nav-lives;me-freeForm;5;[8];174;17400;17400;7.05181e+03;11;1;1;1.00000e+00;1.00000e+00;1.00000e+00;54;4.96912e-01;5.02586e-01;7.52832e-04
nav-lives;me-freeForm;5;[8];175;17500;17500;7.08860e+03;11;1;1;1.00000e+00;1.00000e+00;1.00000e+00;54;4.96912e-01;5.02586e-01;7.52832e-04
nav-lives;me-freeForm;5;[8];176;17600;17600;7.12538e+03;11;1;1;1.00000e+00;1.00000e+00;1.00000e+00;54;4.96912e-01;5.02586e-01;7.52832e-04
nav-lives;me-freeForm;5;[8];177;17700;17700;7.16218e+03;11;1;1;1.00000e+00;1.00000e+00;1.00000e+00;54;4.96912e-01;5.02586e-01;7.52832e-04
nav-lives;me-freeForm;5;[8];178;17800;17800;7.19884e+03;11;1;1;1.00000e+00;1.00000e+00;1.00000e+00;54;4.96912e-01;5.02586e-01;7.52832e-04
nav-lives;me-freeForm;5;[8];179;17900;17900;7.23535e+03;11;1;1;1.00000e+00;1.00000e+00;1.00000e+00;54;4.96912e-01;5.02586e-01;7.52832e-04
nav-lives;me-freeForm;5;[8];180;18000;18000;7.27192e+03;11;1;1;1.00000e+00;1.00000e+00;1.00000e+00;54;4.96912e-01;5.02586e-01;7.52832e-04
nav-lives;me-freeForm;5;[8];181;18100;18100;7.30860e+03;11;1;1;1.00000e+00;1.00000e+00;1.00000e+00;54;4.96912e-01;5.02586e-01;7.52832e-04
nav-lives;me-freeForm;5;[8];182;18200;18200;7.34505e+03;11;1;1;1.00000e+00;1.00000e+00;1.00000e+00;54;4.96912e-01;5.02586e-01;7.52832e-04
nav-lives;me-freeForm;5;[8];183;18300;18300;7.38182e+03;11;1;1;1.00000e+00;1.00000e+00;1.00000e+00;54;4.96912e-01;5.02586e-01;7.52832e-04
nav-lives;me-freeForm;5;[8];184;18400;18400;7.41855e+03;11;1;1;1.00000e+00;1.00000e+00;1.00000e+00;54;4.96912e-01;5.02586e-01;7.52832e-04
nav-lives;me-freeForm;5;[8];185;18500;18500;7.45491e+03;11;1;1;1.00000e+00;1.00000e+00;1.00000e+00;54;4.96912e-01;5.02586e-01;7.52832e-04
nav-lives;me-freeForm;5;[8];186;18600;18600;7.49168e+03;11;1;1;1.00000e+00;1.00000e+00;1.00000e+00;54;4.96912e-01;5.02586e-01;7.52832e-04
nav-lives;me-freeForm;5;[8];187;18700;18700;7.52814e+03;11;1;1;1.00000e+00;1.00000e+00;1.00000e+00;54;4.96912e-01;5.02586e-01;7.52832e-04
nav-lives;me-freeForm;5;[8];188;18800;18800;7.56496e+03;11;1;1;1.00000e+00;1.00000e+00;1.00000e+00;54;4.96912e-01;5.02586e-01;7.52832e-04
nav-lives;me-freeForm;5;[8];189;18900;18900;7.60155e+03;11;1;1;1.00000e+00;1.00000e+00;1.00000e+00;54;4.96912e-01;5.02586e-01;7.52832e-04
nav-lives;me-freeForm;5;[8];190;19000;19000;7.63838e+03;11;1;1;1.00000e+00;1.00000e+00;1.00000e+00;43;4.96934e-01;5.02665e-01;7.34785e-04
nav-lives;me-freeForm;5;[8];191;19100;19100;7.67458e+03;11;1;1;1.00000e+00;1.00000e+00;1.00000e+00;43;4.96934e-01;5.02665e-01;7.34785e-04
nav-lives;me-freeForm;5;[8];192;19200;19200;7.71107e+03;11;1;1;1.00000e+00;1.00000e+00;1.00000e+00;43;4.96934e-01;5.02665e-01;7.34785e-04
nav-lives;me-freeForm;5;[8];193;19300;19300;7.74751e+03;11;1;1;1.00000e+00;1.00000e+00;1.00000e+00;43;4.96934e-01;5.02665e-01;7.34785e-04
nav-lives;me-freeForm;5;[8];194;19400;19400;7.78419e+03;11;1;1;1.00000e+00;1.00000e+00;1.00000e+00;43;4.96934e-01;5.02665e-01;7.34785e-04
nav-lives;me-freeForm;5;[8];195;19500;19500;7.82070e+03;11;1;1;1.00000e+00;1.00000e+00;1.00000e+00;43;4.96934e-01;5.02665e-01;7.34785e-04
nav-lives;me-freeForm;5;[8];196;19600;19600;7.85735e+03;11;1;1;1.00000e+00;1.00000e+00;1.00000e+00;43;4.96934e-01;5.02665e-01;7.34785e-04
nav-lives;me-freeForm;5;[8];197;19700;19700;7.89392e+03;11;1;1;1.00000e+00;1.00000e+00;1.00000e+00;43;4.96934e-01;5.02665e-01;7.34785e-04
nav-lives;me-freeForm;5;[8];198;19800;19800;7.93040e+03;11;1;1;1.00000e+00;1.00000e+00;1.00000e+00;43;4.96934e-01;5.02665e-01;7.34785e-04
nav-lives;me-freeForm;5;[8];199;19900;19900;7.96678e+03;11;1;1;1.00000e+00;1.00000e+00;1.00000e+00;43;4.96934e-01;5.02665e-01;7.34785e-04
nav-lives;me-freeForm;5;[8];200;20000;20000;8.00333e+03;12;1;1;1.00000e+00;1.00000e+00;1.00000e+00;43;4.96934e-01;5.02665e-01;7.34785e-04
nav-lives;me-freeForm;5;[8];201;20100;20100;8.03989e+03;12;1;1;1.00000e+00;1.00000e+00;1.00000e+00;43;4.96934e-01;5.02665e-01;7.34785e-04
nav-lives;me-freeForm;5;[8];202;20200;20200;8.07648e+03;12;1;1;1.00000e+00;1.00000e+00;1.00000e+00;43;4.96934e-01;5.02665e-01;7.34785e-04
nav-lives;me-freeForm;5;[8];203;20300;20300;8.11299e+03;12;1;1;1.00000e+00;1.00000e+00;1.00000e+00;43;4.96934e-01;5.02665e-01;7.34785e-04
nav-lives;me-freeForm;5;[8];204;20400;20400;8.14953e+03;12;1;1;1.00000e+00;1.00000e+00;1.00000e+00;43;4.96934e-01;5.02665e-01;7.34785e-04
nav-lives;me-freeForm;5;[8];205;20500;20500;8.18634e+03;12;1;1;1.00000e+00;1.00000e+00;1.00000e+00;43;4.96934e-01;5.02665e-01;7.34785e-04
nav-lives;me-freeForm;5;[8];206;20600;20600;8.22272e+03;12;1;1;1.00000e+00;1.00000e+00;1.00000e+00;43;4.96934e-01;5.02665e-01;7.34785e-04
nav-lives;me-freeForm;5;[8];207;20700;20700;8.25943e+03;12;1;1;1.00000e+00;1.00000e+00;1.00000e+00;43;4.96934e-01;5.02665e-01;7.34785e-04
nav-lives;me-freeForm;5;[8];208;20800;20800;8.29623e+03;12;1;1;1.00000e+00;1.00000e+00;1.00000e+00;43;4.96934e-01;5.02665e-01;7.34785e-04
nav-lives;me-freeForm;5;[8];209;20900;20900;8.33320e+03;12;1;1;1.00000e+00;1.00000e+00;1.00000e+00;43;4.96934e-01;5.02665e-01;7.34785e-04
nav-lives;me-freeForm;5;[8];210;21000;21000;8.36992e+03;12;1;1;1.00000e+00;1.00000e+00;1.00000e+00;43;4.96934e-01;5.02665e-01;7.34785e-04
nav-lives;me-freeForm;5;[8];211;21100;21100;8.40671e+03;12;1;1;1.00000e+00;1.00000e+00;1.00000e+00;43;4.96934e-01;5.02665e-01;7.34785e-04
nav-lives;me-freeForm;5;[8];212;21200;21200;8.44367e+03;12;1;1;1.00000e+00;1.00000e+00;1.00000e+00;43;4.96934e-01;5.02665e-01;7.34785e-04
nav-lives;me-freeForm;5;[8];213;21300;21300;8.48042e+03;12;1;1;1.00000e+00;1.00000e+00;1.00000e+00;43;4.96934e-01;5.02665e-01;7.34785e-04
nav-lives;me-freeForm;5;[8];214;21400;21400;8.51702e+03;12;1;1;1.00000e+00;1.00000e+00;1.00000e+00;43;4.96934e-01;5.02665e-01;7.34785e-04
nav-lives;me-freeForm;5;[8];215;21500;21500;8.55389e+03;12;1;1;1.00000e+00;1.00000e+00;1.00000e+00;43;4.96934e-01;5.02665e-01;7.34785e-04
nav-lives;me-freeForm;5;[8];216;21600;21600;8.59055e+03;12;1;1;1.00000e+00;1.00000e+00;1.00000e+00;43;4.96934e-01;5.02665e-01;7.34785e-04
nav-lives;me-freeForm;5;[8];217;21700;21700;8.62739e+03;12;1;1;1.00000e+00;1.00000e+00;1.00000e+00;43;4.96934e-01;5.02665e-01;7.34785e-04
nav-lives;me-freeForm;5;[8];218;21800;21800;8.66397e+03;12;1;1;1.00000e+00;1.00000e+00;1.00000e+00;43;4.96934e-01;5.02665e-01;7.34785e-04
nav-lives;me-freeForm;5;[8];219;21900;21900;8.70057e+03;12;1;1;1.00000e+00;1.00000e+00;1.00000e+00;43;4.96934e-01;5.02665e-01;7.34785e-04
nav-lives;me-freeForm;5;[8];220;22000;22000;8.73752e+03;12;1;1;1.00000e+00;1.00000e+00;1.00000e+00;43;4.96934e-01;5.02665e-01;7.34785e-04
nav-lives;me-freeForm;5;[8];221;22100;22100;8.77425e+03;12;1;1;1.00000e+00;1.00000e+00;1.00000e+00;43;4.96934e-01;5.02665e-01;7.34785e-04
nav-lives;me-freeForm;5;[8];222;22200;22200;8.81080e+03;12;1;1;1.00000e+00;1.00000e+00;1.00000e+00;43;4.96934e-01;5.02665e-01;7.34785e-04
nav-lives;me-freeForm;5;[8];223;22300;22300;8.84776e+03;12;1;1;1.00000e+00;1.00000e+00;1.00000e+00;43;4.96934e-01;5.02665e-01;7.34785e-04
nav-lives;me-freeForm;5;[8];224;22400;22400;8.88420e+03;12;1;1;1.00000e+00;1.00000e+00;1.00000e+00;43;4.96934e-01;5.02665e-01;7.34785e-04
nav-lives;me-freeForm;5;[8];225;22500;22500;8.92066e+03;12;1;1;1.00000e+00;1.00000e+00;1.00000e+00;43;4.96934e-01;5.02665e-01;7.34785e-04
nav-lives;me-freeForm;5;[8];226;22600;22600;8.95719e+03;12;1;1;1.00000e+00;1.00000e+00;1.00000e+00;43;4.96934e-01;5.02665e-01;7.34785e-04
nav-lives;me-freeForm;5;[8];227;22700;22700;8.99413e+03;12;1;1;1.00000e+00;1.00000e+00;1.00000e+00;43;4.96934e-01;5.02665e-01;7.34785e-04
nav-lives;me-freeForm;5;[8];228;22800;22800;9.03064e+03;12;1;1;1.00000e+00;1.00000e+00;1.00000e+00;43;4.96934e-01;5.02665e-01;7.34785e-04
nav-lives;me-freeForm;5;[8];229;22900;22900;9.06713e+03;12;1;1;1.00000e+00;1.00000e+00;1.00000e+00;43;4.96934e-01;5.02665e-01;7.34785e-04
nav-lives;me-freeForm;5;[8];230;23000;23000;9.10392e+03;12;1;1;1.00000e+00;1.00000e+00;1.00000e+00;43;4.96934e-01;5.02665e-01;7.34785e-04
nav-lives;me-freeForm;5;[8];231;23100;23100;9.14066e+03;12;1;1;1.00000e+00;1.00000e+00;1.00000e+00;43;4.96934e-01;5.02665e-01;7.34785e-04
nav-lives;me-freeForm;5;[8];232;23200;23200;9.17740e+03;12;1;1;1.00000e+00;1.00000e+00;1.00000e+00;43;4.96934e-01;5.02665e-01;7.34785e-04
nav-lives;me-freeForm;5;[8];233;23300;23300;9.21386e+03;12;1;1;1.00000e+00;1.00000e+00;1.00000e+00;43;4.96934e-01;5.02665e-01;7.34785e-04
nav-lives;me-freeForm;5;[8];234;23400;23400;9.25034e+03;12;1;1;1.00000e+00;1.00000e+00;1.00000e+00;43;4.96934e-01;5.02665e-01;7.34785e-04
nav-lives;me-freeForm;5;[8];235;23500;23500;9.28695e+03;12;1;1;1.00000e+00;1.00000e+00;1.00000e+00;43;4.96934e-01;5.02665e-01;7.34785e-04
nav-lives;me-freeForm;5;[8];236;23600;23600;9.32375e+03;12;1;1;1.00000e+00;1.00000e+00;1.00000e+00;43;4.96934e-01;5.02665e-01;7.34785e-04
nav-lives;me-freeForm;5;[8];237;23700;23700;9.36051e+03;12;1;1;1.00000e+00;1.00000e+00;1.00000e+00;43;4.96934e-01;5.02665e-01;7.34785e-04
nav-lives;me-freeForm;5;[8];238;23800;23800;9.39722e+03;12;1;1;1.00000e+00;1.00000e+00;1.00000e+00;43;4.96934e-01;5.02665e-01;7.34785e-04
nav-lives;me-freeForm;5;[8];239;23900;23900;9.43419e+03;12;1;1;1.00000e+00;1.00000e+00;1.00000e+00;43;4.96934e-01;5.02665e-01;7.34785e-04
nav-lives;me-freeForm;5;[8];240;24000;24000;9.47116e+03;12;1;1;1.00000e+00;1.00000e+00;1.00000e+00;43;4.96934e-01;5.02665e-01;7.34785e-04
nav-lives;me-freeForm;5;[8];241;24100;24100;9.50754e+03;12;1;1;1.00000e+00;1.00000e+00;1.00000e+00;43;4.96934e-01;5.02665e-01;7.34785e-04
nav-lives;me-freeForm;5;[8];242;24200;24200;9.54427e+03;12;1;1;1.00000e+00;1.00000e+00;1.00000e+00;43;4.96934e-01;5.02665e-01;7.34785e-04
nav-lives;me-freeForm;5;[8];243;24300;24300;9.58095e+03;12;1;1;1.00000e+00;1.00000e+00;1.00000e+00;43;4.96934e-01;5.02665e-01;7.34785e-04
nav-lives;me-freeForm;5;[8];244;24400;24400;9.61770e+03;12;1;1;1.00000e+00;1.00000e+00;1.00000e+00;43;4.96934e-01;5.02665e-01;7.34785e-04
nav-lives;me-freeForm;5;[8];245;24500;24500;9.65436e+03;12;1;1;1.00000e+00;1.00000e+00;1.00000e+00;43;4.96934e-01;5.02665e-01;7.34785e-04
nav-lives;me-freeForm;5;[8];246;24600;24600;9.69123e+03;12;1;1;1.00000e+00;1.00000e+00;1.00000e+00;43;4.96934e-01;5.02665e-01;7.34785e-04
nav-lives;me-freeForm;5;[8];247;24700;24700;9.72789e+03;12;1;1;1.00000e+00;1.00000e+00;1.00000e+00;43;4.96934e-01;5.02665e-01;7.34785e-04
nav-lives;me-freeForm;5;[8];248;24800;24800;9.76499e+03;12;1;1;1.00000e+00;1.00000e+00;1.00000e+00;43;4.96934e-01;5.02665e-01;7.34785e-04
nav-lives;me-freeForm;5;[8];249;24900;24900;9.80172e+03;12;1;1;1.00000e+00;1.00000e+00;1.00000e+00;43;4.96934e-01;5.02665e-01;7.34785e-04
nav-lives;me-freeForm;5;[8];250;25000;25000;9.83841e+03;12;1;1;1.00000e+00;1.00000e+00;1.00000e+00;43;4.96934e-01;5.02665e-01;7.34785e-04
nav-lives;me-freeForm;5;[8];251;25100;25100;9.87514e+03;12;1;1;1.00000e+00;1.00000e+00;1.00000e+00;43;4.96934e-01;5.02665e-01;7.34785e-04
nav-lives;me-freeForm;5;[8];252;25200;25200;9.91196e+03;12;1;1;1.00000e+00;1.00000e+00;1.00000e+00;43;4.96934e-01;5.02665e-01;7.34785e-04
nav-lives;me-freeForm;5;[8];253;25300;25300;9.94913e+03;12;1;1;1.00000e+00;1.00000e+00;1.00000e+00;43;4.96934e-01;5.02665e-01;7.34785e-04
nav-lives;me-freeForm;5;[8];254;25400;25400;9.98578e+03;12;1;1;1.00000e+00;1.00000e+00;1.00000e+00;43;4.96934e-01;5.02665e-01;7.34785e-04
nav-lives;me-freeForm;5;[8];255;25500;25500;1.00225e+04;12;1;1;1.00000e+00;1.00000e+00;1.00000e+00;43;4.96934e-01;5.02665e-01;7.34785e-04
nav-lives;me-freeForm;5;[8];256;25600;25600;1.00592e+04;12;1;1;1.00000e+00;1.00000e+00;1.00000e+00;43;4.96934e-01;5.02665e-01;7.34785e-04
nav-lives;me-freeForm;5;[8];257;25700;25700;1.00960e+04;12;1;1;1.00000e+00;1.00000e+00;1.00000e+00;43;4.96934e-01;5.02665e-01;7.34785e-04
nav-lives;me-freeForm;5;[8];258;25800;25800;1.01330e+04;12;1;1;1.00000e+00;1.00000e+00;1.00000e+00;43;4.96934e-01;5.02665e-01;7.34785e-04
nav-lives;me-freeForm;5;[8];259;25900;25900;1.01700e+04;12;1;1;1.00000e+00;1.00000e+00;1.00000e+00;43;4.96934e-01;5.02665e-01;7.34785e-04
nav-lives;me-freeForm;5;[8];260;26000;26000;1.02069e+04;12;1;1;1.00000e+00;1.00000e+00;1.00000e+00;43;4.96934e-01;5.02665e-01;7.34785e-04
nav-lives;me-freeForm;5;[8];261;26100;26100;1.02438e+04;12;1;1;1.00000e+00;1.00000e+00;1.00000e+00;43;4.96934e-01;5.02665e-01;7.34785e-04
nav-lives;me-freeForm;5;[8];262;26200;26200;1.02809e+04;12;1;1;1.00000e+00;1.00000e+00;1.00000e+00;43;4.96934e-01;5.02665e-01;7.34785e-04
nav-lives;me-freeForm;5;[8];263;26300;26300;1.03178e+04;12;1;1;1.00000e+00;1.00000e+00;1.00000e+00;43;4.96934e-01;5.02665e-01;7.34785e-04
nav-lives;me-freeForm;5;[8];264;26400;26400;1.03550e+04;12;1;1;1.00000e+00;1.00000e+00;1.00000e+00;43;4.96934e-01;5.02665e-01;7.34785e-04
nav-lives;me-freeForm;5;[8];265;26500;26500;1.03919e+04;12;1;1;1.00000e+00;1.00000e+00;1.00000e+00;43;4.96934e-01;5.02665e-01;7.34785e-04
nav-lives;me-freeForm;5;[8];266;26600;26600;1.04294e+04;12;1;1;1.00000e+00;1.00000e+00;1.00000e+00;43;4.96934e-01;5.02665e-01;7.34785e-04
nav-lives;me-freeForm;5;[8];267;26700;26700;1.04662e+04;12;1;1;1.00000e+00;1.00000e+00;1.00000e+00;43;4.96934e-01;5.02665e-01;7.34785e-04
nav-lives;me-freeForm;5;[8];268;26800;26800;1.05029e+04;12;1;1;1.00000e+00;1.00000e+00;1.00000e+00;43;4.96934e-01;5.02665e-01;7.34785e-04
nav-lives;me-freeForm;5;[8];269;26900;26900;1.05399e+04;12;1;1;1.00000e+00;1.00000e+00;1.00000e+00;46;4.97732e-01;5.04024e-01;4.64051e-04
nav-lives;me-freeForm;5;[8];270;27000;27000;1.05767e+04;12;1;1;1.00000e+00;1.00000e+00;1.00000e+00;46;4.97732e-01;5.04024e-01;4.64051e-04
nav-lives;me-freeForm;5;[8];271;27100;27100;1.06135e+04;12;1;1;1.00000e+00;1.00000e+00;1.00000e+00;46;4.97732e-01;5.04024e-01;4.64051e-04
nav-lives;me-freeForm;5;[8];272;27200;27200;1.06504e+04;12;1;1;1.00000e+00;1.00000e+00;1.00000e+00;46;4.97732e-01;5.04024e-01;4.64051e-04
nav-lives;me-freeForm;5;[8];273;27300;27300;1.06876e+04;12;1;1;1.00000e+00;1.00000e+00;1.00000e+00;46;4.97732e-01;5.04024e-01;4.64051e-04
nav-lives;me-freeForm;5;[8];274;27400;27400;1.07245e+04;12;1;1;1.00000e+00;1.00000e+00;1.00000e+00;46;4.97732e-01;5.04024e-01;4.64051e-04
nav-lives;me-freeForm;5;[8];275;27500;27500;1.07612e+04;12;1;1;1.00000e+00;1.00000e+00;1.00000e+00;46;4.97732e-01;5.04024e-01;4.64051e-04
nav-lives;me-freeForm;5;[8];276;27600;27600;1.07981e+04;12;1;1;1.00000e+00;1.00000e+00;1.00000e+00;46;4.97732e-01;5.04024e-01;4.64051e-04
nav-lives;me-freeForm;5;[8];277;27700;27700;1.08351e+04;12;1;1;1.00000e+00;1.00000e+00;1.00000e+00;46;4.97732e-01;5.04024e-01;4.64051e-04
nav-lives;me-freeForm;5;[8];278;27800;27800;1.08720e+04;12;1;1;1.00000e+00;1.00000e+00;1.00000e+00;46;4.97732e-01;5.04024e-01;4.64051e-04
nav-lives;me-freeForm;5;[8];279;27900;27900;1.09090e+04;12;1;1;1.00000e+00;1.00000e+00;1.00000e+00;46;4.97732e-01;5.04024e-01;4.64051e-04
nav-lives;me-freeForm;5;[8];280;28000;28000;1.09461e+04;12;1;1;1.00000e+00;1.00000e+00;1.00000e+00;46;4.97732e-01;5.04024e-01;4.64051e-04
nav-lives;me-freeForm;5;[8];281;28100;28100;1.09831e+04;12;1;1;1.00000e+00;1.00000e+00;1.00000e+00;46;4.97732e-01;5.04024e-01;4.64051e-04
nav-lives;me-freeForm;5;[8];282;28200;28200;1.10198e+04;12;1;1;1.00000e+00;1.00000e+00;1.00000e+00;46;4.97732e-01;5.04024e-01;4.64051e-04
nav-lives;me-freeForm;5;[8];283;28300;28300;1.10568e+04;12;1;1;1.00000e+00;1.00000e+00;1.00000e+00;46;4.97732e-01;5.04024e-01;4.64051e-04
nav-lives;me-freeForm;5;[8];284;28400;28400;1.10935e+04;12;1;1;1.00000e+00;1.00000e+00;1.00000e+00;46;4.97732e-01;5.04024e-01;4.64051e-04
nav-lives;me-freeForm;5;[8];285;28500;28500;1.11302e+04;12;1;1;1.00000e+00;1.00000e+00;1.00000e+00;46;4.97732e-01;5.04024e-01;4.64051e-04
nav-lives;me-freeForm;5;[8];286;28600;28600;1.11674e+04;12;1;1;1.00000e+00;1.00000e+00;1.00000e+00;46;4.97732e-01;5.04024e-01;4.64051e-04
nav-lives;me-freeForm;5;[8];287;28700;28700;1.12043e+04;12;1;1;1.00000e+00;1.00000e+00;1.00000e+00;46;4.97732e-01;5.04024e-01;4.64051e-04
nav-lives;me-freeForm;5;[8];288;28800;28800;1.12411e+04;12;1;1;1.00000e+00;1.00000e+00;1.00000e+00;46;4.97732e-01;5.04024e-01;4.64051e-04
nav-lives;me-freeForm;5;[8];289;28900;28900;1.12779e+04;12;1;1;1.00000e+00;1.00000e+00;1.00000e+00;46;4.97732e-01;5.04024e-01;4.64051e-04
nav-lives;me-freeForm;5;[8];290;29000;29000;1.13148e+04;12;1;1;1.00000e+00;1.00000e+00;1.00000e+00;46;4.97732e-01;5.04024e-01;4.64051e-04
nav-lives;me-freeForm;5;[8];291;29100;29100;1.13515e+04;12;1;1;1.00000e+00;1.00000e+00;1.00000e+00;46;4.97732e-01;5.04024e-01;4.64051e-04
nav-lives;me-freeForm;5;[8];292;29200;29200;1.13883e+04;12;1;1;1.00000e+00;1.00000e+00;1.00000e+00;46;4.97732e-01;5.04024e-01;4.64051e-04
nav-lives;me-freeForm;5;[8];293;29300;29300;1.14251e+04;12;1;1;1.00000e+00;1.00000e+00;1.00000e+00;46;4.97732e-01;5.04024e-01;4.64051e-04
nav-lives;me-freeForm;5;[8];294;29400;29400;1.14622e+04;12;1;1;1.00000e+00;1.00000e+00;1.00000e+00;46;4.97732e-01;5.04024e-01;4.64051e-04
nav-lives;me-freeForm;5;[8];295;29500;29500;1.14992e+04;12;1;1;1.00000e+00;1.00000e+00;1.00000e+00;46;4.97732e-01;5.04024e-01;4.64051e-04
nav-lives;me-freeForm;5;[8];296;29600;29600;1.15364e+04;12;1;1;1.00000e+00;1.00000e+00;1.00000e+00;46;4.97732e-01;5.04024e-01;4.64051e-04
nav-lives;me-freeForm;5;[8];297;29700;29700;1.15730e+04;12;1;1;1.00000e+00;1.00000e+00;1.00000e+00;46;4.97732e-01;5.04024e-01;4.64051e-04
nav-lives;me-freeForm;5;[8];298;29800;29800;1.16098e+04;12;1;1;1.00000e+00;1.00000e+00;1.00000e+00;46;4.97732e-01;5.04024e-01;4.64051e-04
nav-lives;me-freeForm;5;[8];299;29900;29900;1.16468e+04;12;1;1;1.00000e+00;1.00000e+00;1.00000e+00;46;4.97732e-01;5.04024e-01;4.64051e-04
nav-lives;me-freeForm;5;[8];300;30000;30000;1.16836e+04;12;1;1;1.00000e+00;1.00000e+00;1.00000e+00;46;4.97732e-01;5.04024e-01;4.64051e-04
nav-lives;me-freeForm;5;[8];301;30100;30100;1.17206e+04;12;1;1;1.00000e+00;1.00000e+00;1.00000e+00;46;4.97732e-01;5.04024e-01;4.64051e-04
nav-lives;me-freeForm;5;[8];302;30200;30200;1.17571e+04;12;1;1;1.00000e+00;1.00000e+00;1.00000e+00;46;4.97732e-01;5.04024e-01;4.64051e-04
nav-lives;me-freeForm;5;[8];303;30300;30300;1.17939e+04;12;1;1;1.00000e+00;1.00000e+00;1.00000e+00;46;4.97732e-01;5.04024e-01;4.64051e-04
nav-lives;me-freeForm;5;[8];304;30400;30400;1.18305e+04;12;1;1;1.00000e+00;1.00000e+00;1.00000e+00;46;4.97732e-01;5.04024e-01;4.64051e-04
nav-lives;me-freeForm;5;[8];305;30500;30500;1.18671e+04;12;1;1;1.00000e+00;1.00000e+00;1.00000e+00;46;4.97732e-01;5.04024e-01;4.64051e-04
nav-lives;me-freeForm;5;[8];306;30600;30600;1.19038e+04;12;1;1;1.00000e+00;1.00000e+00;1.00000e+00;46;4.97732e-01;5.04024e-01;4.64051e-04
nav-lives;me-freeForm;5;[8];307;30700;30700;1.19409e+04;12;1;1;1.00000e+00;1.00000e+00;1.00000e+00;46;4.97732e-01;5.04024e-01;4.64051e-04
nav-lives;me-freeForm;5;[8];308;30800;30800;1.19776e+04;12;1;1;1.00000e+00;1.00000e+00;1.00000e+00;46;4.97732e-01;5.04024e-01;4.64051e-04
nav-lives;me-freeForm;5;[8];309;30900;30900;1.20145e+04;12;1;1;1.00000e+00;1.00000e+00;1.00000e+00;46;4.97732e-01;5.04024e-01;4.64051e-04
nav-lives;me-freeForm;5;[8];310;31000;31000;1.20514e+04;12;1;1;1.00000e+00;1.00000e+00;1.00000e+00;46;4.97732e-01;5.04024e-01;4.64051e-04
nav-lives;me-freeForm;5;[8];311;31100;31100;1.20881e+04;12;1;1;1.00000e+00;1.00000e+00;1.00000e+00;46;4.97732e-01;5.04024e-01;4.64051e-04
nav-lives;me-freeForm;5;[8];312;31200;31200;1.21250e+04;12;1;1;1.00000e+00;1.00000e+00;1.00000e+00;46;4.97732e-01;5.04024e-01;4.64051e-04
nav-lives;me-freeForm;5;[8];313;31300;31300;1.21618e+04;12;1;1;1.00000e+00;1.00000e+00;1.00000e+00;46;4.97732e-01;5.04024e-01;4.64051e-04
nav-lives;me-freeForm;5;[8];314;31400;31400;1.21989e+04;12;1;1;1.00000e+00;1.00000e+00;1.00000e+00;46;4.97732e-01;5.04024e-01;4.64051e-04
nav-lives;me-freeForm;5;[8];315;31500;31500;1.22355e+04;12;1;1;1.00000e+00;1.00000e+00;1.00000e+00;46;4.97732e-01;5.04024e-01;4.64051e-04
nav-lives;me-freeForm;5;[8];316;31600;31600;1.22724e+04;12;1;1;1.00000e+00;1.00000e+00;1.00000e+00;46;4.97732e-01;5.04024e-01;4.64051e-04
nav-lives;me-freeForm;5;[8];317;31700;31700;1.23093e+04;12;1;1;1.00000e+00;1.00000e+00;1.00000e+00;46;4.97732e-01;5.04024e-01;4.64051e-04
nav-lives;me-freeForm;5;[8];318;31800;31800;1.23462e+04;12;1;1;1.00000e+00;1.00000e+00;1.00000e+00;46;4.97732e-01;5.04024e-01;4.64051e-04
nav-lives;me-freeForm;5;[8];319;31900;31900;1.23828e+04;12;1;1;1.00000e+00;1.00000e+00;1.00000e+00;46;4.97732e-01;5.04024e-01;4.64051e-04
nav-lives;me-freeForm;5;[8];320;32000;32000;1.24194e+04;12;1;1;1.00000e+00;1.00000e+00;1.00000e+00;46;4.97732e-01;5.04024e-01;4.64051e-04
nav-lives;me-freeForm;5;[8];321;32100;32100;1.24561e+04;12;1;1;1.00000e+00;1.00000e+00;1.00000e+00;46;4.97732e-01;5.04024e-01;4.64051e-04
nav-lives;me-freeForm;5;[8];322;32200;32200;1.24931e+04;12;1;1;1.00000e+00;1.00000e+00;1.00000e+00;46;4.97732e-01;5.04024e-01;4.64051e-04
nav-lives;me-freeForm;5;[8];323;32300;32300;1.25300e+04;12;1;1;1.00000e+00;1.00000e+00;1.00000e+00;46;4.97732e-01;5.04024e-01;4.64051e-04
nav-lives;me-freeForm;5;[8];324;32400;32400;1.25670e+04;12;1;1;1.00000e+00;1.00000e+00;1.00000e+00;46;4.97732e-01;5.04024e-01;4.64051e-04
nav-lives;me-freeForm;5;[8];325;32500;32500;1.26039e+04;12;1;1;1.00000e+00;1.00000e+00;1.00000e+00;46;4.97732e-01;5.04024e-01;4.64051e-04
nav-lives;me-freeForm;5;[8];326;32600;32600;1.26405e+04;12;1;1;1.00000e+00;1.00000e+00;1.00000e+00;46;4.97732e-01;5.04024e-01;4.64051e-04
nav-lives;me-freeForm;5;[8];327;32700;32700;1.26776e+04;12;1;1;1.00000e+00;1.00000e+00;1.00000e+00;46;4.97732e-01;5.04024e-01;4.64051e-04
nav-lives;me-freeForm;5;[8];328;32800;32800;1.27142e+04;12;1;1;1.00000e+00;1.00000e+00;1.00000e+00;46;4.97732e-01;5.04024e-01;4.64051e-04
nav-lives;me-freeForm;5;[8];329;32900;32900;1.27510e+04;12;1;1;1.00000e+00;1.00000e+00;1.00000e+00;46;4.97732e-01;5.04024e-01;4.64051e-04
nav-lives;me-freeForm;5;[8];330;33000;33000;1.27879e+04;12;1;1;1.00000e+00;1.00000e+00;1.00000e+00;46;4.97732e-01;5.04024e-01;4.64051e-04
nav-lives;me-freeForm;5;[8];331;33100;33100;1.28247e+04;12;1;1;1.00000e+00;1.00000e+00;1.00000e+00;46;4.97732e-01;5.04024e-01;4.64051e-04
nav-lives;me-freeForm;5;[8];332;33200;33200;1.28615e+04;12;1;1;1.00000e+00;1.00000e+00;1.00000e+00;46;4.97732e-01;5.04024e-01;4.64051e-04
nav-lives;me-freeForm;5;[8];333;33300;33300;1.28983e+04;12;1;1;1.00000e+00;1.00000e+00;1.00000e+00;46;4.97732e-01;5.04024e-01;4.64051e-04
nav-lives;me-freeForm;5;[8];334;33400;33400;1.29351e+04;12;1;1;1.00000e+00;1.00000e+00;1.00000e+00;46;4.97732e-01;5.04024e-01;4.64051e-04
nav-lives;me-freeForm;5;[8];335;33500;33500;1.29718e+04;12;1;1;1.00000e+00;1.00000e+00;1.00000e+00;46;4.97732e-01;5.04024e-01;4.64051e-04
nav-lives;me-freeForm;5;[8];336;33600;33600;1.30082e+04;12;1;1;1.00000e+00;1.00000e+00;1.00000e+00;46;4.97732e-01;5.04024e-01;4.64051e-04
nav-lives;me-freeForm;5;[8];337;33700;33700;1.30449e+04;12;1;1;1.00000e+00;1.00000e+00;1.00000e+00;46;4.97732e-01;5.04024e-01;4.64051e-04
nav-lives;me-freeForm;5;[8];338;33800;33800;1.30818e+04;12;1;1;1.00000e+00;1.00000e+00;1.00000e+00;46;4.97732e-01;5.04024e-01;4.64051e-04
nav-lives;me-freeForm;5;[8];339;33900;33900;1.31186e+04;12;1;1;1.00000e+00;1.00000e+00;1.00000e+00;46;4.97732e-01;5.04024e-01;4.64051e-04
nav-lives;me-freeForm;5;[8];340;34000;34000;1.31552e+04;12;1;1;1.00000e+00;1.00000e+00;1.00000e+00;46;4.97732e-01;5.04024e-01;4.64051e-04
nav-lives;me-freeForm;5;[8];341;34100;34100;1.31924e+04;12;1;1;1.00000e+00;1.00000e+00;1.00000e+00;46;4.97732e-01;5.04024e-01;4.64051e-04
nav-lives;me-freeForm;5;[8];342;34200;34200;1.32291e+04;12;1;1;1.00000e+00;1.00000e+00;1.00000e+00;46;4.97732e-01;5.04024e-01;4.64051e-04
nav-lives;me-freeForm;5;[8];343;34300;34300;1.32659e+04;12;1;1;1.00000e+00;1.00000e+00;1.00000e+00;46;4.97732e-01;5.04024e-01;4.64051e-04
nav-lives;me-freeForm;5;[8];344;34400;34400;1.33030e+04;12;1;1;1.00000e+00;1.00000e+00;1.00000e+00;46;4.97732e-01;5.04024e-01;4.64051e-04
nav-lives;me-freeForm;5;[8];345;34500;34500;1.33400e+04;12;1;1;1.00000e+00;1.00000e+00;1.00000e+00;46;4.97732e-01;5.04024e-01;4.64051e-04
nav-lives;me-freeForm;5;[8];346;34600;34600;1.33768e+04;12;1;1;1.00000e+00;1.00000e+00;1.00000e+00;46;4.97732e-01;5.04024e-01;4.64051e-04
nav-lives;me-freeForm;5;[8];347;34700;34700;1.34133e+04;12;1;1;1.00000e+00;1.00000e+00;1.00000e+00;46;4.97732e-01;5.04024e-01;4.64051e-04
nav-lives;me-freeForm;5;[8];348;34800;34800;1.34504e+04;12;1;1;1.00000e+00;1.00000e+00;1.00000e+00;46;4.97732e-01;5.04024e-01;4.64051e-04
nav-lives;me-freeForm;5;[8];349;34900;34900;1.34870e+04;12;1;1;1.00000e+00;1.00000e+00;1.00000e+00;46;4.97732e-01;5.04024e-01;4.64051e-04
nav-lives;me-freeForm;5;[8];350;35000;35000;1.35237e+04;12;1;1;1.00000e+00;1.00000e+00;1.00000e+00;46;4.97732e-01;5.04024e-01;4.64051e-04
nav-lives;me-freeForm;5;[8];351;35100;35100;1.35607e+04;12;1;1;1.00000e+00;1.00000e+00;1.00000e+00;46;4.97732e-01;5.04024e-01;4.64051e-04
nav-lives;me-freeForm;5;[8];352;35200;35200;1.35976e+04;12;1;1;1.00000e+00;1.00000e+00;1.00000e+00;46;4.97732e-01;5.04024e-01;4.64051e-04
nav-lives;me-freeForm;5;[8];353;35300;35300;1.36346e+04;12;1;1;1.00000e+00;1.00000e+00;1.00000e+00;46;4.97732e-01;5.04024e-01;4.64051e-04
nav-lives;me-freeForm;5;[8];354;35400;35400;1.36714e+04;12;1;1;1.00000e+00;1.00000e+00;1.00000e+00;46;4.97732e-01;5.04024e-01;4.64051e-04
nav-lives;me-freeForm;5;[8];355;35500;35500;1.37083e+04;12;1;1;1.00000e+00;1.00000e+00;1.00000e+00;46;4.97732e-01;5.04024e-01;4.64051e-04
nav-lives;me-freeForm;5;[8];356;35600;35600;1.37451e+04;12;1;1;1.00000e+00;1.00000e+00;1.00000e+00;46;4.97732e-01;5.04024e-01;4.64051e-04
nav-lives;me-freeForm;5;[8];357;35700;35700;1.37818e+04;12;1;1;1.00000e+00;1.00000e+00;1.00000e+00;46;4.97732e-01;5.04024e-01;4.64051e-04
nav-lives;me-freeForm;5;[8];358;35800;35800;1.38188e+04;12;1;1;1.00000e+00;1.00000e+00;1.00000e+00;46;4.97732e-01;5.04024e-01;4.64051e-04
nav-lives;me-freeForm;5;[8];359;35900;35900;1.38557e+04;12;1;1;1.00000e+00;1.00000e+00;1.00000e+00;46;4.97732e-01;5.04024e-01;4.64051e-04
nav-lives;me-freeForm;5;[8];360;36000;36000;1.38924e+04;12;1;1;1.00000e+00;1.00000e+00;1.00000e+00;46;4.97732e-01;5.04024e-01;4.64051e-04
nav-lives;me-freeForm;5;[8];361;36100;36100;1.39292e+04;12;1;1;1.00000e+00;1.00000e+00;1.00000e+00;46;4.97732e-01;5.04024e-01;4.64051e-04
nav-lives;me-freeForm;5;[8];362;36200;36200;1.39662e+04;12;1;1;1.00000e+00;1.00000e+00;1.00000e+00;46;4.97732e-01;5.04024e-01;4.64051e-04
nav-lives;me-freeForm;5;[8];363;36300;36300;1.40029e+04;12;1;1;1.00000e+00;1.00000e+00;1.00000e+00;46;4.97732e-01;5.04024e-01;4.64051e-04
nav-lives;me-freeForm;5;[8];364;36400;36400;1.40400e+04;12;1;1;1.00000e+00;1.00000e+00;1.00000e+00;46;4.97732e-01;5.04024e-01;4.64051e-04
nav-lives;me-freeForm;5;[8];365;36500;36500;1.40771e+04;12;1;1;1.00000e+00;1.00000e+00;1.00000e+00;46;4.97732e-01;5.04024e-01;4.64051e-04
nav-lives;me-freeForm;5;[8];366;36600;36600;1.41142e+04;12;1;1;1.00000e+00;1.00000e+00;1.00000e+00;46;4.97732e-01;5.04024e-01;4.64051e-04
nav-lives;me-freeForm;5;[8];367;36700;36700;1.41510e+04;12;1;1;1.00000e+00;1.00000e+00;1.00000e+00;46;4.97732e-01;5.04024e-01;4.64051e-04
nav-lives;me-freeForm;5;[8];368;36800;36800;1.41876e+04;12;1;1;1.00000e+00;1.00000e+00;1.00000e+00;46;4.97732e-01;5.04024e-01;4.64051e-04
nav-lives;me-freeForm;5;[8];369;36900;36900;1.42245e+04;12;1;1;1.00000e+00;1.00000e+00;1.00000e+00;46;4.97732e-01;5.04024e-01;4.64051e-04
nav-lives;me-freeForm;5;[8];370;37000;37000;1.42612e+04;12;1;1;1.00000e+00;1.00000e+00;1.00000e+00;46;4.97732e-01;5.04024e-01;4.64051e-04
nav-lives;me-freeForm;5;[8];371;37100;37100;1.42981e+04;12;1;1;1.00000e+00;1.00000e+00;1.00000e+00;46;4.97732e-01;5.04024e-01;4.64051e-04
nav-lives;me-freeForm;5;[8];372;37200;37200;1.43348e+04;12;1;1;1.00000e+00;1.00000e+00;1.00000e+00;46;4.97732e-01;5.04024e-01;4.64051e-04
nav-lives;me-freeForm;5;[8];373;37300;37300;1.43716e+04;12;1;1;1.00000e+00;1.00000e+00;1.00000e+00;46;4.97732e-01;5.04024e-01;4.64051e-04
nav-lives;me-freeForm;5;[8];374;37400;37400;1.44085e+04;12;1;1;1.00000e+00;1.00000e+00;1.00000e+00;46;4.97732e-01;5.04024e-01;4.64051e-04
nav-lives;me-freeForm;5;[8];375;37500;37500;1.44451e+04;12;1;1;1.00000e+00;1.00000e+00;1.00000e+00;46;4.97732e-01;5.04024e-01;4.64051e-04
nav-lives;me-freeForm;5;[8];376;37600;37600;1.44818e+04;12;1;1;1.00000e+00;1.00000e+00;1.00000e+00;46;4.97732e-01;5.04024e-01;4.64051e-04
nav-lives;me-freeForm;5;[8];377;37700;37700;1.45187e+04;12;1;1;1.00000e+00;1.00000e+00;1.00000e+00;46;4.97732e-01;5.04024e-01;4.64051e-04
nav-lives;me-freeForm;5;[8];378;37800;37800;1.45556e+04;12;1;1;1.00000e+00;1.00000e+00;1.00000e+00;46;4.97732e-01;5.04024e-01;4.64051e-04
nav-lives;me-freeForm;5;[8];379;37900;37900;1.45923e+04;12;1;1;1.00000e+00;1.00000e+00;1.00000e+00;46;4.97732e-01;5.04024e-01;4.64051e-04
nav-lives;me-freeForm;5;[8];380;38000;38000;1.46292e+04;12;1;1;1.00000e+00;1.00000e+00;1.00000e+00;46;4.97732e-01;5.04024e-01;4.64051e-04
nav-lives;me-freeForm;5;[8];381;38100;38100;1.46661e+04;12;1;1;1.00000e+00;1.00000e+00;1.00000e+00;46;4.97732e-01;5.04024e-01;4.64051e-04
nav-lives;me-freeForm;5;[8];382;38200;38200;1.47031e+04;12;1;1;1.00000e+00;1.00000e+00;1.00000e+00;46;4.97732e-01;5.04024e-01;4.64051e-04
nav-lives;me-freeForm;5;[8];383;38300;38300;1.47398e+04;12;1;1;1.00000e+00;1.00000e+00;1.00000e+00;46;4.97732e-01;5.04024e-01;4.64051e-04
nav-lives;me-freeForm;5;[8];384;38400;38400;1.47766e+04;12;1;1;1.00000e+00;1.00000e+00;1.00000e+00;46;4.97732e-01;5.04024e-01;4.64051e-04
nav-lives;me-freeForm;5;[8];385;38500;38500;1.48131e+04;12;1;1;1.00000e+00;1.00000e+00;1.00000e+00;46;4.97732e-01;5.04024e-01;4.64051e-04
nav-lives;me-freeForm;5;[8];386;38600;38600;1.48498e+04;12;1;1;1.00000e+00;1.00000e+00;1.00000e+00;46;4.97732e-01;5.04024e-01;4.64051e-04
nav-lives;me-freeForm;5;[8];387;38700;38700;1.48866e+04;12;1;1;1.00000e+00;1.00000e+00;1.00000e+00;46;4.97732e-01;5.04024e-01;4.64051e-04
nav-lives;me-freeForm;5;[8];388;38800;38800;1.49240e+04;12;1;1;1.00000e+00;1.00000e+00;1.00000e+00;46;4.97732e-01;5.04024e-01;4.64051e-04
nav-lives;me-freeForm;5;[8];389;38900;38900;1.49606e+04;12;1;1;1.00000e+00;1.00000e+00;1.00000e+00;46;4.97732e-01;5.04024e-01;4.64051e-04
nav-lives;me-freeForm;5;[8];390;39000;39000;1.49974e+04;12;1;1;1.00000e+00;1.00000e+00;1.00000e+00;46;4.97732e-01;5.04024e-01;4.64051e-04
nav-lives;me-freeForm;5;[8];391;39100;39100;1.50340e+04;12;1;1;1.00000e+00;1.00000e+00;1.00000e+00;46;4.97732e-01;5.04024e-01;4.64051e-04
nav-lives;me-freeForm;5;[8];392;39200;39200;1.50712e+04;12;1;1;1.00000e+00;1.00000e+00;1.00000e+00;46;4.97732e-01;5.04024e-01;4.64051e-04
nav-lives;me-freeForm;5;[8];393;39300;39300;1.51079e+04;12;1;1;1.00000e+00;1.00000e+00;1.00000e+00;46;4.97732e-01;5.04024e-01;4.64051e-04
nav-lives;me-freeForm;5;[8];394;39400;39400;1.51446e+04;12;1;1;1.00000e+00;1.00000e+00;1.00000e+00;46;4.97732e-01;5.04024e-01;4.64051e-04
nav-lives;me-freeForm;5;[8];395;39500;39500;1.51814e+04;12;1;1;1.00000e+00;1.00000e+00;1.00000e+00;46;4.97732e-01;5.04024e-01;4.64051e-04
nav-lives;me-freeForm;5;[8];396;39600;39600;1.52184e+04;12;1;1;1.00000e+00;1.00000e+00;1.00000e+00;46;4.97732e-01;5.04024e-01;4.64051e-04
nav-lives;me-freeForm;5;[8];397;39700;39700;1.52549e+04;12;1;1;1.00000e+00;1.00000e+00;1.00000e+00;46;4.97732e-01;5.04024e-01;4.64051e-04
nav-lives;me-freeForm;5;[8];398;39800;39800;1.52919e+04;12;1;1;1.00000e+00;1.00000e+00;1.00000e+00;46;4.97732e-01;5.04024e-01;4.64051e-04
nav-lives;me-freeForm;5;[8];399;39900;39900;1.53286e+04;12;1;1;1.00000e+00;1.00000e+00;1.00000e+00;46;4.97732e-01;5.04024e-01;4.64051e-04
nav-lives;me-freeForm;5;[8];400;40000;40000;1.53651e+04;12;1;1;1.00000e+00;1.00000e+00;1.00000e+00;46;4.97732e-01;5.04024e-01;4.64051e-04
