problem.name;solver.name;randomGenerator.seed;numberOfInnerLayers→replace.all;n.iterations;n.evals;n.births;elapsed.secs;all→size;firsts→size;lasts→size;all→each[genotype]→uniqueness;all→each[solution]→uniqueness;all→each[quality]→uniqueness;best→genotype→size;best→quality→maturePerformance;best→quality→increase;best→quality→inconsistency
nav-lives;me-hebbian-neuron;1;[8];1;100;100;2.32900e+00;6;1;1;1.00000e+00;1.00000e+00;1.00000e+00;40;-2.41384e-03;3.51470e-03;1.13381e-03
nav-lives;me-hebbian-neuron;2;[8];1;100;100;2.88400e+00;9;1;1;1.00000e+00;1.00000e+00;1.00000e+00;40;4.99416e-01;5.05826e-01;3.03724e-04
nav-lives;me-hebbian-neuron;1;[8];2;200;200;3.93800e+00;10;1;1;1.00000e+00;1.00000e+00;1.00000e+00;40;1.82068e-01;1.88208e-01;2.42017e-01
nav-lives;me-hebbian-neuron;2;[8];2;200;200;4.64000e+00;9;1;1;1.00000e+00;1.00000e+00;1.00000e+00;40;4.99416e-01;5.05826e-01;3.03724e-04
nav-lives;me-hebbian-neuron;1;[8];3;300;300;5.24300e+00;10;1;1;1.00000e+00;1.00000e+00;1.00000e+00;40;1.82068e-01;1.88208e-01;2.42017e-01
nav-lives;me-hebbian-neuron;2;[8];3;300;300;6.05000e+00;10;1;1;1.00000e+00;1.00000e+00;1.00000e+00;40;4.99416e-01;5.05826e-01;3.03724e-04
nav-lives;me-hebbian-neuron;1;[8];4;400;400;7.04400e+00;10;1;1;1.00000e+00;1.00000e+00;1.00000e+00;40;3.16175e-01;3.22669e-01;4.20185e-01
nav-lives;me-hebbian-neuron;2;[8];4;400;400;7.71100e+00;10;1;1;1.00000e+00;1.00000e+00;1.00000e+00;40;4.99416e-01;5.05826e-01;3.03724e-04
nav-lives;me-hebbian-neuron;1;[8];5;500;500;8.39100e+00;10;1;1;1.00000e+00;1.00000e+00;1.00000e+00;40;3.97869e-01;4.04504e-01;2.00266e-01
nav-lives;me-hebbian-neuron;2;[8];5;500;500;9.12400e+00;11;1;1;1.00000e+00;1.00000e+00;1.00000e+00;40;4.99416e-01;5.05826e-01;3.03724e-04
nav-lives;me-hebbian-neuron;1;[8];6;600;600;9.78800e+00;11;1;1;1.00000e+00;1.00000e+00;1.00000e+00;40;4.93927e-01;5.00490e-01;3.44478e-04
nav-lives;me-hebbian-neuron;2;[8];6;600;600;1.04770e+01;11;1;1;1.00000e+00;1.00000e+00;1.00000e+00;40;4.99416e-01;5.05826e-01;3.03724e-04
nav-lives;me-hebbian-neuron;1;[8];7;700;700;1.11550e+01;12;1;1;1.00000e+00;1.00000e+00;1.00000e+00;40;4.93927e-01;5.00490e-01;3.44478e-04
nav-lives;me-hebbian-neuron;2;[8];7;700;700;1.18260e+01;12;1;1;1.00000e+00;1.00000e+00;1.00000e+00;40;4.99416e-01;5.05826e-01;3.03724e-04
nav-lives;me-hebbian-neuron;1;[8];8;800;800;1.25480e+01;14;1;1;1.00000e+00;1.00000e+00;1.00000e+00;40;4.93927e-01;5.00490e-01;3.44478e-04
nav-lives;me-hebbian-neuron;2;[8];8;800;800;1.32490e+01;13;1;1;1.00000e+00;1.00000e+00;1.00000e+00;40;4.99416e-01;5.05826e-01;3.03724e-04
nav-lives;me-hebbian-neuron;1;[8];9;900;900;1.39920e+01;14;1;1;1.00000e+00;1.00000e+00;1.00000e+00;40;4.93927e-01;5.00490e-01;3.44478e-04
nav-lives;me-hebbian-neuron;2;[8];9;900;900;1.47750e+01;14;1;1;1.00000e+00;1.00000e+00;1.00000e+00;40;4.99416e-01;5.05826e-01;3.03724e-04
nav-lives;me-hebbian-neuron;1;[8];10;1000;1000;1.54170e+01;14;1;1;1.00000e+00;1.00000e+00;1.00000e+00;40;4.93927e-01;5.00490e-01;3.44478e-04
nav-lives;me-hebbian-neuron;2;[8];10;1000;1000;1.60820e+01;15;1;1;1.00000e+00;1.00000e+00;1.00000e+00;40;4.99416e-01;5.05826e-01;3.03724e-04
nav-lives;me-hebbian-neuron;1;[8];11;1100;1100;1.67680e+01;15;1;1;1.00000e+00;1.00000e+00;1.00000e+00;40;4.93927e-01;5.00490e-01;3.44478e-04
nav-lives;me-hebbian-neuron;2;[8];11;1100;1100;1.76810e+01;15;1;1;1.00000e+00;1.00000e+00;1.00000e+00;40;5.24394e-01;5.32455e-01;4.98052e-01
nav-lives;me-hebbian-neuron;1;[8];12;1200;1200;1.80770e+01;15;1;1;1.00000e+00;1.00000e+00;1.00000e+00;40;4.93927e-01;5.00490e-01;3.44478e-04
nav-lives;me-hebbian-neuron;2;[8];12;1200;1200;1.89780e+01;15;1;1;1.00000e+00;1.00000e+00;1.00000e+00;40;5.24394e-01;5.32455e-01;4.98052e-01
nav-lives;me-hebbian-neuron;1;[8];13;1300;1300;1.96380e+01;15;1;1;1.00000e+00;1.00000e+00;1.00000e+00;40;4.93927e-01;5.00490e-01;3.44478e-04
nav-lives;me-hebbian-neuron;2;[8];13;1300;1300;2.03540e+01;16;1;1;1.00000e+00;1.00000e+00;1.00000e+00;40;5.24394e-01;5.32455e-01;4.98052e-01
nav-lives;me-hebbian-neuron;1;[8];14;1400;1400;2.10360e+01;16;1;1;1.00000e+00;1.00000e+00;1.00000e+00;40;4.93927e-01;5.00490e-01;3.44478e-04
nav-lives;me-hebbian-neuron;2;[8];14;1400;1400;2.16960e+01;16;1;1;1.00000e+00;1.00000e+00;1.00000e+00;40;5.24394e-01;5.32455e-01;4.98052e-01
nav-lives;me-hebbian-neuron;1;[8];15;1500;1500;2.23710e+01;16;1;1;1.00000e+00;1.00000e+00;1.00000e+00;40;6.82604e-01;6.88895e-01;2.41549e-01
nav-lives;me-hebbian-neuron;2;[8];15;1500;1500;2.30720e+01;18;1;1;1.00000e+00;1.00000e+00;1.00000e+00;40;5.24394e-01;5.32455e-01;4.98052e-01
nav-lives;me-hebbian-neuron;1;[8];16;1600;1600;2.37640e+01;17;1;1;1.00000e+00;1.00000e+00;1.00000e+00;40;6.82604e-01;6.88895e-01;2.41549e-01
nav-lives;me-hebbian-neuron;2;[8];16;1600;1600;2.45950e+01;18;1;1;1.00000e+00;1.00000e+00;1.00000e+00;40;5.24394e-01;5.32455e-01;4.98052e-01
nav-lives;me-hebbian-neuron;1;[8];17;1700;1700;2.51500e+01;17;1;1;1.00000e+00;1.00000e+00;1.00000e+00;40;6.82604e-01;6.88895e-01;2.41549e-01
nav-lives;me-hebbian-neuron;2;[8];17;1700;1700;2.58840e+01;18;1;1;1.00000e+00;1.00000e+00;1.00000e+00;40;5.24394e-01;5.32455e-01;4.98052e-01
nav-lives;me-hebbian-neuron;1;[8];18;1800;1800;2.66010e+01;17;1;1;1.00000e+00;1.00000e+00;1.00000e+00;40;6.82604e-01;6.88895e-01;2.41549e-01
nav-lives;me-hebbian-neuron;2;[8];18;1800;1800;2.74550e+01;18;1;1;1.00000e+00;1.00000e+00;1.00000e+00;40;5.24394e-01;5.32455e-01;4.98052e-01
nav-lives;me-hebbian-neuron;1;[8];19;1900;1900;2.79260e+01;17;1;1;1.00000e+00;1.00000e+00;1.00000e+00;40;6.82604e-01;6.88895e-01;2.41549e-01
nav-lives;me-hebbian-neuron;2;[8];19;1900;1900;2.87180e+01;18;1;1;1.00000e+00;1.00000e+00;1.00000e+00;40;5.24394e-01;5.32455e-01;4.98052e-01
nav-lives;me-hebbian-neuron;1;[8];20;2000;2000;2.93570e+01;17;1;1;1.00000e+00;1.00000e+00;1.00000e+00;40;6.82604e-01;6.88895e-01;2.41549e-01
nav-lives;me-hebbian-neuron;2;[8];20;2000;2000;3.00940e+01;18;1;1;1.00000e+00;1.00000e+00;1.00000e+00;40;5.24394e-01;5.32455e-01;4.98052e-01
nav-lives;me-hebbian-neuron;1;[8];21;2100;2100;3.08030e+01;17;1;1;1.00000e+00;1.00000e+00;1.00000e+00;40;6.82604e-01;6.88895e-01;2.41549e-01
nav-lives;me-hebbian-neuron;2;[8];21;2100;2100;3.15280e+01;18;1;1;1.00000e+00;1.00000e+00;1.00000e+00;40;5.24394e-01;5.32455e-01;4.98052e-01
nav-lives;me-hebbian-neuron;1;[8];22;2200;2200;3.22360e+01;17;1;1;1.00000e+00;1.00000e+00;1.00000e+00;40;6.82604e-01;6.88895e-01;2.41549e-01
nav-lives;me-hebbian-neuron;2;[8];22;2200;2200;3.29090e+01;18;1;1;1.00000e+00;1.00000e+00;1.00000e+00;40;5.24394e-01;5.32455e-01;4.98052e-01
nav-lives;me-hebbian-neuron;1;[8];23;2300;2300;3.35620e+01;17;1;1;1.00000e+00;1.00000e+00;1.00000e+00;40;6.82604e-01;6.88895e-01;2.41549e-01
nav-lives;me-hebbian-neuron;2;[8];23;2300;2300;3.43190e+01;18;1;1;1.00000e+00;1.00000e+00;1.00000e+00;40;5.24394e-01;5.32455e-01;4.98052e-01
nav-lives;me-hebbian-neuron;1;[8];24;2400;2400;3.50390e+01;17;1;1;1.00000e+00;1.00000e+00;1.00000e+00;40;6.82604e-01;6.88895e-01;2.41549e-01
nav-lives;me-hebbian-neuron;2;[8];24;2400;2400;3.57040e+01;18;1;1;1.00000e+00;1.00000e+00;1.00000e+00;40;9.99789e-01;1.00675e+00;4.38926e-04
nav-lives;me-hebbian-neuron;1;[8];25;2500;2500;3.63830e+01;17;1;1;1.00000e+00;1.00000e+00;1.00000e+00;40;6.82604e-01;6.88895e-01;2.41549e-01
nav-lives;me-hebbian-neuron;2;[8];25;2500;2500;3.70430e+01;18;1;1;1.00000e+00;1.00000e+00;1.00000e+00;40;9.99789e-01;1.00675e+00;4.38926e-04
nav-lives;me-hebbian-neuron;1;[8];26;2600;2600;3.78360e+01;17;1;1;1.00000e+00;1.00000e+00;1.00000e+00;40;6.82604e-01;6.88895e-01;2.41549e-01
nav-lives;me-hebbian-neuron;2;[8];26;2600;2600;3.84380e+01;18;1;1;1.00000e+00;1.00000e+00;1.00000e+00;40;9.99789e-01;1.00675e+00;4.38926e-04
nav-lives;me-hebbian-neuron;1;[8];27;2700;2700;3.91510e+01;17;1;1;1.00000e+00;1.00000e+00;1.00000e+00;40;6.82604e-01;6.88895e-01;2.41549e-01
nav-lives;me-hebbian-neuron;2;[8];27;2700;2700;3.98350e+01;18;1;1;1.00000e+00;1.00000e+00;1.00000e+00;40;9.99789e-01;1.00675e+00;4.38926e-04
nav-lives;me-hebbian-neuron;1;[8];28;2800;2800;4.05830e+01;17;1;1;1.00000e+00;1.00000e+00;1.00000e+00;40;6.82604e-01;6.88895e-01;2.41549e-01
nav-lives;me-hebbian-neuron;2;[8];28;2800;2800;4.13500e+01;18;1;1;1.00000e+00;1.00000e+00;1.00000e+00;40;9.99789e-01;1.00675e+00;4.38926e-04
nav-lives;me-hebbian-neuron;1;[8];29;2900;2900;4.19230e+01;17;1;1;1.00000e+00;1.00000e+00;1.00000e+00;40;6.82604e-01;6.88895e-01;2.41549e-01
nav-lives;me-hebbian-neuron;2;[8];29;2900;2900;4.26650e+01;18;1;1;1.00000e+00;1.00000e+00;1.00000e+00;40;9.99789e-01;1.00675e+00;4.38926e-04
nav-lives;me-hebbian-neuron;1;[8];30;3000;3000;4.33240e+01;18;1;1;1.00000e+00;1.00000e+00;1.00000e+00;40;6.82604e-01;6.88895e-01;2.41549e-01
nav-lives;me-hebbian-neuron;2;[8];30;3000;3000;4.40360e+01;18;1;1;1.00000e+00;1.00000e+00;1.00000e+00;40;9.99789e-01;1.00675e+00;4.38926e-04
nav-lives;me-hebbian-neuron;1;[8];31;3100;3100;4.47250e+01;18;1;1;1.00000e+00;1.00000e+00;1.00000e+00;40;6.82604e-01;6.88895e-01;2.41549e-01
nav-lives;me-hebbian-neuron;2;[8];31;3100;3100;4.54050e+01;18;1;1;1.00000e+00;1.00000e+00;1.00000e+00;40;9.99789e-01;1.00675e+00;4.38926e-04
nav-lives;me-hebbian-neuron;1;[8];32;3200;3200;4.60820e+01;18;1;1;1.00000e+00;1.00000e+00;1.00000e+00;40;6.82604e-01;6.88895e-01;2.41549e-01
nav-lives;me-hebbian-neuron;2;[8];32;3200;3200;4.67870e+01;18;1;1;1.00000e+00;1.00000e+00;1.00000e+00;40;9.99789e-01;1.00675e+00;4.38926e-04
nav-lives;me-hebbian-neuron;1;[8];33;3300;3300;4.75000e+01;18;1;1;1.00000e+00;1.00000e+00;1.00000e+00;40;6.82604e-01;6.88895e-01;2.41549e-01
nav-lives;me-hebbian-neuron;2;[8];33;3300;3300;4.82180e+01;18;1;1;1.00000e+00;1.00000e+00;1.00000e+00;40;9.99789e-01;1.00675e+00;4.38926e-04
nav-lives;me-hebbian-neuron;1;[8];34;3400;3400;4.89320e+01;18;1;1;1.00000e+00;1.00000e+00;1.00000e+00;40;6.82604e-01;6.88895e-01;2.41549e-01
nav-lives;me-hebbian-neuron;2;[8];34;3400;3400;4.95650e+01;18;1;1;1.00000e+00;1.00000e+00;1.00000e+00;40;9.99789e-01;1.00675e+00;4.38926e-04
nav-lives;me-hebbian-neuron;1;[8];35;3500;3500;5.03160e+01;18;1;1;1.00000e+00;1.00000e+00;1.00000e+00;40;6.82604e-01;6.88895e-01;2.41549e-01
nav-lives;me-hebbian-neuron;2;[8];35;3500;3500;5.09960e+01;18;1;1;1.00000e+00;1.00000e+00;1.00000e+00;40;9.99789e-01;1.00675e+00;4.38926e-04
nav-lives;me-hebbian-neuron;1;[8];36;3600;3600;5.17080e+01;18;1;1;1.00000e+00;1.00000e+00;1.00000e+00;40;6.82604e-01;6.88895e-01;2.41549e-01
nav-lives;me-hebbian-neuron;2;[8];36;3600;3600;5.23970e+01;18;1;1;1.00000e+00;1.00000e+00;1.00000e+00;40;9.99789e-01;1.00675e+00;4.38926e-04
nav-lives;me-hebbian-neuron;1;[8];37;3700;3700;5.30880e+01;18;1;1;1.00000e+00;1.00000e+00;1.00000e+00;40;6.82604e-01;6.88895e-01;2.41549e-01
nav-lives;me-hebbian-neuron;2;[8];37;3700;3700;5.37760e+01;18;1;1;1.00000e+00;1.00000e+00;1.00000e+00;40;9.99789e-01;1.00675e+00;4.38926e-04
nav-lives;me-hebbian-neuron;1;[8];38;3800;3800;5.44830e+01;18;1;1;1.00000e+00;1.00000e+00;1.00000e+00;40;6.82604e-01;6.88895e-01;2.41549e-01
nav-lives;me-hebbian-neuron;2;[8];38;3800;3800;5.51540e+01;18;1;1;1.00000e+00;1.00000e+00;1.00000e+00;40;9.99789e-01;1.00675e+00;4.38926e-04
nav-lives;me-hebbian-neuron;1;[8];39;3900;3900;5.58840e+01;18;1;1;1.00000e+00;1.00000e+00;1.00000e+00;40;6.82604e-01;6.88895e-01;2.41549e-01
nav-lives;me-hebbian-neuron;2;[8];39;3900;3900;5.65590e+01;18;1;1;1.00000e+00;1.00000e+00;1.00000e+00;40;9.99789e-01;1.00675e+00;4.38926e-04
nav-lives;me-hebbian-neuron;1;[8];40;4000;4000;5.72490e+01;18;1;1;1.00000e+00;1.00000e+00;1.00000e+00;40;6.82604e-01;6.88895e-01;2.41549e-01
nav-lives;me-hebbian-neuron;2;[8];40;4000;4000;5.79810e+01;19;1;1;1.00000e+00;1.00000e+00;1.00000e+00;40;9.99789e-01;1.00675e+00;4.38926e-04
nav-lives;me-hebbian-neuron;1;[8];41;4100;4100;5.86680e+01;18;1;1;1.00000e+00;1.00000e+00;1.00000e+00;40;6.82604e-01;6.88895e-01;2.41549e-01
nav-lives;me-hebbian-neuron;2;[8];41;4100;4100;5.93710e+01;19;1;1;1.00000e+00;1.00000e+00;1.00000e+00;40;9.99827e-01;1.00605e+00;2.10518e-07
nav-lives;me-hebbian-neuron;1;[8];42;4200;4200;6.00440e+01;18;1;1;1.00000e+00;1.00000e+00;1.00000e+00;40;6.82604e-01;6.88895e-01;2.41549e-01
nav-lives;me-hebbian-neuron;2;[8];42;4200;4200;6.07220e+01;19;1;1;1.00000e+00;1.00000e+00;1.00000e+00;40;9.99827e-01;1.00605e+00;2.10518e-07
nav-lives;me-hebbian-neuron;1;[8];43;4300;4300;6.14680e+01;18;1;1;1.00000e+00;1.00000e+00;1.00000e+00;40;6.82604e-01;6.88895e-01;2.41549e-01
nav-lives;me-hebbian-neuron;2;[8];43;4300;4300;6.21430e+01;19;1;1;1.00000e+00;1.00000e+00;1.00000e+00;40;9.99827e-01;1.00605e+00;2.10518e-07
nav-lives;me-hebbian-neuron;1;[8];44;4400;4400;6.28400e+01;18;1;1;1.00000e+00;1.00000e+00;1.00000e+00;40;6.82604e-01;6.88895e-01;2.41549e-01
nav-lives;me-hebbian-neuron;2;[8];44;4400;4400;6.35580e+01;20;1;1;1.00000e+00;1.00000e+00;1.00000e+00;40;9.99827e-01;1.00605e+00;2.10518e-07
nav-lives;me-hebbian-neuron;1;[8];45;4500;4500;6.42590e+01;18;1;1;1.00000e+00;1.00000e+00;1.00000e+00;40;6.82604e-01;6.88895e-01;2.41549e-01
nav-lives;me-hebbian-neuron;2;[8];45;4500;4500;6.49440e+01;20;1;1;1.00000e+00;1.00000e+00;1.00000e+00;40;9.99827e-01;1.00605e+00;2.10518e-07
nav-lives;me-hebbian-neuron;1;[8];46;4600;4600;6.56470e+01;18;1;1;1.00000e+00;1.00000e+00;1.00000e+00;40;7.99682e-01;8.05967e-01;3.98012e-01
nav-lives;me-hebbian-neuron;2;[8];46;4600;4600;6.64200e+01;20;1;1;1.00000e+00;1.00000e+00;1.00000e+00;40;9.99827e-01;1.00605e+00;2.10518e-07
nav-lives;me-hebbian-neuron;1;[8];47;4700;4700;6.70770e+01;18;1;1;1.00000e+00;1.00000e+00;1.00000e+00;40;7.99682e-01;8.05967e-01;3.98012e-01
nav-lives;me-hebbian-neuron;2;[8];47;4700;4700;6.77470e+01;20;1;1;1.00000e+00;1.00000e+00;1.00000e+00;40;9.99827e-01;1.00605e+00;2.10518e-07
nav-lives;me-hebbian-neuron;1;[8];48;4800;4800;6.84820e+01;18;1;1;1.00000e+00;1.00000e+00;1.00000e+00;40;8.33045e-01;8.39536e-01;3.71880e-01
nav-lives;me-hebbian-neuron;2;[8];48;4800;4800;6.91550e+01;20;1;1;1.00000e+00;1.00000e+00;1.00000e+00;40;9.99827e-01;1.00605e+00;2.10518e-07
nav-lives;me-hebbian-neuron;1;[8];49;4900;4900;6.98250e+01;18;1;1;1.00000e+00;1.00000e+00;1.00000e+00;40;8.33045e-01;8.39536e-01;3.71880e-01
nav-lives;me-hebbian-neuron;2;[8];49;4900;4900;7.05460e+01;20;1;1;1.00000e+00;1.00000e+00;1.00000e+00;40;9.99827e-01;1.00605e+00;2.10518e-07
nav-lives;me-hebbian-neuron;1;[8];50;5000;5000;7.12130e+01;18;1;1;1.00000e+00;1.00000e+00;1.00000e+00;40;8.33045e-01;8.39536e-01;3.71880e-01
nav-lives;me-hebbian-neuron;2;[8];50;5000;5000;7.19270e+01;20;1;1;1.00000e+00;1.00000e+00;1.00000e+00;40;9.99827e-01;1.00605e+00;2.10518e-07
nav-lives;me-hebbian-neuron;1;[8];51;5100;5100;7.26040e+01;18;1;1;1.00000e+00;1.00000e+00;1.00000e+00;40;8.33045e-01;8.39536e-01;3.71880e-01
nav-lives;me-hebbian-neuron;2;[8];51;5100;5100;7.32800e+01;20;1;1;1.00000e+00;1.00000e+00;1.00000e+00;40;9.99827e-01;1.00605e+00;2.10518e-07
nav-lives;me-hebbian-neuron;1;[8];52;5200;5200;7.39780e+01;18;1;1;1.00000e+00;1.00000e+00;1.00000e+00;40;8.33045e-01;8.39536e-01;3.71880e-01
nav-lives;me-hebbian-neuron;2;[8];52;5200;5200;7.46910e+01;20;1;1;1.00000e+00;1.00000e+00;1.00000e+00;40;9.99827e-01;1.00605e+00;2.10518e-07
nav-lives;me-hebbian-neuron;1;[8];53;5300;5300;7.53610e+01;18;1;1;1.00000e+00;1.00000e+00;1.00000e+00;40;8.33045e-01;8.39536e-01;3.71880e-01
nav-lives;me-hebbian-neuron;2;[8];53;5300;5300;7.61460e+01;20;1;1;1.00000e+00;1.00000e+00;1.00000e+00;40;9.99827e-01;1.00605e+00;2.10518e-07
nav-lives;me-hebbian-neuron;1;[8];54;5400;5400;7.68770e+01;18;1;1;1.00000e+00;1.00000e+00;1.00000e+00;40;8.33045e-01;8.39536e-01;3.71880e-01
nav-lives;me-hebbian-neuron;2;[8];54;5400;5400;7.74980e+01;20;1;1;1.00000e+00;1.00000e+00;1.00000e+00;40;9.99911e-01;1.00679e+00;1.21163e-07
nav-lives;me-hebbian-neuron;1;[8];55;5500;5500;7.82050e+01;18;1;1;1.00000e+00;1.00000e+00;1.00000e+00;40;8.33045e-01;8.39536e-01;3.71880e-01
nav-lives;me-hebbian-neuron;2;[8];55;5500;5500;7.89050e+01;20;1;1;1.00000e+00;1.00000e+00;1.00000e+00;40;9.99911e-01;1.00679e+00;1.21163e-07
nav-lives;me-hebbian-neuron;1;[8];56;5600;5600;7.95770e+01;18;1;1;1.00000e+00;1.00000e+00;1.00000e+00;40;8.33045e-01;8.39536e-01;3.71880e-01
nav-lives;me-hebbian-neuron;2;[8];56;5600;5600;8.03390e+01;20;1;1;1.00000e+00;1.00000e+00;1.00000e+00;40;9.99911e-01;1.00679e+00;1.21163e-07
nav-lives;me-hebbian-neuron;1;[8];57;5700;5700;8.10570e+01;18;1;1;1.00000e+00;1.00000e+00;1.00000e+00;40;9.99624e-01;1.00617e+00;3.92658e-04
nav-lives;me-hebbian-neuron;2;[8];57;5700;5700;8.17460e+01;20;1;1;1.00000e+00;1.00000e+00;1.00000e+00;40;9.99911e-01;1.00679e+00;1.21163e-07
nav-lives;me-hebbian-neuron;1;[8];58;5800;5800;8.24430e+01;18;1;1;1.00000e+00;1.00000e+00;1.00000e+00;40;9.99704e-01;1.00619e+00;2.98587e-04
nav-lives;me-hebbian-neuron;2;[8];58;5800;5800;8.31040e+01;20;1;1;1.00000e+00;1.00000e+00;1.00000e+00;40;9.99911e-01;1.00679e+00;1.21163e-07
nav-lives;me-hebbian-neuron;1;[8];59;5900;5900;8.38440e+01;18;1;1;1.00000e+00;1.00000e+00;1.00000e+00;40;9.99704e-01;1.00619e+00;2.98587e-04
nav-lives;me-hebbian-neuron;2;[8];59;5900;5900;8.45160e+01;20;1;1;1.00000e+00;1.00000e+00;1.00000e+00;40;9.99911e-01;1.00679e+00;1.21163e-07
nav-lives;me-hebbian-neuron;1;[8];60;6000;6000;8.51890e+01;18;1;1;1.00000e+00;1.00000e+00;1.00000e+00;40;9.99704e-01;1.00619e+00;2.98587e-04
nav-lives;me-hebbian-neuron;2;[8];60;6000;6000;8.58710e+01;20;1;1;1.00000e+00;1.00000e+00;1.00000e+00;40;9.99911e-01;1.00679e+00;1.21163e-07
nav-lives;me-hebbian-neuron;1;[8];61;6100;6100;8.65400e+01;18;1;1;1.00000e+00;1.00000e+00;1.00000e+00;40;9.99704e-01;1.00619e+00;2.98587e-04
nav-lives;me-hebbian-neuron;2;[8];61;6100;6100;8.72660e+01;20;1;1;1.00000e+00;1.00000e+00;1.00000e+00;40;9.99911e-01;1.00679e+00;1.21163e-07
nav-lives;me-hebbian-neuron;1;[8];62;6200;6200;8.79910e+01;18;1;1;1.00000e+00;1.00000e+00;1.00000e+00;40;9.99704e-01;1.00619e+00;2.98587e-04
nav-lives;me-hebbian-neuron;2;[8];62;6200;6200;8.86760e+01;20;1;1;1.00000e+00;1.00000e+00;1.00000e+00;40;9.99911e-01;1.00679e+00;1.21163e-07
nav-lives;me-hebbian-neuron;1;[8];63;6300;6300;8.93760e+01;18;1;1;1.00000e+00;1.00000e+00;1.00000e+00;40;9.99704e-01;1.00619e+00;2.98587e-04
nav-lives;me-hebbian-neuron;2;[8];63;6300;6300;9.01100e+01;20;1;1;1.00000e+00;1.00000e+00;1.00000e+00;40;9.99911e-01;1.00679e+00;1.21163e-07
nav-lives;me-hebbian-neuron;1;[8];64;6400;6400;9.07490e+01;18;1;1;1.00000e+00;1.00000e+00;1.00000e+00;40;9.99704e-01;1.00619e+00;2.98587e-04
nav-lives;me-hebbian-neuron;2;[8];64;6400;6400;9.14630e+01;20;1;1;1.00000e+00;1.00000e+00;1.00000e+00;40;9.99911e-01;1.00679e+00;1.21163e-07
nav-lives;me-hebbian-neuron;1;[8];65;6500;6500;9.21300e+01;18;1;1;1.00000e+00;1.00000e+00;1.00000e+00;40;9.99704e-01;1.00619e+00;2.98587e-04
nav-lives;me-hebbian-neuron;2;[8];65;6500;6500;9.28160e+01;20;1;1;1.00000e+00;1.00000e+00;1.00000e+00;40;9.99911e-01;1.00679e+00;1.21163e-07
nav-lives;me-hebbian-neuron;1;[8];66;6600;6600;9.35210e+01;18;1;1;1.00000e+00;1.00000e+00;1.00000e+00;40;9.99704e-01;1.00619e+00;2.98587e-04
nav-lives;me-hebbian-neuron;2;[8];66;6600;6600;9.42120e+01;20;1;1;1.00000e+00;1.00000e+00;1.00000e+00;40;9.99911e-01;1.00679e+00;1.21163e-07
nav-lives;me-hebbian-neuron;1;[8];67;6700;6700;9.49110e+01;18;1;1;1.00000e+00;1.00000e+00;1.00000e+00;40;9.99704e-01;1.00619e+00;2.98587e-04
nav-lives;me-hebbian-neuron;2;[8];67;6700;6700;9.57040e+01;20;1;1;1.00000e+00;1.00000e+00;1.00000e+00;40;9.99911e-01;1.00679e+00;1.21163e-07
nav-lives;me-hebbian-neuron;1;[8];68;6800;6800;9.63720e+01;18;1;1;1.00000e+00;1.00000e+00;1.00000e+00;40;9.99704e-01;1.00619e+00;2.98587e-04
nav-lives;me-hebbian-neuron;2;[8];68;6800;6800;9.70230e+01;20;1;1;1.00000e+00;1.00000e+00;1.00000e+00;40;9.99911e-01;1.00679e+00;1.21163e-07
nav-lives;me-hebbian-neuron;1;[8];69;6900;6900;9.77980e+01;18;1;1;1.00000e+00;1.00000e+00;1.00000e+00;40;9.99704e-01;1.00619e+00;2.98587e-04
nav-lives;me-hebbian-neuron;2;[8];69;6900;6900;9.84510e+01;20;1;1;1.00000e+00;1.00000e+00;1.00000e+00;40;9.99911e-01;1.00679e+00;1.21163e-07
nav-lives;me-hebbian-neuron;1;[8];70;7000;7000;9.91680e+01;18;1;1;1.00000e+00;1.00000e+00;1.00000e+00;40;9.99704e-01;1.00619e+00;2.98587e-04
nav-lives;me-hebbian-neuron;2;[8];70;7000;7000;9.98170e+01;20;1;1;1.00000e+00;1.00000e+00;1.00000e+00;40;9.99911e-01;1.00679e+00;1.21163e-07
nav-lives;me-hebbian-neuron;1;[8];71;7100;7100;1.00524e+02;18;1;1;1.00000e+00;1.00000e+00;1.00000e+00;40;9.99704e-01;1.00619e+00;2.98587e-04
nav-lives;me-hebbian-neuron;2;[8];71;7100;7100;1.01212e+02;20;1;1;1.00000e+00;1.00000e+00;1.00000e+00;40;9.99911e-01;1.00679e+00;1.21163e-07
nav-lives;me-hebbian-neuron;1;[8];72;7200;7200;1.01899e+02;18;1;1;1.00000e+00;1.00000e+00;1.00000e+00;40;9.99704e-01;1.00619e+00;2.98587e-04
nav-lives;me-hebbian-neuron;2;[8];72;7200;7200;1.02612e+02;20;1;1;1.00000e+00;1.00000e+00;1.00000e+00;40;9.99911e-01;1.00679e+00;1.21163e-07
nav-lives;me-hebbian-neuron;1;[8];73;7300;7300;1.03274e+02;18;1;1;1.00000e+00;1.00000e+00;1.00000e+00;40;9.99704e-01;1.00619e+00;2.98587e-04
nav-lives;me-hebbian-neuron;2;[8];73;7300;7300;1.04006e+02;20;1;1;1.00000e+00;1.00000e+00;1.00000e+00;40;9.99911e-01;1.00679e+00;1.21163e-07
nav-lives;me-hebbian-neuron;1;[8];74;7400;7400;1.04669e+02;18;1;1;1.00000e+00;1.00000e+00;1.00000e+00;40;9.99704e-01;1.00619e+00;2.98587e-04
nav-lives;me-hebbian-neuron;2;[8];74;7400;7400;1.05384e+02;20;1;1;1.00000e+00;1.00000e+00;1.00000e+00;40;9.99911e-01;1.00679e+00;1.21163e-07
nav-lives;me-hebbian-neuron;1;[8];75;7500;7500;1.06042e+02;18;1;1;1.00000e+00;1.00000e+00;1.00000e+00;40;9.99704e-01;1.00619e+00;2.98587e-04
nav-lives;me-hebbian-neuron;2;[8];75;7500;7500;1.06737e+02;20;1;1;1.00000e+00;1.00000e+00;1.00000e+00;40;9.99911e-01;1.00679e+00;1.21163e-07
nav-lives;me-hebbian-neuron;1;[8];76;7600;7600;1.07469e+02;18;1;1;1.00000e+00;1.00000e+00;1.00000e+00;40;9.99704e-01;1.00619e+00;2.98587e-04
nav-lives;me-hebbian-neuron;2;[8];76;7600;7600;1.08145e+02;20;1;1;1.00000e+00;1.00000e+00;1.00000e+00;40;9.99911e-01;1.00679e+00;1.21163e-07
nav-lives;me-hebbian-neuron;1;[8];77;7700;7700;1.09033e+02;18;1;1;1.00000e+00;1.00000e+00;1.00000e+00;40;9.99704e-01;1.00619e+00;2.98587e-04
nav-lives;me-hebbian-neuron;2;[8];77;7700;7700;1.09563e+02;20;1;1;1.00000e+00;1.00000e+00;1.00000e+00;40;9.99911e-01;1.00679e+00;1.21163e-07
nav-lives;me-hebbian-neuron;1;[8];78;7800;7800;1.10324e+02;18;1;1;1.00000e+00;1.00000e+00;1.00000e+00;40;9.99704e-01;1.00619e+00;2.98587e-04
nav-lives;me-hebbian-neuron;2;[8];78;7800;7800;1.10977e+02;20;1;1;1.00000e+00;1.00000e+00;1.00000e+00;40;9.99911e-01;1.00679e+00;1.21163e-07
nav-lives;me-hebbian-neuron;1;[8];79;7900;7900;1.11742e+02;18;1;1;1.00000e+00;1.00000e+00;1.00000e+00;40;9.99704e-01;1.00619e+00;2.98587e-04
nav-lives;me-hebbian-neuron;2;[8];79;7900;7900;1.12377e+02;20;1;1;1.00000e+00;1.00000e+00;1.00000e+00;40;9.99911e-01;1.00679e+00;1.21163e-07
nav-lives;me-hebbian-neuron;1;[8];80;8000;8000;1.13065e+02;19;1;1;1.00000e+00;1.00000e+00;1.00000e+00;40;9.99704e-01;1.00619e+00;2.98587e-04
nav-lives;me-hebbian-neuron;2;[8];80;8000;8000;1.13858e+02;20;1;1;1.00000e+00;1.00000e+00;1.00000e+00;40;9.99911e-01;1.00679e+00;1.21163e-07
nav-lives;me-hebbian-neuron;1;[8];81;8100;8100;1.14457e+02;19;1;1;1.00000e+00;1.00000e+00;1.00000e+00;40;9.99704e-01;1.00619e+00;2.98587e-04
nav-lives;me-hebbian-neuron;2;[8];81;8100;8100;1.15144e+02;20;1;1;1.00000e+00;1.00000e+00;1.00000e+00;40;9.99911e-01;1.00679e+00;1.21163e-07
nav-lives;me-hebbian-neuron;1;[8];82;8200;8200;1.15783e+02;19;1;1;1.00000e+00;1.00000e+00;1.00000e+00;40;9.99704e-01;1.00619e+00;2.98587e-04
nav-lives;me-hebbian-neuron;2;[8];82;8200;8200;1.16557e+02;20;1;1;1.00000e+00;1.00000e+00;1.00000e+00;40;9.99911e-01;1.00679e+00;1.21163e-07
nav-lives;me-hebbian-neuron;1;[8];83;8300;8300;1.17370e+02;19;1;1;1.00000e+00;1.00000e+00;1.00000e+00;40;9.99704e-01;1.00619e+00;2.98587e-04
nav-lives;me-hebbian-neuron;2;[8];83;8300;8300;1.17959e+02;20;1;1;1.00000e+00;1.00000e+00;1.00000e+00;40;9.99911e-01;1.00679e+00;1.21163e-07
nav-lives;me-hebbian-neuron;1;[8];84;8400;8400;1.18707e+02;19;1;1;1.00000e+00;1.00000e+00;1.00000e+00;40;9.99704e-01;1.00619e+00;2.98587e-04
nav-lives;me-hebbian-neuron;2;[8];84;8400;8400;1.19418e+02;20;1;1;1.00000e+00;1.00000e+00;1.00000e+00;40;9.99911e-01;1.00679e+00;1.21163e-07
nav-lives;me-hebbian-neuron;1;[8];85;8500;8500;1.20073e+02;19;1;1;1.00000e+00;1.00000e+00;1.00000e+00;40;9.99704e-01;1.00619e+00;2.98587e-04
nav-lives;me-hebbian-neuron;2;[8];85;8500;8500;1.20756e+02;20;1;1;1.00000e+00;1.00000e+00;1.00000e+00;40;9.99911e-01;1.00679e+00;1.21163e-07
nav-lives;me-hebbian-neuron;1;[8];86;8600;8600;1.21377e+02;19;1;1;1.00000e+00;1.00000e+00;1.00000e+00;40;9.99704e-01;1.00619e+00;2.98587e-04
nav-lives;me-hebbian-neuron;2;[8];86;8600;8600;1.22103e+02;20;1;1;1.00000e+00;1.00000e+00;1.00000e+00;40;9.99911e-01;1.00679e+00;1.21163e-07
nav-lives;me-hebbian-neuron;1;[8];87;8700;8700;1.22859e+02;19;1;1;1.00000e+00;1.00000e+00;1.00000e+00;40;9.99704e-01;1.00619e+00;2.98587e-04
nav-lives;me-hebbian-neuron;2;[8];87;8700;8700;1.23512e+02;20;1;1;1.00000e+00;1.00000e+00;1.00000e+00;40;9.99911e-01;1.00679e+00;1.21163e-07
nav-lives;me-hebbian-neuron;1;[8];88;8800;8800;1.24214e+02;19;1;1;1.00000e+00;1.00000e+00;1.00000e+00;40;9.99704e-01;1.00619e+00;2.98587e-04
nav-lives;me-hebbian-neuron;2;[8];88;8800;8800;1.24877e+02;20;1;1;1.00000e+00;1.00000e+00;1.00000e+00;40;9.99911e-01;1.00679e+00;1.21163e-07
nav-lives;me-hebbian-neuron;1;[8];89;8900;8900;1.25581e+02;19;1;1;1.00000e+00;1.00000e+00;1.00000e+00;40;9.99704e-01;1.00619e+00;2.98587e-04
nav-lives;me-hebbian-neuron;2;[8];89;8900;8900;1.26256e+02;20;1;1;1.00000e+00;1.00000e+00;1.00000e+00;40;9.99911e-01;1.00679e+00;1.21163e-07
nav-lives;me-hebbian-neuron;1;[8];90;9000;9000;1.26927e+02;19;1;1;1.00000e+00;1.00000e+00;1.00000e+00;40;9.99704e-01;1.00619e+00;2.98587e-04
nav-lives;me-hebbian-neuron;2;[8];90;9000;9000;1.27739e+02;20;1;1;1.00000e+00;1.00000e+00;1.00000e+00;40;9.99911e-01;1.00679e+00;1.21163e-07
nav-lives;me-hebbian-neuron;1;[8];91;9100;9100;1.28443e+02;19;1;1;1.00000e+00;1.00000e+00;1.00000e+00;40;9.99704e-01;1.00619e+00;2.98587e-04
nav-lives;me-hebbian-neuron;2;[8];91;9100;9100;1.29141e+02;20;1;1;1.00000e+00;1.00000e+00;1.00000e+00;40;9.99911e-01;1.00679e+00;1.21163e-07
nav-lives;me-hebbian-neuron;1;[8];92;9200;9200;1.29880e+02;19;1;1;1.00000e+00;1.00000e+00;1.00000e+00;40;9.99704e-01;1.00619e+00;2.98587e-04
nav-lives;me-hebbian-neuron;2;[8];92;9200;9200;1.30547e+02;20;1;1;1.00000e+00;1.00000e+00;1.00000e+00;40;9.99911e-01;1.00679e+00;1.21163e-07
nav-lives;me-hebbian-neuron;1;[8];93;9300;9300;1.31214e+02;19;1;1;1.00000e+00;1.00000e+00;1.00000e+00;40;9.99704e-01;1.00619e+00;2.98587e-04
nav-lives;me-hebbian-neuron;2;[8];93;9300;9300;1.31894e+02;20;1;1;1.00000e+00;1.00000e+00;1.00000e+00;40;9.99911e-01;1.00679e+00;1.21163e-07
nav-lives;me-hebbian-neuron;1;[8];94;9400;9400;1.32563e+02;19;1;1;1.00000e+00;1.00000e+00;1.00000e+00;40;9.99704e-01;1.00619e+00;2.98587e-04
nav-lives;me-hebbian-neuron;2;[8];94;9400;9400;1.33283e+02;20;1;1;1.00000e+00;1.00000e+00;1.00000e+00;40;9.99911e-01;1.00679e+00;1.21163e-07
nav-lives;me-hebbian-neuron;1;[8];95;9500;9500;1.33992e+02;19;1;1;1.00000e+00;1.00000e+00;1.00000e+00;40;9.99704e-01;1.00619e+00;2.98587e-04
nav-lives;me-hebbian-neuron;2;[8];95;9500;9500;1.34704e+02;20;1;1;1.00000e+00;1.00000e+00;1.00000e+00;40;9.99911e-01;1.00679e+00;1.21163e-07
nav-lives;me-hebbian-neuron;1;[8];96;9600;9600;1.35378e+02;19;1;1;1.00000e+00;1.00000e+00;1.00000e+00;40;9.99704e-01;1.00619e+00;2.98587e-04
nav-lives;me-hebbian-neuron;2;[8];96;9600;9600;1.36059e+02;20;1;1;1.00000e+00;1.00000e+00;1.00000e+00;40;9.99911e-01;1.00679e+00;1.21163e-07
nav-lives;me-hebbian-neuron;1;[8];97;9700;9700;1.36795e+02;19;1;1;1.00000e+00;1.00000e+00;1.00000e+00;40;9.99704e-01;1.00619e+00;2.98587e-04
nav-lives;me-hebbian-neuron;2;[8];97;9700;9700;1.37478e+02;20;1;1;1.00000e+00;1.00000e+00;1.00000e+00;40;9.99911e-01;1.00679e+00;1.21163e-07
nav-lives;me-hebbian-neuron;1;[8];98;9800;9800;1.38191e+02;19;1;1;1.00000e+00;1.00000e+00;1.00000e+00;40;9.99704e-01;1.00619e+00;2.98587e-04
nav-lives;me-hebbian-neuron;2;[8];98;9800;9800;1.38874e+02;20;1;1;1.00000e+00;1.00000e+00;1.00000e+00;40;9.99911e-01;1.00679e+00;1.21163e-07
nav-lives;me-hebbian-neuron;1;[8];99;9900;9900;1.39618e+02;19;1;1;1.00000e+00;1.00000e+00;1.00000e+00;40;9.99704e-01;1.00619e+00;2.98587e-04
nav-lives;me-hebbian-neuron;2;[8];99;9900;9900;1.40235e+02;20;1;1;1.00000e+00;1.00000e+00;1.00000e+00;40;9.99911e-01;1.00679e+00;1.21163e-07
nav-lives;me-hebbian-neuron;1;[8];100;10000;10000;1.40989e+02;19;1;1;1.00000e+00;1.00000e+00;1.00000e+00;40;9.99704e-01;1.00619e+00;2.98587e-04
nav-lives;me-hebbian-neuron;2;[8];100;10000;10000;1.41699e+02;20;1;1;1.00000e+00;1.00000e+00;1.00000e+00;40;9.99911e-01;1.00679e+00;1.21163e-07
nav-lives;me-hebbian-neuron;1;[8];101;10100;10100;1.42419e+02;19;1;1;1.00000e+00;1.00000e+00;1.00000e+00;40;9.99704e-01;1.00619e+00;2.98587e-04
nav-lives;me-hebbian-neuron;2;[8];101;10100;10100;1.43066e+02;20;1;1;1.00000e+00;1.00000e+00;1.00000e+00;40;9.99911e-01;1.00679e+00;1.21163e-07
nav-lives;me-hebbian-neuron;1;[8];102;10200;10200;1.43781e+02;19;1;1;1.00000e+00;1.00000e+00;1.00000e+00;40;9.99704e-01;1.00619e+00;2.98587e-04
nav-lives;me-hebbian-neuron;2;[8];102;10200;10200;1.44453e+02;20;1;1;1.00000e+00;1.00000e+00;1.00000e+00;40;9.99911e-01;1.00679e+00;1.21163e-07
nav-lives;me-hebbian-neuron;1;[8];103;10300;10300;1.45168e+02;19;1;1;1.00000e+00;1.00000e+00;1.00000e+00;40;9.99704e-01;1.00619e+00;2.98587e-04
nav-lives;me-hebbian-neuron;2;[8];103;10300;10300;1.45831e+02;20;1;1;1.00000e+00;1.00000e+00;1.00000e+00;40;9.99911e-01;1.00679e+00;1.21163e-07
nav-lives;me-hebbian-neuron;1;[8];104;10400;10400;1.46521e+02;19;1;1;1.00000e+00;1.00000e+00;1.00000e+00;40;9.99704e-01;1.00619e+00;2.98587e-04
nav-lives;me-hebbian-neuron;2;[8];104;10400;10400;1.47316e+02;20;1;1;1.00000e+00;1.00000e+00;1.00000e+00;40;9.99911e-01;1.00679e+00;1.21163e-07
nav-lives;me-hebbian-neuron;1;[8];105;10500;10500;1.47952e+02;19;1;1;1.00000e+00;1.00000e+00;1.00000e+00;40;9.99704e-01;1.00619e+00;2.98587e-04
nav-lives;me-hebbian-neuron;2;[8];105;10500;10500;1.48675e+02;20;1;1;1.00000e+00;1.00000e+00;1.00000e+00;40;9.99911e-01;1.00679e+00;1.21163e-07
nav-lives;me-hebbian-neuron;1;[8];106;10600;10600;1.49457e+02;19;1;1;1.00000e+00;1.00000e+00;1.00000e+00;40;9.99704e-01;1.00619e+00;2.98587e-04
nav-lives;me-hebbian-neuron;2;[8];106;10600;10600;1.50047e+02;20;1;1;1.00000e+00;1.00000e+00;1.00000e+00;40;9.99911e-01;1.00679e+00;1.21163e-07
nav-lives;me-hebbian-neuron;1;[8];107;10700;10700;1.50721e+02;19;1;1;1.00000e+00;1.00000e+00;1.00000e+00;40;9.99704e-01;1.00619e+00;2.98587e-04
nav-lives;me-hebbian-neuron;2;[8];107;10700;10700;1.51509e+02;20;1;1;1.00000e+00;1.00000e+00;1.00000e+00;40;9.99911e-01;1.00679e+00;1.21163e-07
nav-lives;me-hebbian-neuron;1;[8];108;10800;10800;1.52083e+02;19;1;1;1.00000e+00;1.00000e+00;1.00000e+00;40;9.99704e-01;1.00619e+00;2.98587e-04
nav-lives;me-hebbian-neuron;2;[8];108;10800;10800;1.52789e+02;20;1;1;1.00000e+00;1.00000e+00;1.00000e+00;40;9.99911e-01;1.00679e+00;1.21163e-07
nav-lives;me-hebbian-neuron;1;[8];109;10900;10900;1.53509e+02;19;1;1;1.00000e+00;1.00000e+00;1.00000e+00;40;9.99704e-01;1.00619e+00;2.98587e-04
nav-lives;me-hebbian-neuron;2;[8];109;10900;10900;1.54292e+02;20;1;1;1.00000e+00;1.00000e+00;1.00000e+00;40;9.99911e-01;1.00679e+00;1.21163e-07
nav-lives;me-hebbian-neuron;1;[8];110;11000;11000;1.54891e+02;19;1;1;1.00000e+00;1.00000e+00;1.00000e+00;40;9.99704e-01;1.00619e+00;2.98587e-04
nav-lives;me-hebbian-neuron;2;[8];110;11000;11000;1.55679e+02;20;1;1;1.00000e+00;1.00000e+00;1.00000e+00;40;9.99911e-01;1.00679e+00;1.21163e-07
nav-lives;me-hebbian-neuron;1;[8];111;11100;11100;1.56307e+02;19;1;1;1.00000e+00;1.00000e+00;1.00000e+00;40;9.99704e-01;1.00619e+00;2.98587e-04
nav-lives;me-hebbian-neuron;2;[8];111;11100;11100;1.57064e+02;20;1;1;1.00000e+00;1.00000e+00;1.00000e+00;40;9.99911e-01;1.00679e+00;1.21163e-07
nav-lives;me-hebbian-neuron;1;[8];112;11200;11200;1.57735e+02;19;1;1;1.00000e+00;1.00000e+00;1.00000e+00;40;9.99704e-01;1.00619e+00;2.98587e-04
nav-lives;me-hebbian-neuron;2;[8];112;11200;11200;1.58438e+02;20;1;1;1.00000e+00;1.00000e+00;1.00000e+00;40;9.99911e-01;1.00679e+00;1.21163e-07
nav-lives;me-hebbian-neuron;1;[8];113;11300;11300;1.59097e+02;19;1;1;1.00000e+00;1.00000e+00;1.00000e+00;40;9.99704e-01;1.00619e+00;2.98587e-04
nav-lives;me-hebbian-neuron;2;[8];113;11300;11300;1.59778e+02;20;1;1;1.00000e+00;1.00000e+00;1.00000e+00;40;9.99911e-01;1.00679e+00;1.21163e-07
nav-lives;me-hebbian-neuron;1;[8];114;11400;11400;1.60495e+02;19;1;1;1.00000e+00;1.00000e+00;1.00000e+00;40;9.99704e-01;1.00619e+00;2.98587e-04
nav-lives;me-hebbian-neuron;2;[8];114;11400;11400;1.61209e+02;20;1;1;1.00000e+00;1.00000e+00;1.00000e+00;40;9.99911e-01;1.00679e+00;1.21163e-07
nav-lives;me-hebbian-neuron;1;[8];115;11500;11500;1.61877e+02;19;1;1;1.00000e+00;1.00000e+00;1.00000e+00;40;9.99704e-01;1.00619e+00;2.98587e-04
nav-lives;me-hebbian-neuron;2;[8];115;11500;11500;1.62536e+02;20;1;1;1.00000e+00;1.00000e+00;1.00000e+00;40;9.99911e-01;1.00679e+00;1.21163e-07
nav-lives;me-hebbian-neuron;1;[8];116;11600;11600;1.63282e+02;19;1;1;1.00000e+00;1.00000e+00;1.00000e+00;40;9.99704e-01;1.00619e+00;2.98587e-04
nav-lives;me-hebbian-neuron;2;[8];116;11600;11600;1.63936e+02;20;1;1;1.00000e+00;1.00000e+00;1.00000e+00;40;9.99911e-01;1.00679e+00;1.21163e-07
nav-lives;me-hebbian-neuron;1;[8];117;11700;11700;1.64642e+02;19;1;1;1.00000e+00;1.00000e+00;1.00000e+00;40;9.99704e-01;1.00619e+00;2.98587e-04
nav-lives;me-hebbian-neuron;2;[8];117;11700;11700;1.65419e+02;20;1;1;1.00000e+00;1.00000e+00;1.00000e+00;40;9.99911e-01;1.00679e+00;1.21163e-07
nav-lives;me-hebbian-neuron;1;[8];118;11800;11800;1.66092e+02;19;1;1;1.00000e+00;1.00000e+00;1.00000e+00;40;9.99704e-01;1.00619e+00;2.98587e-04
nav-lives;me-hebbian-neuron;2;[8];118;11800;11800;1.66728e+02;20;1;1;1.00000e+00;1.00000e+00;1.00000e+00;40;9.99911e-01;1.00679e+00;1.21163e-07
nav-lives;me-hebbian-neuron;1;[8];119;11900;11900;1.67420e+02;19;1;1;1.00000e+00;1.00000e+00;1.00000e+00;40;9.99704e-01;1.00619e+00;2.98587e-04
nav-lives;me-hebbian-neuron;2;[8];119;11900;11900;1.68260e+02;20;1;1;1.00000e+00;1.00000e+00;1.00000e+00;40;9.99911e-01;1.00679e+00;1.21163e-07
nav-lives;me-hebbian-neuron;1;[8];120;12000;12000;1.68894e+02;19;1;1;1.00000e+00;1.00000e+00;1.00000e+00;40;9.99704e-01;1.00619e+00;2.98587e-04
nav-lives;me-hebbian-neuron;2;[8];120;12000;12000;1.69569e+02;20;1;1;1.00000e+00;1.00000e+00;1.00000e+00;40;9.99911e-01;1.00679e+00;1.21163e-07
nav-lives;me-hebbian-neuron;1;[8];121;12100;12100;1.70272e+02;19;1;1;1.00000e+00;1.00000e+00;1.00000e+00;40;9.99704e-01;1.00619e+00;2.98587e-04
nav-lives;me-hebbian-neuron;2;[8];121;12100;12100;1.70962e+02;20;1;1;1.00000e+00;1.00000e+00;1.00000e+00;40;9.99911e-01;1.00679e+00;1.21163e-07
nav-lives;me-hebbian-neuron;1;[8];122;12200;12200;1.71677e+02;19;1;1;1.00000e+00;1.00000e+00;1.00000e+00;40;9.99704e-01;1.00619e+00;2.98587e-04
nav-lives;me-hebbian-neuron;2;[8];122;12200;12200;1.72338e+02;20;1;1;1.00000e+00;1.00000e+00;1.00000e+00;40;9.99911e-01;1.00679e+00;1.21163e-07
nav-lives;me-hebbian-neuron;1;[8];123;12300;12300;1.73027e+02;19;1;1;1.00000e+00;1.00000e+00;1.00000e+00;40;9.99877e-01;1.00639e+00;3.95260e-04
nav-lives;me-hebbian-neuron;2;[8];123;12300;12300;1.73747e+02;20;1;1;1.00000e+00;1.00000e+00;1.00000e+00;40;9.99911e-01;1.00679e+00;1.21163e-07
nav-lives;me-hebbian-neuron;1;[8];124;12400;12400;1.74451e+02;19;1;1;1.00000e+00;1.00000e+00;1.00000e+00;40;9.99877e-01;1.00639e+00;3.95260e-04
nav-lives;me-hebbian-neuron;2;[8];124;12400;12400;1.75142e+02;20;1;1;1.00000e+00;1.00000e+00;1.00000e+00;40;9.99911e-01;1.00679e+00;1.21163e-07
nav-lives;me-hebbian-neuron;1;[8];125;12500;12500;1.75852e+02;19;1;1;1.00000e+00;1.00000e+00;1.00000e+00;40;9.99877e-01;1.00639e+00;3.95260e-04
nav-lives;me-hebbian-neuron;2;[8];125;12500;12500;1.76506e+02;20;1;1;1.00000e+00;1.00000e+00;1.00000e+00;40;9.99911e-01;1.00679e+00;1.21163e-07
nav-lives;me-hebbian-neuron;1;[8];126;12600;12600;1.77313e+02;19;1;1;1.00000e+00;1.00000e+00;1.00000e+00;40;9.99877e-01;1.00639e+00;3.95260e-04
nav-lives;me-hebbian-neuron;2;[8];126;12600;12600;1.77858e+02;20;1;1;1.00000e+00;1.00000e+00;1.00000e+00;40;9.99911e-01;1.00679e+00;1.21163e-07
nav-lives;me-hebbian-neuron;1;[8];127;12700;12700;1.78694e+02;19;1;1;1.00000e+00;1.00000e+00;1.00000e+00;40;9.99877e-01;1.00639e+00;3.95260e-04
nav-lives;me-hebbian-neuron;2;[8];127;12700;12700;1.79348e+02;20;1;1;1.00000e+00;1.00000e+00;1.00000e+00;40;9.99911e-01;1.00679e+00;1.21163e-07
nav-lives;me-hebbian-neuron;1;[8];128;12800;12800;1.80069e+02;19;1;1;1.00000e+00;1.00000e+00;1.00000e+00;40;9.99877e-01;1.00639e+00;3.95260e-04
nav-lives;me-hebbian-neuron;2;[8];128;12800;12800;1.80773e+02;20;1;1;1.00000e+00;1.00000e+00;1.00000e+00;40;9.99911e-01;1.00679e+00;1.21163e-07
nav-lives;me-hebbian-neuron;1;[8];129;12900;12900;1.81461e+02;19;1;1;1.00000e+00;1.00000e+00;1.00000e+00;40;9.99877e-01;1.00639e+00;3.95260e-04
nav-lives;me-hebbian-neuron;2;[8];129;12900;12900;1.82153e+02;20;1;1;1.00000e+00;1.00000e+00;1.00000e+00;40;9.99911e-01;1.00679e+00;1.21163e-07
nav-lives;me-hebbian-neuron;1;[8];130;13000;13000;1.82823e+02;19;1;1;1.00000e+00;1.00000e+00;1.00000e+00;40;9.99877e-01;1.00639e+00;3.95260e-04
nav-lives;me-hebbian-neuron;2;[8];130;13000;13000;1.83531e+02;20;1;1;1.00000e+00;1.00000e+00;1.00000e+00;40;9.99911e-01;1.00679e+00;1.21163e-07
nav-lives;me-hebbian-neuron;1;[8];131;13100;13100;1.84233e+02;19;1;1;1.00000e+00;1.00000e+00;1.00000e+00;40;9.99877e-01;1.00639e+00;3.95260e-04
nav-lives;me-hebbian-neuron;2;[8];131;13100;13100;1.84877e+02;20;1;1;1.00000e+00;1.00000e+00;1.00000e+00;40;9.99911e-01;1.00679e+00;1.21163e-07
nav-lives;me-hebbian-neuron;1;[8];132;13200;13200;1.85601e+02;19;1;1;1.00000e+00;1.00000e+00;1.00000e+00;40;9.99877e-01;1.00639e+00;3.95260e-04
nav-lives;me-hebbian-neuron;2;[8];132;13200;13200;1.86279e+02;20;1;1;1.00000e+00;1.00000e+00;1.00000e+00;40;9.99911e-01;1.00679e+00;1.21163e-07
nav-lives;me-hebbian-neuron;1;[8];133;13300;13300;1.86997e+02;19;1;1;1.00000e+00;1.00000e+00;1.00000e+00;40;9.99877e-01;1.00639e+00;3.95260e-04
nav-lives;me-hebbian-neuron;2;[8];133;13300;13300;1.87714e+02;20;1;1;1.00000e+00;1.00000e+00;1.00000e+00;40;9.99911e-01;1.00679e+00;1.21163e-07
nav-lives;me-hebbian-neuron;1;[8];134;13400;13400;1.88384e+02;19;1;1;1.00000e+00;1.00000e+00;1.00000e+00;40;9.99877e-01;1.00639e+00;3.95260e-04
nav-lives;me-hebbian-neuron;2;[8];134;13400;13400;1.89043e+02;20;1;1;1.00000e+00;1.00000e+00;1.00000e+00;40;9.99911e-01;1.00679e+00;1.21163e-07
nav-lives;me-hebbian-neuron;1;[8];135;13500;13500;1.89767e+02;19;1;1;1.00000e+00;1.00000e+00;1.00000e+00;40;9.99877e-01;1.00639e+00;3.95260e-04
nav-lives;me-hebbian-neuron;2;[8];135;13500;13500;1.90471e+02;20;1;1;1.00000e+00;1.00000e+00;1.00000e+00;40;9.99911e-01;1.00679e+00;1.21163e-07
nav-lives;me-hebbian-neuron;1;[8];136;13600;13600;1.91180e+02;19;1;1;1.00000e+00;1.00000e+00;1.00000e+00;40;9.99877e-01;1.00639e+00;3.95260e-04
nav-lives;me-hebbian-neuron;2;[8];136;13600;13600;1.91897e+02;20;1;1;1.00000e+00;1.00000e+00;1.00000e+00;40;9.99911e-01;1.00679e+00;1.21163e-07
nav-lives;me-hebbian-neuron;1;[8];137;13700;13700;1.92598e+02;19;1;1;1.00000e+00;1.00000e+00;1.00000e+00;40;9.99877e-01;1.00639e+00;3.95260e-04
nav-lives;me-hebbian-neuron;2;[8];137;13700;13700;1.93319e+02;20;1;1;1.00000e+00;1.00000e+00;1.00000e+00;40;9.99911e-01;1.00679e+00;1.21163e-07
nav-lives;me-hebbian-neuron;1;[8];138;13800;13800;1.93981e+02;19;1;1;1.00000e+00;1.00000e+00;1.00000e+00;40;9.99877e-01;1.00639e+00;3.95260e-04
nav-lives;me-hebbian-neuron;2;[8];138;13800;13800;1.94683e+02;20;1;1;1.00000e+00;1.00000e+00;1.00000e+00;40;9.99911e-01;1.00679e+00;1.21163e-07
nav-lives;me-hebbian-neuron;1;[8];139;13900;13900;1.95364e+02;19;1;1;1.00000e+00;1.00000e+00;1.00000e+00;40;9.99877e-01;1.00639e+00;3.95260e-04
nav-lives;me-hebbian-neuron;2;[8];139;13900;13900;1.96074e+02;20;1;1;1.00000e+00;1.00000e+00;1.00000e+00;40;9.99911e-01;1.00679e+00;1.21163e-07
nav-lives;me-hebbian-neuron;1;[8];140;14000;14000;1.96754e+02;19;1;1;1.00000e+00;1.00000e+00;1.00000e+00;40;9.99877e-01;1.00639e+00;3.95260e-04
nav-lives;me-hebbian-neuron;2;[8];140;14000;14000;1.97467e+02;20;1;1;1.00000e+00;1.00000e+00;1.00000e+00;40;9.99911e-01;1.00679e+00;1.21163e-07
nav-lives;me-hebbian-neuron;1;[8];141;14100;14100;1.98143e+02;19;1;1;1.00000e+00;1.00000e+00;1.00000e+00;40;9.99877e-01;1.00639e+00;3.95260e-04
nav-lives;me-hebbian-neuron;2;[8];141;14100;14100;1.98863e+02;20;1;1;1.00000e+00;1.00000e+00;1.00000e+00;40;9.99911e-01;1.00679e+00;1.21163e-07
nav-lives;me-hebbian-neuron;1;[8];142;14200;14200;1.99551e+02;19;1;1;1.00000e+00;1.00000e+00;1.00000e+00;40;9.99877e-01;1.00639e+00;3.95260e-04
nav-lives;me-hebbian-neuron;2;[8];142;14200;14200;2.00266e+02;20;1;1;1.00000e+00;1.00000e+00;1.00000e+00;40;9.99911e-01;1.00679e+00;1.21163e-07
nav-lives;me-hebbian-neuron;1;[8];143;14300;14300;2.00944e+02;19;1;1;1.00000e+00;1.00000e+00;1.00000e+00;40;9.99877e-01;1.00639e+00;3.95260e-04
nav-lives;me-hebbian-neuron;2;[8];143;14300;14300;2.01654e+02;20;1;1;1.00000e+00;1.00000e+00;1.00000e+00;40;9.99911e-01;1.00679e+00;1.21163e-07
nav-lives;me-hebbian-neuron;1;[8];144;14400;14400;2.02341e+02;19;1;1;1.00000e+00;1.00000e+00;1.00000e+00;40;9.99877e-01;1.00639e+00;3.95260e-04
nav-lives;me-hebbian-neuron;2;[8];144;14400;14400;2.03040e+02;20;1;1;1.00000e+00;1.00000e+00;1.00000e+00;40;9.99911e-01;1.00679e+00;1.21163e-07
nav-lives;me-hebbian-neuron;1;[8];145;14500;14500;2.03716e+02;19;1;1;1.00000e+00;1.00000e+00;1.00000e+00;40;9.99877e-01;1.00639e+00;3.95260e-04
nav-lives;me-hebbian-neuron;2;[8];145;14500;14500;2.04437e+02;20;1;1;1.00000e+00;1.00000e+00;1.00000e+00;40;9.99911e-01;1.00679e+00;1.21163e-07
nav-lives;me-hebbian-neuron;1;[8];146;14600;14600;2.05133e+02;19;1;1;1.00000e+00;1.00000e+00;1.00000e+00;40;9.99877e-01;1.00639e+00;3.95260e-04
nav-lives;me-hebbian-neuron;2;[8];146;14600;14600;2.05808e+02;20;1;1;1.00000e+00;1.00000e+00;1.00000e+00;40;9.99911e-01;1.00679e+00;1.21163e-07
nav-lives;me-hebbian-neuron;1;[8];147;14700;14700;2.06525e+02;19;1;1;1.00000e+00;1.00000e+00;1.00000e+00;40;9.99877e-01;1.00639e+00;3.95260e-04
nav-lives;me-hebbian-neuron;2;[8];147;14700;14700;2.07200e+02;20;1;1;1.00000e+00;1.00000e+00;1.00000e+00;40;9.99911e-01;1.00679e+00;1.21163e-07
nav-lives;me-hebbian-neuron;1;[8];148;14800;14800;2.07943e+02;19;1;1;1.00000e+00;1.00000e+00;1.00000e+00;40;9.99877e-01;1.00639e+00;3.95260e-04
nav-lives;me-hebbian-neuron;2;[8];148;14800;14800;2.08622e+02;20;1;1;1.00000e+00;1.00000e+00;1.00000e+00;40;9.99911e-01;1.00679e+00;1.21163e-07
nav-lives;me-hebbian-neuron;1;[8];149;14900;14900;2.09280e+02;19;1;1;1.00000e+00;1.00000e+00;1.00000e+00;40;9.99877e-01;1.00639e+00;3.95260e-04
nav-lives;me-hebbian-neuron;2;[8];149;14900;14900;2.10012e+02;20;1;1;1.00000e+00;1.00000e+00;1.00000e+00;40;9.99911e-01;1.00679e+00;1.21163e-07
nav-lives;me-hebbian-neuron;1;[8];150;15000;15000;2.10719e+02;19;1;1;1.00000e+00;1.00000e+00;1.00000e+00;40;9.99877e-01;1.00639e+00;3.95260e-04
nav-lives;me-hebbian-neuron;2;[8];150;15000;15000;2.11429e+02;20;1;1;1.00000e+00;1.00000e+00;1.00000e+00;40;9.99911e-01;1.00679e+00;1.21163e-07
nav-lives;me-hebbian-neuron;1;[8];151;15100;15100;2.12048e+02;19;1;1;1.00000e+00;1.00000e+00;1.00000e+00;40;9.99877e-01;1.00639e+00;3.95260e-04
nav-lives;me-hebbian-neuron;2;[8];151;15100;15100;2.12802e+02;20;1;1;1.00000e+00;1.00000e+00;1.00000e+00;40;9.99911e-01;1.00679e+00;1.21163e-07
nav-lives;me-hebbian-neuron;1;[8];152;15200;15200;2.13453e+02;19;1;1;1.00000e+00;1.00000e+00;1.00000e+00;40;9.99877e-01;1.00639e+00;3.95260e-04
nav-lives;me-hebbian-neuron;2;[8];152;15200;15200;2.14146e+02;20;1;1;1.00000e+00;1.00000e+00;1.00000e+00;40;9.99911e-01;1.00679e+00;1.21163e-07
nav-lives;me-hebbian-neuron;1;[8];153;15300;15300;2.14887e+02;19;1;1;1.00000e+00;1.00000e+00;1.00000e+00;40;9.99877e-01;1.00639e+00;3.95260e-04
nav-lives;me-hebbian-neuron;2;[8];153;15300;15300;2.15593e+02;20;1;1;1.00000e+00;1.00000e+00;1.00000e+00;40;9.99911e-01;1.00679e+00;1.21163e-07
nav-lives;me-hebbian-neuron;1;[8];154;15400;15400;2.16312e+02;19;1;1;1.00000e+00;1.00000e+00;1.00000e+00;40;9.99877e-01;1.00639e+00;3.95260e-04
nav-lives;me-hebbian-neuron;2;[8];154;15400;15400;2.16994e+02;20;1;1;1.00000e+00;1.00000e+00;1.00000e+00;40;9.99911e-01;1.00679e+00;1.21163e-07
nav-lives;me-hebbian-neuron;1;[8];155;15500;15500;2.17670e+02;19;1;1;1.00000e+00;1.00000e+00;1.00000e+00;40;9.99877e-01;1.00639e+00;3.95260e-04
nav-lives;me-hebbian-neuron;2;[8];155;15500;15500;2.18396e+02;20;1;1;1.00000e+00;1.00000e+00;1.00000e+00;40;9.99911e-01;1.00679e+00;1.21163e-07
nav-lives;me-hebbian-neuron;1;[8];156;15600;15600;2.19088e+02;19;1;1;1.00000e+00;1.00000e+00;1.00000e+00;40;9.99877e-01;1.00639e+00;3.95260e-04
nav-lives;me-hebbian-neuron;2;[8];156;15600;15600;2.19756e+02;20;1;1;1.00000e+00;1.00000e+00;1.00000e+00;40;9.99911e-01;1.00679e+00;1.21163e-07
nav-lives;me-hebbian-neuron;1;[8];157;15700;15700;2.20476e+02;19;1;1;1.00000e+00;1.00000e+00;1.00000e+00;40;9.99877e-01;1.00639e+00;3.95260e-04
nav-lives;me-hebbian-neuron;2;[8];157;15700;15700;2.21227e+02;20;1;1;1.00000e+00;1.00000e+00;1.00000e+00;40;9.99911e-01;1.00679e+00;1.21163e-07
nav-lives;me-hebbian-neuron;1;[8];158;15800;15800;2.21839e+02;19;1;1;1.00000e+00;1.00000e+00;1.00000e+00;40;9.99877e-01;1.00639e+00;3.95260e-04
nav-lives;me-hebbian-neuron;2;[8];158;15800;15800;2.22528e+02;20;1;1;1.00000e+00;1.00000e+00;1.00000e+00;40;9.99911e-01;1.00679e+00;1.21163e-07
nav-lives;me-hebbian-neuron;1;[8];159;15900;15900;2.23240e+02;19;1;1;1.00000e+00;1.00000e+00;1.00000e+00;40;9.99877e-01;1.00639e+00;3.95260e-04
nav-lives;me-hebbian-neuron;2;[8];159;15900;15900;2.23962e+02;20;1;1;1.00000e+00;1.00000e+00;1.00000e+00;40;9.99911e-01;1.00679e+00;1.21163e-07
nav-lives;me-hebbian-neuron;1;[8];160;16000;16000;2.24671e+02;19;1;1;1.00000e+00;1.00000e+00;1.00000e+00;40;9.99877e-01;1.00639e+00;3.95260e-04
nav-lives;me-hebbian-neuron;2;[8];160;16000;16000;2.25387e+02;20;1;1;1.00000e+00;1.00000e+00;1.00000e+00;40;9.99911e-01;1.00679e+00;1.21163e-07
nav-lives;me-hebbian-neuron;1;[8];161;16100;16100;2.26044e+02;19;1;1;1.00000e+00;1.00000e+00;1.00000e+00;40;9.99877e-01;1.00639e+00;3.95260e-04
nav-lives;me-hebbian-neuron;2;[8];161;16100;16100;2.26751e+02;20;1;1;1.00000e+00;1.00000e+00;1.00000e+00;40;9.99911e-01;1.00679e+00;1.21163e-07
nav-lives;me-hebbian-neuron;1;[8];162;16200;16200;2.27452e+02;19;1;1;1.00000e+00;1.00000e+00;1.00000e+00;40;9.99877e-01;1.00639e+00;3.95260e-04
nav-lives;me-hebbian-neuron;2;[8];162;16200;16200;2.28137e+02;20;1;1;1.00000e+00;1.00000e+00;1.00000e+00;40;9.99911e-01;1.00679e+00;1.21163e-07
nav-lives;me-hebbian-neuron;1;[8];163;16300;16300;2.28839e+02;19;1;1;1.00000e+00;1.00000e+00;1.00000e+00;40;9.99877e-01;1.00639e+00;3.95260e-04
nav-lives;me-hebbian-neuron;2;[8];163;16300;16300;2.29543e+02;20;1;1;1.00000e+00;1.00000e+00;1.00000e+00;40;9.99911e-01;1.00679e+00;1.21163e-07
nav-lives;me-hebbian-neuron;1;[8];164;16400;16400;2.30244e+02;19;1;1;1.00000e+00;1.00000e+00;1.00000e+00;40;9.99877e-01;1.00639e+00;3.95260e-04
nav-lives;me-hebbian-neuron;2;[8];164;16400;16400;2.30922e+02;20;1;1;1.00000e+00;1.00000e+00;1.00000e+00;40;9.99911e-01;1.00679e+00;1.21163e-07
nav-lives;me-hebbian-neuron;1;[8];165;16500;16500;2.31643e+02;19;1;1;1.00000e+00;1.00000e+00;1.00000e+00;40;9.99877e-01;1.00639e+00;3.95260e-04
nav-lives;me-hebbian-neuron;2;[8];165;16500;16500;2.32312e+02;20;1;1;1.00000e+00;1.00000e+00;1.00000e+00;40;9.99911e-01;1.00679e+00;1.21163e-07
nav-lives;me-hebbian-neuron;1;[8];166;16600;16600;2.33014e+02;19;1;1;1.00000e+00;1.00000e+00;1.00000e+00;40;9.99877e-01;1.00639e+00;3.95260e-04
nav-lives;me-hebbian-neuron;2;[8];166;16600;16600;2.33727e+02;20;1;1;1.00000e+00;1.00000e+00;1.00000e+00;40;9.99911e-01;1.00679e+00;1.21163e-07
nav-lives;me-hebbian-neuron;1;[8];167;16700;16700;2.34436e+02;19;1;1;1.00000e+00;1.00000e+00;1.00000e+00;40;9.99877e-01;1.00639e+00;3.95260e-04
nav-lives;me-hebbian-neuron;2;[8];167;16700;16700;2.35169e+02;20;1;1;1.00000e+00;1.00000e+00;1.00000e+00;40;9.99911e-01;1.00679e+00;1.21163e-07
nav-lives;me-hebbian-neuron;1;[8];168;16800;16800;2.35818e+02;19;1;1;1.00000e+00;1.00000e+00;1.00000e+00;40;9.99877e-01;1.00639e+00;3.95260e-04
nav-lives;me-hebbian-neuron;2;[8];168;16800;16800;2.36510e+02;20;1;1;1.00000e+00;1.00000e+00;1.00000e+00;40;9.99911e-01;1.00679e+00;1.21163e-07
nav-lives;me-hebbian-neuron;1;[8];169;16900;16900;2.37274e+02;19;1;1;1.00000e+00;1.00000e+00;1.00000e+00;40;9.99877e-01;1.00639e+00;3.95260e-04
nav-lives;me-hebbian-neuron;2;[8];169;16900;16900;2.37904e+02;20;1;1;1.00000e+00;1.00000e+00;1.00000e+00;40;9.99911e-01;1.00679e+00;1.21163e-07
nav-lives;me-hebbian-neuron;1;[8];170;17000;17000;2.38617e+02;19;1;1;1.00000e+00;1.00000e+00;1.00000e+00;40;9.99877e-01;1.00639e+00;3.95260e-04
nav-lives;me-hebbian-neuron;2;[8];170;17000;17000;2.39311e+02;20;1;1;1.00000e+00;1.00000e+00;1.00000e+00;40;9.99911e-01;1.00679e+00;1.21163e-07
nav-lives;me-hebbian-neuron;1;[8];171;17100;17100;2.39972e+02;19;1;1;1.00000e+00;1.00000e+00;1.00000e+00;40;9.99877e-01;1.00639e+00;3.95260e-04
nav-lives;me-hebbian-neuron;2;[8];171;17100;17100;2.40678e+02;20;1;1;1.00000e+00;1.00000e+00;1.00000e+00;40;9.99911e-01;1.00679e+00;1.21163e-07
nav-lives;me-hebbian-neuron;1;[8];172;17200;17200;2.41403e+02;19;1;1;1.00000e+00;1.00000e+00;1.00000e+00;40;9.99877e-01;1.00639e+00;3.95260e-04
nav-lives;me-hebbian-neuron;2;[8];172;17200;17200;2.42066e+02;20;1;1;1.00000e+00;1.00000e+00;1.00000e+00;40;9.99911e-01;1.00679e+00;1.21163e-07
nav-lives;me-hebbian-neuron;1;[8];173;17300;17300;2.42770e+02;19;1;1;1.00000e+00;1.00000e+00;1.00000e+00;40;9.99877e-01;1.00639e+00;3.95260e-04
nav-lives;me-hebbian-neuron;2;[8];173;17300;17300;2.43482e+02;20;1;1;1.00000e+00;1.00000e+00;1.00000e+00;40;9.99911e-01;1.00679e+00;1.21163e-07
nav-lives;me-hebbian-neuron;1;[8];174;17400;17400;2.44144e+02;19;1;1;1.00000e+00;1.00000e+00;1.00000e+00;40;9.99877e-01;1.00639e+00;3.95260e-04
nav-lives;me-hebbian-neuron;2;[8];174;17400;17400;2.44847e+02;20;1;1;1.00000e+00;1.00000e+00;1.00000e+00;40;9.99911e-01;1.00679e+00;1.21163e-07
nav-lives;me-hebbian-neuron;1;[8];175;17500;17500;2.45649e+02;19;1;1;1.00000e+00;1.00000e+00;1.00000e+00;40;9.99877e-01;1.00639e+00;3.95260e-04
nav-lives;me-hebbian-neuron;2;[8];175;17500;17500;2.46272e+02;20;1;1;1.00000e+00;1.00000e+00;1.00000e+00;40;9.99911e-01;1.00679e+00;1.21163e-07
nav-lives;me-hebbian-neuron;1;[8];176;17600;17600;2.46944e+02;19;1;1;1.00000e+00;1.00000e+00;1.00000e+00;40;9.99877e-01;1.00639e+00;3.95260e-04
nav-lives;me-hebbian-neuron;2;[8];176;17600;17600;2.47609e+02;20;1;1;1.00000e+00;1.00000e+00;1.00000e+00;40;9.99911e-01;1.00679e+00;1.21163e-07
nav-lives;me-hebbian-neuron;1;[8];177;17700;17700;2.48370e+02;19;1;1;1.00000e+00;1.00000e+00;1.00000e+00;40;9.99877e-01;1.00639e+00;3.95260e-04
nav-lives;me-hebbian-neuron;2;[8];177;17700;17700;2.49080e+02;20;1;1;1.00000e+00;1.00000e+00;1.00000e+00;40;9.99911e-01;1.00679e+00;1.21163e-07
nav-lives;me-hebbian-neuron;1;[8];178;17800;17800;2.49771e+02;19;1;1;1.00000e+00;1.00000e+00;1.00000e+00;40;9.99877e-01;1.00639e+00;3.95260e-04
nav-lives;me-hebbian-neuron;2;[8];178;17800;17800;2.50463e+02;20;1;1;1.00000e+00;1.00000e+00;1.00000e+00;40;9.99911e-01;1.00679e+00;1.21163e-07
nav-lives;me-hebbian-neuron;1;[8];179;17900;17900;2.51141e+02;19;1;1;1.00000e+00;1.00000e+00;1.00000e+00;40;9.99877e-01;1.00639e+00;3.95260e-04
nav-lives;me-hebbian-neuron;2;[8];179;17900;17900;2.51825e+02;20;1;1;1.00000e+00;1.00000e+00;1.00000e+00;40;9.99911e-01;1.00679e+00;1.21163e-07
nav-lives;me-hebbian-neuron;1;[8];180;18000;18000;2.52547e+02;19;1;1;1.00000e+00;1.00000e+00;1.00000e+00;40;9.99877e-01;1.00639e+00;3.95260e-04
nav-lives;me-hebbian-neuron;2;[8];180;18000;18000;2.53240e+02;20;1;1;1.00000e+00;1.00000e+00;1.00000e+00;40;9.99911e-01;1.00679e+00;1.21163e-07
nav-lives;me-hebbian-neuron;1;[8];181;18100;18100;2.53960e+02;19;1;1;1.00000e+00;1.00000e+00;1.00000e+00;40;9.99877e-01;1.00639e+00;3.95260e-04
nav-lives;me-hebbian-neuron;2;[8];181;18100;18100;2.54741e+02;20;1;1;1.00000e+00;1.00000e+00;1.00000e+00;40;9.99911e-01;1.00679e+00;1.21163e-07
nav-lives;me-hebbian-neuron;1;[8];182;18200;18200;2.55288e+02;19;1;1;1.00000e+00;1.00000e+00;1.00000e+00;40;9.99877e-01;1.00639e+00;3.95260e-04
nav-lives;me-hebbian-neuron;2;[8];182;18200;18200;2.56008e+02;20;1;1;1.00000e+00;1.00000e+00;1.00000e+00;40;9.99911e-01;1.00679e+00;1.21163e-07
nav-lives;me-hebbian-neuron;1;[8];183;18300;18300;2.56749e+02;19;1;1;1.00000e+00;1.00000e+00;1.00000e+00;40;9.99877e-01;1.00639e+00;3.95260e-04
nav-lives;me-hebbian-neuron;2;[8];183;18300;18300;2.57442e+02;20;1;1;1.00000e+00;1.00000e+00;1.00000e+00;40;9.99911e-01;1.00679e+00;1.21163e-07
nav-lives;me-hebbian-neuron;1;[8];184;18400;18400;2.58090e+02;19;1;1;1.00000e+00;1.00000e+00;1.00000e+00;40;9.99877e-01;1.00639e+00;3.95260e-04
nav-lives;me-hebbian-neuron;2;[8];184;18400;18400;2.58872e+02;20;1;1;1.00000e+00;1.00000e+00;1.00000e+00;40;9.99911e-01;1.00679e+00;1.21163e-07
nav-lives;me-hebbian-neuron;1;[8];185;18500;18500;2.59537e+02;19;1;1;1.00000e+00;1.00000e+00;1.00000e+00;40;9.99877e-01;1.00639e+00;3.95260e-04
nav-lives;me-hebbian-neuron;2;[8];185;18500;18500;2.60235e+02;20;1;1;1.00000e+00;1.00000e+00;1.00000e+00;40;9.99911e-01;1.00679e+00;1.21163e-07
nav-lives;me-hebbian-neuron;1;[8];186;18600;18600;2.60920e+02;19;1;1;1.00000e+00;1.00000e+00;1.00000e+00;40;9.99877e-01;1.00639e+00;3.95260e-04
nav-lives;me-hebbian-neuron;2;[8];186;18600;18600;2.61695e+02;20;1;1;1.00000e+00;1.00000e+00;1.00000e+00;40;9.99955e-01;1.00715e+00;4.42169e-12
nav-lives;me-hebbian-neuron;1;[8];187;18700;18700;2.62313e+02;19;1;1;1.00000e+00;1.00000e+00;1.00000e+00;40;9.99877e-01;1.00639e+00;3.95260e-04
nav-lives;me-hebbian-neuron;2;[8];187;18700;18700;2.63023e+02;20;1;1;1.00000e+00;1.00000e+00;1.00000e+00;40;9.99955e-01;1.00715e+00;4.42169e-12
nav-lives;me-hebbian-neuron;1;[8];188;18800;18800;2.63718e+02;19;1;1;1.00000e+00;1.00000e+00;1.00000e+00;40;9.99877e-01;1.00639e+00;3.95260e-04
nav-lives;me-hebbian-neuron;2;[8];188;18800;18800;2.64395e+02;20;1;1;1.00000e+00;1.00000e+00;1.00000e+00;40;9.99955e-01;1.00715e+00;4.42169e-12
nav-lives;me-hebbian-neuron;1;[8];189;18900;18900;2.65166e+02;19;1;1;1.00000e+00;1.00000e+00;1.00000e+00;40;9.99877e-01;1.00639e+00;3.95260e-04
nav-lives;me-hebbian-neuron;2;[8];189;18900;18900;2.65769e+02;20;1;1;1.00000e+00;1.00000e+00;1.00000e+00;40;9.99955e-01;1.00715e+00;4.42169e-12
nav-lives;me-hebbian-neuron;1;[8];190;19000;19000;2.66491e+02;19;1;1;1.00000e+00;1.00000e+00;1.00000e+00;40;9.99877e-01;1.00639e+00;3.95260e-04
nav-lives;me-hebbian-neuron;2;[8];190;19000;19000;2.67204e+02;20;1;1;1.00000e+00;1.00000e+00;1.00000e+00;40;9.99955e-01;1.00715e+00;4.42169e-12
nav-lives;me-hebbian-neuron;1;[8];191;19100;19100;2.67848e+02;19;1;1;1.00000e+00;1.00000e+00;1.00000e+00;40;9.99877e-01;1.00639e+00;3.95260e-04
nav-lives;me-hebbian-neuron;2;[8];191;19100;19100;2.68546e+02;20;1;1;1.00000e+00;1.00000e+00;1.00000e+00;40;9.99955e-01;1.00715e+00;4.42169e-12
nav-lives;me-hebbian-neuron;1;[8];192;19200;19200;2.69275e+02;19;1;1;1.00000e+00;1.00000e+00;1.00000e+00;40;9.99877e-01;1.00639e+00;3.95260e-04
nav-lives;me-hebbian-neuron;2;[8];192;19200;19200;2.69990e+02;20;1;1;1.00000e+00;1.00000e+00;1.00000e+00;40;9.99955e-01;1.00715e+00;4.42169e-12
nav-lives;me-hebbian-neuron;1;[8];193;19300;19300;2.70687e+02;19;1;1;1.00000e+00;1.00000e+00;1.00000e+00;40;9.99877e-01;1.00639e+00;3.95260e-04
nav-lives;me-hebbian-neuron;2;[8];193;19300;19300;2.71373e+02;20;1;1;1.00000e+00;1.00000e+00;1.00000e+00;40;9.99955e-01;1.00715e+00;4.42169e-12
nav-lives;me-hebbian-neuron;1;[8];194;19400;19400;2.72100e+02;19;1;1;1.00000e+00;1.00000e+00;1.00000e+00;40;9.99877e-01;1.00639e+00;3.95260e-04
nav-lives;me-hebbian-neuron;2;[8];194;19400;19400;2.72796e+02;20;1;1;1.00000e+00;1.00000e+00;1.00000e+00;40;9.99955e-01;1.00715e+00;4.42169e-12
nav-lives;me-hebbian-neuron;1;[8];195;19500;19500;2.73463e+02;19;1;1;1.00000e+00;1.00000e+00;1.00000e+00;40;9.99877e-01;1.00639e+00;3.95260e-04
nav-lives;me-hebbian-neuron;2;[8];195;19500;19500;2.74145e+02;20;1;1;1.00000e+00;1.00000e+00;1.00000e+00;40;9.99955e-01;1.00715e+00;4.42169e-12
nav-lives;me-hebbian-neuron;1;[8];196;19600;19600;2.74808e+02;19;1;1;1.00000e+00;1.00000e+00;1.00000e+00;40;9.99877e-01;1.00639e+00;3.95260e-04
nav-lives;me-hebbian-neuron;2;[8];196;19600;19600;2.75525e+02;20;1;1;1.00000e+00;1.00000e+00;1.00000e+00;40;9.99955e-01;1.00715e+00;4.42169e-12
nav-lives;me-hebbian-neuron;1;[8];197;19700;19700;2.76306e+02;19;1;1;1.00000e+00;1.00000e+00;1.00000e+00;40;9.99877e-01;1.00639e+00;3.95260e-04
nav-lives;me-hebbian-neuron;2;[8];197;19700;19700;2.76941e+02;20;1;1;1.00000e+00;1.00000e+00;1.00000e+00;40;9.99955e-01;1.00715e+00;4.42169e-12
nav-lives;me-hebbian-neuron;1;[8];198;19800;19800;2.77759e+02;19;1;1;1.00000e+00;1.00000e+00;1.00000e+00;40;9.99877e-01;1.00639e+00;3.95260e-04
nav-lives;me-hebbian-neuron;2;[8];198;19800;19800;2.78437e+02;20;1;1;1.00000e+00;1.00000e+00;1.00000e+00;40;9.99955e-01;1.00715e+00;4.42169e-12
nav-lives;me-hebbian-neuron;1;[8];199;19900;19900;2.79086e+02;19;1;1;1.00000e+00;1.00000e+00;1.00000e+00;40;9.99877e-01;1.00639e+00;3.95260e-04
nav-lives;me-hebbian-neuron;2;[8];199;19900;19900;2.79764e+02;20;1;1;1.00000e+00;1.00000e+00;1.00000e+00;40;9.99955e-01;1.00715e+00;4.42169e-12
nav-lives;me-hebbian-neuron;1;[8];200;20000;20000;2.80483e+02;19;1;1;1.00000e+00;1.00000e+00;1.00000e+00;40;9.99877e-01;1.00639e+00;3.95260e-04
nav-lives;me-hebbian-neuron;2;[8];200;20000;20000;2.81187e+02;20;1;1;1.00000e+00;1.00000e+00;1.00000e+00;40;9.99955e-01;1.00715e+00;4.42169e-12
nav-lives;me-hebbian-neuron;1;[8];201;20100;20100;2.81849e+02;19;1;1;1.00000e+00;1.00000e+00;1.00000e+00;40;9.99877e-01;1.00639e+00;3.95260e-04
nav-lives;me-hebbian-neuron;2;[8];201;20100;20100;2.82544e+02;20;1;1;1.00000e+00;1.00000e+00;1.00000e+00;40;9.99955e-01;1.00715e+00;4.42169e-12
nav-lives;me-hebbian-neuron;1;[8];202;20200;20200;2.83204e+02;19;1;1;1.00000e+00;1.00000e+00;1.00000e+00;40;9.99877e-01;1.00639e+00;3.95260e-04
nav-lives;me-hebbian-neuron;2;[8];202;20200;20200;2.83941e+02;20;1;1;1.00000e+00;1.00000e+00;1.00000e+00;40;9.99955e-01;1.00715e+00;4.42169e-12
nav-lives;me-hebbian-neuron;1;[8];203;20300;20300;2.84634e+02;19;1;1;1.00000e+00;1.00000e+00;1.00000e+00;40;9.99877e-01;1.00639e+00;3.95260e-04
nav-lives;me-hebbian-neuron;2;[8];203;20300;20300;2.85362e+02;20;1;1;1.00000e+00;1.00000e+00;1.00000e+00;40;9.99955e-01;1.00715e+00;4.42169e-12
nav-lives;me-hebbian-neuron;1;[8];204;20400;20400;2.85994e+02;19;1;1;1.00000e+00;1.00000e+00;1.00000e+00;40;9.99877e-01;1.00639e+00;3.95260e-04
nav-lives;me-hebbian-neuron;2;[8];204;20400;20400;2.86710e+02;20;1;1;1.00000e+00;1.00000e+00;1.00000e+00;40;9.99955e-01;1.00715e+00;4.42169e-12
nav-lives;me-hebbian-neuron;1;[8];205;20500;20500;2.87478e+02;19;1;1;1.00000e+00;1.00000e+00;1.00000e+00;40;9.99877e-01;1.00639e+00;3.95260e-04
nav-lives;me-hebbian-neuron;2;[8];205;20500;20500;2.88092e+02;20;1;1;1.00000e+00;1.00000e+00;1.00000e+00;40;9.99955e-01;1.00715e+00;4.42169e-12
nav-lives;me-hebbian-neuron;1;[8];206;20600;20600;2.88782e+02;19;1;1;1.00000e+00;1.00000e+00;1.00000e+00;40;9.99877e-01;1.00639e+00;3.95260e-04
nav-lives;me-hebbian-neuron;2;[8];206;20600;20600;2.89449e+02;20;1;1;1.00000e+00;1.00000e+00;1.00000e+00;40;9.99955e-01;1.00715e+00;4.42169e-12
nav-lives;me-hebbian-neuron;1;[8];207;20700;20700;2.90163e+02;19;1;1;1.00000e+00;1.00000e+00;1.00000e+00;40;9.99877e-01;1.00639e+00;3.95260e-04
nav-lives;me-hebbian-neuron;2;[8];207;20700;20700;2.90876e+02;20;1;1;1.00000e+00;1.00000e+00;1.00000e+00;40;9.99955e-01;1.00715e+00;4.42169e-12
nav-lives;me-hebbian-neuron;1;[8];208;20800;20800;2.91564e+02;19;1;1;1.00000e+00;1.00000e+00;1.00000e+00;40;9.99877e-01;1.00639e+00;3.95260e-04
nav-lives;me-hebbian-neuron;2;[8];208;20800;20800;2.92301e+02;20;1;1;1.00000e+00;1.00000e+00;1.00000e+00;40;9.99955e-01;1.00715e+00;4.42169e-12
nav-lives;me-hebbian-neuron;1;[8];209;20900;20900;2.92970e+02;19;1;1;1.00000e+00;1.00000e+00;1.00000e+00;40;9.99877e-01;1.00639e+00;3.95260e-04
nav-lives;me-hebbian-neuron;2;[8];209;20900;20900;2.93701e+02;20;1;1;1.00000e+00;1.00000e+00;1.00000e+00;40;9.99955e-01;1.00715e+00;4.42169e-12
nav-lives;me-hebbian-neuron;1;[8];210;21000;21000;2.94362e+02;19;1;1;1.00000e+00;1.00000e+00;1.00000e+00;40;9.99877e-01;1.00639e+00;3.95260e-04
nav-lives;me-hebbian-neuron;2;[8];210;21000;21000;2.95085e+02;20;1;1;1.00000e+00;1.00000e+00;1.00000e+00;40;9.99955e-01;1.00715e+00;4.42169e-12
nav-lives;me-hebbian-neuron;1;[8];211;21100;21100;2.95724e+02;19;1;1;1.00000e+00;1.00000e+00;1.00000e+00;40;9.99877e-01;1.00639e+00;3.95260e-04
nav-lives;me-hebbian-neuron;2;[8];211;21100;21100;2.96454e+02;20;1;1;1.00000e+00;1.00000e+00;1.00000e+00;40;9.99955e-01;1.00715e+00;4.42169e-12
nav-lives;me-hebbian-neuron;1;[8];212;21200;21200;2.97170e+02;19;1;1;1.00000e+00;1.00000e+00;1.00000e+00;40;9.99877e-01;1.00639e+00;3.95260e-04
nav-lives;me-hebbian-neuron;2;[8];212;21200;21200;2.97913e+02;20;1;1;1.00000e+00;1.00000e+00;1.00000e+00;40;9.99955e-01;1.00715e+00;4.42169e-12
nav-lives;me-hebbian-neuron;1;[8];213;21300;21300;2.98580e+02;19;1;1;1.00000e+00;1.00000e+00;1.00000e+00;40;9.99877e-01;1.00639e+00;3.95260e-04
nav-lives;me-hebbian-neuron;2;[8];213;21300;21300;2.99322e+02;20;1;1;1.00000e+00;1.00000e+00;1.00000e+00;40;9.99955e-01;1.00715e+00;4.42169e-12
nav-lives;me-hebbian-neuron;1;[8];214;21400;21400;2.99962e+02;19;1;1;1.00000e+00;1.00000e+00;1.00000e+00;40;9.99877e-01;1.00639e+00;3.95260e-04
nav-lives;me-hebbian-neuron;2;[8];214;21400;21400;3.00685e+02;20;1;1;1.00000e+00;1.00000e+00;1.00000e+00;40;9.99955e-01;1.00715e+00;4.42169e-12
nav-lives;me-hebbian-neuron;1;[8];215;21500;21500;3.01385e+02;19;1;1;1.00000e+00;1.00000e+00;1.00000e+00;40;9.99877e-01;1.00639e+00;3.95260e-04
nav-lives;me-hebbian-neuron;2;[8];215;21500;21500;3.02066e+02;20;1;1;1.00000e+00;1.00000e+00;1.00000e+00;40;9.99955e-01;1.00715e+00;4.42169e-12
nav-lives;me-hebbian-neuron;1;[8];216;21600;21600;3.02758e+02;19;1;1;1.00000e+00;1.00000e+00;1.00000e+00;40;9.99877e-01;1.00639e+00;3.95260e-04
nav-lives;me-hebbian-neuron;2;[8];216;21600;21600;3.03378e+02;20;1;1;1.00000e+00;1.00000e+00;1.00000e+00;40;9.99955e-01;1.00715e+00;4.42169e-12
nav-lives;me-hebbian-neuron;1;[8];217;21700;21700;3.04121e+02;19;1;1;1.00000e+00;1.00000e+00;1.00000e+00;40;9.99877e-01;1.00639e+00;3.95260e-04
nav-lives;me-hebbian-neuron;2;[8];217;21700;21700;3.04828e+02;20;1;1;1.00000e+00;1.00000e+00;1.00000e+00;40;9.99955e-01;1.00715e+00;4.42169e-12
nav-lives;me-hebbian-neuron;1;[8];218;21800;21800;3.05545e+02;19;1;1;1.00000e+00;1.00000e+00;1.00000e+00;40;9.99877e-01;1.00639e+00;3.95260e-04
nav-lives;me-hebbian-neuron;2;[8];218;21800;21800;3.06279e+02;20;1;1;1.00000e+00;1.00000e+00;1.00000e+00;40;9.99955e-01;1.00715e+00;4.42169e-12
nav-lives;me-hebbian-neuron;1;[8];219;21900;21900;3.06991e+02;19;1;1;1.00000e+00;1.00000e+00;1.00000e+00;40;9.99877e-01;1.00639e+00;3.95260e-04
nav-lives;me-hebbian-neuron;2;[8];219;21900;21900;3.07700e+02;20;1;1;1.00000e+00;1.00000e+00;1.00000e+00;40;9.99955e-01;1.00715e+00;4.42169e-12
nav-lives;me-hebbian-neuron;1;[8];220;22000;22000;3.08364e+02;19;1;1;1.00000e+00;1.00000e+00;1.00000e+00;40;9.99877e-01;1.00639e+00;3.95260e-04
nav-lives;me-hebbian-neuron;2;[8];220;22000;22000;3.09057e+02;20;1;1;1.00000e+00;1.00000e+00;1.00000e+00;40;9.99955e-01;1.00715e+00;4.42169e-12
nav-lives;me-hebbian-neuron;1;[8];221;22100;22100;3.09730e+02;19;1;1;1.00000e+00;1.00000e+00;1.00000e+00;40;9.99877e-01;1.00639e+00;3.95260e-04
nav-lives;me-hebbian-neuron;2;[8];221;22100;22100;3.10458e+02;20;1;1;1.00000e+00;1.00000e+00;1.00000e+00;40;9.99955e-01;1.00715e+00;4.42169e-12
nav-lives;me-hebbian-neuron;1;[8];222;22200;22200;3.11126e+02;19;1;1;1.00000e+00;1.00000e+00;1.00000e+00;40;9.99877e-01;1.00639e+00;3.95260e-04
nav-lives;me-hebbian-neuron;2;[8];222;22200;22200;3.11821e+02;20;1;1;1.00000e+00;1.00000e+00;1.00000e+00;40;9.99955e-01;1.00715e+00;4.42169e-12
nav-lives;me-hebbian-neuron;1;[8];223;22300;22300;3.12487e+02;19;1;1;1.00000e+00;1.00000e+00;1.00000e+00;40;9.99877e-01;1.00639e+00;3.95260e-04
nav-lives;me-hebbian-neuron;2;[8];223;22300;22300;3.13225e+02;20;1;1;1.00000e+00;1.00000e+00;1.00000e+00;40;9.99955e-01;1.00715e+00;4.42169e-12
nav-lives;me-hebbian-neuron;1;[8];224;22400;22400;3.13932e+02;19;1;1;1.00000e+00;1.00000e+00;1.00000e+00;40;9.99877e-01;1.00639e+00;3.95260e-04
nav-lives;me-hebbian-neuron;2;[8];224;22400;22400;3.14607e+02;20;1;1;1.00000e+00;1.00000e+00;1.00000e+00;40;9.99955e-01;1.00715e+00;4.42169e-12
nav-lives;me-hebbian-neuron;1;[8];225;22500;22500;3.15369e+02;19;1;1;1.00000e+00;1.00000e+00;1.00000e+00;40;9.99877e-01;1.00639e+00;3.95260e-04
nav-lives;me-hebbian-neuron;2;[8];225;22500;22500;3.16016e+02;20;1;1;1.00000e+00;1.00000e+00;1.00000e+00;40;9.99955e-01;1.00715e+00;4.42169e-12
nav-lives;me-hebbian-neuron;1;[8];226;22600;22600;3.16712e+02;19;1;1;1.00000e+00;1.00000e+00;1.00000e+00;40;9.99877e-01;1.00639e+00;3.95260e-04
nav-lives;me-hebbian-neuron;2;[8];226;22600;22600;3.17400e+02;20;1;1;1.00000e+00;1.00000e+00;1.00000e+00;40;9.99955e-01;1.00715e+00;4.42169e-12
nav-lives;me-hebbian-neuron;1;[8];227;22700;22700;3.18145e+02;19;1;1;1.00000e+00;1.00000e+00;1.00000e+00;40;9.99877e-01;1.00639e+00;3.95260e-04
nav-lives;me-hebbian-neuron;2;[8];227;22700;22700;3.18843e+02;20;1;1;1.00000e+00;1.00000e+00;1.00000e+00;40;9.99955e-01;1.00715e+00;4.42169e-12
nav-lives;me-hebbian-neuron;1;[8];228;22800;22800;3.19521e+02;19;1;1;1.00000e+00;1.00000e+00;1.00000e+00;40;9.99877e-01;1.00639e+00;3.95260e-04
nav-lives;me-hebbian-neuron;2;[8];228;22800;22800;3.20141e+02;20;1;1;1.00000e+00;1.00000e+00;1.00000e+00;40;9.99955e-01;1.00715e+00;4.42169e-12
nav-lives;me-hebbian-neuron;1;[8];229;22900;22900;3.20898e+02;19;1;1;1.00000e+00;1.00000e+00;1.00000e+00;40;9.99877e-01;1.00639e+00;3.95260e-04
nav-lives;me-hebbian-neuron;2;[8];229;22900;22900;3.21577e+02;20;1;1;1.00000e+00;1.00000e+00;1.00000e+00;40;9.99955e-01;1.00715e+00;4.42169e-12
nav-lives;me-hebbian-neuron;1;[8];230;23000;23000;3.22278e+02;19;1;1;1.00000e+00;1.00000e+00;1.00000e+00;40;9.99877e-01;1.00639e+00;3.95260e-04
nav-lives;me-hebbian-neuron;2;[8];230;23000;23000;3.22991e+02;20;1;1;1.00000e+00;1.00000e+00;1.00000e+00;40;9.99955e-01;1.00715e+00;4.42169e-12
nav-lives;me-hebbian-neuron;1;[8];231;23100;23100;3.23634e+02;19;1;1;1.00000e+00;1.00000e+00;1.00000e+00;40;9.99877e-01;1.00639e+00;3.95260e-04
nav-lives;me-hebbian-neuron;2;[8];231;23100;23100;3.24371e+02;20;1;1;1.00000e+00;1.00000e+00;1.00000e+00;40;9.99955e-01;1.00715e+00;4.42169e-12
nav-lives;me-hebbian-neuron;1;[8];232;23200;23200;3.25051e+02;19;1;1;1.00000e+00;1.00000e+00;1.00000e+00;40;9.99877e-01;1.00639e+00;3.95260e-04
nav-lives;me-hebbian-neuron;2;[8];232;23200;23200;3.25788e+02;20;1;1;1.00000e+00;1.00000e+00;1.00000e+00;40;9.99955e-01;1.00715e+00;4.42169e-12
nav-lives;me-hebbian-neuron;1;[8];233;23300;23300;3.26454e+02;19;1;1;1.00000e+00;1.00000e+00;1.00000e+00;40;9.99877e-01;1.00639e+00;3.95260e-04
nav-lives;me-hebbian-neuron;2;[8];233;23300;23300;3.27187e+02;20;1;1;1.00000e+00;1.00000e+00;1.00000e+00;40;9.99955e-01;1.00715e+00;4.42169e-12
nav-lives;me-hebbian-neuron;1;[8];234;23400;23400;3.27861e+02;19;1;1;1.00000e+00;1.00000e+00;1.00000e+00;40;9.99877e-01;1.00639e+00;3.95260e-04
nav-lives;me-hebbian-neuron;2;[8];234;23400;23400;3.28528e+02;20;1;1;1.00000e+00;1.00000e+00;1.00000e+00;40;9.99955e-01;1.00715e+00;4.42169e-12
nav-lives;me-hebbian-neuron;1;[8];235;23500;23500;3.29279e+02;19;1;1;1.00000e+00;1.00000e+00;1.00000e+00;40;9.99877e-01;1.00639e+00;3.95260e-04
nav-lives;me-hebbian-neuron;2;[8];235;23500;23500;3.29983e+02;20;1;1;1.00000e+00;1.00000e+00;1.00000e+00;40;9.99955e-01;1.00715e+00;4.42169e-12
nav-lives;me-hebbian-neuron;1;[8];236;23600;23600;3.30653e+02;19;1;1;1.00000e+00;1.00000e+00;1.00000e+00;40;9.99877e-01;1.00639e+00;3.95260e-04
nav-lives;me-hebbian-neuron;2;[8];236;23600;23600;3.31360e+02;20;1;1;1.00000e+00;1.00000e+00;1.00000e+00;40;9.99955e-01;1.00715e+00;4.42169e-12
nav-lives;me-hebbian-neuron;1;[8];237;23700;23700;3.32007e+02;19;1;1;1.00000e+00;1.00000e+00;1.00000e+00;40;9.99877e-01;1.00639e+00;3.95260e-04
nav-lives;me-hebbian-neuron;2;[8];237;23700;23700;3.32784e+02;20;1;1;1.00000e+00;1.00000e+00;1.00000e+00;40;9.99955e-01;1.00715e+00;4.42169e-12
nav-lives;me-hebbian-neuron;1;[8];238;23800;23800;3.33431e+02;19;1;1;1.00000e+00;1.00000e+00;1.00000e+00;40;9.99877e-01;1.00639e+00;3.95260e-04
nav-lives;me-hebbian-neuron;2;[8];238;23800;23800;3.34100e+02;20;1;1;1.00000e+00;1.00000e+00;1.00000e+00;40;9.99955e-01;1.00715e+00;4.42169e-12
nav-lives;me-hebbian-neuron;1;[8];239;23900;23900;3.34852e+02;19;1;1;1.00000e+00;1.00000e+00;1.00000e+00;40;9.99877e-01;1.00639e+00;3.95260e-04
nav-lives;me-hebbian-neuron;2;[8];239;23900;23900;3.35546e+02;20;1;1;1.00000e+00;1.00000e+00;1.00000e+00;40;9.99955e-01;1.00715e+00;4.42169e-12
nav-lives;me-hebbian-neuron;1;[8];240;24000;24000;3.36348e+02;19;1;1;1.00000e+00;1.00000e+00;1.00000e+00;40;9.99877e-01;1.00639e+00;3.95260e-04
nav-lives;me-hebbian-neuron;2;[8];240;24000;24000;3.36986e+02;20;1;1;1.00000e+00;1.00000e+00;1.00000e+00;40;9.99955e-01;1.00715e+00;4.42169e-12
nav-lives;me-hebbian-neuron;1;[8];241;24100;24100;3.37632e+02;19;1;1;1.00000e+00;1.00000e+00;1.00000e+00;40;9.99877e-01;1.00639e+00;3.95260e-04
nav-lives;me-hebbian-neuron;2;[8];241;24100;24100;3.38304e+02;20;1;1;1.00000e+00;1.00000e+00;1.00000e+00;40;9.99955e-01;1.00715e+00;4.42169e-12
nav-lives;me-hebbian-neuron;1;[8];242;24200;24200;3.38974e+02;19;1;1;1.00000e+00;1.00000e+00;1.00000e+00;40;9.99877e-01;1.00639e+00;3.95260e-04
nav-lives;me-hebbian-neuron;2;[8];242;24200;24200;3.39725e+02;20;1;1;1.00000e+00;1.00000e+00;1.00000e+00;40;9.99955e-01;1.00715e+00;4.42169e-12
nav-lives;me-hebbian-neuron;1;[8];243;24300;24300;3.40410e+02;19;1;1;1.00000e+00;1.00000e+00;1.00000e+00;40;9.99877e-01;1.00639e+00;3.95260e-04
nav-lives;me-hebbian-neuron;2;[8];243;24300;24300;3.41082e+02;20;1;1;1.00000e+00;1.00000e+00;1.00000e+00;40;9.99955e-01;1.00715e+00;4.42169e-12
nav-lives;me-hebbian-neuron;1;[8];244;24400;24400;3.41783e+02;19;1;1;1.00000e+00;1.00000e+00;1.00000e+00;40;9.99877e-01;1.00639e+00;3.95260e-04
nav-lives;me-hebbian-neuron;2;[8];244;24400;24400;3.42513e+02;20;1;1;1.00000e+00;1.00000e+00;1.00000e+00;40;9.99955e-01;1.00715e+00;4.42169e-12
nav-lives;me-hebbian-neuron;1;[8];245;24500;24500;3.43209e+02;19;1;1;1.00000e+00;1.00000e+00;1.00000e+00;40;9.99877e-01;1.00639e+00;3.95260e-04
nav-lives;me-hebbian-neuron;2;[8];245;24500;24500;3.43951e+02;20;1;1;1.00000e+00;1.00000e+00;1.00000e+00;40;9.99955e-01;1.00715e+00;4.42169e-12
nav-lives;me-hebbian-neuron;1;[8];246;24600;24600;3.44571e+02;19;1;1;1.00000e+00;1.00000e+00;1.00000e+00;40;9.99877e-01;1.00639e+00;3.95260e-04
nav-lives;me-hebbian-neuron;2;[8];246;24600;24600;3.45367e+02;20;1;1;1.00000e+00;1.00000e+00;1.00000e+00;40;9.99955e-01;1.00715e+00;4.42169e-12
nav-lives;me-hebbian-neuron;1;[8];247;24700;24700;3.46032e+02;19;1;1;1.00000e+00;1.00000e+00;1.00000e+00;40;9.99877e-01;1.00639e+00;3.95260e-04
nav-lives;me-hebbian-neuron;2;[8];247;24700;24700;3.46702e+02;20;1;1;1.00000e+00;1.00000e+00;1.00000e+00;40;9.99955e-01;1.00715e+00;4.42169e-12
nav-lives;me-hebbian-neuron;1;[8];248;24800;24800;3.47386e+02;19;1;1;1.00000e+00;1.00000e+00;1.00000e+00;40;9.99877e-01;1.00639e+00;3.95260e-04
nav-lives;me-hebbian-neuron;2;[8];248;24800;24800;3.48096e+02;20;1;1;1.00000e+00;1.00000e+00;1.00000e+00;40;9.99955e-01;1.00715e+00;4.42169e-12
nav-lives;me-hebbian-neuron;1;[8];249;24900;24900;3.48775e+02;19;1;1;1.00000e+00;1.00000e+00;1.00000e+00;40;9.99877e-01;1.00639e+00;3.95260e-04
nav-lives;me-hebbian-neuron;2;[8];249;24900;24900;3.49522e+02;20;1;1;1.00000e+00;1.00000e+00;1.00000e+00;40;9.99955e-01;1.00715e+00;4.42169e-12
nav-lives;me-hebbian-neuron;1;[8];250;25000;25000;3.50190e+02;19;1;1;1.00000e+00;1.00000e+00;1.00000e+00;40;9.99877e-01;1.00639e+00;3.95260e-04
nav-lives;me-hebbian-neuron;2;[8];250;25000;25000;3.50851e+02;20;1;1;1.00000e+00;1.00000e+00;1.00000e+00;40;9.99955e-01;1.00715e+00;4.42169e-12
nav-lives;me-hebbian-neuron;1;[8];251;25100;25100;3.51539e+02;19;1;1;1.00000e+00;1.00000e+00;1.00000e+00;40;9.99877e-01;1.00639e+00;3.95260e-04
nav-lives;me-hebbian-neuron;2;[8];251;25100;25100;3.52221e+02;20;1;1;1.00000e+00;1.00000e+00;1.00000e+00;40;9.99955e-01;1.00715e+00;4.42169e-12
nav-lives;me-hebbian-neuron;1;[8];252;25200;25200;3.52965e+02;19;1;1;1.00000e+00;1.00000e+00;1.00000e+00;40;9.99877e-01;1.00639e+00;3.95260e-04
nav-lives;me-hebbian-neuron;2;[8];252;25200;25200;3.53665e+02;20;1;1;1.00000e+00;1.00000e+00;1.00000e+00;40;9.99955e-01;1.00715e+00;4.42169e-12
nav-lives;me-hebbian-neuron;1;[8];253;25300;25300;3.54366e+02;19;1;1;1.00000e+00;1.00000e+00;1.00000e+00;40;9.99877e-01;1.00639e+00;3.95260e-04
nav-lives;me-hebbian-neuron;2;[8];253;25300;25300;3.55054e+02;20;1;1;1.00000e+00;1.00000e+00;1.00000e+00;40;9.99955e-01;1.00715e+00;4.42169e-12
nav-lives;me-hebbian-neuron;1;[8];254;25400;25400;3.55799e+02;19;1;1;1.00000e+00;1.00000e+00;1.00000e+00;40;9.99877e-01;1.00639e+00;3.95260e-04
nav-lives;me-hebbian-neuron;2;[8];254;25400;25400;3.56490e+02;20;1;1;1.00000e+00;1.00000e+00;1.00000e+00;40;9.99955e-01;1.00715e+00;4.42169e-12
nav-lives;me-hebbian-neuron;1;[8];255;25500;25500;3.57169e+02;19;1;1;1.00000e+00;1.00000e+00;1.00000e+00;40;9.99877e-01;1.00639e+00;3.95260e-04
nav-lives;me-hebbian-neuron;2;[8];255;25500;25500;3.57958e+02;20;1;1;1.00000e+00;1.00000e+00;1.00000e+00;40;9.99955e-01;1.00715e+00;4.42169e-12
nav-lives;me-hebbian-neuron;1;[8];256;25600;25600;3.58566e+02;19;1;1;1.00000e+00;1.00000e+00;1.00000e+00;40;9.99877e-01;1.00639e+00;3.95260e-04
nav-lives;me-hebbian-neuron;2;[8];256;25600;25600;3.59294e+02;20;1;1;1.00000e+00;1.00000e+00;1.00000e+00;40;9.99955e-01;1.00715e+00;4.42169e-12
nav-lives;me-hebbian-neuron;1;[8];257;25700;25700;3.59952e+02;19;1;1;1.00000e+00;1.00000e+00;1.00000e+00;40;9.99877e-01;1.00639e+00;3.95260e-04
nav-lives;me-hebbian-neuron;2;[8];257;25700;25700;3.60670e+02;20;1;1;1.00000e+00;1.00000e+00;1.00000e+00;40;9.99955e-01;1.00715e+00;4.42169e-12
nav-lives;me-hebbian-neuron;1;[8];258;25800;25800;3.61337e+02;19;1;1;1.00000e+00;1.00000e+00;1.00000e+00;40;9.99877e-01;1.00639e+00;3.95260e-04
nav-lives;me-hebbian-neuron;2;[8];258;25800;25800;3.62026e+02;20;1;1;1.00000e+00;1.00000e+00;1.00000e+00;40;9.99955e-01;1.00715e+00;4.42169e-12
nav-lives;me-hebbian-neuron;1;[8];259;25900;25900;3.62722e+02;19;1;1;1.00000e+00;1.00000e+00;1.00000e+00;40;9.99877e-01;1.00639e+00;3.95260e-04
nav-lives;me-hebbian-neuron;2;[8];259;25900;25900;3.63393e+02;20;1;1;1.00000e+00;1.00000e+00;1.00000e+00;40;9.99955e-01;1.00715e+00;4.42169e-12
nav-lives;me-hebbian-neuron;1;[8];260;26000;26000;3.64104e+02;19;1;1;1.00000e+00;1.00000e+00;1.00000e+00;40;9.99877e-01;1.00639e+00;3.95260e-04
nav-lives;me-hebbian-neuron;2;[8];260;26000;26000;3.64911e+02;20;1;1;1.00000e+00;1.00000e+00;1.00000e+00;40;9.99955e-01;1.00715e+00;4.42169e-12
nav-lives;me-hebbian-neuron;1;[8];261;26100;26100;3.65624e+02;19;1;1;1.00000e+00;1.00000e+00;1.00000e+00;40;9.99877e-01;1.00639e+00;3.95260e-04
nav-lives;me-hebbian-neuron;2;[8];261;26100;26100;3.66211e+02;20;1;1;1.00000e+00;1.00000e+00;1.00000e+00;40;9.99955e-01;1.00715e+00;4.42169e-12
nav-lives;me-hebbian-neuron;1;[8];262;26200;26200;3.66908e+02;19;1;1;1.00000e+00;1.00000e+00;1.00000e+00;40;9.99877e-01;1.00639e+00;3.95260e-04
nav-lives;me-hebbian-neuron;2;[8];262;26200;26200;3.67582e+02;20;1;1;1.00000e+00;1.00000e+00;1.00000e+00;40;9.99955e-01;1.00715e+00;4.42169e-12
nav-lives;me-hebbian-neuron;1;[8];263;26300;26300;3.68302e+02;19;1;1;1.00000e+00;1.00000e+00;1.00000e+00;40;9.99877e-01;1.00639e+00;3.95260e-04
nav-lives;me-hebbian-neuron;2;[8];263;26300;26300;3.68968e+02;20;1;1;1.00000e+00;1.00000e+00;1.00000e+00;40;9.99955e-01;1.00715e+00;4.42169e-12
nav-lives;me-hebbian-neuron;1;[8];264;26400;26400;3.69765e+02;19;1;1;1.00000e+00;1.00000e+00;1.00000e+00;40;9.99877e-01;1.00639e+00;3.95260e-04
nav-lives;me-hebbian-neuron;2;[8];264;26400;26400;3.70379e+02;20;1;1;1.00000e+00;1.00000e+00;1.00000e+00;40;9.99955e-01;1.00715e+00;4.42169e-12
nav-lives;me-hebbian-neuron;1;[8];265;26500;26500;3.71073e+02;19;1;1;1.00000e+00;1.00000e+00;1.00000e+00;40;9.99877e-01;1.00639e+00;3.95260e-04
nav-lives;me-hebbian-neuron;2;[8];265;26500;26500;3.71778e+02;20;1;1;1.00000e+00;1.00000e+00;1.00000e+00;40;9.99955e-01;1.00715e+00;4.42169e-12
nav-lives;me-hebbian-neuron;1;[8];266;26600;26600;3.72501e+02;19;1;1;1.00000e+00;1.00000e+00;1.00000e+00;40;9.99877e-01;1.00639e+00;3.95260e-04
nav-lives;me-hebbian-neuron;2;[8];266;26600;26600;3.73156e+02;20;1;1;1.00000e+00;1.00000e+00;1.00000e+00;40;9.99955e-01;1.00715e+00;4.42169e-12
nav-lives;me-hebbian-neuron;1;[8];267;26700;26700;3.73876e+02;19;1;1;1.00000e+00;1.00000e+00;1.00000e+00;40;9.99877e-01;1.00639e+00;3.95260e-04
nav-lives;me-hebbian-neuron;2;[8];267;26700;26700;3.74587e+02;20;1;1;1.00000e+00;1.00000e+00;1.00000e+00;40;9.99955e-01;1.00715e+00;4.42169e-12
nav-lives;me-hebbian-neuron;1;[8];268;26800;26800;3.75283e+02;19;1;1;1.00000e+00;1.00000e+00;1.00000e+00;40;9.99877e-01;1.00639e+00;3.95260e-04
nav-lives;me-hebbian-neuron;2;[8];268;26800;26800;3.76016e+02;20;1;1;1.00000e+00;1.00000e+00;1.00000e+00;40;9.99955e-01;1.00715e+00;4.42169e-12
nav-lives;me-hebbian-neuron;1;[8];269;26900;26900;3.76691e+02;19;1;1;1.00000e+00;1.00000e+00;1.00000e+00;40;9.99877e-01;1.00639e+00;3.95260e-04
nav-lives;me-hebbian-neuron;2;[8];269;26900;26900;3.77393e+02;20;1;1;1.00000e+00;1.00000e+00;1.00000e+00;40;9.99955e-01;1.00715e+00;4.42169e-12
nav-lives;me-hebbian-neuron;1;[8];270;27000;27000;3.78072e+02;19;1;1;1.00000e+00;1.00000e+00;1.00000e+00;40;9.99877e-01;1.00639e+00;3.95260e-04
nav-lives;me-hebbian-neuron;2;[8];270;27000;27000;3.78751e+02;20;1;1;1.00000e+00;1.00000e+00;1.00000e+00;40;9.99955e-01;1.00715e+00;4.42169e-12
nav-lives;me-hebbian-neuron;1;[8];271;27100;27100;3.79422e+02;19;1;1;1.00000e+00;1.00000e+00;1.00000e+00;40;9.99877e-01;1.00639e+00;3.95260e-04
nav-lives;me-hebbian-neuron;2;[8];271;27100;27100;3.80203e+02;20;1;1;1.00000e+00;1.00000e+00;1.00000e+00;40;9.99955e-01;1.00715e+00;4.42169e-12
nav-lives;me-hebbian-neuron;1;[8];272;27200;27200;3.80896e+02;19;1;1;1.00000e+00;1.00000e+00;1.00000e+00;40;9.99877e-01;1.00639e+00;3.95260e-04
nav-lives;me-hebbian-neuron;2;[8];272;27200;27200;3.81531e+02;20;1;1;1.00000e+00;1.00000e+00;1.00000e+00;40;9.99955e-01;1.00715e+00;4.42169e-12
nav-lives;me-hebbian-neuron;1;[8];273;27300;27300;3.82353e+02;19;1;1;1.00000e+00;1.00000e+00;1.00000e+00;40;9.99877e-01;1.00639e+00;3.95260e-04
nav-lives;me-hebbian-neuron;2;[8];273;27300;27300;3.82910e+02;20;1;1;1.00000e+00;1.00000e+00;1.00000e+00;40;9.99955e-01;1.00715e+00;4.42169e-12
nav-lives;me-hebbian-neuron;1;[8];274;27400;27400;3.83632e+02;19;1;1;1.00000e+00;1.00000e+00;1.00000e+00;40;9.99877e-01;1.00639e+00;3.95260e-04
nav-lives;me-hebbian-neuron;2;[8];274;27400;27400;3.84315e+02;20;1;1;1.00000e+00;1.00000e+00;1.00000e+00;40;9.99955e-01;1.00715e+00;4.42169e-12
nav-lives;me-hebbian-neuron;1;[8];275;27500;27500;3.85014e+02;19;1;1;1.00000e+00;1.00000e+00;1.00000e+00;40;9.99877e-01;1.00639e+00;3.95260e-04
nav-lives;me-hebbian-neuron;2;[8];275;27500;27500;3.85743e+02;20;1;1;1.00000e+00;1.00000e+00;1.00000e+00;40;9.99955e-01;1.00715e+00;4.42169e-12
nav-lives;me-hebbian-neuron;1;[8];276;27600;27600;3.86420e+02;19;1;1;1.00000e+00;1.00000e+00;1.00000e+00;40;9.99877e-01;1.00639e+00;3.95260e-04
nav-lives;me-hebbian-neuron;2;[8];276;27600;27600;3.87148e+02;20;1;1;1.00000e+00;1.00000e+00;1.00000e+00;40;9.99955e-01;1.00715e+00;4.42169e-12
nav-lives;me-hebbian-neuron;1;[8];277;27700;27700;3.87873e+02;19;1;1;1.00000e+00;1.00000e+00;1.00000e+00;40;9.99877e-01;1.00639e+00;3.95260e-04
nav-lives;me-hebbian-neuron;2;[8];277;27700;27700;3.88557e+02;20;1;1;1.00000e+00;1.00000e+00;1.00000e+00;40;9.99955e-01;1.00715e+00;4.42169e-12
nav-lives;me-hebbian-neuron;1;[8];278;27800;27800;3.89256e+02;19;1;1;1.00000e+00;1.00000e+00;1.00000e+00;40;9.99877e-01;1.00639e+00;3.95260e-04
nav-lives;me-hebbian-neuron;2;[8];278;27800;27800;3.89900e+02;20;1;1;1.00000e+00;1.00000e+00;1.00000e+00;40;9.99955e-01;1.00715e+00;4.42169e-12
nav-lives;me-hebbian-neuron;1;[8];279;27900;27900;3.90657e+02;19;1;1;1.00000e+00;1.00000e+00;1.00000e+00;40;9.99877e-01;1.00639e+00;3.95260e-04
nav-lives;me-hebbian-neuron;2;[8];279;27900;27900;3.91331e+02;20;1;1;1.00000e+00;1.00000e+00;1.00000e+00;40;9.99955e-01;1.00715e+00;4.42169e-12
nav-lives;me-hebbian-neuron;1;[8];280;28000;28000;3.92028e+02;19;1;1;1.00000e+00;1.00000e+00;1.00000e+00;40;9.99877e-01;1.00639e+00;3.95260e-04
nav-lives;me-hebbian-neuron;2;[8];280;28000;28000;3.92714e+02;20;1;1;1.00000e+00;1.00000e+00;1.00000e+00;40;9.99955e-01;1.00715e+00;4.42169e-12
nav-lives;me-hebbian-neuron;1;[8];281;28100;28100;3.93460e+02;19;1;1;1.00000e+00;1.00000e+00;1.00000e+00;40;9.99877e-01;1.00639e+00;3.95260e-04
nav-lives;me-hebbian-neuron;2;[8];281;28100;28100;3.94099e+02;20;1;1;1.00000e+00;1.00000e+00;1.00000e+00;40;9.99955e-01;1.00715e+00;4.42169e-12
nav-lives;me-hebbian-neuron;1;[8];282;28200;28200;3.94776e+02;19;1;1;1.00000e+00;1.00000e+00;1.00000e+00;40;9.99877e-01;1.00639e+00;3.95260e-04
nav-lives;me-hebbian-neuron;2;[8];282;28200;28200;3.95476e+02;20;1;1;1.00000e+00;1.00000e+00;1.00000e+00;40;9.99955e-01;1.00715e+00;4.42169e-12
nav-lives;me-hebbian-neuron;1;[8];283;28300;28300;3.96213e+02;19;1;1;1.00000e+00;1.00000e+00;1.00000e+00;40;9.99877e-01;1.00639e+00;3.95260e-04
nav-lives;me-hebbian-neuron;2;[8];283;28300;28300;3.96881e+02;20;1;1;1.00000e+00;1.00000e+00;1.00000e+00;40;9.99955e-01;1.00715e+00;4.42169e-12
nav-lives;me-hebbian-neuron;1;[8];284;28400;28400;3.97560e+02;19;1;1;1.00000e+00;1.00000e+00;1.00000e+00;40;9.99877e-01;1.00639e+00;3.95260e-04
nav-lives;me-hebbian-neuron;2;[8];284;28400;28400;3.98319e+02;20;1;1;1.00000e+00;1.00000e+00;1.00000e+00;40;9.99955e-01;1.00715e+00;4.42169e-12
nav-lives;me-hebbian-neuron;1;[8];285;28500;28500;3.98989e+02;19;1;1;1.00000e+00;1.00000e+00;1.00000e+00;40;9.99877e-01;1.00639e+00;3.95260e-04
nav-lives;me-hebbian-neuron;2;[8];285;28500;28500;3.99711e+02;20;1;1;1.00000e+00;1.00000e+00;1.00000e+00;40;9.99955e-01;1.00715e+00;4.42169e-12
nav-lives;me-hebbian-neuron;1;[8];286;28600;28600;4.00354e+02;19;1;1;1.00000e+00;1.00000e+00;1.00000e+00;40;9.99877e-01;1.00639e+00;3.95260e-04
nav-lives;me-hebbian-neuron;2;[8];286;28600;28600;4.01031e+02;20;1;1;1.00000e+00;1.00000e+00;1.00000e+00;40;9.99955e-01;1.00715e+00;4.42169e-12
nav-lives;me-hebbian-neuron;1;[8];287;28700;28700;4.01771e+02;19;1;1;1.00000e+00;1.00000e+00;1.00000e+00;40;9.99877e-01;1.00639e+00;3.95260e-04
nav-lives;me-hebbian-neuron;2;[8];287;28700;28700;4.02458e+02;20;1;1;1.00000e+00;1.00000e+00;1.00000e+00;40;9.99955e-01;1.00715e+00;4.42169e-12
nav-lives;me-hebbian-neuron;1;[8];288;28800;28800;4.03232e+02;19;1;1;1.00000e+00;1.00000e+00;1.00000e+00;40;9.99877e-01;1.00639e+00;3.95260e-04
nav-lives;me-hebbian-neuron;2;[8];288;28800;28800;4.03855e+02;20;1;1;1.00000e+00;1.00000e+00;1.00000e+00;40;9.99955e-01;1.00715e+00;4.42169e-12
nav-lives;me-hebbian-neuron;1;[8];289;28900;28900;4.04617e+02;19;1;1;1.00000e+00;1.00000e+00;1.00000e+00;40;9.99877e-01;1.00639e+00;3.95260e-04
nav-lives;me-hebbian-neuron;2;[8];289;28900;28900;4.05275e+02;20;1;1;1.00000e+00;1.00000e+00;1.00000e+00;40;9.99955e-01;1.00715e+00;4.42169e-12
nav-lives;me-hebbian-neuron;1;[8];290;29000;29000;4.05993e+02;19;1;1;1.00000e+00;1.00000e+00;1.00000e+00;40;9.99877e-01;1.00639e+00;3.95260e-04
nav-lives;me-hebbian-neuron;2;[8];290;29000;29000;4.06646e+02;20;1;1;1.00000e+00;1.00000e+00;1.00000e+00;40;9.99955e-01;1.00715e+00;4.42169e-12
nav-lives;me-hebbian-neuron;1;[8];291;29100;29100;4.07347e+02;19;1;1;1.00000e+00;1.00000e+00;1.00000e+00;40;9.99877e-01;1.00639e+00;3.95260e-04
nav-lives;me-hebbian-neuron;2;[8];291;29100;29100;4.08031e+02;20;1;1;1.00000e+00;1.00000e+00;1.00000e+00;40;9.99955e-01;1.00715e+00;4.42169e-12
nav-lives;me-hebbian-neuron;1;[8];292;29200;29200;4.08731e+02;19;1;1;1.00000e+00;1.00000e+00;1.00000e+00;40;9.99877e-01;1.00639e+00;3.95260e-04
nav-lives;me-hebbian-neuron;2;[8];292;29200;29200;4.09435e+02;20;1;1;1.00000e+00;1.00000e+00;1.00000e+00;40;9.99955e-01;1.00715e+00;4.42169e-12
nav-lives;me-hebbian-neuron;1;[8];293;29300;29300;4.10140e+02;19;1;1;1.00000e+00;1.00000e+00;1.00000e+00;40;9.99877e-01;1.00639e+00;3.95260e-04
nav-lives;me-hebbian-neuron;2;[8];293;29300;29300;4.10826e+02;20;1;1;1.00000e+00;1.00000e+00;1.00000e+00;40;9.99955e-01;1.00715e+00;4.42169e-12
nav-lives;me-hebbian-neuron;1;[8];294;29400;29400;4.11540e+02;19;1;1;1.00000e+00;1.00000e+00;1.00000e+00;40;9.99877e-01;1.00639e+00;3.95260e-04
nav-lives;me-hebbian-neuron;2;[8];294;29400;29400;4.12218e+02;20;1;1;1.00000e+00;1.00000e+00;1.00000e+00;40;9.99955e-01;1.00715e+00;4.42169e-12
nav-lives;me-hebbian-neuron;1;[8];295;29500;29500;4.12930e+02;19;1;1;1.00000e+00;1.00000e+00;1.00000e+00;40;9.99877e-01;1.00639e+00;3.95260e-04
nav-lives;me-hebbian-neuron;2;[8];295;29500;29500;4.13607e+02;20;1;1;1.00000e+00;1.00000e+00;1.00000e+00;40;9.99955e-01;1.00715e+00;4.42169e-12
nav-lives;me-hebbian-neuron;1;[8];296;29600;29600;4.14365e+02;19;1;1;1.00000e+00;1.00000e+00;1.00000e+00;40;9.99877e-01;1.00639e+00;3.95260e-04
nav-lives;me-hebbian-neuron;2;[8];296;29600;29600;4.15012e+02;20;1;1;1.00000e+00;1.00000e+00;1.00000e+00;40;9.99955e-01;1.00715e+00;4.42169e-12
nav-lives;me-hebbian-neuron;1;[8];297;29700;29700;4.15730e+02;19;1;1;1.00000e+00;1.00000e+00;1.00000e+00;40;9.99877e-01;1.00639e+00;3.95260e-04
nav-lives;me-hebbian-neuron;2;[8];297;29700;29700;4.16426e+02;20;1;1;1.00000e+00;1.00000e+00;1.00000e+00;40;9.99955e-01;1.00715e+00;4.42169e-12
nav-lives;me-hebbian-neuron;1;[8];298;29800;29800;4.17082e+02;19;1;1;1.00000e+00;1.00000e+00;1.00000e+00;40;9.99877e-01;1.00639e+00;3.95260e-04
nav-lives;me-hebbian-neuron;2;[8];298;29800;29800;4.17796e+02;20;1;1;1.00000e+00;1.00000e+00;1.00000e+00;40;9.99955e-01;1.00715e+00;4.42169e-12
nav-lives;me-hebbian-neuron;1;[8];299;29900;29900;4.18456e+02;19;1;1;1.00000e+00;1.00000e+00;1.00000e+00;40;9.99877e-01;1.00639e+00;3.95260e-04
nav-lives;me-hebbian-neuron;2;[8];299;29900;29900;4.19150e+02;20;1;1;1.00000e+00;1.00000e+00;1.00000e+00;40;9.99955e-01;1.00715e+00;4.42169e-12
nav-lives;me-hebbian-neuron;1;[8];300;30000;30000;4.19893e+02;19;1;1;1.00000e+00;1.00000e+00;1.00000e+00;40;9.99877e-01;1.00639e+00;3.95260e-04
nav-lives;me-hebbian-neuron;2;[8];300;30000;30000;4.20570e+02;20;1;1;1.00000e+00;1.00000e+00;1.00000e+00;40;9.99955e-01;1.00715e+00;4.42169e-12
nav-lives;me-hebbian-neuron;1;[8];301;30100;30100;4.21312e+02;19;1;1;1.00000e+00;1.00000e+00;1.00000e+00;40;9.99877e-01;1.00639e+00;3.95260e-04
nav-lives;me-hebbian-neuron;2;[8];301;30100;30100;4.21976e+02;20;1;1;1.00000e+00;1.00000e+00;1.00000e+00;40;9.99955e-01;1.00715e+00;4.42169e-12
nav-lives;me-hebbian-neuron;1;[8];302;30200;30200;4.22680e+02;19;1;1;1.00000e+00;1.00000e+00;1.00000e+00;40;9.99877e-01;1.00639e+00;3.95260e-04
nav-lives;me-hebbian-neuron;2;[8];302;30200;30200;4.23382e+02;20;1;1;1.00000e+00;1.00000e+00;1.00000e+00;40;9.99955e-01;1.00715e+00;4.42169e-12
nav-lives;me-hebbian-neuron;1;[8];303;30300;30300;4.24052e+02;19;1;1;1.00000e+00;1.00000e+00;1.00000e+00;40;9.99877e-01;1.00639e+00;3.95260e-04
nav-lives;me-hebbian-neuron;2;[8];303;30300;30300;4.24739e+02;20;1;1;1.00000e+00;1.00000e+00;1.00000e+00;40;9.99955e-01;1.00715e+00;4.42169e-12
nav-lives;me-hebbian-neuron;1;[8];304;30400;30400;4.25421e+02;19;1;1;1.00000e+00;1.00000e+00;1.00000e+00;40;9.99877e-01;1.00639e+00;3.95260e-04
nav-lives;me-hebbian-neuron;2;[8];304;30400;30400;4.26177e+02;20;1;1;1.00000e+00;1.00000e+00;1.00000e+00;40;9.99955e-01;1.00715e+00;4.42169e-12
nav-lives;me-hebbian-neuron;1;[8];305;30500;30500;4.26860e+02;19;1;1;1.00000e+00;1.00000e+00;1.00000e+00;40;9.99877e-01;1.00639e+00;3.95260e-04
nav-lives;me-hebbian-neuron;2;[8];305;30500;30500;4.27605e+02;20;1;1;1.00000e+00;1.00000e+00;1.00000e+00;40;9.99955e-01;1.00715e+00;4.42169e-12
nav-lives;me-hebbian-neuron;1;[8];306;30600;30600;4.28280e+02;19;1;1;1.00000e+00;1.00000e+00;1.00000e+00;40;9.99877e-01;1.00639e+00;3.95260e-04
nav-lives;me-hebbian-neuron;2;[8];306;30600;30600;4.28946e+02;20;1;1;1.00000e+00;1.00000e+00;1.00000e+00;40;9.99955e-01;1.00715e+00;4.42169e-12
nav-lives;me-hebbian-neuron;1;[8];307;30700;30700;4.29662e+02;19;1;1;1.00000e+00;1.00000e+00;1.00000e+00;40;9.99877e-01;1.00639e+00;3.95260e-04
nav-lives;me-hebbian-neuron;2;[8];307;30700;30700;4.30308e+02;20;1;1;1.00000e+00;1.00000e+00;1.00000e+00;40;9.99955e-01;1.00715e+00;4.42169e-12
nav-lives;me-hebbian-neuron;1;[8];308;30800;30800;4.31004e+02;19;1;1;1.00000e+00;1.00000e+00;1.00000e+00;40;9.99877e-01;1.00639e+00;3.95260e-04
nav-lives;me-hebbian-neuron;2;[8];308;30800;30800;4.31710e+02;20;1;1;1.00000e+00;1.00000e+00;1.00000e+00;40;9.99955e-01;1.00715e+00;4.42169e-12
nav-lives;me-hebbian-neuron;1;[8];309;30900;30900;4.32397e+02;19;1;1;1.00000e+00;1.00000e+00;1.00000e+00;40;9.99877e-01;1.00639e+00;3.95260e-04
nav-lives;me-hebbian-neuron;2;[8];309;30900;30900;4.33118e+02;20;1;1;1.00000e+00;1.00000e+00;1.00000e+00;40;9.99955e-01;1.00715e+00;4.42169e-12
nav-lives;me-hebbian-neuron;1;[8];310;31000;31000;4.33809e+02;19;1;1;1.00000e+00;1.00000e+00;1.00000e+00;40;9.99877e-01;1.00639e+00;3.95260e-04
nav-lives;me-hebbian-neuron;2;[8];310;31000;31000;4.34583e+02;20;1;1;1.00000e+00;1.00000e+00;1.00000e+00;40;9.99955e-01;1.00715e+00;4.42169e-12
nav-lives;me-hebbian-neuron;1;[8];311;31100;31100;4.35210e+02;19;1;1;1.00000e+00;1.00000e+00;1.00000e+00;40;9.99877e-01;1.00639e+00;3.95260e-04
nav-lives;me-hebbian-neuron;2;[8];311;31100;31100;4.35928e+02;20;1;1;1.00000e+00;1.00000e+00;1.00000e+00;40;9.99955e-01;1.00715e+00;4.42169e-12
nav-lives;me-hebbian-neuron;1;[8];312;31200;31200;4.36642e+02;19;1;1;1.00000e+00;1.00000e+00;1.00000e+00;40;9.99877e-01;1.00639e+00;3.95260e-04
nav-lives;me-hebbian-neuron;2;[8];312;31200;31200;4.37329e+02;20;1;1;1.00000e+00;1.00000e+00;1.00000e+00;40;9.99955e-01;1.00715e+00;4.42169e-12
nav-lives;me-hebbian-neuron;1;[8];313;31300;31300;4.38062e+02;19;1;1;1.00000e+00;1.00000e+00;1.00000e+00;40;9.99877e-01;1.00639e+00;3.95260e-04
nav-lives;me-hebbian-neuron;2;[8];313;31300;31300;4.38729e+02;20;1;1;1.00000e+00;1.00000e+00;1.00000e+00;40;9.99955e-01;1.00715e+00;4.42169e-12
nav-lives;me-hebbian-neuron;1;[8];314;31400;31400;4.39409e+02;19;1;1;1.00000e+00;1.00000e+00;1.00000e+00;40;9.99877e-01;1.00639e+00;3.95260e-04
nav-lives;me-hebbian-neuron;2;[8];314;31400;31400;4.40054e+02;20;1;1;1.00000e+00;1.00000e+00;1.00000e+00;40;9.99955e-01;1.00715e+00;4.42169e-12
nav-lives;me-hebbian-neuron;1;[8];315;31500;31500;4.40796e+02;19;1;1;1.00000e+00;1.00000e+00;1.00000e+00;40;9.99877e-01;1.00639e+00;3.95260e-04
nav-lives;me-hebbian-neuron;2;[8];315;31500;31500;4.41471e+02;20;1;1;1.00000e+00;1.00000e+00;1.00000e+00;40;9.99955e-01;1.00715e+00;4.42169e-12
nav-lives;me-hebbian-neuron;1;[8];316;31600;31600;4.42184e+02;19;1;1;1.00000e+00;1.00000e+00;1.00000e+00;40;9.99877e-01;1.00639e+00;3.95260e-04
nav-lives;me-hebbian-neuron;2;[8];316;31600;31600;4.42863e+02;20;1;1;1.00000e+00;1.00000e+00;1.00000e+00;40;9.99955e-01;1.00715e+00;4.42169e-12
nav-lives;me-hebbian-neuron;1;[8];317;31700;31700;4.43587e+02;19;1;1;1.00000e+00;1.00000e+00;1.00000e+00;40;9.99877e-01;1.00639e+00;3.95260e-04
nav-lives;me-hebbian-neuron;2;[8];317;31700;31700;4.44274e+02;20;1;1;1.00000e+00;1.00000e+00;1.00000e+00;40;9.99955e-01;1.00715e+00;4.42169e-12
nav-lives;me-hebbian-neuron;1;[8];318;31800;31800;4.44997e+02;19;1;1;1.00000e+00;1.00000e+00;1.00000e+00;40;9.99877e-01;1.00639e+00;3.95260e-04
nav-lives;me-hebbian-neuron;2;[8];318;31800;31800;4.45679e+02;20;1;1;1.00000e+00;1.00000e+00;1.00000e+00;40;9.99955e-01;1.00715e+00;4.42169e-12
nav-lives;me-hebbian-neuron;1;[8];319;31900;31900;4.46400e+02;19;1;1;1.00000e+00;1.00000e+00;1.00000e+00;40;9.99877e-01;1.00639e+00;3.95260e-04
nav-lives;me-hebbian-neuron;2;[8];319;31900;31900;4.47074e+02;20;1;1;1.00000e+00;1.00000e+00;1.00000e+00;40;9.99955e-01;1.00715e+00;4.42169e-12
nav-lives;me-hebbian-neuron;1;[8];320;32000;32000;4.47839e+02;19;1;1;1.00000e+00;1.00000e+00;1.00000e+00;40;9.99877e-01;1.00639e+00;3.95260e-04
nav-lives;me-hebbian-neuron;2;[8];320;32000;32000;4.48453e+02;20;1;1;1.00000e+00;1.00000e+00;1.00000e+00;40;9.99955e-01;1.00715e+00;4.42169e-12
nav-lives;me-hebbian-neuron;1;[8];321;32100;32100;4.49135e+02;19;1;1;1.00000e+00;1.00000e+00;1.00000e+00;40;9.99877e-01;1.00639e+00;3.95260e-04
nav-lives;me-hebbian-neuron;2;[8];321;32100;32100;4.49839e+02;20;1;1;1.00000e+00;1.00000e+00;1.00000e+00;40;9.99955e-01;1.00715e+00;4.42169e-12
nav-lives;me-hebbian-neuron;1;[8];322;32200;32200;4.50601e+02;19;1;1;1.00000e+00;1.00000e+00;1.00000e+00;40;9.99877e-01;1.00639e+00;3.95260e-04
nav-lives;me-hebbian-neuron;2;[8];322;32200;32200;4.51263e+02;20;1;1;1.00000e+00;1.00000e+00;1.00000e+00;40;9.99955e-01;1.00715e+00;4.42169e-12
nav-lives;me-hebbian-neuron;1;[8];323;32300;32300;4.51991e+02;19;1;1;1.00000e+00;1.00000e+00;1.00000e+00;40;9.99877e-01;1.00639e+00;3.95260e-04
nav-lives;me-hebbian-neuron;2;[8];323;32300;32300;4.52676e+02;20;1;1;1.00000e+00;1.00000e+00;1.00000e+00;40;9.99955e-01;1.00715e+00;4.42169e-12
nav-lives;me-hebbian-neuron;1;[8];324;32400;32400;4.53367e+02;19;1;1;1.00000e+00;1.00000e+00;1.00000e+00;40;9.99877e-01;1.00639e+00;3.95260e-04
nav-lives;me-hebbian-neuron;2;[8];324;32400;32400;4.54073e+02;20;1;1;1.00000e+00;1.00000e+00;1.00000e+00;40;9.99955e-01;1.00715e+00;4.42169e-12
nav-lives;me-hebbian-neuron;1;[8];325;32500;32500;4.54748e+02;19;1;1;1.00000e+00;1.00000e+00;1.00000e+00;40;9.99877e-01;1.00639e+00;3.95260e-04
nav-lives;me-hebbian-neuron;2;[8];325;32500;32500;4.55422e+02;20;1;1;1.00000e+00;1.00000e+00;1.00000e+00;40;9.99955e-01;1.00715e+00;4.42169e-12
nav-lives;me-hebbian-neuron;1;[8];326;32600;32600;4.56100e+02;19;1;1;1.00000e+00;1.00000e+00;1.00000e+00;40;9.99877e-01;1.00639e+00;3.95260e-04
nav-lives;me-hebbian-neuron;2;[8];326;32600;32600;4.56793e+02;20;1;1;1.00000e+00;1.00000e+00;1.00000e+00;40;9.99955e-01;1.00715e+00;4.42169e-12
nav-lives;me-hebbian-neuron;1;[8];327;32700;32700;4.57497e+02;19;1;1;1.00000e+00;1.00000e+00;1.00000e+00;40;9.99877e-01;1.00639e+00;3.95260e-04
nav-lives;me-hebbian-neuron;2;[8];327;32700;32700;4.58199e+02;20;1;1;1.00000e+00;1.00000e+00;1.00000e+00;40;9.99955e-01;1.00715e+00;4.42169e-12
nav-lives;me-hebbian-neuron;1;[8];328;32800;32800;4.58920e+02;19;1;1;1.00000e+00;1.00000e+00;1.00000e+00;40;9.99877e-01;1.00639e+00;3.95260e-04
nav-lives;me-hebbian-neuron;2;[8];328;32800;32800;4.59591e+02;20;1;1;1.00000e+00;1.00000e+00;1.00000e+00;40;9.99955e-01;1.00715e+00;4.42169e-12
nav-lives;me-hebbian-neuron;1;[8];329;32900;32900;4.60314e+02;19;1;1;1.00000e+00;1.00000e+00;1.00000e+00;40;9.99877e-01;1.00639e+00;3.95260e-04
nav-lives;me-hebbian-neuron;2;[8];329;32900;32900;4.61002e+02;20;1;1;1.00000e+00;1.00000e+00;1.00000e+00;40;9.99955e-01;1.00715e+00;4.42169e-12
nav-lives;me-hebbian-neuron;1;[8];330;33000;33000;4.61726e+02;19;1;1;1.00000e+00;1.00000e+00;1.00000e+00;40;9.99877e-01;1.00639e+00;3.95260e-04
nav-lives;me-hebbian-neuron;2;[8];330;33000;33000;4.62424e+02;20;1;1;1.00000e+00;1.00000e+00;1.00000e+00;40;9.99955e-01;1.00715e+00;4.42169e-12
nav-lives;me-hebbian-neuron;1;[8];331;33100;33100;4.63099e+02;19;1;1;1.00000e+00;1.00000e+00;1.00000e+00;40;9.99877e-01;1.00639e+00;3.95260e-04
nav-lives;me-hebbian-neuron;2;[8];331;33100;33100;4.63825e+02;20;1;1;1.00000e+00;1.00000e+00;1.00000e+00;40;9.99955e-01;1.00715e+00;4.42169e-12
nav-lives;me-hebbian-neuron;1;[8];332;33200;33200;4.64527e+02;19;1;1;1.00000e+00;1.00000e+00;1.00000e+00;40;9.99877e-01;1.00639e+00;3.95260e-04
nav-lives;me-hebbian-neuron;2;[8];332;33200;33200;4.65214e+02;20;1;1;1.00000e+00;1.00000e+00;1.00000e+00;40;9.99955e-01;1.00715e+00;4.42169e-12
nav-lives;me-hebbian-neuron;1;[8];333;33300;33300;4.65936e+02;19;1;1;1.00000e+00;1.00000e+00;1.00000e+00;40;9.99877e-01;1.00639e+00;3.95260e-04
nav-lives;me-hebbian-neuron;2;[8];333;33300;33300;4.66530e+02;20;1;1;1.00000e+00;1.00000e+00;1.00000e+00;40;9.99955e-01;1.00715e+00;4.42169e-12
nav-lives;me-hebbian-neuron;1;[8];334;33400;33400;4.67340e+02;19;1;1;1.00000e+00;1.00000e+00;1.00000e+00;40;9.99877e-01;1.00639e+00;3.95260e-04
nav-lives;me-hebbian-neuron;2;[8];334;33400;33400;4.68005e+02;20;1;1;1.00000e+00;1.00000e+00;1.00000e+00;40;9.99955e-01;1.00715e+00;4.42169e-12
nav-lives;me-hebbian-neuron;1;[8];335;33500;33500;4.68694e+02;19;1;1;1.00000e+00;1.00000e+00;1.00000e+00;40;9.99877e-01;1.00639e+00;3.95260e-04
nav-lives;me-hebbian-neuron;2;[8];335;33500;33500;4.69427e+02;20;1;1;1.00000e+00;1.00000e+00;1.00000e+00;40;9.99955e-01;1.00715e+00;4.42169e-12
nav-lives;me-hebbian-neuron;1;[8];336;33600;33600;4.70117e+02;19;1;1;1.00000e+00;1.00000e+00;1.00000e+00;40;9.99877e-01;1.00639e+00;3.95260e-04
nav-lives;me-hebbian-neuron;2;[8];336;33600;33600;4.70786e+02;20;1;1;1.00000e+00;1.00000e+00;1.00000e+00;40;9.99955e-01;1.00715e+00;4.42169e-12
nav-lives;me-hebbian-neuron;1;[8];337;33700;33700;4.71494e+02;19;1;1;1.00000e+00;1.00000e+00;1.00000e+00;40;9.99877e-01;1.00639e+00;3.95260e-04
nav-lives;me-hebbian-neuron;2;[8];337;33700;33700;4.72166e+02;20;1;1;1.00000e+00;1.00000e+00;1.00000e+00;40;9.99955e-01;1.00715e+00;4.42169e-12
nav-lives;me-hebbian-neuron;1;[8];338;33800;33800;4.72880e+02;19;1;1;1.00000e+00;1.00000e+00;1.00000e+00;40;9.99877e-01;1.00639e+00;3.95260e-04
nav-lives;me-hebbian-neuron;2;[8];338;33800;33800;4.73569e+02;20;1;1;1.00000e+00;1.00000e+00;1.00000e+00;40;9.99955e-01;1.00715e+00;4.42169e-12
nav-lives;me-hebbian-neuron;1;[8];339;33900;33900;4.74248e+02;19;1;1;1.00000e+00;1.00000e+00;1.00000e+00;40;9.99877e-01;1.00639e+00;3.95260e-04
nav-lives;me-hebbian-neuron;2;[8];339;33900;33900;4.74956e+02;20;1;1;1.00000e+00;1.00000e+00;1.00000e+00;40;9.99955e-01;1.00715e+00;4.42169e-12
nav-lives;me-hebbian-neuron;1;[8];340;34000;34000;4.75654e+02;19;1;1;1.00000e+00;1.00000e+00;1.00000e+00;40;9.99877e-01;1.00639e+00;3.95260e-04
nav-lives;me-hebbian-neuron;2;[8];340;34000;34000;4.76376e+02;20;1;1;1.00000e+00;1.00000e+00;1.00000e+00;40;9.99955e-01;1.00715e+00;4.42169e-12
nav-lives;me-hebbian-neuron;1;[8];341;34100;34100;4.77102e+02;19;1;1;1.00000e+00;1.00000e+00;1.00000e+00;40;9.99877e-01;1.00639e+00;3.95260e-04
nav-lives;me-hebbian-neuron;2;[8];341;34100;34100;4.77752e+02;20;1;1;1.00000e+00;1.00000e+00;1.00000e+00;40;9.99955e-01;1.00715e+00;4.42169e-12
nav-lives;me-hebbian-neuron;1;[8];342;34200;34200;4.78444e+02;19;1;1;1.00000e+00;1.00000e+00;1.00000e+00;40;9.99877e-01;1.00639e+00;3.95260e-04
nav-lives;me-hebbian-neuron;2;[8];342;34200;34200;4.79168e+02;20;1;1;1.00000e+00;1.00000e+00;1.00000e+00;40;9.99955e-01;1.00715e+00;4.42169e-12
nav-lives;me-hebbian-neuron;1;[8];343;34300;34300;4.79856e+02;19;1;1;1.00000e+00;1.00000e+00;1.00000e+00;40;9.99877e-01;1.00639e+00;3.95260e-04
nav-lives;me-hebbian-neuron;2;[8];343;34300;34300;4.80533e+02;20;1;1;1.00000e+00;1.00000e+00;1.00000e+00;40;9.99955e-01;1.00715e+00;4.42169e-12
nav-lives;me-hebbian-neuron;1;[8];344;34400;34400;4.81266e+02;19;1;1;1.00000e+00;1.00000e+00;1.00000e+00;40;9.99877e-01;1.00639e+00;3.95260e-04
nav-lives;me-hebbian-neuron;2;[8];344;34400;34400;4.82082e+02;20;1;1;1.00000e+00;1.00000e+00;1.00000e+00;40;9.99955e-01;1.00715e+00;4.42169e-12
nav-lives;me-hebbian-neuron;1;[8];345;34500;34500;4.82606e+02;19;1;1;1.00000e+00;1.00000e+00;1.00000e+00;40;9.99877e-01;1.00639e+00;3.95260e-04
nav-lives;me-hebbian-neuron;2;[8];345;34500;34500;4.83385e+02;20;1;1;1.00000e+00;1.00000e+00;1.00000e+00;40;9.99955e-01;1.00715e+00;4.42169e-12
nav-lives;me-hebbian-neuron;1;[8];346;34600;34600;4.84020e+02;19;1;1;1.00000e+00;1.00000e+00;1.00000e+00;40;9.99877e-01;1.00639e+00;3.95260e-04
nav-lives;me-hebbian-neuron;2;[8];346;34600;34600;4.84735e+02;20;1;1;1.00000e+00;1.00000e+00;1.00000e+00;40;9.99955e-01;1.00715e+00;4.42169e-12
nav-lives;me-hebbian-neuron;1;[8];347;34700;34700;4.85419e+02;19;1;1;1.00000e+00;1.00000e+00;1.00000e+00;40;9.99877e-01;1.00639e+00;3.95260e-04
nav-lives;me-hebbian-neuron;2;[8];347;34700;34700;4.86126e+02;20;1;1;1.00000e+00;1.00000e+00;1.00000e+00;40;9.99955e-01;1.00715e+00;4.42169e-12
nav-lives;me-hebbian-neuron;1;[8];348;34800;34800;4.86818e+02;19;1;1;1.00000e+00;1.00000e+00;1.00000e+00;40;9.99877e-01;1.00639e+00;3.95260e-04
nav-lives;me-hebbian-neuron;2;[8];348;34800;34800;4.87476e+02;20;1;1;1.00000e+00;1.00000e+00;1.00000e+00;40;9.99955e-01;1.00715e+00;4.42169e-12
nav-lives;me-hebbian-neuron;1;[8];349;34900;34900;4.88236e+02;19;1;1;1.00000e+00;1.00000e+00;1.00000e+00;40;9.99877e-01;1.00639e+00;3.95260e-04
nav-lives;me-hebbian-neuron;2;[8];349;34900;34900;4.88926e+02;20;1;1;1.00000e+00;1.00000e+00;1.00000e+00;40;9.99955e-01;1.00715e+00;4.42169e-12
nav-lives;me-hebbian-neuron;1;[8];350;35000;35000;4.89648e+02;19;1;1;1.00000e+00;1.00000e+00;1.00000e+00;40;9.99877e-01;1.00639e+00;3.95260e-04
nav-lives;me-hebbian-neuron;2;[8];350;35000;35000;4.90319e+02;20;1;1;1.00000e+00;1.00000e+00;1.00000e+00;40;9.99955e-01;1.00715e+00;4.42169e-12
nav-lives;me-hebbian-neuron;1;[8];351;35100;35100;4.91052e+02;19;1;1;1.00000e+00;1.00000e+00;1.00000e+00;40;9.99877e-01;1.00639e+00;3.95260e-04
nav-lives;me-hebbian-neuron;2;[8];351;35100;35100;4.91740e+02;20;1;1;1.00000e+00;1.00000e+00;1.00000e+00;40;9.99955e-01;1.00715e+00;4.42169e-12
nav-lives;me-hebbian-neuron;1;[8];352;35200;35200;4.92429e+02;19;1;1;1.00000e+00;1.00000e+00;1.00000e+00;40;9.99877e-01;1.00639e+00;3.95260e-04
nav-lives;me-hebbian-neuron;2;[8];352;35200;35200;4.93168e+02;20;1;1;1.00000e+00;1.00000e+00;1.00000e+00;40;9.99955e-01;1.00715e+00;4.42169e-12
nav-lives;me-hebbian-neuron;1;[8];353;35300;35300;4.93784e+02;19;1;1;1.00000e+00;1.00000e+00;1.00000e+00;40;9.99877e-01;1.00639e+00;3.95260e-04
nav-lives;me-hebbian-neuron;2;[8];353;35300;35300;4.94487e+02;20;1;1;1.00000e+00;1.00000e+00;1.00000e+00;40;9.99955e-01;1.00715e+00;4.42169e-12
nav-lives;me-hebbian-neuron;1;[8];354;35400;35400;4.95163e+02;19;1;1;1.00000e+00;1.00000e+00;1.00000e+00;40;9.99877e-01;1.00639e+00;3.95260e-04
nav-lives;me-hebbian-neuron;2;[8];354;35400;35400;4.95857e+02;20;1;1;1.00000e+00;1.00000e+00;1.00000e+00;40;9.99955e-01;1.00715e+00;4.42169e-12
nav-lives;me-hebbian-neuron;1;[8];355;35500;35500;4.96525e+02;19;1;1;1.00000e+00;1.00000e+00;1.00000e+00;40;9.99877e-01;1.00639e+00;3.95260e-04
nav-lives;me-hebbian-neuron;2;[8];355;35500;35500;4.97219e+02;20;1;1;1.00000e+00;1.00000e+00;1.00000e+00;40;9.99955e-01;1.00715e+00;4.42169e-12
nav-lives;me-hebbian-neuron;1;[8];356;35600;35600;4.97951e+02;19;1;1;1.00000e+00;1.00000e+00;1.00000e+00;40;9.99877e-01;1.00639e+00;3.95260e-04
nav-lives;me-hebbian-neuron;2;[8];356;35600;35600;4.98703e+02;20;1;1;1.00000e+00;1.00000e+00;1.00000e+00;40;9.99955e-01;1.00715e+00;4.42169e-12
nav-lives;me-hebbian-neuron;1;[8];357;35700;35700;4.99390e+02;19;1;1;1.00000e+00;1.00000e+00;1.00000e+00;40;9.99877e-01;1.00639e+00;3.95260e-04
nav-lives;me-hebbian-neuron;2;[8];357;35700;35700;5.00105e+02;20;1;1;1.00000e+00;1.00000e+00;1.00000e+00;40;9.99955e-01;1.00715e+00;4.42169e-12
nav-lives;me-hebbian-neuron;1;[8];358;35800;35800;5.00797e+02;19;1;1;1.00000e+00;1.00000e+00;1.00000e+00;40;9.99877e-01;1.00639e+00;3.95260e-04
nav-lives;me-hebbian-neuron;2;[8];358;35800;35800;5.01466e+02;20;1;1;1.00000e+00;1.00000e+00;1.00000e+00;40;9.99955e-01;1.00715e+00;4.42169e-12
nav-lives;me-hebbian-neuron;1;[8];359;35900;35900;5.02160e+02;19;1;1;1.00000e+00;1.00000e+00;1.00000e+00;40;9.99877e-01;1.00639e+00;3.95260e-04
nav-lives;me-hebbian-neuron;2;[8];359;35900;35900;5.02831e+02;20;1;1;1.00000e+00;1.00000e+00;1.00000e+00;40;9.99955e-01;1.00715e+00;4.42169e-12
nav-lives;me-hebbian-neuron;1;[8];360;36000;36000;5.03563e+02;19;1;1;1.00000e+00;1.00000e+00;1.00000e+00;40;9.99877e-01;1.00639e+00;3.95260e-04
nav-lives;me-hebbian-neuron;2;[8];360;36000;36000;5.04241e+02;20;1;1;1.00000e+00;1.00000e+00;1.00000e+00;40;9.99955e-01;1.00715e+00;4.42169e-12
nav-lives;me-hebbian-neuron;1;[8];361;36100;36100;5.04935e+02;19;1;1;1.00000e+00;1.00000e+00;1.00000e+00;40;9.99877e-01;1.00639e+00;3.95260e-04
nav-lives;me-hebbian-neuron;2;[8];361;36100;36100;5.05644e+02;20;1;1;1.00000e+00;1.00000e+00;1.00000e+00;40;9.99955e-01;1.00715e+00;4.42169e-12
nav-lives;me-hebbian-neuron;1;[8];362;36200;36200;5.06349e+02;19;1;1;1.00000e+00;1.00000e+00;1.00000e+00;40;9.99877e-01;1.00639e+00;3.95260e-04
nav-lives;me-hebbian-neuron;2;[8];362;36200;36200;5.07062e+02;20;1;1;1.00000e+00;1.00000e+00;1.00000e+00;40;9.99955e-01;1.00715e+00;4.42169e-12
nav-lives;me-hebbian-neuron;1;[8];363;36300;36300;5.07767e+02;19;1;1;1.00000e+00;1.00000e+00;1.00000e+00;40;9.99877e-01;1.00639e+00;3.95260e-04
nav-lives;me-hebbian-neuron;2;[8];363;36300;36300;5.08468e+02;20;1;1;1.00000e+00;1.00000e+00;1.00000e+00;40;9.99955e-01;1.00715e+00;4.42169e-12
nav-lives;me-hebbian-neuron;1;[8];364;36400;36400;5.09108e+02;19;1;1;1.00000e+00;1.00000e+00;1.00000e+00;40;9.99877e-01;1.00639e+00;3.95260e-04
nav-lives;me-hebbian-neuron;2;[8];364;36400;36400;5.09831e+02;20;1;1;1.00000e+00;1.00000e+00;1.00000e+00;40;9.99955e-01;1.00715e+00;4.42169e-12
nav-lives;me-hebbian-neuron;1;[8];365;36500;36500;5.10558e+02;19;1;1;1.00000e+00;1.00000e+00;1.00000e+00;40;9.99877e-01;1.00639e+00;3.95260e-04
nav-lives;me-hebbian-neuron;2;[8];365;36500;36500;5.11201e+02;20;1;1;1.00000e+00;1.00000e+00;1.00000e+00;40;9.99955e-01;1.00715e+00;4.42169e-12
nav-lives;me-hebbian-neuron;1;[8];366;36600;36600;5.11954e+02;19;1;1;1.00000e+00;1.00000e+00;1.00000e+00;40;9.99877e-01;1.00639e+00;3.95260e-04
nav-lives;me-hebbian-neuron;2;[8];366;36600;36600;5.12629e+02;20;1;1;1.00000e+00;1.00000e+00;1.00000e+00;40;9.99955e-01;1.00715e+00;4.42169e-12
nav-lives;me-hebbian-neuron;1;[8];367;36700;36700;5.13343e+02;19;1;1;1.00000e+00;1.00000e+00;1.00000e+00;40;9.99877e-01;1.00639e+00;3.95260e-04
nav-lives;me-hebbian-neuron;2;[8];367;36700;36700;5.14026e+02;20;1;1;1.00000e+00;1.00000e+00;1.00000e+00;40;9.99955e-01;1.00715e+00;4.42169e-12
nav-lives;me-hebbian-neuron;1;[8];368;36800;36800;5.14725e+02;19;1;1;1.00000e+00;1.00000e+00;1.00000e+00;40;9.99877e-01;1.00639e+00;3.95260e-04
nav-lives;me-hebbian-neuron;2;[8];368;36800;36800;5.15438e+02;20;1;1;1.00000e+00;1.00000e+00;1.00000e+00;40;9.99955e-01;1.00715e+00;4.42169e-12
nav-lives;me-hebbian-neuron;1;[8];369;36900;36900;5.16053e+02;19;1;1;1.00000e+00;1.00000e+00;1.00000e+00;40;9.99877e-01;1.00639e+00;3.95260e-04
nav-lives;me-hebbian-neuron;2;[8];369;36900;36900;5.16789e+02;20;1;1;1.00000e+00;1.00000e+00;1.00000e+00;40;9.99955e-01;1.00715e+00;4.42169e-12
nav-lives;me-hebbian-neuron;1;[8];370;37000;37000;5.17462e+02;19;1;1;1.00000e+00;1.00000e+00;1.00000e+00;40;9.99877e-01;1.00639e+00;3.95260e-04
nav-lives;me-hebbian-neuron;2;[8];370;37000;37000;5.18172e+02;20;1;1;1.00000e+00;1.00000e+00;1.00000e+00;40;9.99955e-01;1.00715e+00;4.42169e-12
nav-lives;me-hebbian-neuron;1;[8];371;37100;37100;5.18878e+02;19;1;1;1.00000e+00;1.00000e+00;1.00000e+00;40;9.99877e-01;1.00639e+00;3.95260e-04
nav-lives;me-hebbian-neuron;2;[8];371;37100;37100;5.19611e+02;20;1;1;1.00000e+00;1.00000e+00;1.00000e+00;40;9.99955e-01;1.00715e+00;4.42169e-12
nav-lives;me-hebbian-neuron;1;[8];372;37200;37200;5.20302e+02;19;1;1;1.00000e+00;1.00000e+00;1.00000e+00;40;9.99877e-01;1.00639e+00;3.95260e-04
nav-lives;me-hebbian-neuron;2;[8];372;37200;37200;5.20969e+02;20;1;1;1.00000e+00;1.00000e+00;1.00000e+00;40;9.99955e-01;1.00715e+00;4.42169e-12
nav-lives;me-hebbian-neuron;1;[8];373;37300;37300;5.21808e+02;19;1;1;1.00000e+00;1.00000e+00;1.00000e+00;40;9.99877e-01;1.00639e+00;3.95260e-04
nav-lives;me-hebbian-neuron;2;[8];373;37300;37300;5.22327e+02;20;1;1;1.00000e+00;1.00000e+00;1.00000e+00;40;9.99955e-01;1.00715e+00;4.42169e-12
nav-lives;me-hebbian-neuron;1;[8];374;37400;37400;5.23078e+02;19;1;1;1.00000e+00;1.00000e+00;1.00000e+00;40;9.99877e-01;1.00639e+00;3.95260e-04
nav-lives;me-hebbian-neuron;2;[8];374;37400;37400;5.23855e+02;20;1;1;1.00000e+00;1.00000e+00;1.00000e+00;40;9.99955e-01;1.00715e+00;4.42169e-12
nav-lives;me-hebbian-neuron;1;[8];375;37500;37500;5.24481e+02;19;1;1;1.00000e+00;1.00000e+00;1.00000e+00;40;9.99877e-01;1.00639e+00;3.95260e-04
nav-lives;me-hebbian-neuron;2;[8];375;37500;37500;5.25178e+02;20;1;1;1.00000e+00;1.00000e+00;1.00000e+00;40;9.99955e-01;1.00715e+00;4.42169e-12
nav-lives;me-hebbian-neuron;1;[8];376;37600;37600;5.25884e+02;19;1;1;1.00000e+00;1.00000e+00;1.00000e+00;40;9.99877e-01;1.00639e+00;3.95260e-04
nav-lives;me-hebbian-neuron;2;[8];376;37600;37600;5.26564e+02;20;1;1;1.00000e+00;1.00000e+00;1.00000e+00;40;9.99955e-01;1.00715e+00;4.42169e-12
nav-lives;me-hebbian-neuron;1;[8];377;37700;37700;5.27247e+02;19;1;1;1.00000e+00;1.00000e+00;1.00000e+00;40;9.99877e-01;1.00639e+00;3.95260e-04
nav-lives;me-hebbian-neuron;2;[8];377;37700;37700;5.27971e+02;20;1;1;1.00000e+00;1.00000e+00;1.00000e+00;40;9.99955e-01;1.00715e+00;4.42169e-12
nav-lives;me-hebbian-neuron;1;[8];378;37800;37800;5.28645e+02;19;1;1;1.00000e+00;1.00000e+00;1.00000e+00;40;9.99877e-01;1.00639e+00;3.95260e-04
nav-lives;me-hebbian-neuron;2;[8];378;37800;37800;5.29353e+02;20;1;1;1.00000e+00;1.00000e+00;1.00000e+00;40;9.99955e-01;1.00715e+00;4.42169e-12
nav-lives;me-hebbian-neuron;1;[8];379;37900;37900;5.30046e+02;19;1;1;1.00000e+00;1.00000e+00;1.00000e+00;40;9.99877e-01;1.00639e+00;3.95260e-04
nav-lives;me-hebbian-neuron;2;[8];379;37900;37900;5.30731e+02;20;1;1;1.00000e+00;1.00000e+00;1.00000e+00;40;9.99955e-01;1.00715e+00;4.42169e-12
nav-lives;me-hebbian-neuron;1;[8];380;38000;38000;5.31437e+02;19;1;1;1.00000e+00;1.00000e+00;1.00000e+00;40;9.99877e-01;1.00639e+00;3.95260e-04
nav-lives;me-hebbian-neuron;2;[8];380;38000;38000;5.32190e+02;20;1;1;1.00000e+00;1.00000e+00;1.00000e+00;40;9.99955e-01;1.00715e+00;4.42169e-12
nav-lives;me-hebbian-neuron;1;[8];381;38100;38100;5.32879e+02;19;1;1;1.00000e+00;1.00000e+00;1.00000e+00;40;9.99877e-01;1.00639e+00;3.95260e-04
nav-lives;me-hebbian-neuron;2;[8];381;38100;38100;5.33511e+02;20;1;1;1.00000e+00;1.00000e+00;1.00000e+00;40;9.99955e-01;1.00715e+00;4.42169e-12
nav-lives;me-hebbian-neuron;1;[8];382;38200;38200;5.34191e+02;19;1;1;1.00000e+00;1.00000e+00;1.00000e+00;40;9.99877e-01;1.00639e+00;3.95260e-04
nav-lives;me-hebbian-neuron;2;[8];382;38200;38200;5.34886e+02;20;1;1;1.00000e+00;1.00000e+00;1.00000e+00;40;9.99955e-01;1.00715e+00;4.42169e-12
nav-lives;me-hebbian-neuron;1;[8];383;38300;38300;5.35613e+02;19;1;1;1.00000e+00;1.00000e+00;1.00000e+00;40;9.99877e-01;1.00639e+00;3.95260e-04
nav-lives;me-hebbian-neuron;2;[8];383;38300;38300;5.36361e+02;20;1;1;1.00000e+00;1.00000e+00;1.00000e+00;40;9.99955e-01;1.00715e+00;4.42169e-12
nav-lives;me-hebbian-neuron;1;[8];384;38400;38400;5.37077e+02;19;1;1;1.00000e+00;1.00000e+00;1.00000e+00;40;9.99877e-01;1.00639e+00;3.95260e-04
nav-lives;me-hebbian-neuron;2;[8];384;38400;38400;5.37706e+02;20;1;1;1.00000e+00;1.00000e+00;1.00000e+00;40;9.99955e-01;1.00715e+00;4.42169e-12
nav-lives;me-hebbian-neuron;1;[8];385;38500;38500;5.38420e+02;19;1;1;1.00000e+00;1.00000e+00;1.00000e+00;40;9.99877e-01;1.00639e+00;3.95260e-04
nav-lives;me-hebbian-neuron;2;[8];385;38500;38500;5.39070e+02;20;1;1;1.00000e+00;1.00000e+00;1.00000e+00;40;9.99955e-01;1.00715e+00;4.42169e-12
nav-lives;me-hebbian-neuron;1;[8];386;38600;38600;5.39825e+02;19;1;1;1.00000e+00;1.00000e+00;1.00000e+00;40;9.99877e-01;1.00639e+00;3.95260e-04
nav-lives;me-hebbian-neuron;2;[8];386;38600;38600;5.40496e+02;20;1;1;1.00000e+00;1.00000e+00;1.00000e+00;40;9.99955e-01;1.00715e+00;4.42169e-12
nav-lives;me-hebbian-neuron;1;[8];387;38700;38700;5.41176e+02;19;1;1;1.00000e+00;1.00000e+00;1.00000e+00;40;9.99877e-01;1.00639e+00;3.95260e-04
nav-lives;me-hebbian-neuron;2;[8];387;38700;38700;5.41965e+02;20;1;1;1.00000e+00;1.00000e+00;1.00000e+00;40;9.99955e-01;1.00715e+00;4.42169e-12
nav-lives;me-hebbian-neuron;1;[8];388;38800;38800;5.42605e+02;19;1;1;1.00000e+00;1.00000e+00;1.00000e+00;40;9.99877e-01;1.00639e+00;3.95260e-04
nav-lives;me-hebbian-neuron;2;[8];388;38800;38800;5.43320e+02;20;1;1;1.00000e+00;1.00000e+00;1.00000e+00;40;9.99955e-01;1.00715e+00;4.42169e-12
nav-lives;me-hebbian-neuron;1;[8];389;38900;38900;5.44024e+02;19;1;1;1.00000e+00;1.00000e+00;1.00000e+00;40;9.99877e-01;1.00639e+00;3.95260e-04
nav-lives;me-hebbian-neuron;2;[8];389;38900;38900;5.44696e+02;20;1;1;1.00000e+00;1.00000e+00;1.00000e+00;40;9.99955e-01;1.00715e+00;4.42169e-12
nav-lives;me-hebbian-neuron;1;[8];390;39000;39000;5.45411e+02;19;1;1;1.00000e+00;1.00000e+00;1.00000e+00;40;9.99877e-01;1.00639e+00;3.95260e-04
nav-lives;me-hebbian-neuron;2;[8];390;39000;39000;5.46035e+02;20;1;1;1.00000e+00;1.00000e+00;1.00000e+00;40;9.99955e-01;1.00715e+00;4.42169e-12
nav-lives;me-hebbian-neuron;1;[8];391;39100;39100;5.46700e+02;19;1;1;1.00000e+00;1.00000e+00;1.00000e+00;40;9.99877e-01;1.00639e+00;3.95260e-04
nav-lives;me-hebbian-neuron;2;[8];391;39100;39100;5.47485e+02;20;1;1;1.00000e+00;1.00000e+00;1.00000e+00;40;9.99955e-01;1.00715e+00;4.42169e-12
nav-lives;me-hebbian-neuron;1;[8];392;39200;39200;5.48210e+02;19;1;1;1.00000e+00;1.00000e+00;1.00000e+00;40;9.99877e-01;1.00639e+00;3.95260e-04
nav-lives;me-hebbian-neuron;2;[8];392;39200;39200;5.48884e+02;20;1;1;1.00000e+00;1.00000e+00;1.00000e+00;40;9.99955e-01;1.00715e+00;4.42169e-12
nav-lives;me-hebbian-neuron;1;[8];393;39300;39300;5.49588e+02;19;1;1;1.00000e+00;1.00000e+00;1.00000e+00;40;9.99877e-01;1.00639e+00;3.95260e-04
nav-lives;me-hebbian-neuron;2;[8];393;39300;39300;5.50221e+02;20;1;1;1.00000e+00;1.00000e+00;1.00000e+00;40;9.99955e-01;1.00715e+00;4.42169e-12
nav-lives;me-hebbian-neuron;1;[8];394;39400;39400;5.50985e+02;19;1;1;1.00000e+00;1.00000e+00;1.00000e+00;40;9.99877e-01;1.00639e+00;3.95260e-04
nav-lives;me-hebbian-neuron;2;[8];394;39400;39400;5.51686e+02;20;1;1;1.00000e+00;1.00000e+00;1.00000e+00;40;9.99955e-01;1.00715e+00;4.42169e-12
nav-lives;me-hebbian-neuron;1;[8];395;39500;39500;5.52363e+02;19;1;1;1.00000e+00;1.00000e+00;1.00000e+00;40;9.99877e-01;1.00639e+00;3.95260e-04
nav-lives;me-hebbian-neuron;2;[8];395;39500;39500;5.53036e+02;20;1;1;1.00000e+00;1.00000e+00;1.00000e+00;40;9.99955e-01;1.00715e+00;4.42169e-12
nav-lives;me-hebbian-neuron;1;[8];396;39600;39600;5.53801e+02;19;1;1;1.00000e+00;1.00000e+00;1.00000e+00;40;9.99877e-01;1.00639e+00;3.95260e-04
nav-lives;me-hebbian-neuron;2;[8];396;39600;39600;5.54457e+02;20;1;1;1.00000e+00;1.00000e+00;1.00000e+00;40;9.99955e-01;1.00715e+00;4.42169e-12
nav-lives;me-hebbian-neuron;1;[8];397;39700;39700;5.55161e+02;19;1;1;1.00000e+00;1.00000e+00;1.00000e+00;40;9.99877e-01;1.00639e+00;3.95260e-04
nav-lives;me-hebbian-neuron;2;[8];397;39700;39700;5.55841e+02;20;1;1;1.00000e+00;1.00000e+00;1.00000e+00;40;9.99955e-01;1.00715e+00;4.42169e-12
nav-lives;me-hebbian-neuron;1;[8];398;39800;39800;5.56546e+02;19;1;1;1.00000e+00;1.00000e+00;1.00000e+00;40;9.99877e-01;1.00639e+00;3.95260e-04
nav-lives;me-hebbian-neuron;2;[8];398;39800;39800;5.57238e+02;20;1;1;1.00000e+00;1.00000e+00;1.00000e+00;40;9.99955e-01;1.00715e+00;4.42169e-12
nav-lives;me-hebbian-neuron;1;[8];399;39900;39900;5.58014e+02;19;1;1;1.00000e+00;1.00000e+00;1.00000e+00;40;9.99973e-01;1.00640e+00;5.84329e-04
nav-lives;me-hebbian-neuron;2;[8];399;39900;39900;5.58612e+02;20;1;1;1.00000e+00;1.00000e+00;1.00000e+00;40;9.99955e-01;1.00715e+00;4.42169e-12
nav-lives;me-hebbian-neuron;1;[8];400;40000;40000;5.59307e+02;19;1;1;1.00000e+00;1.00000e+00;1.00000e+00;40;9.99973e-01;1.00640e+00;5.84329e-04
nav-lives;me-hebbian-neuron;2;[8];400;40000;40000;5.59689e+02;20;1;1;1.00000e+00;1.00000e+00;1.00000e+00;40;9.99955e-01;1.00715e+00;4.42169e-12
nav-lives;me-hebbian-neuron;4;[8];1;100;100;1.30800e+00;6;1;1;1.00000e+00;1.00000e+00;1.00000e+00;40;1.01438e-01;1.08381e-01;2.09703e-01
nav-lives;me-hebbian-neuron;3;[8];1;100;100;1.93000e+00;9;1;1;1.00000e+00;1.00000e+00;1.00000e+00;40;1.64690e-01;1.71417e-01;3.73477e-01
nav-lives;me-hebbian-neuron;4;[8];2;200;200;2.62400e+00;8;1;1;1.00000e+00;1.00000e+00;1.00000e+00;40;1.01438e-01;1.08381e-01;2.09703e-01
nav-lives;me-hebbian-neuron;3;[8];2;200;200;3.33900e+00;10;1;1;1.00000e+00;1.00000e+00;1.00000e+00;40;3.65945e-01;3.72090e-01;4.71059e-01
nav-lives;me-hebbian-neuron;4;[8];3;300;300;3.89600e+00;8;1;1;1.00000e+00;1.00000e+00;1.00000e+00;40;1.82413e-01;1.89448e-01;2.41412e-01
nav-lives;me-hebbian-neuron;3;[8];3;300;300;4.64000e+00;11;1;1;1.00000e+00;1.00000e+00;1.00000e+00;40;9.99688e-01;1.00612e+00;3.39353e-04
nav-lives;me-hebbian-neuron;4;[8];4;400;400;5.26200e+00;9;1;1;1.00000e+00;1.00000e+00;1.00000e+00;40;3.07340e-01;3.13907e-01;4.60019e-01
nav-lives;me-hebbian-neuron;3;[8];4;400;400;6.06500e+00;11;1;1;1.00000e+00;1.00000e+00;1.00000e+00;40;9.99688e-01;1.00612e+00;3.39353e-04
nav-lives;me-hebbian-neuron;4;[8];5;500;500;6.73400e+00;12;1;1;1.00000e+00;1.00000e+00;1.00000e+00;40;3.07340e-01;3.13907e-01;4.60019e-01
nav-lives;me-hebbian-neuron;3;[8];5;500;500;7.50800e+00;11;1;1;1.00000e+00;1.00000e+00;1.00000e+00;40;9.99688e-01;1.00612e+00;3.39353e-04
nav-lives;me-hebbian-neuron;4;[8];6;600;600;8.12500e+00;13;1;1;1.00000e+00;1.00000e+00;1.00000e+00;40;8.57903e-01;8.64655e-01;3.43916e-01
nav-lives;me-hebbian-neuron;3;[8];6;600;600;8.81600e+00;12;1;1;1.00000e+00;1.00000e+00;1.00000e+00;40;9.99688e-01;1.00612e+00;3.39353e-04
nav-lives;me-hebbian-neuron;4;[8];7;700;700;9.46900e+00;13;1;1;1.00000e+00;1.00000e+00;1.00000e+00;40;8.57903e-01;8.64655e-01;3.43916e-01
nav-lives;me-hebbian-neuron;3;[8];7;700;700;1.02410e+01;13;1;1;1.00000e+00;1.00000e+00;1.00000e+00;40;9.99688e-01;1.00612e+00;3.39353e-04
nav-lives;me-hebbian-neuron;4;[8];8;800;800;1.08930e+01;15;1;1;1.00000e+00;1.00000e+00;1.00000e+00;40;8.57903e-01;8.64655e-01;3.43916e-01
nav-lives;me-hebbian-neuron;3;[8];8;800;800;1.15900e+01;14;1;1;1.00000e+00;1.00000e+00;1.00000e+00;40;9.99688e-01;1.00612e+00;3.39353e-04
nav-lives;me-hebbian-neuron;4;[8];9;900;900;1.23230e+01;15;1;1;1.00000e+00;1.00000e+00;1.00000e+00;40;8.57903e-01;8.64655e-01;3.43916e-01
nav-lives;me-hebbian-neuron;3;[8];9;900;900;1.29630e+01;14;1;1;1.00000e+00;1.00000e+00;1.00000e+00;40;9.99688e-01;1.00612e+00;3.39353e-04
nav-lives;me-hebbian-neuron;4;[8];10;1000;1000;1.36480e+01;15;1;1;1.00000e+00;1.00000e+00;1.00000e+00;40;8.57903e-01;8.64655e-01;3.43916e-01
nav-lives;me-hebbian-neuron;3;[8];10;1000;1000;1.43360e+01;15;1;1;1.00000e+00;1.00000e+00;1.00000e+00;40;9.99688e-01;1.00612e+00;3.39353e-04
nav-lives;me-hebbian-neuron;4;[8];11;1100;1100;1.50260e+01;17;1;1;1.00000e+00;1.00000e+00;1.00000e+00;40;8.57903e-01;8.64655e-01;3.43916e-01
nav-lives;me-hebbian-neuron;3;[8];11;1100;1100;1.57830e+01;16;1;1;1.00000e+00;1.00000e+00;1.00000e+00;40;9.99688e-01;1.00612e+00;3.39353e-04
nav-lives;me-hebbian-neuron;4;[8];12;1200;1200;1.65010e+01;17;1;1;1.00000e+00;1.00000e+00;1.00000e+00;40;8.57903e-01;8.64655e-01;3.43916e-01
nav-lives;me-hebbian-neuron;3;[8];12;1200;1200;1.71370e+01;16;1;1;1.00000e+00;1.00000e+00;1.00000e+00;40;9.99688e-01;1.00612e+00;3.39353e-04
nav-lives;me-hebbian-neuron;4;[8];13;1300;1300;1.78730e+01;17;1;1;1.00000e+00;1.00000e+00;1.00000e+00;40;8.57903e-01;8.64655e-01;3.43916e-01
nav-lives;me-hebbian-neuron;3;[8];13;1300;1300;1.85480e+01;17;1;1;1.00000e+00;1.00000e+00;1.00000e+00;40;9.99688e-01;1.00612e+00;3.39353e-04
nav-lives;me-hebbian-neuron;4;[8];14;1400;1400;1.92130e+01;17;1;1;1.00000e+00;1.00000e+00;1.00000e+00;40;8.57903e-01;8.64655e-01;3.43916e-01
nav-lives;me-hebbian-neuron;3;[8];14;1400;1400;1.99470e+01;17;1;1;1.00000e+00;1.00000e+00;1.00000e+00;40;9.99688e-01;1.00612e+00;3.39353e-04
nav-lives;me-hebbian-neuron;4;[8];15;1500;1500;2.06710e+01;17;1;1;1.00000e+00;1.00000e+00;1.00000e+00;40;8.57903e-01;8.64655e-01;3.43916e-01
nav-lives;me-hebbian-neuron;3;[8];15;1500;1500;2.13260e+01;17;1;1;1.00000e+00;1.00000e+00;1.00000e+00;40;9.99688e-01;1.00612e+00;3.39353e-04
nav-lives;me-hebbian-neuron;4;[8];16;1600;1600;2.20380e+01;17;1;1;1.00000e+00;1.00000e+00;1.00000e+00;40;8.57903e-01;8.64655e-01;3.43916e-01
nav-lives;me-hebbian-neuron;3;[8];16;1600;1600;2.27170e+01;17;1;1;1.00000e+00;1.00000e+00;1.00000e+00;40;9.99688e-01;1.00612e+00;3.39353e-04
nav-lives;me-hebbian-neuron;4;[8];17;1700;1700;2.34130e+01;17;1;1;1.00000e+00;1.00000e+00;1.00000e+00;40;8.57903e-01;8.64655e-01;3.43916e-01
nav-lives;me-hebbian-neuron;3;[8];17;1700;1700;2.41050e+01;18;1;1;1.00000e+00;1.00000e+00;1.00000e+00;40;9.99688e-01;1.00612e+00;3.39353e-04
nav-lives;me-hebbian-neuron;4;[8];18;1800;1800;2.47970e+01;17;1;1;1.00000e+00;1.00000e+00;1.00000e+00;40;8.57903e-01;8.64655e-01;3.43916e-01
nav-lives;me-hebbian-neuron;3;[8];18;1800;1800;2.54360e+01;18;1;1;1.00000e+00;1.00000e+00;1.00000e+00;40;9.99688e-01;1.00612e+00;3.39353e-04
nav-lives;me-hebbian-neuron;4;[8];19;1900;1900;2.61800e+01;18;1;1;1.00000e+00;1.00000e+00;1.00000e+00;40;8.57903e-01;8.64655e-01;3.43916e-01
nav-lives;me-hebbian-neuron;3;[8];19;1900;1900;2.68650e+01;18;1;1;1.00000e+00;1.00000e+00;1.00000e+00;40;9.99777e-01;1.00617e+00;2.14162e-04
nav-lives;me-hebbian-neuron;4;[8];20;2000;2000;2.75610e+01;18;1;1;1.00000e+00;1.00000e+00;1.00000e+00;40;8.57903e-01;8.64655e-01;3.43916e-01
nav-lives;me-hebbian-neuron;3;[8];20;2000;2000;2.83130e+01;18;1;1;1.00000e+00;1.00000e+00;1.00000e+00;40;9.99777e-01;1.00617e+00;2.14162e-04
nav-lives;me-hebbian-neuron;4;[8];21;2100;2100;2.89920e+01;18;1;1;1.00000e+00;1.00000e+00;1.00000e+00;40;8.57903e-01;8.64655e-01;3.43916e-01
nav-lives;me-hebbian-neuron;3;[8];21;2100;2100;2.96970e+01;18;1;1;1.00000e+00;1.00000e+00;1.00000e+00;40;9.99777e-01;1.00617e+00;2.14162e-04
nav-lives;me-hebbian-neuron;4;[8];22;2200;2200;3.03490e+01;18;1;1;1.00000e+00;1.00000e+00;1.00000e+00;40;8.57903e-01;8.64655e-01;3.43916e-01
nav-lives;me-hebbian-neuron;3;[8];22;2200;2200;3.10370e+01;18;1;1;1.00000e+00;1.00000e+00;1.00000e+00;40;9.99777e-01;1.00617e+00;2.14162e-04
nav-lives;me-hebbian-neuron;4;[8];23;2300;2300;3.17170e+01;18;1;1;1.00000e+00;1.00000e+00;1.00000e+00;40;8.57903e-01;8.64655e-01;3.43916e-01
nav-lives;me-hebbian-neuron;3;[8];23;2300;2300;3.24440e+01;18;1;1;1.00000e+00;1.00000e+00;1.00000e+00;40;9.99777e-01;1.00617e+00;2.14162e-04
nav-lives;me-hebbian-neuron;4;[8];24;2400;2400;3.31370e+01;18;1;1;1.00000e+00;1.00000e+00;1.00000e+00;40;8.57903e-01;8.64655e-01;3.43916e-01
nav-lives;me-hebbian-neuron;3;[8];24;2400;2400;3.38550e+01;18;1;1;1.00000e+00;1.00000e+00;1.00000e+00;40;9.99777e-01;1.00617e+00;2.14162e-04
nav-lives;me-hebbian-neuron;4;[8];25;2500;2500;3.45540e+01;18;1;1;1.00000e+00;1.00000e+00;1.00000e+00;40;8.57903e-01;8.64655e-01;3.43916e-01
nav-lives;me-hebbian-neuron;3;[8];25;2500;2500;3.53410e+01;19;1;1;1.00000e+00;1.00000e+00;1.00000e+00;40;9.99777e-01;1.00617e+00;2.14162e-04
nav-lives;me-hebbian-neuron;4;[8];26;2600;2600;3.59580e+01;18;1;1;1.00000e+00;1.00000e+00;1.00000e+00;40;8.57903e-01;8.64655e-01;3.43916e-01
nav-lives;me-hebbian-neuron;3;[8];26;2600;2600;3.66620e+01;19;1;1;1.00000e+00;1.00000e+00;1.00000e+00;40;9.99777e-01;1.00617e+00;2.14162e-04
nav-lives;me-hebbian-neuron;4;[8];27;2700;2700;3.73030e+01;18;1;1;1.00000e+00;1.00000e+00;1.00000e+00;40;8.57903e-01;8.64655e-01;3.43916e-01
nav-lives;me-hebbian-neuron;3;[8];27;2700;2700;3.80010e+01;19;1;1;1.00000e+00;1.00000e+00;1.00000e+00;40;9.99777e-01;1.00617e+00;2.14162e-04
nav-lives;me-hebbian-neuron;4;[8];28;2800;2800;3.86910e+01;18;1;1;1.00000e+00;1.00000e+00;1.00000e+00;40;8.57903e-01;8.64655e-01;3.43916e-01
nav-lives;me-hebbian-neuron;3;[8];28;2800;2800;3.93900e+01;19;1;1;1.00000e+00;1.00000e+00;1.00000e+00;40;9.99777e-01;1.00617e+00;2.14162e-04
nav-lives;me-hebbian-neuron;4;[8];29;2900;2900;4.01700e+01;18;1;1;1.00000e+00;1.00000e+00;1.00000e+00;40;8.57903e-01;8.64655e-01;3.43916e-01
nav-lives;me-hebbian-neuron;3;[8];29;2900;2900;4.08240e+01;20;1;1;1.00000e+00;1.00000e+00;1.00000e+00;40;9.99782e-01;1.00648e+00;9.74368e-11
nav-lives;me-hebbian-neuron;4;[8];30;3000;3000;4.15360e+01;18;1;1;1.00000e+00;1.00000e+00;1.00000e+00;40;8.57903e-01;8.64655e-01;3.43916e-01
nav-lives;me-hebbian-neuron;3;[8];30;3000;3000;4.22080e+01;20;1;1;1.00000e+00;1.00000e+00;1.00000e+00;40;9.99782e-01;1.00648e+00;9.74368e-11
nav-lives;me-hebbian-neuron;4;[8];31;3100;3100;4.29220e+01;18;1;1;1.00000e+00;1.00000e+00;1.00000e+00;40;9.99822e-01;1.00641e+00;1.96047e-04
nav-lives;me-hebbian-neuron;3;[8];31;3100;3100;4.36430e+01;20;1;1;1.00000e+00;1.00000e+00;1.00000e+00;40;9.99782e-01;1.00648e+00;9.74368e-11
nav-lives;me-hebbian-neuron;4;[8];32;3200;3200;4.43160e+01;18;1;1;1.00000e+00;1.00000e+00;1.00000e+00;40;9.99822e-01;1.00641e+00;1.96047e-04
nav-lives;me-hebbian-neuron;3;[8];32;3200;3200;4.49760e+01;20;1;1;1.00000e+00;1.00000e+00;1.00000e+00;40;9.99782e-01;1.00648e+00;9.74368e-11
nav-lives;me-hebbian-neuron;4;[8];33;3300;3300;4.56930e+01;18;1;1;1.00000e+00;1.00000e+00;1.00000e+00;40;9.99822e-01;1.00641e+00;1.96047e-04
nav-lives;me-hebbian-neuron;3;[8];33;3300;3300;4.63940e+01;20;1;1;1.00000e+00;1.00000e+00;1.00000e+00;40;9.99782e-01;1.00648e+00;9.74368e-11
nav-lives;me-hebbian-neuron;4;[8];34;3400;3400;4.71170e+01;18;1;1;1.00000e+00;1.00000e+00;1.00000e+00;40;9.99822e-01;1.00641e+00;1.96047e-04
nav-lives;me-hebbian-neuron;3;[8];34;3400;3400;4.78330e+01;20;1;1;1.00000e+00;1.00000e+00;1.00000e+00;40;9.99782e-01;1.00648e+00;9.74368e-11
nav-lives;me-hebbian-neuron;4;[8];35;3500;3500;4.85210e+01;18;1;1;1.00000e+00;1.00000e+00;1.00000e+00;40;9.99822e-01;1.00641e+00;1.96047e-04
nav-lives;me-hebbian-neuron;3;[8];35;3500;3500;4.91840e+01;20;1;1;1.00000e+00;1.00000e+00;1.00000e+00;40;9.99782e-01;1.00648e+00;9.74368e-11
nav-lives;me-hebbian-neuron;4;[8];36;3600;3600;4.99060e+01;18;1;1;1.00000e+00;1.00000e+00;1.00000e+00;40;9.99822e-01;1.00641e+00;1.96047e-04
nav-lives;me-hebbian-neuron;3;[8];36;3600;3600;5.05700e+01;20;1;1;1.00000e+00;1.00000e+00;1.00000e+00;40;9.99782e-01;1.00648e+00;9.74368e-11
nav-lives;me-hebbian-neuron;4;[8];37;3700;3700;5.13540e+01;18;1;1;1.00000e+00;1.00000e+00;1.00000e+00;40;9.99822e-01;1.00641e+00;1.96047e-04
nav-lives;me-hebbian-neuron;3;[8];37;3700;3700;5.20670e+01;20;1;1;1.00000e+00;1.00000e+00;1.00000e+00;40;9.99782e-01;1.00648e+00;9.74368e-11
nav-lives;me-hebbian-neuron;4;[8];38;3800;3800;5.26490e+01;19;1;1;1.00000e+00;1.00000e+00;1.00000e+00;40;9.99822e-01;1.00641e+00;1.96047e-04
nav-lives;me-hebbian-neuron;3;[8];38;3800;3800;5.33810e+01;20;1;1;1.00000e+00;1.00000e+00;1.00000e+00;40;9.99782e-01;1.00648e+00;9.74368e-11
nav-lives;me-hebbian-neuron;4;[8];39;3900;3900;5.42330e+01;19;1;1;1.00000e+00;1.00000e+00;1.00000e+00;40;9.99860e-01;1.00688e+00;9.89996e-04
nav-lives;me-hebbian-neuron;3;[8];39;3900;3900;5.47480e+01;20;1;1;1.00000e+00;1.00000e+00;1.00000e+00;40;9.99782e-01;1.00648e+00;9.74368e-11
nav-lives;me-hebbian-neuron;4;[8];40;4000;4000;5.55410e+01;19;1;1;1.00000e+00;1.00000e+00;1.00000e+00;40;9.99860e-01;1.00688e+00;9.89996e-04
nav-lives;me-hebbian-neuron;3;[8];40;4000;4000;5.61940e+01;20;1;1;1.00000e+00;1.00000e+00;1.00000e+00;40;9.99782e-01;1.00648e+00;9.74368e-11
nav-lives;me-hebbian-neuron;4;[8];41;4100;4100;5.68940e+01;19;1;1;1.00000e+00;1.00000e+00;1.00000e+00;40;9.99860e-01;1.00688e+00;9.89996e-04
nav-lives;me-hebbian-neuron;3;[8];41;4100;4100;5.75810e+01;20;1;1;1.00000e+00;1.00000e+00;1.00000e+00;40;9.99821e-01;1.00681e+00;1.49626e-09
nav-lives;me-hebbian-neuron;4;[8];42;4200;4200;5.82690e+01;19;1;1;1.00000e+00;1.00000e+00;1.00000e+00;40;9.99860e-01;1.00688e+00;9.89996e-04
nav-lives;me-hebbian-neuron;3;[8];42;4200;4200;5.89400e+01;20;1;1;1.00000e+00;1.00000e+00;1.00000e+00;40;9.99821e-01;1.00681e+00;1.49626e-09
nav-lives;me-hebbian-neuron;4;[8];43;4300;4300;5.97160e+01;19;1;1;1.00000e+00;1.00000e+00;1.00000e+00;40;9.99860e-01;1.00688e+00;9.89996e-04
nav-lives;me-hebbian-neuron;3;[8];43;4300;4300;6.03390e+01;20;1;1;1.00000e+00;1.00000e+00;1.00000e+00;40;9.99821e-01;1.00681e+00;1.49626e-09
nav-lives;me-hebbian-neuron;4;[8];44;4400;4400;6.10230e+01;19;1;1;1.00000e+00;1.00000e+00;1.00000e+00;40;9.99860e-01;1.00688e+00;9.89996e-04
nav-lives;me-hebbian-neuron;3;[8];44;4400;4400;6.17740e+01;20;1;1;1.00000e+00;1.00000e+00;1.00000e+00;40;9.99821e-01;1.00681e+00;1.49626e-09
nav-lives;me-hebbian-neuron;4;[8];45;4500;4500;6.24460e+01;19;1;1;1.00000e+00;1.00000e+00;1.00000e+00;40;9.99860e-01;1.00688e+00;9.89996e-04
nav-lives;me-hebbian-neuron;3;[8];45;4500;4500;6.31430e+01;20;1;1;1.00000e+00;1.00000e+00;1.00000e+00;40;9.99821e-01;1.00681e+00;1.49626e-09
nav-lives;me-hebbian-neuron;4;[8];46;4600;4600;6.38800e+01;19;1;1;1.00000e+00;1.00000e+00;1.00000e+00;40;9.99860e-01;1.00688e+00;9.89996e-04
nav-lives;me-hebbian-neuron;3;[8];46;4600;4600;6.45620e+01;20;1;1;1.00000e+00;1.00000e+00;1.00000e+00;40;9.99821e-01;1.00681e+00;1.49626e-09
nav-lives;me-hebbian-neuron;4;[8];47;4700;4700;6.52440e+01;19;1;1;1.00000e+00;1.00000e+00;1.00000e+00;40;9.99860e-01;1.00688e+00;9.89996e-04
nav-lives;me-hebbian-neuron;3;[8];47;4700;4700;6.59350e+01;20;1;1;1.00000e+00;1.00000e+00;1.00000e+00;40;9.99821e-01;1.00681e+00;1.49626e-09
nav-lives;me-hebbian-neuron;4;[8];48;4800;4800;6.66700e+01;19;1;1;1.00000e+00;1.00000e+00;1.00000e+00;40;9.99860e-01;1.00688e+00;9.89996e-04
nav-lives;me-hebbian-neuron;3;[8];48;4800;4800;6.73030e+01;20;1;1;1.00000e+00;1.00000e+00;1.00000e+00;40;9.99821e-01;1.00681e+00;1.49626e-09
nav-lives;me-hebbian-neuron;4;[8];49;4900;4900;6.80810e+01;19;1;1;1.00000e+00;1.00000e+00;1.00000e+00;40;9.99860e-01;1.00688e+00;9.89996e-04
nav-lives;me-hebbian-neuron;3;[8];49;4900;4900;6.87650e+01;20;1;1;1.00000e+00;1.00000e+00;1.00000e+00;40;9.99821e-01;1.00681e+00;1.49626e-09
nav-lives;me-hebbian-neuron;4;[8];50;5000;5000;6.94550e+01;19;1;1;1.00000e+00;1.00000e+00;1.00000e+00;40;9.99860e-01;1.00688e+00;9.89996e-04
nav-lives;me-hebbian-neuron;3;[8];50;5000;5000;7.01080e+01;20;1;1;1.00000e+00;1.00000e+00;1.00000e+00;40;9.99821e-01;1.00681e+00;1.49626e-09
nav-lives;me-hebbian-neuron;4;[8];51;5100;5100;7.07920e+01;19;1;1;1.00000e+00;1.00000e+00;1.00000e+00;40;9.99860e-01;1.00688e+00;9.89996e-04
nav-lives;me-hebbian-neuron;3;[8];51;5100;5100;7.15070e+01;20;1;1;1.00000e+00;1.00000e+00;1.00000e+00;40;9.99821e-01;1.00681e+00;1.49626e-09
nav-lives;me-hebbian-neuron;4;[8];52;5200;5200;7.21530e+01;19;1;1;1.00000e+00;1.00000e+00;1.00000e+00;40;9.99860e-01;1.00688e+00;9.89996e-04
nav-lives;me-hebbian-neuron;3;[8];52;5200;5200;7.28580e+01;20;1;1;1.00000e+00;1.00000e+00;1.00000e+00;40;9.99821e-01;1.00681e+00;1.49626e-09
nav-lives;me-hebbian-neuron;4;[8];53;5300;5300;7.36580e+01;19;1;1;1.00000e+00;1.00000e+00;1.00000e+00;40;9.99860e-01;1.00688e+00;9.89996e-04
nav-lives;me-hebbian-neuron;3;[8];53;5300;5300;7.44010e+01;20;1;1;1.00000e+00;1.00000e+00;1.00000e+00;40;9.99821e-01;1.00681e+00;1.49626e-09
nav-lives;me-hebbian-neuron;4;[8];54;5400;5400;7.49920e+01;19;1;1;1.00000e+00;1.00000e+00;1.00000e+00;40;9.99860e-01;1.00688e+00;9.89996e-04
nav-lives;me-hebbian-neuron;3;[8];54;5400;5400;7.57270e+01;20;1;1;1.00000e+00;1.00000e+00;1.00000e+00;40;9.99821e-01;1.00681e+00;1.49626e-09
nav-lives;me-hebbian-neuron;4;[8];55;5500;5500;7.64030e+01;19;1;1;1.00000e+00;1.00000e+00;1.00000e+00;40;9.99860e-01;1.00688e+00;9.89996e-04
nav-lives;me-hebbian-neuron;3;[8];55;5500;5500;7.71140e+01;20;1;1;1.00000e+00;1.00000e+00;1.00000e+00;40;9.99821e-01;1.00681e+00;1.49626e-09
nav-lives;me-hebbian-neuron;4;[8];56;5600;5600;7.77910e+01;19;1;1;1.00000e+00;1.00000e+00;1.00000e+00;40;9.99860e-01;1.00688e+00;9.89996e-04
nav-lives;me-hebbian-neuron;3;[8];56;5600;5600;7.84600e+01;20;1;1;1.00000e+00;1.00000e+00;1.00000e+00;40;9.99821e-01;1.00681e+00;1.49626e-09
nav-lives;me-hebbian-neuron;4;[8];57;5700;5700;7.92160e+01;19;1;1;1.00000e+00;1.00000e+00;1.00000e+00;40;9.99860e-01;1.00688e+00;9.89996e-04
nav-lives;me-hebbian-neuron;3;[8];57;5700;5700;7.98710e+01;20;1;1;1.00000e+00;1.00000e+00;1.00000e+00;40;9.99821e-01;1.00681e+00;1.49626e-09
nav-lives;me-hebbian-neuron;4;[8];58;5800;5800;8.05520e+01;19;1;1;1.00000e+00;1.00000e+00;1.00000e+00;40;9.99860e-01;1.00688e+00;9.89996e-04
nav-lives;me-hebbian-neuron;3;[8];58;5800;5800;8.12420e+01;20;1;1;1.00000e+00;1.00000e+00;1.00000e+00;40;9.99821e-01;1.00681e+00;1.49626e-09
nav-lives;me-hebbian-neuron;4;[8];59;5900;5900;8.19710e+01;19;1;1;1.00000e+00;1.00000e+00;1.00000e+00;40;9.99860e-01;1.00688e+00;9.89996e-04
nav-lives;me-hebbian-neuron;3;[8];59;5900;5900;8.26320e+01;20;1;1;1.00000e+00;1.00000e+00;1.00000e+00;40;9.99821e-01;1.00681e+00;1.49626e-09
nav-lives;me-hebbian-neuron;4;[8];60;6000;6000;8.33850e+01;19;1;1;1.00000e+00;1.00000e+00;1.00000e+00;40;9.99860e-01;1.00688e+00;9.89996e-04
nav-lives;me-hebbian-neuron;3;[8];60;6000;6000;8.40720e+01;20;1;1;1.00000e+00;1.00000e+00;1.00000e+00;40;9.99821e-01;1.00681e+00;1.49626e-09
nav-lives;me-hebbian-neuron;4;[8];61;6100;6100;8.47690e+01;19;1;1;1.00000e+00;1.00000e+00;1.00000e+00;40;9.99860e-01;1.00688e+00;9.89996e-04
nav-lives;me-hebbian-neuron;3;[8];61;6100;6100;8.54880e+01;20;1;1;1.00000e+00;1.00000e+00;1.00000e+00;40;9.99821e-01;1.00681e+00;1.49626e-09
nav-lives;me-hebbian-neuron;4;[8];62;6200;6200;8.61850e+01;19;1;1;1.00000e+00;1.00000e+00;1.00000e+00;40;9.99860e-01;1.00688e+00;9.89996e-04
nav-lives;me-hebbian-neuron;3;[8];62;6200;6200;8.68610e+01;20;1;1;1.00000e+00;1.00000e+00;1.00000e+00;40;9.99821e-01;1.00681e+00;1.49626e-09
nav-lives;me-hebbian-neuron;4;[8];63;6300;6300;8.75120e+01;19;1;1;1.00000e+00;1.00000e+00;1.00000e+00;40;9.99860e-01;1.00688e+00;9.89996e-04
nav-lives;me-hebbian-neuron;3;[8];63;6300;6300;8.82500e+01;20;1;1;1.00000e+00;1.00000e+00;1.00000e+00;40;9.99821e-01;1.00681e+00;1.49626e-09
nav-lives;me-hebbian-neuron;4;[8];64;6400;6400;8.89440e+01;19;1;1;1.00000e+00;1.00000e+00;1.00000e+00;40;9.99860e-01;1.00688e+00;9.89996e-04
nav-lives;me-hebbian-neuron;3;[8];64;6400;6400;8.96140e+01;20;1;1;1.00000e+00;1.00000e+00;1.00000e+00;40;9.99821e-01;1.00681e+00;1.49626e-09
nav-lives;me-hebbian-neuron;4;[8];65;6500;6500;9.03420e+01;19;1;1;1.00000e+00;1.00000e+00;1.00000e+00;40;9.99860e-01;1.00688e+00;9.89996e-04
nav-lives;me-hebbian-neuron;3;[8];65;6500;6500;9.10550e+01;20;1;1;1.00000e+00;1.00000e+00;1.00000e+00;40;9.99821e-01;1.00681e+00;1.49626e-09
nav-lives;me-hebbian-neuron;4;[8];66;6600;6600;9.17410e+01;19;1;1;1.00000e+00;1.00000e+00;1.00000e+00;40;9.99860e-01;1.00688e+00;9.89996e-04
nav-lives;me-hebbian-neuron;3;[8];66;6600;6600;9.24270e+01;20;1;1;1.00000e+00;1.00000e+00;1.00000e+00;40;9.99821e-01;1.00681e+00;1.49626e-09
nav-lives;me-hebbian-neuron;4;[8];67;6700;6700;9.32160e+01;19;1;1;1.00000e+00;1.00000e+00;1.00000e+00;40;9.99860e-01;1.00688e+00;9.89996e-04
nav-lives;me-hebbian-neuron;3;[8];67;6700;6700;9.38480e+01;20;1;1;1.00000e+00;1.00000e+00;1.00000e+00;40;9.99821e-01;1.00681e+00;1.49626e-09
nav-lives;me-hebbian-neuron;4;[8];68;6800;6800;9.45130e+01;19;1;1;1.00000e+00;1.00000e+00;1.00000e+00;40;9.99860e-01;1.00688e+00;9.89996e-04
nav-lives;me-hebbian-neuron;3;[8];68;6800;6800;9.51430e+01;20;1;1;1.00000e+00;1.00000e+00;1.00000e+00;40;9.99881e-01;1.00704e+00;4.25007e-15
nav-lives;me-hebbian-neuron;4;[8];69;6900;6900;9.60010e+01;19;1;1;1.00000e+00;1.00000e+00;1.00000e+00;40;9.99860e-01;1.00688e+00;9.89996e-04
nav-lives;me-hebbian-neuron;3;[8];69;6900;6900;9.65820e+01;20;1;1;1.00000e+00;1.00000e+00;1.00000e+00;40;9.99881e-01;1.00704e+00;4.25007e-15
nav-lives;me-hebbian-neuron;4;[8];70;7000;7000;9.72790e+01;19;1;1;1.00000e+00;1.00000e+00;1.00000e+00;40;9.99860e-01;1.00688e+00;9.89996e-04
nav-lives;me-hebbian-neuron;3;[8];70;7000;7000;9.79780e+01;20;1;1;1.00000e+00;1.00000e+00;1.00000e+00;40;9.99881e-01;1.00704e+00;4.25007e-15
nav-lives;me-hebbian-neuron;4;[8];71;7100;7100;9.86870e+01;19;1;1;1.00000e+00;1.00000e+00;1.00000e+00;40;9.99860e-01;1.00688e+00;9.89996e-04
nav-lives;me-hebbian-neuron;3;[8];71;7100;7100;9.94180e+01;20;1;1;1.00000e+00;1.00000e+00;1.00000e+00;40;9.99881e-01;1.00704e+00;4.25007e-15
nav-lives;me-hebbian-neuron;4;[8];72;7200;7200;1.00103e+02;19;1;1;1.00000e+00;1.00000e+00;1.00000e+00;40;9.99860e-01;1.00688e+00;9.89996e-04
nav-lives;me-hebbian-neuron;3;[8];72;7200;7200;1.00862e+02;20;1;1;1.00000e+00;1.00000e+00;1.00000e+00;40;9.99881e-01;1.00704e+00;4.25007e-15
nav-lives;me-hebbian-neuron;4;[8];73;7300;7300;1.01502e+02;19;1;1;1.00000e+00;1.00000e+00;1.00000e+00;40;9.99860e-01;1.00688e+00;9.89996e-04
nav-lives;me-hebbian-neuron;3;[8];73;7300;7300;1.02204e+02;20;1;1;1.00000e+00;1.00000e+00;1.00000e+00;40;9.99881e-01;1.00704e+00;4.25007e-15
nav-lives;me-hebbian-neuron;4;[8];74;7400;7400;1.02881e+02;19;1;1;1.00000e+00;1.00000e+00;1.00000e+00;40;9.99860e-01;1.00688e+00;9.89996e-04
nav-lives;me-hebbian-neuron;3;[8];74;7400;7400;1.03591e+02;20;1;1;1.00000e+00;1.00000e+00;1.00000e+00;40;9.99881e-01;1.00704e+00;4.25007e-15
nav-lives;me-hebbian-neuron;4;[8];75;7500;7500;1.04295e+02;19;1;1;1.00000e+00;1.00000e+00;1.00000e+00;40;9.99860e-01;1.00688e+00;9.89996e-04
nav-lives;me-hebbian-neuron;3;[8];75;7500;7500;1.04971e+02;20;1;1;1.00000e+00;1.00000e+00;1.00000e+00;40;9.99881e-01;1.00704e+00;4.25007e-15
nav-lives;me-hebbian-neuron;4;[8];76;7600;7600;1.05626e+02;19;1;1;1.00000e+00;1.00000e+00;1.00000e+00;40;9.99860e-01;1.00688e+00;9.89996e-04
nav-lives;me-hebbian-neuron;3;[8];76;7600;7600;1.06320e+02;20;1;1;1.00000e+00;1.00000e+00;1.00000e+00;40;9.99881e-01;1.00704e+00;4.25007e-15
nav-lives;me-hebbian-neuron;4;[8];77;7700;7700;1.07047e+02;19;1;1;1.00000e+00;1.00000e+00;1.00000e+00;40;9.99860e-01;1.00688e+00;9.89996e-04
nav-lives;me-hebbian-neuron;3;[8];77;7700;7700;1.07735e+02;20;1;1;1.00000e+00;1.00000e+00;1.00000e+00;40;9.99881e-01;1.00704e+00;4.25007e-15
nav-lives;me-hebbian-neuron;4;[8];78;7800;7800;1.08427e+02;19;1;1;1.00000e+00;1.00000e+00;1.00000e+00;40;9.99860e-01;1.00688e+00;9.89996e-04
nav-lives;me-hebbian-neuron;3;[8];78;7800;7800;1.09162e+02;20;1;1;1.00000e+00;1.00000e+00;1.00000e+00;40;9.99881e-01;1.00704e+00;4.25007e-15
nav-lives;me-hebbian-neuron;4;[8];79;7900;7900;1.09826e+02;19;1;1;1.00000e+00;1.00000e+00;1.00000e+00;40;9.99860e-01;1.00688e+00;9.89996e-04
nav-lives;me-hebbian-neuron;3;[8];79;7900;7900;1.10537e+02;20;1;1;1.00000e+00;1.00000e+00;1.00000e+00;40;9.99881e-01;1.00704e+00;4.25007e-15
nav-lives;me-hebbian-neuron;4;[8];80;8000;8000;1.11238e+02;19;1;1;1.00000e+00;1.00000e+00;1.00000e+00;40;9.99860e-01;1.00688e+00;9.89996e-04
nav-lives;me-hebbian-neuron;3;[8];80;8000;8000;1.11917e+02;20;1;1;1.00000e+00;1.00000e+00;1.00000e+00;40;9.99881e-01;1.00704e+00;4.25007e-15
nav-lives;me-hebbian-neuron;4;[8];81;8100;8100;1.12601e+02;19;1;1;1.00000e+00;1.00000e+00;1.00000e+00;40;9.99860e-01;1.00688e+00;9.89996e-04
nav-lives;me-hebbian-neuron;3;[8];81;8100;8100;1.13337e+02;20;1;1;1.00000e+00;1.00000e+00;1.00000e+00;40;9.99881e-01;1.00704e+00;4.25007e-15
nav-lives;me-hebbian-neuron;4;[8];82;8200;8200;1.14056e+02;19;1;1;1.00000e+00;1.00000e+00;1.00000e+00;40;9.99860e-01;1.00688e+00;9.89996e-04
nav-lives;me-hebbian-neuron;3;[8];82;8200;8200;1.14777e+02;20;1;1;1.00000e+00;1.00000e+00;1.00000e+00;40;9.99881e-01;1.00704e+00;4.25007e-15
nav-lives;me-hebbian-neuron;4;[8];83;8300;8300;1.15452e+02;19;1;1;1.00000e+00;1.00000e+00;1.00000e+00;40;9.99860e-01;1.00688e+00;9.89996e-04
nav-lives;me-hebbian-neuron;3;[8];83;8300;8300;1.16140e+02;20;1;1;1.00000e+00;1.00000e+00;1.00000e+00;40;9.99881e-01;1.00704e+00;4.25007e-15
nav-lives;me-hebbian-neuron;4;[8];84;8400;8400;1.16802e+02;19;1;1;1.00000e+00;1.00000e+00;1.00000e+00;40;9.99860e-01;1.00688e+00;9.89996e-04
nav-lives;me-hebbian-neuron;3;[8];84;8400;8400;1.17472e+02;20;1;1;1.00000e+00;1.00000e+00;1.00000e+00;40;9.99881e-01;1.00704e+00;4.25007e-15
nav-lives;me-hebbian-neuron;4;[8];85;8500;8500;1.18231e+02;19;1;1;1.00000e+00;1.00000e+00;1.00000e+00;40;9.99860e-01;1.00688e+00;9.89996e-04
nav-lives;me-hebbian-neuron;3;[8];85;8500;8500;1.18854e+02;20;1;1;1.00000e+00;1.00000e+00;1.00000e+00;40;9.99881e-01;1.00704e+00;4.25007e-15
nav-lives;me-hebbian-neuron;4;[8];86;8600;8600;1.19559e+02;19;1;1;1.00000e+00;1.00000e+00;1.00000e+00;40;9.99860e-01;1.00688e+00;9.89996e-04
nav-lives;me-hebbian-neuron;3;[8];86;8600;8600;1.20407e+02;20;1;1;1.00000e+00;1.00000e+00;1.00000e+00;40;9.99881e-01;1.00704e+00;4.25007e-15
nav-lives;me-hebbian-neuron;4;[8];87;8700;8700;1.21123e+02;19;1;1;1.00000e+00;1.00000e+00;1.00000e+00;40;9.99860e-01;1.00688e+00;9.89996e-04
nav-lives;me-hebbian-neuron;3;[8];87;8700;8700;1.21759e+02;20;1;1;1.00000e+00;1.00000e+00;1.00000e+00;40;9.99881e-01;1.00704e+00;4.25007e-15
nav-lives;me-hebbian-neuron;4;[8];88;8800;8800;1.22403e+02;19;1;1;1.00000e+00;1.00000e+00;1.00000e+00;40;9.99860e-01;1.00688e+00;9.89996e-04
nav-lives;me-hebbian-neuron;3;[8];88;8800;8800;1.23109e+02;20;1;1;1.00000e+00;1.00000e+00;1.00000e+00;40;9.99881e-01;1.00704e+00;4.25007e-15
nav-lives;me-hebbian-neuron;4;[8];89;8900;8900;1.23835e+02;19;1;1;1.00000e+00;1.00000e+00;1.00000e+00;40;9.99860e-01;1.00688e+00;9.89996e-04
nav-lives;me-hebbian-neuron;3;[8];89;8900;8900;1.24493e+02;20;1;1;1.00000e+00;1.00000e+00;1.00000e+00;40;9.99881e-01;1.00704e+00;4.25007e-15
nav-lives;me-hebbian-neuron;4;[8];90;9000;9000;1.25271e+02;19;1;1;1.00000e+00;1.00000e+00;1.00000e+00;40;9.99860e-01;1.00688e+00;9.89996e-04
nav-lives;me-hebbian-neuron;3;[8];90;9000;9000;1.25943e+02;20;1;1;1.00000e+00;1.00000e+00;1.00000e+00;40;9.99881e-01;1.00704e+00;4.25007e-15
nav-lives;me-hebbian-neuron;4;[8];91;9100;9100;1.26611e+02;19;1;1;1.00000e+00;1.00000e+00;1.00000e+00;40;9.99860e-01;1.00688e+00;9.89996e-04
nav-lives;me-hebbian-neuron;3;[8];91;9100;9100;1.27261e+02;20;1;1;1.00000e+00;1.00000e+00;1.00000e+00;40;9.99881e-01;1.00704e+00;4.25007e-15
nav-lives;me-hebbian-neuron;4;[8];92;9200;9200;1.27969e+02;19;1;1;1.00000e+00;1.00000e+00;1.00000e+00;40;9.99860e-01;1.00688e+00;9.89996e-04
nav-lives;me-hebbian-neuron;3;[8];92;9200;9200;1.28705e+02;20;1;1;1.00000e+00;1.00000e+00;1.00000e+00;40;9.99881e-01;1.00704e+00;4.25007e-15
nav-lives;me-hebbian-neuron;4;[8];93;9300;9300;1.29372e+02;19;1;1;1.00000e+00;1.00000e+00;1.00000e+00;40;9.99860e-01;1.00688e+00;9.89996e-04
nav-lives;me-hebbian-neuron;3;[8];93;9300;9300;1.30105e+02;20;1;1;1.00000e+00;1.00000e+00;1.00000e+00;40;9.99881e-01;1.00704e+00;4.25007e-15
nav-lives;me-hebbian-neuron;4;[8];94;9400;9400;1.30769e+02;19;1;1;1.00000e+00;1.00000e+00;1.00000e+00;40;9.99860e-01;1.00688e+00;9.89996e-04
nav-lives;me-hebbian-neuron;3;[8];94;9400;9400;1.31482e+02;20;1;1;1.00000e+00;1.00000e+00;1.00000e+00;40;9.99881e-01;1.00704e+00;4.25007e-15
nav-lives;me-hebbian-neuron;4;[8];95;9500;9500;1.32189e+02;19;1;1;1.00000e+00;1.00000e+00;1.00000e+00;40;9.99860e-01;1.00688e+00;9.89996e-04
nav-lives;me-hebbian-neuron;3;[8];95;9500;9500;1.32852e+02;20;1;1;1.00000e+00;1.00000e+00;1.00000e+00;40;9.99881e-01;1.00704e+00;4.25007e-15
nav-lives;me-hebbian-neuron;4;[8];96;9600;9600;1.33511e+02;19;1;1;1.00000e+00;1.00000e+00;1.00000e+00;40;9.99860e-01;1.00688e+00;9.89996e-04
nav-lives;me-hebbian-neuron;3;[8];96;9600;9600;1.34212e+02;20;1;1;1.00000e+00;1.00000e+00;1.00000e+00;40;9.99881e-01;1.00704e+00;4.25007e-15
nav-lives;me-hebbian-neuron;4;[8];97;9700;9700;1.34971e+02;19;1;1;1.00000e+00;1.00000e+00;1.00000e+00;40;9.99860e-01;1.00688e+00;9.89996e-04
nav-lives;me-hebbian-neuron;3;[8];97;9700;9700;1.35614e+02;21;1;1;1.00000e+00;1.00000e+00;1.00000e+00;40;9.99881e-01;1.00704e+00;4.25007e-15
nav-lives;me-hebbian-neuron;4;[8];98;9800;9800;1.36423e+02;19;1;1;1.00000e+00;1.00000e+00;1.00000e+00;40;9.99860e-01;1.00688e+00;9.89996e-04
nav-lives;me-hebbian-neuron;3;[8];98;9800;9800;1.37040e+02;21;1;1;1.00000e+00;1.00000e+00;1.00000e+00;40;9.99881e-01;1.00704e+00;4.25007e-15
nav-lives;me-hebbian-neuron;4;[8];99;9900;9900;1.37783e+02;19;1;1;1.00000e+00;1.00000e+00;1.00000e+00;40;9.99860e-01;1.00688e+00;9.89996e-04
nav-lives;me-hebbian-neuron;3;[8];99;9900;9900;1.38484e+02;21;1;1;1.00000e+00;1.00000e+00;1.00000e+00;40;9.99881e-01;1.00704e+00;4.25007e-15
nav-lives;me-hebbian-neuron;4;[8];100;10000;10000;1.39140e+02;19;1;1;1.00000e+00;1.00000e+00;1.00000e+00;40;9.99860e-01;1.00688e+00;9.89996e-04
nav-lives;me-hebbian-neuron;3;[8];100;10000;10000;1.39792e+02;21;1;1;1.00000e+00;1.00000e+00;1.00000e+00;40;9.99881e-01;1.00704e+00;4.25007e-15
nav-lives;me-hebbian-neuron;4;[8];101;10100;10100;1.40540e+02;19;1;1;1.00000e+00;1.00000e+00;1.00000e+00;40;9.99860e-01;1.00688e+00;9.89996e-04
nav-lives;me-hebbian-neuron;3;[8];101;10100;10100;1.41201e+02;21;1;1;1.00000e+00;1.00000e+00;1.00000e+00;40;9.99881e-01;1.00704e+00;4.25007e-15
nav-lives;me-hebbian-neuron;4;[8];102;10200;10200;1.41916e+02;19;1;1;1.00000e+00;1.00000e+00;1.00000e+00;40;9.99860e-01;1.00688e+00;9.89996e-04
nav-lives;me-hebbian-neuron;3;[8];102;10200;10200;1.42642e+02;21;1;1;1.00000e+00;1.00000e+00;1.00000e+00;40;9.99881e-01;1.00704e+00;4.25007e-15
nav-lives;me-hebbian-neuron;4;[8];103;10300;10300;1.43308e+02;19;1;1;1.00000e+00;1.00000e+00;1.00000e+00;40;9.99860e-01;1.00688e+00;9.89996e-04
nav-lives;me-hebbian-neuron;3;[8];103;10300;10300;1.43969e+02;21;1;1;1.00000e+00;1.00000e+00;1.00000e+00;40;9.99881e-01;1.00704e+00;4.25007e-15
nav-lives;me-hebbian-neuron;4;[8];104;10400;10400;1.44664e+02;19;1;1;1.00000e+00;1.00000e+00;1.00000e+00;40;9.99860e-01;1.00688e+00;9.89996e-04
nav-lives;me-hebbian-neuron;3;[8];104;10400;10400;1.45357e+02;21;1;1;1.00000e+00;1.00000e+00;1.00000e+00;40;9.99881e-01;1.00704e+00;4.25007e-15
nav-lives;me-hebbian-neuron;4;[8];105;10500;10500;1.46119e+02;19;1;1;1.00000e+00;1.00000e+00;1.00000e+00;40;9.99860e-01;1.00688e+00;9.89996e-04
nav-lives;me-hebbian-neuron;3;[8];105;10500;10500;1.46761e+02;21;1;1;1.00000e+00;1.00000e+00;1.00000e+00;40;9.99881e-01;1.00704e+00;4.25007e-15
nav-lives;me-hebbian-neuron;4;[8];106;10600;10600;1.47549e+02;19;1;1;1.00000e+00;1.00000e+00;1.00000e+00;40;9.99860e-01;1.00688e+00;9.89996e-04
nav-lives;me-hebbian-neuron;3;[8];106;10600;10600;1.48223e+02;21;1;1;1.00000e+00;1.00000e+00;1.00000e+00;40;9.99881e-01;1.00704e+00;4.25007e-15
nav-lives;me-hebbian-neuron;4;[8];107;10700;10700;1.48919e+02;19;1;1;1.00000e+00;1.00000e+00;1.00000e+00;40;9.99860e-01;1.00688e+00;9.89996e-04
nav-lives;me-hebbian-neuron;3;[8];107;10700;10700;1.49580e+02;21;1;1;1.00000e+00;1.00000e+00;1.00000e+00;40;9.99881e-01;1.00704e+00;4.25007e-15
nav-lives;me-hebbian-neuron;4;[8];108;10800;10800;1.50234e+02;19;1;1;1.00000e+00;1.00000e+00;1.00000e+00;40;9.99860e-01;1.00688e+00;9.89996e-04
nav-lives;me-hebbian-neuron;3;[8];108;10800;10800;1.50965e+02;21;1;1;1.00000e+00;1.00000e+00;1.00000e+00;40;9.99881e-01;1.00704e+00;4.25007e-15
nav-lives;me-hebbian-neuron;4;[8];109;10900;10900;1.51666e+02;19;1;1;1.00000e+00;1.00000e+00;1.00000e+00;40;9.99860e-01;1.00688e+00;9.89996e-04
nav-lives;me-hebbian-neuron;3;[8];109;10900;10900;1.52370e+02;21;1;1;1.00000e+00;1.00000e+00;1.00000e+00;40;9.99881e-01;1.00704e+00;4.25007e-15
nav-lives;me-hebbian-neuron;4;[8];110;11000;11000;1.53044e+02;19;1;1;1.00000e+00;1.00000e+00;1.00000e+00;40;9.99860e-01;1.00688e+00;9.89996e-04
nav-lives;me-hebbian-neuron;3;[8];110;11000;11000;1.53804e+02;21;1;1;1.00000e+00;1.00000e+00;1.00000e+00;40;9.99881e-01;1.00704e+00;4.25007e-15
nav-lives;me-hebbian-neuron;4;[8];111;11100;11100;1.54490e+02;19;1;1;1.00000e+00;1.00000e+00;1.00000e+00;40;9.99860e-01;1.00688e+00;9.89996e-04
nav-lives;me-hebbian-neuron;3;[8];111;11100;11100;1.55202e+02;21;1;1;1.00000e+00;1.00000e+00;1.00000e+00;40;9.99881e-01;1.00704e+00;4.25007e-15
nav-lives;me-hebbian-neuron;4;[8];112;11200;11200;1.55857e+02;19;1;1;1.00000e+00;1.00000e+00;1.00000e+00;40;9.99860e-01;1.00688e+00;9.89996e-04
nav-lives;me-hebbian-neuron;3;[8];112;11200;11200;1.56555e+02;21;1;1;1.00000e+00;1.00000e+00;1.00000e+00;40;9.99881e-01;1.00704e+00;4.25007e-15
nav-lives;me-hebbian-neuron;4;[8];113;11300;11300;1.57247e+02;20;1;1;1.00000e+00;1.00000e+00;1.00000e+00;40;9.99860e-01;1.00688e+00;9.89996e-04
nav-lives;me-hebbian-neuron;3;[8];113;11300;11300;1.57957e+02;21;1;1;1.00000e+00;1.00000e+00;1.00000e+00;40;9.99881e-01;1.00704e+00;4.25007e-15
nav-lives;me-hebbian-neuron;4;[8];114;11400;11400;1.58632e+02;20;1;1;1.00000e+00;1.00000e+00;1.00000e+00;40;9.99860e-01;1.00688e+00;9.89996e-04
nav-lives;me-hebbian-neuron;3;[8];114;11400;11400;1.59337e+02;21;1;1;1.00000e+00;1.00000e+00;1.00000e+00;40;9.99881e-01;1.00704e+00;4.25007e-15
nav-lives;me-hebbian-neuron;4;[8];115;11500;11500;1.60050e+02;20;1;1;1.00000e+00;1.00000e+00;1.00000e+00;40;9.99860e-01;1.00688e+00;9.89996e-04
nav-lives;me-hebbian-neuron;3;[8];115;11500;11500;1.60717e+02;21;1;1;1.00000e+00;1.00000e+00;1.00000e+00;40;9.99881e-01;1.00704e+00;4.25007e-15
nav-lives;me-hebbian-neuron;4;[8];116;11600;11600;1.61415e+02;20;1;1;1.00000e+00;1.00000e+00;1.00000e+00;40;9.99860e-01;1.00688e+00;9.89996e-04
nav-lives;me-hebbian-neuron;3;[8];116;11600;11600;1.62128e+02;21;1;1;1.00000e+00;1.00000e+00;1.00000e+00;40;9.99881e-01;1.00704e+00;4.25007e-15
nav-lives;me-hebbian-neuron;4;[8];117;11700;11700;1.62772e+02;20;1;1;1.00000e+00;1.00000e+00;1.00000e+00;40;9.99860e-01;1.00688e+00;9.89996e-04
nav-lives;me-hebbian-neuron;3;[8];117;11700;11700;1.63525e+02;21;1;1;1.00000e+00;1.00000e+00;1.00000e+00;40;9.99881e-01;1.00704e+00;4.25007e-15
nav-lives;me-hebbian-neuron;4;[8];118;11800;11800;1.64192e+02;20;1;1;1.00000e+00;1.00000e+00;1.00000e+00;40;9.99860e-01;1.00688e+00;9.89996e-04
nav-lives;me-hebbian-neuron;3;[8];118;11800;11800;1.64926e+02;21;1;1;1.00000e+00;1.00000e+00;1.00000e+00;40;9.99881e-01;1.00704e+00;4.25007e-15
nav-lives;me-hebbian-neuron;4;[8];119;11900;11900;1.65637e+02;20;1;1;1.00000e+00;1.00000e+00;1.00000e+00;40;9.99860e-01;1.00688e+00;9.89996e-04
nav-lives;me-hebbian-neuron;3;[8];119;11900;11900;1.66295e+02;21;1;1;1.00000e+00;1.00000e+00;1.00000e+00;40;9.99881e-01;1.00704e+00;4.25007e-15
nav-lives;me-hebbian-neuron;4;[8];120;12000;12000;1.66998e+02;20;1;1;1.00000e+00;1.00000e+00;1.00000e+00;40;9.99860e-01;1.00688e+00;9.89996e-04
nav-lives;me-hebbian-neuron;3;[8];120;12000;12000;1.67687e+02;21;1;1;1.00000e+00;1.00000e+00;1.00000e+00;40;9.99881e-01;1.00704e+00;4.25007e-15
nav-lives;me-hebbian-neuron;4;[8];121;12100;12100;1.68419e+02;20;1;1;1.00000e+00;1.00000e+00;1.00000e+00;40;9.99860e-01;1.00688e+00;9.89996e-04
nav-lives;me-hebbian-neuron;3;[8];121;12100;12100;1.69097e+02;21;1;1;1.00000e+00;1.00000e+00;1.00000e+00;40;9.99881e-01;1.00704e+00;4.25007e-15
nav-lives;me-hebbian-neuron;4;[8];122;12200;12200;1.69913e+02;20;1;1;1.00000e+00;1.00000e+00;1.00000e+00;40;9.99860e-01;1.00688e+00;9.89996e-04
nav-lives;me-hebbian-neuron;3;[8];122;12200;12200;1.70496e+02;21;1;1;1.00000e+00;1.00000e+00;1.00000e+00;40;9.99881e-01;1.00704e+00;4.25007e-15
nav-lives;me-hebbian-neuron;4;[8];123;12300;12300;1.71217e+02;20;1;1;1.00000e+00;1.00000e+00;1.00000e+00;40;9.99860e-01;1.00688e+00;9.89996e-04
nav-lives;me-hebbian-neuron;3;[8];123;12300;12300;1.71916e+02;21;1;1;1.00000e+00;1.00000e+00;1.00000e+00;40;9.99881e-01;1.00704e+00;4.25007e-15
nav-lives;me-hebbian-neuron;4;[8];124;12400;12400;1.72594e+02;20;1;1;1.00000e+00;1.00000e+00;1.00000e+00;40;9.99860e-01;1.00688e+00;9.89996e-04
nav-lives;me-hebbian-neuron;3;[8];124;12400;12400;1.73319e+02;21;1;1;1.00000e+00;1.00000e+00;1.00000e+00;40;9.99881e-01;1.00704e+00;4.25007e-15
nav-lives;me-hebbian-neuron;4;[8];125;12500;12500;1.74012e+02;20;1;1;1.00000e+00;1.00000e+00;1.00000e+00;40;9.99860e-01;1.00688e+00;9.89996e-04
nav-lives;me-hebbian-neuron;3;[8];125;12500;12500;1.74636e+02;21;1;1;1.00000e+00;1.00000e+00;1.00000e+00;40;9.99881e-01;1.00704e+00;4.25007e-15
nav-lives;me-hebbian-neuron;4;[8];126;12600;12600;1.75365e+02;20;1;1;1.00000e+00;1.00000e+00;1.00000e+00;40;9.99860e-01;1.00688e+00;9.89996e-04
nav-lives;me-hebbian-neuron;3;[8];126;12600;12600;1.76107e+02;21;1;1;1.00000e+00;1.00000e+00;1.00000e+00;40;9.99881e-01;1.00704e+00;4.25007e-15
nav-lives;me-hebbian-neuron;4;[8];127;12700;12700;1.76774e+02;20;1;1;1.00000e+00;1.00000e+00;1.00000e+00;40;9.99860e-01;1.00688e+00;9.89996e-04
nav-lives;me-hebbian-neuron;3;[8];127;12700;12700;1.77443e+02;21;1;1;1.00000e+00;1.00000e+00;1.00000e+00;40;9.99881e-01;1.00704e+00;4.25007e-15
nav-lives;me-hebbian-neuron;4;[8];128;12800;12800;1.78219e+02;20;1;1;1.00000e+00;1.00000e+00;1.00000e+00;40;9.99860e-01;1.00688e+00;9.89996e-04
nav-lives;me-hebbian-neuron;3;[8];128;12800;12800;1.78873e+02;21;1;1;1.00000e+00;1.00000e+00;1.00000e+00;40;9.99881e-01;1.00704e+00;4.25007e-15
nav-lives;me-hebbian-neuron;4;[8];129;12900;12900;1.79537e+02;20;1;1;1.00000e+00;1.00000e+00;1.00000e+00;40;9.99860e-01;1.00688e+00;9.89996e-04
nav-lives;me-hebbian-neuron;3;[8];129;12900;12900;1.80240e+02;21;1;1;1.00000e+00;1.00000e+00;1.00000e+00;40;9.99881e-01;1.00704e+00;4.25007e-15
nav-lives;me-hebbian-neuron;4;[8];130;13000;13000;1.80925e+02;20;1;1;1.00000e+00;1.00000e+00;1.00000e+00;40;9.99860e-01;1.00688e+00;9.89996e-04
nav-lives;me-hebbian-neuron;3;[8];130;13000;13000;1.81617e+02;21;1;1;1.00000e+00;1.00000e+00;1.00000e+00;40;9.99881e-01;1.00704e+00;4.25007e-15
nav-lives;me-hebbian-neuron;4;[8];131;13100;13100;1.82340e+02;20;1;1;1.00000e+00;1.00000e+00;1.00000e+00;40;9.99860e-01;1.00688e+00;9.89996e-04
nav-lives;me-hebbian-neuron;3;[8];131;13100;13100;1.83023e+02;21;1;1;1.00000e+00;1.00000e+00;1.00000e+00;40;9.99881e-01;1.00704e+00;4.25007e-15
nav-lives;me-hebbian-neuron;4;[8];132;13200;13200;1.83714e+02;20;1;1;1.00000e+00;1.00000e+00;1.00000e+00;40;9.99860e-01;1.00688e+00;9.89996e-04
nav-lives;me-hebbian-neuron;3;[8];132;13200;13200;1.84404e+02;21;1;1;1.00000e+00;1.00000e+00;1.00000e+00;40;9.99881e-01;1.00704e+00;4.25007e-15
nav-lives;me-hebbian-neuron;4;[8];133;13300;13300;1.85077e+02;20;1;1;1.00000e+00;1.00000e+00;1.00000e+00;40;9.99860e-01;1.00688e+00;9.89996e-04
nav-lives;me-hebbian-neuron;3;[8];133;13300;13300;1.85841e+02;21;1;1;1.00000e+00;1.00000e+00;1.00000e+00;40;9.99881e-01;1.00704e+00;4.25007e-15
nav-lives;me-hebbian-neuron;4;[8];134;13400;13400;1.86542e+02;20;1;1;1.00000e+00;1.00000e+00;1.00000e+00;40;9.99860e-01;1.00688e+00;9.89996e-04
nav-lives;me-hebbian-neuron;3;[8];134;13400;13400;1.87241e+02;21;1;1;1.00000e+00;1.00000e+00;1.00000e+00;40;9.99881e-01;1.00704e+00;4.25007e-15
nav-lives;me-hebbian-neuron;4;[8];135;13500;13500;1.87954e+02;20;1;1;1.00000e+00;1.00000e+00;1.00000e+00;40;9.99860e-01;1.00688e+00;9.89996e-04
nav-lives;me-hebbian-neuron;3;[8];135;13500;13500;1.88646e+02;21;1;1;1.00000e+00;1.00000e+00;1.00000e+00;40;9.99881e-01;1.00704e+00;4.25007e-15
nav-lives;me-hebbian-neuron;4;[8];136;13600;13600;1.89349e+02;20;1;1;1.00000e+00;1.00000e+00;1.00000e+00;40;9.99860e-01;1.00688e+00;9.89996e-04
nav-lives;me-hebbian-neuron;3;[8];136;13600;13600;1.90019e+02;21;1;1;1.00000e+00;1.00000e+00;1.00000e+00;40;9.99881e-01;1.00704e+00;4.25007e-15
nav-lives;me-hebbian-neuron;4;[8];137;13700;13700;1.90694e+02;20;1;1;1.00000e+00;1.00000e+00;1.00000e+00;40;9.99860e-01;1.00688e+00;9.89996e-04
nav-lives;me-hebbian-neuron;3;[8];137;13700;13700;1.91408e+02;21;1;1;1.00000e+00;1.00000e+00;1.00000e+00;40;9.99881e-01;1.00704e+00;4.25007e-15
nav-lives;me-hebbian-neuron;4;[8];138;13800;13800;1.92097e+02;20;1;1;1.00000e+00;1.00000e+00;1.00000e+00;40;9.99860e-01;1.00688e+00;9.89996e-04
nav-lives;me-hebbian-neuron;3;[8];138;13800;13800;1.92808e+02;21;1;1;1.00000e+00;1.00000e+00;1.00000e+00;40;9.99881e-01;1.00704e+00;4.25007e-15
nav-lives;me-hebbian-neuron;4;[8];139;13900;13900;1.93481e+02;20;1;1;1.00000e+00;1.00000e+00;1.00000e+00;40;9.99860e-01;1.00688e+00;9.89996e-04
nav-lives;me-hebbian-neuron;3;[8];139;13900;13900;1.94198e+02;21;1;1;1.00000e+00;1.00000e+00;1.00000e+00;40;9.99881e-01;1.00704e+00;4.25007e-15
nav-lives;me-hebbian-neuron;4;[8];140;14000;14000;1.94890e+02;20;1;1;1.00000e+00;1.00000e+00;1.00000e+00;40;9.99860e-01;1.00688e+00;9.89996e-04
nav-lives;me-hebbian-neuron;3;[8];140;14000;14000;1.95597e+02;21;1;1;1.00000e+00;1.00000e+00;1.00000e+00;40;9.99881e-01;1.00704e+00;4.25007e-15
nav-lives;me-hebbian-neuron;4;[8];141;14100;14100;1.96392e+02;20;1;1;1.00000e+00;1.00000e+00;1.00000e+00;40;9.99860e-01;1.00688e+00;9.89996e-04
nav-lives;me-hebbian-neuron;3;[8];141;14100;14100;1.96965e+02;21;1;1;1.00000e+00;1.00000e+00;1.00000e+00;40;9.99881e-01;1.00704e+00;4.25007e-15
nav-lives;me-hebbian-neuron;4;[8];142;14200;14200;1.97732e+02;20;1;1;1.00000e+00;1.00000e+00;1.00000e+00;40;9.99860e-01;1.00688e+00;9.89996e-04
nav-lives;me-hebbian-neuron;3;[8];142;14200;14200;1.98417e+02;21;1;1;1.00000e+00;1.00000e+00;1.00000e+00;40;9.99881e-01;1.00704e+00;4.25007e-15
nav-lives;me-hebbian-neuron;4;[8];143;14300;14300;1.99113e+02;20;1;1;1.00000e+00;1.00000e+00;1.00000e+00;40;9.99860e-01;1.00688e+00;9.89996e-04
nav-lives;me-hebbian-neuron;3;[8];143;14300;14300;1.99770e+02;21;1;1;1.00000e+00;1.00000e+00;1.00000e+00;40;9.99881e-01;1.00704e+00;4.25007e-15
nav-lives;me-hebbian-neuron;4;[8];144;14400;14400;2.00490e+02;20;1;1;1.00000e+00;1.00000e+00;1.00000e+00;40;9.99860e-01;1.00688e+00;9.89996e-04
nav-lives;me-hebbian-neuron;3;[8];144;14400;14400;2.01167e+02;21;1;1;1.00000e+00;1.00000e+00;1.00000e+00;40;9.99881e-01;1.00704e+00;4.25007e-15
nav-lives;me-hebbian-neuron;4;[8];145;14500;14500;2.01837e+02;20;1;1;1.00000e+00;1.00000e+00;1.00000e+00;40;9.99860e-01;1.00688e+00;9.89996e-04
nav-lives;me-hebbian-neuron;3;[8];145;14500;14500;2.02552e+02;21;1;1;1.00000e+00;1.00000e+00;1.00000e+00;40;9.99881e-01;1.00704e+00;4.25007e-15
nav-lives;me-hebbian-neuron;4;[8];146;14600;14600;2.03265e+02;20;1;1;1.00000e+00;1.00000e+00;1.00000e+00;40;9.99860e-01;1.00688e+00;9.89996e-04
nav-lives;me-hebbian-neuron;3;[8];146;14600;14600;2.04080e+02;21;1;1;1.00000e+00;1.00000e+00;1.00000e+00;40;9.99881e-01;1.00704e+00;4.25007e-15
nav-lives;me-hebbian-neuron;4;[8];147;14700;14700;2.04678e+02;20;1;1;1.00000e+00;1.00000e+00;1.00000e+00;40;9.99860e-01;1.00688e+00;9.89996e-04
nav-lives;me-hebbian-neuron;3;[8];147;14700;14700;2.05402e+02;21;1;1;1.00000e+00;1.00000e+00;1.00000e+00;40;9.99881e-01;1.00704e+00;4.25007e-15
nav-lives;me-hebbian-neuron;4;[8];148;14800;14800;2.06060e+02;20;1;1;1.00000e+00;1.00000e+00;1.00000e+00;40;9.99860e-01;1.00688e+00;9.89996e-04
nav-lives;me-hebbian-neuron;3;[8];148;14800;14800;2.06774e+02;21;1;1;1.00000e+00;1.00000e+00;1.00000e+00;40;9.99881e-01;1.00704e+00;4.25007e-15
nav-lives;me-hebbian-neuron;4;[8];149;14900;14900;2.07464e+02;20;1;1;1.00000e+00;1.00000e+00;1.00000e+00;40;9.99860e-01;1.00688e+00;9.89996e-04
nav-lives;me-hebbian-neuron;3;[8];149;14900;14900;2.08199e+02;21;1;1;1.00000e+00;1.00000e+00;1.00000e+00;40;9.99881e-01;1.00704e+00;4.25007e-15
nav-lives;me-hebbian-neuron;4;[8];150;15000;15000;2.08841e+02;20;1;1;1.00000e+00;1.00000e+00;1.00000e+00;40;9.99860e-01;1.00688e+00;9.89996e-04
nav-lives;me-hebbian-neuron;3;[8];150;15000;15000;2.09555e+02;21;1;1;1.00000e+00;1.00000e+00;1.00000e+00;40;9.99881e-01;1.00704e+00;4.25007e-15
nav-lives;me-hebbian-neuron;4;[8];151;15100;15100;2.10211e+02;20;1;1;1.00000e+00;1.00000e+00;1.00000e+00;40;9.99860e-01;1.00688e+00;9.89996e-04
nav-lives;me-hebbian-neuron;3;[8];151;15100;15100;2.10931e+02;21;1;1;1.00000e+00;1.00000e+00;1.00000e+00;40;9.99881e-01;1.00704e+00;4.25007e-15
nav-lives;me-hebbian-neuron;4;[8];152;15200;15200;2.11625e+02;20;1;1;1.00000e+00;1.00000e+00;1.00000e+00;40;9.99860e-01;1.00688e+00;9.89996e-04
nav-lives;me-hebbian-neuron;3;[8];152;15200;15200;2.12338e+02;21;1;1;1.00000e+00;1.00000e+00;1.00000e+00;40;9.99881e-01;1.00704e+00;4.25007e-15
nav-lives;me-hebbian-neuron;4;[8];153;15300;15300;2.12985e+02;20;1;1;1.00000e+00;1.00000e+00;1.00000e+00;40;9.99860e-01;1.00688e+00;9.89996e-04
nav-lives;me-hebbian-neuron;3;[8];153;15300;15300;2.13689e+02;21;1;1;1.00000e+00;1.00000e+00;1.00000e+00;40;9.99881e-01;1.00704e+00;4.25007e-15
nav-lives;me-hebbian-neuron;4;[8];154;15400;15400;2.14406e+02;20;1;1;1.00000e+00;1.00000e+00;1.00000e+00;40;9.99860e-01;1.00688e+00;9.89996e-04
nav-lives;me-hebbian-neuron;3;[8];154;15400;15400;2.15106e+02;21;1;1;1.00000e+00;1.00000e+00;1.00000e+00;40;9.99881e-01;1.00704e+00;4.25007e-15
nav-lives;me-hebbian-neuron;4;[8];155;15500;15500;2.15789e+02;20;1;1;1.00000e+00;1.00000e+00;1.00000e+00;40;9.99860e-01;1.00688e+00;9.89996e-04
nav-lives;me-hebbian-neuron;3;[8];155;15500;15500;2.16503e+02;21;1;1;1.00000e+00;1.00000e+00;1.00000e+00;40;9.99881e-01;1.00704e+00;4.25007e-15
nav-lives;me-hebbian-neuron;4;[8];156;15600;15600;2.17187e+02;20;1;1;1.00000e+00;1.00000e+00;1.00000e+00;40;9.99860e-01;1.00688e+00;9.89996e-04
nav-lives;me-hebbian-neuron;3;[8];156;15600;15600;2.17899e+02;21;1;1;1.00000e+00;1.00000e+00;1.00000e+00;40;9.99881e-01;1.00704e+00;4.25007e-15
nav-lives;me-hebbian-neuron;4;[8];157;15700;15700;2.18626e+02;20;1;1;1.00000e+00;1.00000e+00;1.00000e+00;40;9.99860e-01;1.00688e+00;9.89996e-04
nav-lives;me-hebbian-neuron;3;[8];157;15700;15700;2.19243e+02;21;1;1;1.00000e+00;1.00000e+00;1.00000e+00;40;9.99881e-01;1.00704e+00;4.25007e-15
nav-lives;me-hebbian-neuron;4;[8];158;15800;15800;2.19975e+02;20;1;1;1.00000e+00;1.00000e+00;1.00000e+00;40;9.99860e-01;1.00688e+00;9.89996e-04
nav-lives;me-hebbian-neuron;3;[8];158;15800;15800;2.20715e+02;21;1;1;1.00000e+00;1.00000e+00;1.00000e+00;40;9.99881e-01;1.00704e+00;4.25007e-15
nav-lives;me-hebbian-neuron;4;[8];159;15900;15900;2.21380e+02;20;1;1;1.00000e+00;1.00000e+00;1.00000e+00;40;9.99860e-01;1.00688e+00;9.89996e-04
nav-lives;me-hebbian-neuron;3;[8];159;15900;15900;2.22088e+02;21;1;1;1.00000e+00;1.00000e+00;1.00000e+00;40;9.99881e-01;1.00704e+00;4.25007e-15
nav-lives;me-hebbian-neuron;4;[8];160;16000;16000;2.22744e+02;20;1;1;1.00000e+00;1.00000e+00;1.00000e+00;40;9.99860e-01;1.00688e+00;9.89996e-04
nav-lives;me-hebbian-neuron;3;[8];160;16000;16000;2.23423e+02;21;1;1;1.00000e+00;1.00000e+00;1.00000e+00;40;9.99881e-01;1.00704e+00;4.25007e-15
nav-lives;me-hebbian-neuron;4;[8];161;16100;16100;2.24244e+02;20;1;1;1.00000e+00;1.00000e+00;1.00000e+00;40;9.99860e-01;1.00688e+00;9.89996e-04
nav-lives;me-hebbian-neuron;3;[8];161;16100;16100;2.24812e+02;21;1;1;1.00000e+00;1.00000e+00;1.00000e+00;40;9.99881e-01;1.00704e+00;4.25007e-15
nav-lives;me-hebbian-neuron;4;[8];162;16200;16200;2.25606e+02;20;1;1;1.00000e+00;1.00000e+00;1.00000e+00;40;9.99860e-01;1.00688e+00;9.89996e-04
nav-lives;me-hebbian-neuron;3;[8];162;16200;16200;2.26308e+02;21;1;1;1.00000e+00;1.00000e+00;1.00000e+00;40;9.99881e-01;1.00704e+00;4.25007e-15
nav-lives;me-hebbian-neuron;4;[8];163;16300;16300;2.27008e+02;20;1;1;1.00000e+00;1.00000e+00;1.00000e+00;40;9.99860e-01;1.00688e+00;9.89996e-04
nav-lives;me-hebbian-neuron;3;[8];163;16300;16300;2.27662e+02;21;1;1;1.00000e+00;1.00000e+00;1.00000e+00;40;9.99881e-01;1.00704e+00;4.25007e-15
nav-lives;me-hebbian-neuron;4;[8];164;16400;16400;2.28442e+02;20;1;1;1.00000e+00;1.00000e+00;1.00000e+00;40;9.99860e-01;1.00688e+00;9.89996e-04
nav-lives;me-hebbian-neuron;3;[8];164;16400;16400;2.29053e+02;21;1;1;1.00000e+00;1.00000e+00;1.00000e+00;40;9.99881e-01;1.00704e+00;4.25007e-15
nav-lives;me-hebbian-neuron;4;[8];165;16500;16500;2.29720e+02;20;1;1;1.00000e+00;1.00000e+00;1.00000e+00;40;9.99860e-01;1.00688e+00;9.89996e-04
nav-lives;me-hebbian-neuron;3;[8];165;16500;16500;2.30392e+02;21;1;1;1.00000e+00;1.00000e+00;1.00000e+00;40;9.99881e-01;1.00704e+00;4.25007e-15
nav-lives;me-hebbian-neuron;4;[8];166;16600;16600;2.31146e+02;20;1;1;1.00000e+00;1.00000e+00;1.00000e+00;40;9.99860e-01;1.00688e+00;9.89996e-04
nav-lives;me-hebbian-neuron;3;[8];166;16600;16600;2.31849e+02;21;1;1;1.00000e+00;1.00000e+00;1.00000e+00;40;9.99881e-01;1.00704e+00;4.25007e-15
nav-lives;me-hebbian-neuron;4;[8];167;16700;16700;2.32536e+02;20;1;1;1.00000e+00;1.00000e+00;1.00000e+00;40;9.99860e-01;1.00688e+00;9.89996e-04
nav-lives;me-hebbian-neuron;3;[8];167;16700;16700;2.33234e+02;21;1;1;1.00000e+00;1.00000e+00;1.00000e+00;40;9.99881e-01;1.00704e+00;4.25007e-15
nav-lives;me-hebbian-neuron;4;[8];168;16800;16800;2.33942e+02;20;1;1;1.00000e+00;1.00000e+00;1.00000e+00;40;9.99860e-01;1.00688e+00;9.89996e-04
nav-lives;me-hebbian-neuron;3;[8];168;16800;16800;2.34597e+02;21;1;1;1.00000e+00;1.00000e+00;1.00000e+00;40;9.99881e-01;1.00704e+00;4.25007e-15
nav-lives;me-hebbian-neuron;4;[8];169;16900;16900;2.35316e+02;20;1;1;1.00000e+00;1.00000e+00;1.00000e+00;40;9.99860e-01;1.00688e+00;9.89996e-04
nav-lives;me-hebbian-neuron;3;[8];169;16900;16900;2.35982e+02;21;1;1;1.00000e+00;1.00000e+00;1.00000e+00;40;9.99881e-01;1.00704e+00;4.25007e-15
nav-lives;me-hebbian-neuron;4;[8];170;17000;17000;2.36695e+02;20;1;1;1.00000e+00;1.00000e+00;1.00000e+00;40;9.99860e-01;1.00688e+00;9.89996e-04
nav-lives;me-hebbian-neuron;3;[8];170;17000;17000;2.37434e+02;21;1;1;1.00000e+00;1.00000e+00;1.00000e+00;40;9.99881e-01;1.00704e+00;4.25007e-15
nav-lives;me-hebbian-neuron;4;[8];171;17100;17100;2.38089e+02;20;1;1;1.00000e+00;1.00000e+00;1.00000e+00;40;9.99860e-01;1.00688e+00;9.89996e-04
nav-lives;me-hebbian-neuron;3;[8];171;17100;17100;2.38867e+02;21;1;1;1.00000e+00;1.00000e+00;1.00000e+00;40;9.99881e-01;1.00704e+00;4.25007e-15
nav-lives;me-hebbian-neuron;4;[8];172;17200;17200;2.39505e+02;20;1;1;1.00000e+00;1.00000e+00;1.00000e+00;40;9.99860e-01;1.00688e+00;9.89996e-04
nav-lives;me-hebbian-neuron;3;[8];172;17200;17200;2.40187e+02;21;1;1;1.00000e+00;1.00000e+00;1.00000e+00;40;9.99881e-01;1.00704e+00;4.25007e-15
nav-lives;me-hebbian-neuron;4;[8];173;17300;17300;2.40912e+02;20;1;1;1.00000e+00;1.00000e+00;1.00000e+00;40;9.99860e-01;1.00688e+00;9.89996e-04
nav-lives;me-hebbian-neuron;3;[8];173;17300;17300;2.41594e+02;21;1;1;1.00000e+00;1.00000e+00;1.00000e+00;40;9.99881e-01;1.00704e+00;4.25007e-15
nav-lives;me-hebbian-neuron;4;[8];174;17400;17400;2.42313e+02;20;1;1;1.00000e+00;1.00000e+00;1.00000e+00;40;9.99860e-01;1.00688e+00;9.89996e-04
nav-lives;me-hebbian-neuron;3;[8];174;17400;17400;2.42992e+02;21;1;1;1.00000e+00;1.00000e+00;1.00000e+00;40;9.99881e-01;1.00704e+00;4.25007e-15
nav-lives;me-hebbian-neuron;4;[8];175;17500;17500;2.43721e+02;20;1;1;1.00000e+00;1.00000e+00;1.00000e+00;40;9.99860e-01;1.00688e+00;9.89996e-04
nav-lives;me-hebbian-neuron;3;[8];175;17500;17500;2.44368e+02;21;1;1;1.00000e+00;1.00000e+00;1.00000e+00;40;9.99881e-01;1.00704e+00;4.25007e-15
nav-lives;me-hebbian-neuron;4;[8];176;17600;17600;2.45063e+02;20;1;1;1.00000e+00;1.00000e+00;1.00000e+00;40;9.99860e-01;1.00688e+00;9.89996e-04
nav-lives;me-hebbian-neuron;3;[8];176;17600;17600;2.45819e+02;21;1;1;1.00000e+00;1.00000e+00;1.00000e+00;40;9.99881e-01;1.00704e+00;4.25007e-15
nav-lives;me-hebbian-neuron;4;[8];177;17700;17700;2.46480e+02;20;1;1;1.00000e+00;1.00000e+00;1.00000e+00;40;9.99860e-01;1.00688e+00;9.89996e-04
nav-lives;me-hebbian-neuron;3;[8];177;17700;17700;2.47208e+02;21;1;1;1.00000e+00;1.00000e+00;1.00000e+00;40;9.99950e-01;1.00654e+00;7.04460e-13
nav-lives;me-hebbian-neuron;4;[8];178;17800;17800;2.47885e+02;20;1;1;1.00000e+00;1.00000e+00;1.00000e+00;40;9.99860e-01;1.00688e+00;9.89996e-04
nav-lives;me-hebbian-neuron;3;[8];178;17800;17800;2.48609e+02;21;1;1;1.00000e+00;1.00000e+00;1.00000e+00;40;9.99950e-01;1.00654e+00;7.04460e-13
nav-lives;me-hebbian-neuron;4;[8];179;17900;17900;2.49231e+02;20;1;1;1.00000e+00;1.00000e+00;1.00000e+00;40;9.99860e-01;1.00688e+00;9.89996e-04
nav-lives;me-hebbian-neuron;3;[8];179;17900;17900;2.49999e+02;21;1;1;1.00000e+00;1.00000e+00;1.00000e+00;40;9.99950e-01;1.00654e+00;7.04460e-13
nav-lives;me-hebbian-neuron;4;[8];180;18000;18000;2.50627e+02;20;1;1;1.00000e+00;1.00000e+00;1.00000e+00;40;9.99860e-01;1.00688e+00;9.89996e-04
nav-lives;me-hebbian-neuron;3;[8];180;18000;18000;2.51354e+02;21;1;1;1.00000e+00;1.00000e+00;1.00000e+00;40;9.99950e-01;1.00654e+00;7.04460e-13
nav-lives;me-hebbian-neuron;4;[8];181;18100;18100;2.52080e+02;20;1;1;1.00000e+00;1.00000e+00;1.00000e+00;40;9.99860e-01;1.00688e+00;9.89996e-04
nav-lives;me-hebbian-neuron;3;[8];181;18100;18100;2.52772e+02;21;1;1;1.00000e+00;1.00000e+00;1.00000e+00;40;9.99950e-01;1.00654e+00;7.04460e-13
nav-lives;me-hebbian-neuron;4;[8];182;18200;18200;2.53422e+02;20;1;1;1.00000e+00;1.00000e+00;1.00000e+00;40;9.99860e-01;1.00688e+00;9.89996e-04
nav-lives;me-hebbian-neuron;3;[8];182;18200;18200;2.54148e+02;21;1;1;1.00000e+00;1.00000e+00;1.00000e+00;40;9.99950e-01;1.00654e+00;7.04460e-13
nav-lives;me-hebbian-neuron;4;[8];183;18300;18300;2.54858e+02;20;1;1;1.00000e+00;1.00000e+00;1.00000e+00;40;9.99860e-01;1.00688e+00;9.89996e-04
nav-lives;me-hebbian-neuron;3;[8];183;18300;18300;2.55546e+02;21;1;1;1.00000e+00;1.00000e+00;1.00000e+00;40;9.99950e-01;1.00654e+00;7.04460e-13
nav-lives;me-hebbian-neuron;4;[8];184;18400;18400;2.56214e+02;21;1;1;1.00000e+00;1.00000e+00;1.00000e+00;40;9.99860e-01;1.00688e+00;9.89996e-04
nav-lives;me-hebbian-neuron;3;[8];184;18400;18400;2.56903e+02;21;1;1;1.00000e+00;1.00000e+00;1.00000e+00;40;9.99950e-01;1.00654e+00;7.04460e-13
nav-lives;me-hebbian-neuron;4;[8];185;18500;18500;2.57646e+02;21;1;1;1.00000e+00;1.00000e+00;1.00000e+00;40;9.99860e-01;1.00688e+00;9.89996e-04
nav-lives;me-hebbian-neuron;3;[8];185;18500;18500;2.58351e+02;21;1;1;1.00000e+00;1.00000e+00;1.00000e+00;40;9.99950e-01;1.00654e+00;7.04460e-13
nav-lives;me-hebbian-neuron;4;[8];186;18600;18600;2.59029e+02;21;1;1;1.00000e+00;1.00000e+00;1.00000e+00;40;9.99860e-01;1.00688e+00;9.89996e-04
nav-lives;me-hebbian-neuron;3;[8];186;18600;18600;2.59735e+02;21;1;1;1.00000e+00;1.00000e+00;1.00000e+00;40;9.99950e-01;1.00654e+00;7.04460e-13
nav-lives;me-hebbian-neuron;4;[8];187;18700;18700;2.60423e+02;21;1;1;1.00000e+00;1.00000e+00;1.00000e+00;40;9.99860e-01;1.00688e+00;9.89996e-04
nav-lives;me-hebbian-neuron;3;[8];187;18700;18700;2.61217e+02;21;1;1;1.00000e+00;1.00000e+00;1.00000e+00;40;9.99950e-01;1.00654e+00;7.04460e-13
nav-lives;me-hebbian-neuron;4;[8];188;18800;18800;2.61825e+02;21;1;1;1.00000e+00;1.00000e+00;1.00000e+00;40;9.99860e-01;1.00688e+00;9.89996e-04
nav-lives;me-hebbian-neuron;3;[8];188;18800;18800;2.62505e+02;21;1;1;1.00000e+00;1.00000e+00;1.00000e+00;40;9.99950e-01;1.00654e+00;7.04460e-13
nav-lives;me-hebbian-neuron;4;[8];189;18900;18900;2.63197e+02;21;1;1;1.00000e+00;1.00000e+00;1.00000e+00;40;9.99860e-01;1.00688e+00;9.89996e-04
nav-lives;me-hebbian-neuron;3;[8];189;18900;18900;2.63965e+02;21;1;1;1.00000e+00;1.00000e+00;1.00000e+00;40;9.99950e-01;1.00654e+00;7.04460e-13
nav-lives;me-hebbian-neuron;4;[8];190;19000;19000;2.64588e+02;21;1;1;1.00000e+00;1.00000e+00;1.00000e+00;40;9.99860e-01;1.00688e+00;9.89996e-04
nav-lives;me-hebbian-neuron;3;[8];190;19000;19000;2.65276e+02;21;1;1;1.00000e+00;1.00000e+00;1.00000e+00;40;9.99950e-01;1.00654e+00;7.04460e-13
nav-lives;me-hebbian-neuron;4;[8];191;19100;19100;2.65953e+02;21;1;1;1.00000e+00;1.00000e+00;1.00000e+00;40;9.99860e-01;1.00688e+00;9.89996e-04
nav-lives;me-hebbian-neuron;3;[8];191;19100;19100;2.66645e+02;21;1;1;1.00000e+00;1.00000e+00;1.00000e+00;40;9.99950e-01;1.00654e+00;7.04460e-13
nav-lives;me-hebbian-neuron;4;[8];192;19200;19200;2.67350e+02;21;1;1;1.00000e+00;1.00000e+00;1.00000e+00;40;9.99860e-01;1.00688e+00;9.89996e-04
nav-lives;me-hebbian-neuron;3;[8];192;19200;19200;2.68103e+02;21;1;1;1.00000e+00;1.00000e+00;1.00000e+00;40;9.99950e-01;1.00654e+00;7.04460e-13
nav-lives;me-hebbian-neuron;4;[8];193;19300;19300;2.68850e+02;21;1;1;1.00000e+00;1.00000e+00;1.00000e+00;40;9.99860e-01;1.00688e+00;9.89996e-04
nav-lives;me-hebbian-neuron;3;[8];193;19300;19300;2.69491e+02;21;1;1;1.00000e+00;1.00000e+00;1.00000e+00;40;9.99950e-01;1.00654e+00;7.04460e-13
nav-lives;me-hebbian-neuron;4;[8];194;19400;19400;2.70227e+02;21;1;1;1.00000e+00;1.00000e+00;1.00000e+00;40;9.99860e-01;1.00688e+00;9.89996e-04
nav-lives;me-hebbian-neuron;3;[8];194;19400;19400;2.70912e+02;21;1;1;1.00000e+00;1.00000e+00;1.00000e+00;40;9.99950e-01;1.00654e+00;7.04460e-13
nav-lives;me-hebbian-neuron;4;[8];195;19500;19500;2.71599e+02;22;1;1;1.00000e+00;1.00000e+00;1.00000e+00;40;9.99860e-01;1.00688e+00;9.89996e-04
nav-lives;me-hebbian-neuron;3;[8];195;19500;19500;2.72288e+02;21;1;1;1.00000e+00;1.00000e+00;1.00000e+00;40;9.99950e-01;1.00654e+00;7.04460e-13
nav-lives;me-hebbian-neuron;4;[8];196;19600;19600;2.72978e+02;22;1;1;1.00000e+00;1.00000e+00;1.00000e+00;40;9.99860e-01;1.00688e+00;9.89996e-04
nav-lives;me-hebbian-neuron;3;[8];196;19600;19600;2.73664e+02;21;1;1;1.00000e+00;1.00000e+00;1.00000e+00;40;9.99950e-01;1.00654e+00;7.04460e-13
nav-lives;me-hebbian-neuron;4;[8];197;19700;19700;2.74373e+02;22;1;1;1.00000e+00;1.00000e+00;1.00000e+00;40;9.99860e-01;1.00688e+00;9.89996e-04
nav-lives;me-hebbian-neuron;3;[8];197;19700;19700;2.75064e+02;21;1;1;1.00000e+00;1.00000e+00;1.00000e+00;40;9.99950e-01;1.00654e+00;7.04460e-13
nav-lives;me-hebbian-neuron;4;[8];198;19800;19800;2.75737e+02;22;1;1;1.00000e+00;1.00000e+00;1.00000e+00;40;9.99860e-01;1.00688e+00;9.89996e-04
nav-lives;me-hebbian-neuron;3;[8];198;19800;19800;2.76406e+02;21;1;1;1.00000e+00;1.00000e+00;1.00000e+00;40;9.99950e-01;1.00654e+00;7.04460e-13
nav-lives;me-hebbian-neuron;4;[8];199;19900;19900;2.77097e+02;22;1;1;1.00000e+00;1.00000e+00;1.00000e+00;40;9.99860e-01;1.00688e+00;9.89996e-04
nav-lives;me-hebbian-neuron;3;[8];199;19900;19900;2.77794e+02;21;1;1;1.00000e+00;1.00000e+00;1.00000e+00;40;9.99950e-01;1.00654e+00;7.04460e-13
nav-lives;me-hebbian-neuron;4;[8];200;20000;20000;2.78494e+02;22;1;1;1.00000e+00;1.00000e+00;1.00000e+00;40;9.99860e-01;1.00688e+00;9.89996e-04
nav-lives;me-hebbian-neuron;3;[8];200;20000;20000;2.79221e+02;21;1;1;1.00000e+00;1.00000e+00;1.00000e+00;40;9.99950e-01;1.00654e+00;7.04460e-13
nav-lives;me-hebbian-neuron;4;[8];201;20100;20100;2.79914e+02;22;1;1;1.00000e+00;1.00000e+00;1.00000e+00;40;9.99860e-01;1.00688e+00;9.89996e-04
nav-lives;me-hebbian-neuron;3;[8];201;20100;20100;2.80626e+02;21;1;1;1.00000e+00;1.00000e+00;1.00000e+00;40;9.99950e-01;1.00654e+00;7.04460e-13
nav-lives;me-hebbian-neuron;4;[8];202;20200;20200;2.81295e+02;22;1;1;1.00000e+00;1.00000e+00;1.00000e+00;40;9.99860e-01;1.00688e+00;9.89996e-04
nav-lives;me-hebbian-neuron;3;[8];202;20200;20200;2.81971e+02;21;1;1;1.00000e+00;1.00000e+00;1.00000e+00;40;9.99950e-01;1.00654e+00;7.04460e-13
nav-lives;me-hebbian-neuron;4;[8];203;20300;20300;2.82652e+02;22;1;1;1.00000e+00;1.00000e+00;1.00000e+00;40;9.99860e-01;1.00688e+00;9.89996e-04
nav-lives;me-hebbian-neuron;3;[8];203;20300;20300;2.83397e+02;21;1;1;1.00000e+00;1.00000e+00;1.00000e+00;40;9.99950e-01;1.00654e+00;7.04460e-13
nav-lives;me-hebbian-neuron;4;[8];204;20400;20400;2.84119e+02;22;1;1;1.00000e+00;1.00000e+00;1.00000e+00;40;9.99860e-01;1.00688e+00;9.89996e-04
nav-lives;me-hebbian-neuron;3;[8];204;20400;20400;2.84798e+02;21;1;1;1.00000e+00;1.00000e+00;1.00000e+00;40;9.99950e-01;1.00654e+00;7.04460e-13
nav-lives;me-hebbian-neuron;4;[8];205;20500;20500;2.85490e+02;22;1;1;1.00000e+00;1.00000e+00;1.00000e+00;40;9.99860e-01;1.00688e+00;9.89996e-04
nav-lives;me-hebbian-neuron;3;[8];205;20500;20500;2.86239e+02;21;1;1;1.00000e+00;1.00000e+00;1.00000e+00;40;9.99950e-01;1.00654e+00;7.04460e-13
nav-lives;me-hebbian-neuron;4;[8];206;20600;20600;2.86875e+02;22;1;1;1.00000e+00;1.00000e+00;1.00000e+00;40;9.99860e-01;1.00688e+00;9.89996e-04
nav-lives;me-hebbian-neuron;3;[8];206;20600;20600;2.87584e+02;21;1;1;1.00000e+00;1.00000e+00;1.00000e+00;40;9.99950e-01;1.00654e+00;7.04460e-13
nav-lives;me-hebbian-neuron;4;[8];207;20700;20700;2.88267e+02;22;1;1;1.00000e+00;1.00000e+00;1.00000e+00;40;9.99860e-01;1.00688e+00;9.89996e-04
nav-lives;me-hebbian-neuron;3;[8];207;20700;20700;2.88986e+02;21;1;1;1.00000e+00;1.00000e+00;1.00000e+00;40;9.99950e-01;1.00654e+00;7.04460e-13
nav-lives;me-hebbian-neuron;4;[8];208;20800;20800;2.89674e+02;22;1;1;1.00000e+00;1.00000e+00;1.00000e+00;40;9.99860e-01;1.00688e+00;9.89996e-04
nav-lives;me-hebbian-neuron;3;[8];208;20800;20800;2.90357e+02;21;1;1;1.00000e+00;1.00000e+00;1.00000e+00;40;9.99950e-01;1.00654e+00;7.04460e-13
nav-lives;me-hebbian-neuron;4;[8];209;20900;20900;2.91058e+02;22;1;1;1.00000e+00;1.00000e+00;1.00000e+00;40;9.99860e-01;1.00688e+00;9.89996e-04
nav-lives;me-hebbian-neuron;3;[8];209;20900;20900;2.91752e+02;21;1;1;1.00000e+00;1.00000e+00;1.00000e+00;40;9.99950e-01;1.00654e+00;7.04460e-13
nav-lives;me-hebbian-neuron;4;[8];210;21000;21000;2.92446e+02;22;1;1;1.00000e+00;1.00000e+00;1.00000e+00;40;9.99860e-01;1.00688e+00;9.89996e-04
nav-lives;me-hebbian-neuron;3;[8];210;21000;21000;2.93119e+02;21;1;1;1.00000e+00;1.00000e+00;1.00000e+00;40;9.99950e-01;1.00654e+00;7.04460e-13
nav-lives;me-hebbian-neuron;4;[8];211;21100;21100;2.93862e+02;22;1;1;1.00000e+00;1.00000e+00;1.00000e+00;40;9.99860e-01;1.00688e+00;9.89996e-04
nav-lives;me-hebbian-neuron;3;[8];211;21100;21100;2.94685e+02;21;1;1;1.00000e+00;1.00000e+00;1.00000e+00;40;9.99950e-01;1.00654e+00;7.04460e-13
nav-lives;me-hebbian-neuron;4;[8];212;21200;21200;2.95245e+02;22;1;1;1.00000e+00;1.00000e+00;1.00000e+00;40;9.99860e-01;1.00688e+00;9.89996e-04
nav-lives;me-hebbian-neuron;3;[8];212;21200;21200;2.96030e+02;21;1;1;1.00000e+00;1.00000e+00;1.00000e+00;40;9.99950e-01;1.00654e+00;7.04460e-13
nav-lives;me-hebbian-neuron;4;[8];213;21300;21300;2.96671e+02;22;1;1;1.00000e+00;1.00000e+00;1.00000e+00;40;9.99860e-01;1.00688e+00;9.89996e-04
nav-lives;me-hebbian-neuron;3;[8];213;21300;21300;2.97372e+02;21;1;1;1.00000e+00;1.00000e+00;1.00000e+00;40;9.99950e-01;1.00654e+00;7.04460e-13
nav-lives;me-hebbian-neuron;4;[8];214;21400;21400;2.98001e+02;22;1;1;1.00000e+00;1.00000e+00;1.00000e+00;40;9.99860e-01;1.00688e+00;9.89996e-04
nav-lives;me-hebbian-neuron;3;[8];214;21400;21400;2.98774e+02;21;1;1;1.00000e+00;1.00000e+00;1.00000e+00;40;9.99950e-01;1.00654e+00;7.04460e-13
nav-lives;me-hebbian-neuron;4;[8];215;21500;21500;2.99454e+02;22;1;1;1.00000e+00;1.00000e+00;1.00000e+00;40;9.99860e-01;1.00688e+00;9.89996e-04
nav-lives;me-hebbian-neuron;3;[8];215;21500;21500;3.00217e+02;21;1;1;1.00000e+00;1.00000e+00;1.00000e+00;40;9.99950e-01;1.00654e+00;7.04460e-13
nav-lives;me-hebbian-neuron;4;[8];216;21600;21600;3.00833e+02;22;1;1;1.00000e+00;1.00000e+00;1.00000e+00;40;9.99860e-01;1.00688e+00;9.89996e-04
nav-lives;me-hebbian-neuron;3;[8];216;21600;21600;3.01539e+02;21;1;1;1.00000e+00;1.00000e+00;1.00000e+00;40;9.99950e-01;1.00654e+00;7.04460e-13
nav-lives;me-hebbian-neuron;4;[8];217;21700;21700;3.02240e+02;22;1;1;1.00000e+00;1.00000e+00;1.00000e+00;40;9.99860e-01;1.00688e+00;9.89996e-04
nav-lives;me-hebbian-neuron;3;[8];217;21700;21700;3.02921e+02;21;1;1;1.00000e+00;1.00000e+00;1.00000e+00;40;9.99950e-01;1.00654e+00;7.04460e-13
nav-lives;me-hebbian-neuron;4;[8];218;21800;21800;3.03620e+02;22;1;1;1.00000e+00;1.00000e+00;1.00000e+00;40;9.99860e-01;1.00688e+00;9.89996e-04
nav-lives;me-hebbian-neuron;3;[8];218;21800;21800;3.04293e+02;21;1;1;1.00000e+00;1.00000e+00;1.00000e+00;40;9.99950e-01;1.00654e+00;7.04460e-13
nav-lives;me-hebbian-neuron;4;[8];219;21900;21900;3.05000e+02;22;1;1;1.00000e+00;1.00000e+00;1.00000e+00;40;9.99860e-01;1.00688e+00;9.89996e-04
nav-lives;me-hebbian-neuron;3;[8];219;21900;21900;3.05693e+02;21;1;1;1.00000e+00;1.00000e+00;1.00000e+00;40;9.99950e-01;1.00654e+00;7.04460e-13
nav-lives;me-hebbian-neuron;4;[8];220;22000;22000;3.06392e+02;22;1;1;1.00000e+00;1.00000e+00;1.00000e+00;40;9.99860e-01;1.00688e+00;9.89996e-04
nav-lives;me-hebbian-neuron;3;[8];220;22000;22000;3.07063e+02;21;1;1;1.00000e+00;1.00000e+00;1.00000e+00;40;9.99950e-01;1.00654e+00;7.04460e-13
nav-lives;me-hebbian-neuron;4;[8];221;22100;22100;3.07797e+02;22;1;1;1.00000e+00;1.00000e+00;1.00000e+00;40;9.99860e-01;1.00688e+00;9.89996e-04
nav-lives;me-hebbian-neuron;3;[8];221;22100;22100;3.08541e+02;21;1;1;1.00000e+00;1.00000e+00;1.00000e+00;40;9.99950e-01;1.00654e+00;7.04460e-13
nav-lives;me-hebbian-neuron;4;[8];222;22200;22200;3.09210e+02;22;1;1;1.00000e+00;1.00000e+00;1.00000e+00;40;9.99860e-01;1.00688e+00;9.89996e-04
nav-lives;me-hebbian-neuron;3;[8];222;22200;22200;3.09918e+02;21;1;1;1.00000e+00;1.00000e+00;1.00000e+00;40;9.99950e-01;1.00654e+00;7.04460e-13
nav-lives;me-hebbian-neuron;4;[8];223;22300;22300;3.10550e+02;22;1;1;1.00000e+00;1.00000e+00;1.00000e+00;40;9.99860e-01;1.00688e+00;9.89996e-04
nav-lives;me-hebbian-neuron;3;[8];223;22300;22300;3.11289e+02;21;1;1;1.00000e+00;1.00000e+00;1.00000e+00;40;9.99950e-01;1.00654e+00;7.04460e-13
nav-lives;me-hebbian-neuron;4;[8];224;22400;22400;3.11982e+02;22;1;1;1.00000e+00;1.00000e+00;1.00000e+00;40;9.99860e-01;1.00688e+00;9.89996e-04
nav-lives;me-hebbian-neuron;3;[8];224;22400;22400;3.12662e+02;21;1;1;1.00000e+00;1.00000e+00;1.00000e+00;40;9.99950e-01;1.00654e+00;7.04460e-13
nav-lives;me-hebbian-neuron;4;[8];225;22500;22500;3.13352e+02;22;1;1;1.00000e+00;1.00000e+00;1.00000e+00;40;9.99860e-01;1.00688e+00;9.89996e-04
nav-lives;me-hebbian-neuron;3;[8];225;22500;22500;3.14081e+02;21;1;1;1.00000e+00;1.00000e+00;1.00000e+00;40;9.99950e-01;1.00654e+00;7.04460e-13
nav-lives;me-hebbian-neuron;4;[8];226;22600;22600;3.14719e+02;22;1;1;1.00000e+00;1.00000e+00;1.00000e+00;40;9.99860e-01;1.00688e+00;9.89996e-04
nav-lives;me-hebbian-neuron;3;[8];226;22600;22600;3.15405e+02;21;1;1;1.00000e+00;1.00000e+00;1.00000e+00;40;9.99950e-01;1.00654e+00;7.04460e-13
nav-lives;me-hebbian-neuron;4;[8];227;22700;22700;3.16165e+02;22;1;1;1.00000e+00;1.00000e+00;1.00000e+00;40;9.99860e-01;1.00688e+00;9.89996e-04
nav-lives;me-hebbian-neuron;3;[8];227;22700;22700;3.16852e+02;21;1;1;1.00000e+00;1.00000e+00;1.00000e+00;40;9.99950e-01;1.00654e+00;7.04460e-13
nav-lives;me-hebbian-neuron;4;[8];228;22800;22800;3.17574e+02;22;1;1;1.00000e+00;1.00000e+00;1.00000e+00;40;9.99860e-01;1.00688e+00;9.89996e-04
nav-lives;me-hebbian-neuron;3;[8];228;22800;22800;3.18258e+02;21;1;1;1.00000e+00;1.00000e+00;1.00000e+00;40;9.99950e-01;1.00654e+00;7.04460e-13
nav-lives;me-hebbian-neuron;4;[8];229;22900;22900;3.18939e+02;22;1;1;1.00000e+00;1.00000e+00;1.00000e+00;40;9.99860e-01;1.00688e+00;9.89996e-04
nav-lives;me-hebbian-neuron;3;[8];229;22900;22900;3.19625e+02;21;1;1;1.00000e+00;1.00000e+00;1.00000e+00;40;9.99950e-01;1.00654e+00;7.04460e-13
nav-lives;me-hebbian-neuron;4;[8];230;23000;23000;3.20286e+02;22;1;1;1.00000e+00;1.00000e+00;1.00000e+00;40;9.99860e-01;1.00688e+00;9.89996e-04
nav-lives;me-hebbian-neuron;3;[8];230;23000;23000;3.21064e+02;21;1;1;1.00000e+00;1.00000e+00;1.00000e+00;40;9.99950e-01;1.00654e+00;7.04460e-13
nav-lives;me-hebbian-neuron;4;[8];231;23100;23100;3.21783e+02;22;1;1;1.00000e+00;1.00000e+00;1.00000e+00;40;9.99860e-01;1.00688e+00;9.89996e-04
nav-lives;me-hebbian-neuron;3;[8];231;23100;23100;3.22446e+02;21;1;1;1.00000e+00;1.00000e+00;1.00000e+00;40;9.99954e-01;1.00672e+00;1.40845e-04
nav-lives;me-hebbian-neuron;4;[8];232;23200;23200;3.23143e+02;22;1;1;1.00000e+00;1.00000e+00;1.00000e+00;40;9.99860e-01;1.00688e+00;9.89996e-04
nav-lives;me-hebbian-neuron;3;[8];232;23200;23200;3.23827e+02;21;1;1;1.00000e+00;1.00000e+00;1.00000e+00;40;9.99954e-01;1.00672e+00;1.40845e-04
nav-lives;me-hebbian-neuron;4;[8];233;23300;23300;3.24574e+02;22;1;1;1.00000e+00;1.00000e+00;1.00000e+00;40;9.99860e-01;1.00688e+00;9.89996e-04
nav-lives;me-hebbian-neuron;3;[8];233;23300;23300;3.25268e+02;21;1;1;1.00000e+00;1.00000e+00;1.00000e+00;40;9.99954e-01;1.00672e+00;1.40845e-04
nav-lives;me-hebbian-neuron;4;[8];234;23400;23400;3.25978e+02;22;1;1;1.00000e+00;1.00000e+00;1.00000e+00;40;9.99860e-01;1.00688e+00;9.89996e-04
nav-lives;me-hebbian-neuron;3;[8];234;23400;23400;3.26630e+02;21;1;1;1.00000e+00;1.00000e+00;1.00000e+00;40;9.99954e-01;1.00672e+00;1.40845e-04
nav-lives;me-hebbian-neuron;4;[8];235;23500;23500;3.27339e+02;22;1;1;1.00000e+00;1.00000e+00;1.00000e+00;40;9.99860e-01;1.00688e+00;9.89996e-04
nav-lives;me-hebbian-neuron;3;[8];235;23500;23500;3.28186e+02;21;1;1;1.00000e+00;1.00000e+00;1.00000e+00;40;9.99954e-01;1.00672e+00;1.40845e-04
nav-lives;me-hebbian-neuron;4;[8];236;23600;23600;3.28629e+02;22;1;1;1.00000e+00;1.00000e+00;1.00000e+00;40;9.99860e-01;1.00688e+00;9.89996e-04
nav-lives;me-hebbian-neuron;3;[8];236;23600;23600;3.29458e+02;21;1;1;1.00000e+00;1.00000e+00;1.00000e+00;40;9.99954e-01;1.00672e+00;1.40845e-04
nav-lives;me-hebbian-neuron;4;[8];237;23700;23700;3.30138e+02;22;1;1;1.00000e+00;1.00000e+00;1.00000e+00;40;9.99860e-01;1.00688e+00;9.89996e-04
nav-lives;me-hebbian-neuron;3;[8];237;23700;23700;3.30815e+02;21;1;1;1.00000e+00;1.00000e+00;1.00000e+00;40;9.99954e-01;1.00672e+00;1.40845e-04
nav-lives;me-hebbian-neuron;4;[8];238;23800;23800;3.31534e+02;22;1;1;1.00000e+00;1.00000e+00;1.00000e+00;40;9.99860e-01;1.00688e+00;9.89996e-04
nav-lives;me-hebbian-neuron;3;[8];238;23800;23800;3.32199e+02;21;1;1;1.00000e+00;1.00000e+00;1.00000e+00;40;9.99954e-01;1.00672e+00;1.40845e-04
nav-lives;me-hebbian-neuron;4;[8];239;23900;23900;3.32908e+02;22;1;1;1.00000e+00;1.00000e+00;1.00000e+00;40;9.99860e-01;1.00688e+00;9.89996e-04
nav-lives;me-hebbian-neuron;3;[8];239;23900;23900;3.33560e+02;21;1;1;1.00000e+00;1.00000e+00;1.00000e+00;40;9.99954e-01;1.00672e+00;1.40845e-04
nav-lives;me-hebbian-neuron;4;[8];240;24000;24000;3.34291e+02;22;1;1;1.00000e+00;1.00000e+00;1.00000e+00;40;9.99860e-01;1.00688e+00;9.89996e-04
nav-lives;me-hebbian-neuron;3;[8];240;24000;24000;3.35058e+02;21;1;1;1.00000e+00;1.00000e+00;1.00000e+00;40;9.99954e-01;1.00672e+00;1.40845e-04
nav-lives;me-hebbian-neuron;4;[8];241;24100;24100;3.35654e+02;22;1;1;1.00000e+00;1.00000e+00;1.00000e+00;40;9.99860e-01;1.00688e+00;9.89996e-04
nav-lives;me-hebbian-neuron;3;[8];241;24100;24100;3.36349e+02;21;1;1;1.00000e+00;1.00000e+00;1.00000e+00;40;9.99954e-01;1.00672e+00;1.40845e-04
nav-lives;me-hebbian-neuron;4;[8];242;24200;24200;3.37066e+02;22;1;1;1.00000e+00;1.00000e+00;1.00000e+00;40;9.99860e-01;1.00688e+00;9.89996e-04
nav-lives;me-hebbian-neuron;3;[8];242;24200;24200;3.37752e+02;21;1;1;1.00000e+00;1.00000e+00;1.00000e+00;40;9.99954e-01;1.00672e+00;1.40845e-04
nav-lives;me-hebbian-neuron;4;[8];243;24300;24300;3.38420e+02;22;1;1;1.00000e+00;1.00000e+00;1.00000e+00;40;9.99860e-01;1.00688e+00;9.89996e-04
nav-lives;me-hebbian-neuron;3;[8];243;24300;24300;3.39185e+02;21;1;1;1.00000e+00;1.00000e+00;1.00000e+00;40;9.99954e-01;1.00672e+00;1.40845e-04
nav-lives;me-hebbian-neuron;4;[8];244;24400;24400;3.39868e+02;22;1;1;1.00000e+00;1.00000e+00;1.00000e+00;40;9.99860e-01;1.00688e+00;9.89996e-04
nav-lives;me-hebbian-neuron;3;[8];244;24400;24400;3.40577e+02;21;1;1;1.00000e+00;1.00000e+00;1.00000e+00;40;9.99954e-01;1.00672e+00;1.40845e-04
nav-lives;me-hebbian-neuron;4;[8];245;24500;24500;3.41243e+02;22;1;1;1.00000e+00;1.00000e+00;1.00000e+00;40;9.99860e-01;1.00688e+00;9.89996e-04
nav-lives;me-hebbian-neuron;3;[8];245;24500;24500;3.41972e+02;21;1;1;1.00000e+00;1.00000e+00;1.00000e+00;40;9.99954e-01;1.00672e+00;1.40845e-04
nav-lives;me-hebbian-neuron;4;[8];246;24600;24600;3.42745e+02;22;1;1;1.00000e+00;1.00000e+00;1.00000e+00;40;9.99860e-01;1.00688e+00;9.89996e-04
nav-lives;me-hebbian-neuron;3;[8];246;24600;24600;3.43334e+02;22;1;1;1.00000e+00;1.00000e+00;1.00000e+00;40;9.99954e-01;1.00672e+00;1.40845e-04
nav-lives;me-hebbian-neuron;4;[8];247;24700;24700;3.44083e+02;22;1;1;1.00000e+00;1.00000e+00;1.00000e+00;40;9.99860e-01;1.00688e+00;9.89996e-04
nav-lives;me-hebbian-neuron;3;[8];247;24700;24700;3.44758e+02;22;1;1;1.00000e+00;1.00000e+00;1.00000e+00;40;9.99954e-01;1.00672e+00;1.40845e-04
nav-lives;me-hebbian-neuron;4;[8];248;24800;24800;3.45426e+02;22;1;1;1.00000e+00;1.00000e+00;1.00000e+00;40;9.99860e-01;1.00688e+00;9.89996e-04
nav-lives;me-hebbian-neuron;3;[8];248;24800;24800;3.46152e+02;22;1;1;1.00000e+00;1.00000e+00;1.00000e+00;40;9.99954e-01;1.00672e+00;1.40845e-04
nav-lives;me-hebbian-neuron;4;[8];249;24900;24900;3.46848e+02;22;1;1;1.00000e+00;1.00000e+00;1.00000e+00;40;9.99860e-01;1.00688e+00;9.89996e-04
nav-lives;me-hebbian-neuron;3;[8];249;24900;24900;3.47590e+02;22;1;1;1.00000e+00;1.00000e+00;1.00000e+00;40;9.99954e-01;1.00672e+00;1.40845e-04
nav-lives;me-hebbian-neuron;4;[8];250;25000;25000;3.48196e+02;22;1;1;1.00000e+00;1.00000e+00;1.00000e+00;40;9.99860e-01;1.00688e+00;9.89996e-04
nav-lives;me-hebbian-neuron;3;[8];250;25000;25000;3.48962e+02;22;1;1;1.00000e+00;1.00000e+00;1.00000e+00;40;9.99954e-01;1.00672e+00;1.40845e-04
nav-lives;me-hebbian-neuron;4;[8];251;25100;25100;3.49585e+02;22;1;1;1.00000e+00;1.00000e+00;1.00000e+00;40;9.99860e-01;1.00688e+00;9.89996e-04
nav-lives;me-hebbian-neuron;3;[8];251;25100;25100;3.50330e+02;22;1;1;1.00000e+00;1.00000e+00;1.00000e+00;40;9.99954e-01;1.00672e+00;1.40845e-04
nav-lives;me-hebbian-neuron;4;[8];252;25200;25200;3.50990e+02;22;1;1;1.00000e+00;1.00000e+00;1.00000e+00;40;9.99860e-01;1.00688e+00;9.89996e-04
nav-lives;me-hebbian-neuron;3;[8];252;25200;25200;3.51711e+02;22;1;1;1.00000e+00;1.00000e+00;1.00000e+00;40;9.99954e-01;1.00672e+00;1.40845e-04
nav-lives;me-hebbian-neuron;4;[8];253;25300;25300;3.52372e+02;22;1;1;1.00000e+00;1.00000e+00;1.00000e+00;40;9.99860e-01;1.00688e+00;9.89996e-04
nav-lives;me-hebbian-neuron;3;[8];253;25300;25300;3.53109e+02;22;1;1;1.00000e+00;1.00000e+00;1.00000e+00;40;9.99954e-01;1.00672e+00;1.40845e-04
nav-lives;me-hebbian-neuron;4;[8];254;25400;25400;3.53774e+02;22;1;1;1.00000e+00;1.00000e+00;1.00000e+00;40;9.99860e-01;1.00688e+00;9.89996e-04
nav-lives;me-hebbian-neuron;3;[8];254;25400;25400;3.54469e+02;22;1;1;1.00000e+00;1.00000e+00;1.00000e+00;40;9.99954e-01;1.00672e+00;1.40845e-04
nav-lives;me-hebbian-neuron;4;[8];255;25500;25500;3.55143e+02;22;1;1;1.00000e+00;1.00000e+00;1.00000e+00;40;9.99860e-01;1.00688e+00;9.89996e-04
nav-lives;me-hebbian-neuron;3;[8];255;25500;25500;3.55859e+02;22;1;1;1.00000e+00;1.00000e+00;1.00000e+00;40;9.99954e-01;1.00672e+00;1.40845e-04
nav-lives;me-hebbian-neuron;4;[8];256;25600;25600;3.56606e+02;22;1;1;1.00000e+00;1.00000e+00;1.00000e+00;40;9.99860e-01;1.00688e+00;9.89996e-04
nav-lives;me-hebbian-neuron;3;[8];256;25600;25600;3.57245e+02;22;1;1;1.00000e+00;1.00000e+00;1.00000e+00;40;9.99954e-01;1.00672e+00;1.40845e-04
nav-lives;me-hebbian-neuron;4;[8];257;25700;25700;3.57943e+02;22;1;1;1.00000e+00;1.00000e+00;1.00000e+00;40;9.99860e-01;1.00688e+00;9.89996e-04
nav-lives;me-hebbian-neuron;3;[8];257;25700;25700;3.58696e+02;22;1;1;1.00000e+00;1.00000e+00;1.00000e+00;40;9.99954e-01;1.00672e+00;1.40845e-04
nav-lives;me-hebbian-neuron;4;[8];258;25800;25800;3.59367e+02;22;1;1;1.00000e+00;1.00000e+00;1.00000e+00;40;9.99860e-01;1.00688e+00;9.89996e-04
nav-lives;me-hebbian-neuron;3;[8];258;25800;25800;3.60074e+02;22;1;1;1.00000e+00;1.00000e+00;1.00000e+00;40;9.99954e-01;1.00672e+00;1.40845e-04
nav-lives;me-hebbian-neuron;4;[8];259;25900;25900;3.60861e+02;22;1;1;1.00000e+00;1.00000e+00;1.00000e+00;40;9.99860e-01;1.00688e+00;9.89996e-04
nav-lives;me-hebbian-neuron;3;[8];259;25900;25900;3.61443e+02;22;1;1;1.00000e+00;1.00000e+00;1.00000e+00;40;9.99954e-01;1.00672e+00;1.40845e-04
nav-lives;me-hebbian-neuron;4;[8];260;26000;26000;3.62183e+02;22;1;1;1.00000e+00;1.00000e+00;1.00000e+00;40;9.99860e-01;1.00688e+00;9.89996e-04
nav-lives;me-hebbian-neuron;3;[8];260;26000;26000;3.62864e+02;22;1;1;1.00000e+00;1.00000e+00;1.00000e+00;40;9.99954e-01;1.00672e+00;1.40845e-04
nav-lives;me-hebbian-neuron;4;[8];261;26100;26100;3.63514e+02;22;1;1;1.00000e+00;1.00000e+00;1.00000e+00;40;9.99860e-01;1.00688e+00;9.89996e-04
nav-lives;me-hebbian-neuron;3;[8];261;26100;26100;3.64284e+02;22;1;1;1.00000e+00;1.00000e+00;1.00000e+00;40;9.99954e-01;1.00672e+00;1.40845e-04
nav-lives;me-hebbian-neuron;4;[8];262;26200;26200;3.64975e+02;22;1;1;1.00000e+00;1.00000e+00;1.00000e+00;40;9.99860e-01;1.00688e+00;9.89996e-04
nav-lives;me-hebbian-neuron;3;[8];262;26200;26200;3.65682e+02;22;1;1;1.00000e+00;1.00000e+00;1.00000e+00;40;9.99954e-01;1.00672e+00;1.40845e-04
nav-lives;me-hebbian-neuron;4;[8];263;26300;26300;3.66350e+02;22;1;1;1.00000e+00;1.00000e+00;1.00000e+00;40;9.99860e-01;1.00688e+00;9.89996e-04
nav-lives;me-hebbian-neuron;3;[8];263;26300;26300;3.67053e+02;22;1;1;1.00000e+00;1.00000e+00;1.00000e+00;40;9.99954e-01;1.00672e+00;1.40845e-04
nav-lives;me-hebbian-neuron;4;[8];264;26400;26400;3.67760e+02;22;1;1;1.00000e+00;1.00000e+00;1.00000e+00;40;9.99860e-01;1.00688e+00;9.89996e-04
nav-lives;me-hebbian-neuron;3;[8];264;26400;26400;3.68443e+02;22;1;1;1.00000e+00;1.00000e+00;1.00000e+00;40;9.99954e-01;1.00672e+00;1.40845e-04
nav-lives;me-hebbian-neuron;4;[8];265;26500;26500;3.69149e+02;22;1;1;1.00000e+00;1.00000e+00;1.00000e+00;40;9.99860e-01;1.00688e+00;9.89996e-04
nav-lives;me-hebbian-neuron;3;[8];265;26500;26500;3.69818e+02;22;1;1;1.00000e+00;1.00000e+00;1.00000e+00;40;9.99954e-01;1.00672e+00;1.40845e-04
nav-lives;me-hebbian-neuron;4;[8];266;26600;26600;3.70489e+02;22;1;1;1.00000e+00;1.00000e+00;1.00000e+00;40;9.99860e-01;1.00688e+00;9.89996e-04
nav-lives;me-hebbian-neuron;3;[8];266;26600;26600;3.71273e+02;22;1;1;1.00000e+00;1.00000e+00;1.00000e+00;40;9.99954e-01;1.00672e+00;1.40845e-04
nav-lives;me-hebbian-neuron;4;[8];267;26700;26700;3.71903e+02;22;1;1;1.00000e+00;1.00000e+00;1.00000e+00;40;9.99860e-01;1.00688e+00;9.89996e-04
nav-lives;me-hebbian-neuron;3;[8];267;26700;26700;3.72628e+02;22;1;1;1.00000e+00;1.00000e+00;1.00000e+00;40;9.99954e-01;1.00672e+00;1.40845e-04
nav-lives;me-hebbian-neuron;4;[8];268;26800;26800;3.73298e+02;22;1;1;1.00000e+00;1.00000e+00;1.00000e+00;40;9.99860e-01;1.00688e+00;9.89996e-04
nav-lives;me-hebbian-neuron;3;[8];268;26800;26800;3.73993e+02;22;1;1;1.00000e+00;1.00000e+00;1.00000e+00;40;9.99954e-01;1.00672e+00;1.40845e-04
nav-lives;me-hebbian-neuron;4;[8];269;26900;26900;3.74704e+02;22;1;1;1.00000e+00;1.00000e+00;1.00000e+00;40;9.99860e-01;1.00688e+00;9.89996e-04
nav-lives;me-hebbian-neuron;3;[8];269;26900;26900;3.75442e+02;22;1;1;1.00000e+00;1.00000e+00;1.00000e+00;40;9.99954e-01;1.00672e+00;1.40845e-04
nav-lives;me-hebbian-neuron;4;[8];270;27000;27000;3.76062e+02;22;1;1;1.00000e+00;1.00000e+00;1.00000e+00;40;9.99860e-01;1.00688e+00;9.89996e-04
nav-lives;me-hebbian-neuron;3;[8];270;27000;27000;3.76823e+02;22;1;1;1.00000e+00;1.00000e+00;1.00000e+00;40;9.99954e-01;1.00672e+00;1.40845e-04
nav-lives;me-hebbian-neuron;4;[8];271;27100;27100;3.77481e+02;22;1;1;1.00000e+00;1.00000e+00;1.00000e+00;40;9.99860e-01;1.00688e+00;9.89996e-04
nav-lives;me-hebbian-neuron;3;[8];271;27100;27100;3.78175e+02;22;1;1;1.00000e+00;1.00000e+00;1.00000e+00;40;9.99954e-01;1.00672e+00;1.40845e-04
nav-lives;me-hebbian-neuron;4;[8];272;27200;27200;3.78888e+02;22;1;1;1.00000e+00;1.00000e+00;1.00000e+00;40;9.99860e-01;1.00688e+00;9.89996e-04
nav-lives;me-hebbian-neuron;3;[8];272;27200;27200;3.79585e+02;22;1;1;1.00000e+00;1.00000e+00;1.00000e+00;40;9.99954e-01;1.00672e+00;1.40845e-04
nav-lives;me-hebbian-neuron;4;[8];273;27300;27300;3.80349e+02;22;1;1;1.00000e+00;1.00000e+00;1.00000e+00;40;9.99860e-01;1.00688e+00;9.89996e-04
nav-lives;me-hebbian-neuron;3;[8];273;27300;27300;3.80994e+02;22;1;1;1.00000e+00;1.00000e+00;1.00000e+00;40;9.99954e-01;1.00672e+00;1.40845e-04
nav-lives;me-hebbian-neuron;4;[8];274;27400;27400;3.81671e+02;22;1;1;1.00000e+00;1.00000e+00;1.00000e+00;40;9.99860e-01;1.00688e+00;9.89996e-04
nav-lives;me-hebbian-neuron;3;[8];274;27400;27400;3.82513e+02;22;1;1;1.00000e+00;1.00000e+00;1.00000e+00;40;9.99954e-01;1.00672e+00;1.40845e-04
nav-lives;me-hebbian-neuron;4;[8];275;27500;27500;3.83024e+02;22;1;1;1.00000e+00;1.00000e+00;1.00000e+00;40;9.99860e-01;1.00688e+00;9.89996e-04
nav-lives;me-hebbian-neuron;3;[8];275;27500;27500;3.83801e+02;22;1;1;1.00000e+00;1.00000e+00;1.00000e+00;40;9.99954e-01;1.00672e+00;1.40845e-04
nav-lives;me-hebbian-neuron;4;[8];276;27600;27600;3.84475e+02;22;1;1;1.00000e+00;1.00000e+00;1.00000e+00;40;9.99860e-01;1.00688e+00;9.89996e-04
nav-lives;me-hebbian-neuron;3;[8];276;27600;27600;3.85219e+02;22;1;1;1.00000e+00;1.00000e+00;1.00000e+00;40;9.99954e-01;1.00672e+00;1.40845e-04
nav-lives;me-hebbian-neuron;4;[8];277;27700;27700;3.85886e+02;22;1;1;1.00000e+00;1.00000e+00;1.00000e+00;40;9.99860e-01;1.00688e+00;9.89996e-04
nav-lives;me-hebbian-neuron;3;[8];277;27700;27700;3.86649e+02;23;1;1;1.00000e+00;1.00000e+00;1.00000e+00;40;9.99954e-01;1.00672e+00;1.40845e-04
nav-lives;me-hebbian-neuron;4;[8];278;27800;27800;3.87263e+02;22;1;1;1.00000e+00;1.00000e+00;1.00000e+00;40;9.99860e-01;1.00688e+00;9.89996e-04
nav-lives;me-hebbian-neuron;3;[8];278;27800;27800;3.87973e+02;23;1;1;1.00000e+00;1.00000e+00;1.00000e+00;40;9.99954e-01;1.00672e+00;1.40845e-04
nav-lives;me-hebbian-neuron;4;[8];279;27900;27900;3.88646e+02;22;1;1;1.00000e+00;1.00000e+00;1.00000e+00;40;9.99860e-01;1.00688e+00;9.89996e-04
nav-lives;me-hebbian-neuron;3;[8];279;27900;27900;3.89380e+02;23;1;1;1.00000e+00;1.00000e+00;1.00000e+00;40;9.99954e-01;1.00672e+00;1.40845e-04
nav-lives;me-hebbian-neuron;4;[8];280;28000;28000;3.90013e+02;22;1;1;1.00000e+00;1.00000e+00;1.00000e+00;40;9.99860e-01;1.00688e+00;9.89996e-04
nav-lives;me-hebbian-neuron;3;[8];280;28000;28000;3.90724e+02;23;1;1;1.00000e+00;1.00000e+00;1.00000e+00;40;9.99954e-01;1.00672e+00;1.40845e-04
nav-lives;me-hebbian-neuron;4;[8];281;28100;28100;3.91447e+02;22;1;1;1.00000e+00;1.00000e+00;1.00000e+00;40;9.99860e-01;1.00688e+00;9.89996e-04
nav-lives;me-hebbian-neuron;3;[8];281;28100;28100;3.92159e+02;23;1;1;1.00000e+00;1.00000e+00;1.00000e+00;40;9.99954e-01;1.00672e+00;1.40845e-04
nav-lives;me-hebbian-neuron;4;[8];282;28200;28200;3.92833e+02;22;1;1;1.00000e+00;1.00000e+00;1.00000e+00;40;9.99860e-01;1.00688e+00;9.89996e-04
nav-lives;me-hebbian-neuron;3;[8];282;28200;28200;3.93520e+02;23;1;1;1.00000e+00;1.00000e+00;1.00000e+00;40;9.99954e-01;1.00672e+00;1.40845e-04
nav-lives;me-hebbian-neuron;4;[8];283;28300;28300;3.94236e+02;22;1;1;1.00000e+00;1.00000e+00;1.00000e+00;40;9.99860e-01;1.00688e+00;9.89996e-04
nav-lives;me-hebbian-neuron;3;[8];283;28300;28300;3.94899e+02;23;1;1;1.00000e+00;1.00000e+00;1.00000e+00;40;9.99954e-01;1.00672e+00;1.40845e-04
nav-lives;me-hebbian-neuron;4;[8];284;28400;28400;3.95587e+02;22;1;1;1.00000e+00;1.00000e+00;1.00000e+00;40;9.99860e-01;1.00688e+00;9.89996e-04
nav-lives;me-hebbian-neuron;3;[8];284;28400;28400;3.96276e+02;23;1;1;1.00000e+00;1.00000e+00;1.00000e+00;40;9.99954e-01;1.00672e+00;1.40845e-04
nav-lives;me-hebbian-neuron;4;[8];285;28500;28500;3.96999e+02;22;1;1;1.00000e+00;1.00000e+00;1.00000e+00;40;9.99860e-01;1.00688e+00;9.89996e-04
nav-lives;me-hebbian-neuron;3;[8];285;28500;28500;3.97638e+02;23;1;1;1.00000e+00;1.00000e+00;1.00000e+00;40;9.99954e-01;1.00672e+00;1.40845e-04
nav-lives;me-hebbian-neuron;4;[8];286;28600;28600;3.98354e+02;22;1;1;1.00000e+00;1.00000e+00;1.00000e+00;40;9.99860e-01;1.00688e+00;9.89996e-04
nav-lives;me-hebbian-neuron;3;[8];286;28600;28600;3.99032e+02;23;1;1;1.00000e+00;1.00000e+00;1.00000e+00;40;9.99954e-01;1.00672e+00;1.40845e-04
nav-lives;me-hebbian-neuron;4;[8];287;28700;28700;3.99794e+02;22;1;1;1.00000e+00;1.00000e+00;1.00000e+00;40;9.99860e-01;1.00688e+00;9.89996e-04
nav-lives;me-hebbian-neuron;3;[8];287;28700;28700;4.00602e+02;23;1;1;1.00000e+00;1.00000e+00;1.00000e+00;40;9.99954e-01;1.00672e+00;1.40845e-04
nav-lives;me-hebbian-neuron;4;[8];288;28800;28800;4.01186e+02;22;1;1;1.00000e+00;1.00000e+00;1.00000e+00;40;9.99860e-01;1.00688e+00;9.89996e-04
nav-lives;me-hebbian-neuron;3;[8];288;28800;28800;4.01887e+02;23;1;1;1.00000e+00;1.00000e+00;1.00000e+00;40;9.99954e-01;1.00672e+00;1.40845e-04
nav-lives;me-hebbian-neuron;4;[8];289;28900;28900;4.02541e+02;22;1;1;1.00000e+00;1.00000e+00;1.00000e+00;40;9.99860e-01;1.00688e+00;9.89996e-04
nav-lives;me-hebbian-neuron;3;[8];289;28900;28900;4.03227e+02;23;1;1;1.00000e+00;1.00000e+00;1.00000e+00;40;9.99954e-01;1.00672e+00;1.40845e-04
nav-lives;me-hebbian-neuron;4;[8];290;29000;29000;4.03974e+02;22;1;1;1.00000e+00;1.00000e+00;1.00000e+00;40;9.99860e-01;1.00688e+00;9.89996e-04
nav-lives;me-hebbian-neuron;3;[8];290;29000;29000;4.04675e+02;23;1;1;1.00000e+00;1.00000e+00;1.00000e+00;40;9.99954e-01;1.00672e+00;1.40845e-04
nav-lives;me-hebbian-neuron;4;[8];291;29100;29100;4.05395e+02;22;1;1;1.00000e+00;1.00000e+00;1.00000e+00;40;9.99860e-01;1.00688e+00;9.89996e-04
nav-lives;me-hebbian-neuron;3;[8];291;29100;29100;4.06058e+02;23;1;1;1.00000e+00;1.00000e+00;1.00000e+00;40;9.99954e-01;1.00672e+00;1.40845e-04
nav-lives;me-hebbian-neuron;4;[8];292;29200;29200;4.06750e+02;22;1;1;1.00000e+00;1.00000e+00;1.00000e+00;40;9.99860e-01;1.00688e+00;9.89996e-04
nav-lives;me-hebbian-neuron;3;[8];292;29200;29200;4.07459e+02;23;1;1;1.00000e+00;1.00000e+00;1.00000e+00;40;9.99954e-01;1.00672e+00;1.40845e-04
nav-lives;me-hebbian-neuron;4;[8];293;29300;29300;4.08181e+02;22;1;1;1.00000e+00;1.00000e+00;1.00000e+00;40;9.99860e-01;1.00688e+00;9.89996e-04
nav-lives;me-hebbian-neuron;3;[8];293;29300;29300;4.08859e+02;23;1;1;1.00000e+00;1.00000e+00;1.00000e+00;40;9.99954e-01;1.00672e+00;1.40845e-04
nav-lives;me-hebbian-neuron;4;[8];294;29400;29400;4.09546e+02;22;1;1;1.00000e+00;1.00000e+00;1.00000e+00;40;9.99860e-01;1.00688e+00;9.89996e-04
nav-lives;me-hebbian-neuron;3;[8];294;29400;29400;4.10323e+02;23;1;1;1.00000e+00;1.00000e+00;1.00000e+00;40;9.99954e-01;1.00672e+00;1.40845e-04
nav-lives;me-hebbian-neuron;4;[8];295;29500;29500;4.10931e+02;22;1;1;1.00000e+00;1.00000e+00;1.00000e+00;40;9.99860e-01;1.00688e+00;9.89996e-04
nav-lives;me-hebbian-neuron;3;[8];295;29500;29500;4.11615e+02;23;1;1;1.00000e+00;1.00000e+00;1.00000e+00;40;9.99954e-01;1.00672e+00;1.40845e-04
nav-lives;me-hebbian-neuron;4;[8];296;29600;29600;4.12404e+02;22;1;1;1.00000e+00;1.00000e+00;1.00000e+00;40;9.99860e-01;1.00688e+00;9.89996e-04
nav-lives;me-hebbian-neuron;3;[8];296;29600;29600;4.13049e+02;23;1;1;1.00000e+00;1.00000e+00;1.00000e+00;40;9.99954e-01;1.00672e+00;1.40845e-04
nav-lives;me-hebbian-neuron;4;[8];297;29700;29700;4.13699e+02;22;1;1;1.00000e+00;1.00000e+00;1.00000e+00;40;9.99860e-01;1.00688e+00;9.89996e-04
nav-lives;me-hebbian-neuron;3;[8];297;29700;29700;4.14385e+02;23;1;1;1.00000e+00;1.00000e+00;1.00000e+00;40;9.99954e-01;1.00672e+00;1.40845e-04
nav-lives;me-hebbian-neuron;4;[8];298;29800;29800;4.15062e+02;22;1;1;1.00000e+00;1.00000e+00;1.00000e+00;40;9.99860e-01;1.00688e+00;9.89996e-04
nav-lives;me-hebbian-neuron;3;[8];298;29800;29800;4.15835e+02;23;1;1;1.00000e+00;1.00000e+00;1.00000e+00;40;9.99954e-01;1.00672e+00;1.40845e-04
nav-lives;me-hebbian-neuron;4;[8];299;29900;29900;4.16558e+02;22;1;1;1.00000e+00;1.00000e+00;1.00000e+00;40;9.99860e-01;1.00688e+00;9.89996e-04
nav-lives;me-hebbian-neuron;3;[8];299;29900;29900;4.17279e+02;23;1;1;1.00000e+00;1.00000e+00;1.00000e+00;40;9.99954e-01;1.00672e+00;1.40845e-04
nav-lives;me-hebbian-neuron;4;[8];300;30000;30000;4.17936e+02;22;1;1;1.00000e+00;1.00000e+00;1.00000e+00;40;9.99860e-01;1.00688e+00;9.89996e-04
nav-lives;me-hebbian-neuron;3;[8];300;30000;30000;4.18677e+02;23;1;1;1.00000e+00;1.00000e+00;1.00000e+00;40;9.99954e-01;1.00672e+00;1.40845e-04
nav-lives;me-hebbian-neuron;4;[8];301;30100;30100;4.19273e+02;22;1;1;1.00000e+00;1.00000e+00;1.00000e+00;40;9.99860e-01;1.00688e+00;9.89996e-04
nav-lives;me-hebbian-neuron;3;[8];301;30100;30100;4.20017e+02;23;1;1;1.00000e+00;1.00000e+00;1.00000e+00;40;9.99954e-01;1.00672e+00;1.40845e-04
nav-lives;me-hebbian-neuron;4;[8];302;30200;30200;4.20739e+02;22;1;1;1.00000e+00;1.00000e+00;1.00000e+00;40;9.99860e-01;1.00688e+00;9.89996e-04
nav-lives;me-hebbian-neuron;3;[8];302;30200;30200;4.21373e+02;23;1;1;1.00000e+00;1.00000e+00;1.00000e+00;40;9.99954e-01;1.00672e+00;1.40845e-04
nav-lives;me-hebbian-neuron;4;[8];303;30300;30300;4.22123e+02;22;1;1;1.00000e+00;1.00000e+00;1.00000e+00;40;9.99860e-01;1.00688e+00;9.89996e-04
nav-lives;me-hebbian-neuron;3;[8];303;30300;30300;4.22765e+02;23;1;1;1.00000e+00;1.00000e+00;1.00000e+00;40;9.99954e-01;1.00672e+00;1.40845e-04
nav-lives;me-hebbian-neuron;4;[8];304;30400;30400;4.23511e+02;22;1;1;1.00000e+00;1.00000e+00;1.00000e+00;40;9.99860e-01;1.00688e+00;9.89996e-04
nav-lives;me-hebbian-neuron;3;[8];304;30400;30400;4.24260e+02;23;1;1;1.00000e+00;1.00000e+00;1.00000e+00;40;9.99954e-01;1.00672e+00;1.40845e-04
nav-lives;me-hebbian-neuron;4;[8];305;30500;30500;4.24852e+02;22;1;1;1.00000e+00;1.00000e+00;1.00000e+00;40;9.99860e-01;1.00688e+00;9.89996e-04
nav-lives;me-hebbian-neuron;3;[8];305;30500;30500;4.25612e+02;23;1;1;1.00000e+00;1.00000e+00;1.00000e+00;40;9.99954e-01;1.00672e+00;1.40845e-04
nav-lives;me-hebbian-neuron;4;[8];306;30600;30600;4.26244e+02;22;1;1;1.00000e+00;1.00000e+00;1.00000e+00;40;9.99860e-01;1.00688e+00;9.89996e-04
nav-lives;me-hebbian-neuron;3;[8];306;30600;30600;4.26967e+02;23;1;1;1.00000e+00;1.00000e+00;1.00000e+00;40;9.99954e-01;1.00672e+00;1.40845e-04
nav-lives;me-hebbian-neuron;4;[8];307;30700;30700;4.27668e+02;22;1;1;1.00000e+00;1.00000e+00;1.00000e+00;40;9.99860e-01;1.00688e+00;9.89996e-04
nav-lives;me-hebbian-neuron;3;[8];307;30700;30700;4.28470e+02;23;1;1;1.00000e+00;1.00000e+00;1.00000e+00;40;9.99954e-01;1.00672e+00;1.40845e-04
nav-lives;me-hebbian-neuron;4;[8];308;30800;30800;4.29044e+02;22;1;1;1.00000e+00;1.00000e+00;1.00000e+00;40;9.99860e-01;1.00688e+00;9.89996e-04
nav-lives;me-hebbian-neuron;3;[8];308;30800;30800;4.29746e+02;23;1;1;1.00000e+00;1.00000e+00;1.00000e+00;40;9.99954e-01;1.00672e+00;1.40845e-04
nav-lives;me-hebbian-neuron;4;[8];309;30900;30900;4.30456e+02;22;1;1;1.00000e+00;1.00000e+00;1.00000e+00;40;9.99860e-01;1.00688e+00;9.89996e-04
nav-lives;me-hebbian-neuron;3;[8];309;30900;30900;4.31174e+02;23;1;1;1.00000e+00;1.00000e+00;1.00000e+00;40;9.99954e-01;1.00672e+00;1.40845e-04
nav-lives;me-hebbian-neuron;4;[8];310;31000;31000;4.31815e+02;22;1;1;1.00000e+00;1.00000e+00;1.00000e+00;40;9.99860e-01;1.00688e+00;9.89996e-04
nav-lives;me-hebbian-neuron;3;[8];310;31000;31000;4.32586e+02;23;1;1;1.00000e+00;1.00000e+00;1.00000e+00;40;9.99954e-01;1.00672e+00;1.40845e-04
nav-lives;me-hebbian-neuron;4;[8];311;31100;31100;4.33227e+02;22;1;1;1.00000e+00;1.00000e+00;1.00000e+00;40;9.99860e-01;1.00688e+00;9.89996e-04
nav-lives;me-hebbian-neuron;3;[8];311;31100;31100;4.33962e+02;23;1;1;1.00000e+00;1.00000e+00;1.00000e+00;40;9.99954e-01;1.00672e+00;1.40845e-04
nav-lives;me-hebbian-neuron;4;[8];312;31200;31200;4.34636e+02;22;1;1;1.00000e+00;1.00000e+00;1.00000e+00;40;9.99875e-01;1.00678e+00;5.63998e-04
nav-lives;me-hebbian-neuron;3;[8];312;31200;31200;4.35362e+02;23;1;1;1.00000e+00;1.00000e+00;1.00000e+00;40;9.99954e-01;1.00672e+00;1.40845e-04
nav-lives;me-hebbian-neuron;4;[8];313;31300;31300;4.36034e+02;22;1;1;1.00000e+00;1.00000e+00;1.00000e+00;40;9.99875e-01;1.00678e+00;5.63998e-04
nav-lives;me-hebbian-neuron;3;[8];313;31300;31300;4.36715e+02;23;1;1;1.00000e+00;1.00000e+00;1.00000e+00;40;9.99954e-01;1.00672e+00;1.40845e-04
nav-lives;me-hebbian-neuron;4;[8];314;31400;31400;4.37402e+02;22;1;1;1.00000e+00;1.00000e+00;1.00000e+00;40;9.99875e-01;1.00678e+00;5.63998e-04
nav-lives;me-hebbian-neuron;3;[8];314;31400;31400;4.38121e+02;23;1;1;1.00000e+00;1.00000e+00;1.00000e+00;40;9.99954e-01;1.00672e+00;1.40845e-04
nav-lives;me-hebbian-neuron;4;[8];315;31500;31500;4.38850e+02;22;1;1;1.00000e+00;1.00000e+00;1.00000e+00;40;9.99875e-01;1.00678e+00;5.63998e-04
nav-lives;me-hebbian-neuron;3;[8];315;31500;31500;4.39509e+02;23;1;1;1.00000e+00;1.00000e+00;1.00000e+00;40;9.99954e-01;1.00672e+00;1.40845e-04
nav-lives;me-hebbian-neuron;4;[8];316;31600;31600;4.40234e+02;22;1;1;1.00000e+00;1.00000e+00;1.00000e+00;40;9.99875e-01;1.00678e+00;5.63998e-04
nav-lives;me-hebbian-neuron;3;[8];316;31600;31600;4.40928e+02;23;1;1;1.00000e+00;1.00000e+00;1.00000e+00;40;9.99954e-01;1.00672e+00;1.40845e-04
nav-lives;me-hebbian-neuron;4;[8];317;31700;31700;4.41624e+02;22;1;1;1.00000e+00;1.00000e+00;1.00000e+00;40;9.99875e-01;1.00678e+00;5.63998e-04
nav-lives;me-hebbian-neuron;3;[8];317;31700;31700;4.42314e+02;23;1;1;1.00000e+00;1.00000e+00;1.00000e+00;40;9.99954e-01;1.00672e+00;1.40845e-04
nav-lives;me-hebbian-neuron;4;[8];318;31800;31800;4.43100e+02;22;1;1;1.00000e+00;1.00000e+00;1.00000e+00;40;9.99875e-01;1.00678e+00;5.63998e-04
nav-lives;me-hebbian-neuron;3;[8];318;31800;31800;4.43686e+02;23;1;1;1.00000e+00;1.00000e+00;1.00000e+00;40;9.99954e-01;1.00672e+00;1.40845e-04
nav-lives;me-hebbian-neuron;4;[8];319;31900;31900;4.44370e+02;22;1;1;1.00000e+00;1.00000e+00;1.00000e+00;40;9.99875e-01;1.00678e+00;5.63998e-04
nav-lives;me-hebbian-neuron;3;[8];319;31900;31900;4.45059e+02;23;1;1;1.00000e+00;1.00000e+00;1.00000e+00;40;9.99954e-01;1.00672e+00;1.40845e-04
nav-lives;me-hebbian-neuron;4;[8];320;32000;32000;4.45825e+02;22;1;1;1.00000e+00;1.00000e+00;1.00000e+00;40;9.99875e-01;1.00678e+00;5.63998e-04
nav-lives;me-hebbian-neuron;3;[8];320;32000;32000;4.46526e+02;23;1;1;1.00000e+00;1.00000e+00;1.00000e+00;40;9.99954e-01;1.00672e+00;1.40845e-04
nav-lives;me-hebbian-neuron;4;[8];321;32100;32100;4.47178e+02;22;1;1;1.00000e+00;1.00000e+00;1.00000e+00;40;9.99875e-01;1.00678e+00;5.63998e-04
nav-lives;me-hebbian-neuron;3;[8];321;32100;32100;4.47924e+02;23;1;1;1.00000e+00;1.00000e+00;1.00000e+00;40;9.99954e-01;1.00672e+00;1.40845e-04
nav-lives;me-hebbian-neuron;4;[8];322;32200;32200;4.48563e+02;22;1;1;1.00000e+00;1.00000e+00;1.00000e+00;40;9.99875e-01;1.00678e+00;5.63998e-04
nav-lives;me-hebbian-neuron;3;[8];322;32200;32200;4.49279e+02;23;1;1;1.00000e+00;1.00000e+00;1.00000e+00;40;9.99954e-01;1.00672e+00;1.40845e-04
nav-lives;me-hebbian-neuron;4;[8];323;32300;32300;4.49971e+02;22;1;1;1.00000e+00;1.00000e+00;1.00000e+00;40;9.99875e-01;1.00678e+00;5.63998e-04
nav-lives;me-hebbian-neuron;3;[8];323;32300;32300;4.50738e+02;23;1;1;1.00000e+00;1.00000e+00;1.00000e+00;40;9.99954e-01;1.00672e+00;1.40845e-04
nav-lives;me-hebbian-neuron;4;[8];324;32400;32400;4.51350e+02;22;1;1;1.00000e+00;1.00000e+00;1.00000e+00;40;9.99875e-01;1.00678e+00;5.63998e-04
nav-lives;me-hebbian-neuron;3;[8];324;32400;32400;4.52022e+02;23;1;1;1.00000e+00;1.00000e+00;1.00000e+00;40;9.99954e-01;1.00672e+00;1.40845e-04
nav-lives;me-hebbian-neuron;4;[8];325;32500;32500;4.52745e+02;22;1;1;1.00000e+00;1.00000e+00;1.00000e+00;40;9.99875e-01;1.00678e+00;5.63998e-04
nav-lives;me-hebbian-neuron;3;[8];325;32500;32500;4.53408e+02;23;1;1;1.00000e+00;1.00000e+00;1.00000e+00;40;9.99954e-01;1.00672e+00;1.40845e-04
nav-lives;me-hebbian-neuron;4;[8];326;32600;32600;4.54187e+02;22;1;1;1.00000e+00;1.00000e+00;1.00000e+00;40;9.99875e-01;1.00678e+00;5.63998e-04
nav-lives;me-hebbian-neuron;3;[8];326;32600;32600;4.54816e+02;23;1;1;1.00000e+00;1.00000e+00;1.00000e+00;40;9.99954e-01;1.00672e+00;1.40845e-04
nav-lives;me-hebbian-neuron;4;[8];327;32700;32700;4.55511e+02;22;1;1;1.00000e+00;1.00000e+00;1.00000e+00;40;9.99875e-01;1.00678e+00;5.63998e-04
nav-lives;me-hebbian-neuron;3;[8];327;32700;32700;4.56228e+02;23;1;1;1.00000e+00;1.00000e+00;1.00000e+00;40;9.99954e-01;1.00672e+00;1.40845e-04
nav-lives;me-hebbian-neuron;4;[8];328;32800;32800;4.56928e+02;22;1;1;1.00000e+00;1.00000e+00;1.00000e+00;40;9.99875e-01;1.00678e+00;5.63998e-04
nav-lives;me-hebbian-neuron;3;[8];328;32800;32800;4.57608e+02;23;1;1;1.00000e+00;1.00000e+00;1.00000e+00;40;9.99954e-01;1.00672e+00;1.40845e-04
nav-lives;me-hebbian-neuron;4;[8];329;32900;32900;4.58278e+02;22;1;1;1.00000e+00;1.00000e+00;1.00000e+00;40;9.99875e-01;1.00678e+00;5.63998e-04
nav-lives;me-hebbian-neuron;3;[8];329;32900;32900;4.59011e+02;23;1;1;1.00000e+00;1.00000e+00;1.00000e+00;40;9.99954e-01;1.00672e+00;1.40845e-04
nav-lives;me-hebbian-neuron;4;[8];330;33000;33000;4.59734e+02;22;1;1;1.00000e+00;1.00000e+00;1.00000e+00;40;9.99875e-01;1.00678e+00;5.63998e-04
nav-lives;me-hebbian-neuron;3;[8];330;33000;33000;4.60424e+02;23;1;1;1.00000e+00;1.00000e+00;1.00000e+00;40;9.99954e-01;1.00672e+00;1.40845e-04
nav-lives;me-hebbian-neuron;4;[8];331;33100;33100;4.61107e+02;22;1;1;1.00000e+00;1.00000e+00;1.00000e+00;40;9.99875e-01;1.00678e+00;5.63998e-04
nav-lives;me-hebbian-neuron;3;[8];331;33100;33100;4.61811e+02;23;1;1;1.00000e+00;1.00000e+00;1.00000e+00;40;9.99954e-01;1.00672e+00;1.40845e-04
nav-lives;me-hebbian-neuron;4;[8];332;33200;33200;4.62489e+02;22;1;1;1.00000e+00;1.00000e+00;1.00000e+00;40;9.99875e-01;1.00678e+00;5.63998e-04
nav-lives;me-hebbian-neuron;3;[8];332;33200;33200;4.63213e+02;23;1;1;1.00000e+00;1.00000e+00;1.00000e+00;40;9.99954e-01;1.00672e+00;1.40845e-04
nav-lives;me-hebbian-neuron;4;[8];333;33300;33300;4.63916e+02;22;1;1;1.00000e+00;1.00000e+00;1.00000e+00;40;9.99875e-01;1.00678e+00;5.63998e-04
nav-lives;me-hebbian-neuron;3;[8];333;33300;33300;4.64632e+02;23;1;1;1.00000e+00;1.00000e+00;1.00000e+00;40;9.99954e-01;1.00672e+00;1.40845e-04
nav-lives;me-hebbian-neuron;4;[8];334;33400;33400;4.65364e+02;22;1;1;1.00000e+00;1.00000e+00;1.00000e+00;40;9.99875e-01;1.00678e+00;5.63998e-04
nav-lives;me-hebbian-neuron;3;[8];334;33400;33400;4.65987e+02;23;1;1;1.00000e+00;1.00000e+00;1.00000e+00;40;9.99954e-01;1.00672e+00;1.40845e-04
nav-lives;me-hebbian-neuron;4;[8];335;33500;33500;4.66749e+02;22;1;1;1.00000e+00;1.00000e+00;1.00000e+00;40;9.99875e-01;1.00678e+00;5.63998e-04
nav-lives;me-hebbian-neuron;3;[8];335;33500;33500;4.67410e+02;23;1;1;1.00000e+00;1.00000e+00;1.00000e+00;40;9.99954e-01;1.00672e+00;1.40845e-04
nav-lives;me-hebbian-neuron;4;[8];336;33600;33600;4.68115e+02;22;1;1;1.00000e+00;1.00000e+00;1.00000e+00;40;9.99875e-01;1.00678e+00;5.63998e-04
nav-lives;me-hebbian-neuron;3;[8];336;33600;33600;4.68802e+02;23;1;1;1.00000e+00;1.00000e+00;1.00000e+00;40;9.99954e-01;1.00672e+00;1.40845e-04
nav-lives;me-hebbian-neuron;4;[8];337;33700;33700;4.69473e+02;22;1;1;1.00000e+00;1.00000e+00;1.00000e+00;40;9.99875e-01;1.00678e+00;5.63998e-04
nav-lives;me-hebbian-neuron;3;[8];337;33700;33700;4.70220e+02;23;1;1;1.00000e+00;1.00000e+00;1.00000e+00;40;9.99954e-01;1.00672e+00;1.40845e-04
nav-lives;me-hebbian-neuron;4;[8];338;33800;33800;4.70867e+02;22;1;1;1.00000e+00;1.00000e+00;1.00000e+00;40;9.99875e-01;1.00678e+00;5.63998e-04
nav-lives;me-hebbian-neuron;3;[8];338;33800;33800;4.71572e+02;23;1;1;1.00000e+00;1.00000e+00;1.00000e+00;40;9.99954e-01;1.00672e+00;1.40845e-04
nav-lives;me-hebbian-neuron;4;[8];339;33900;33900;4.72264e+02;22;1;1;1.00000e+00;1.00000e+00;1.00000e+00;40;9.99875e-01;1.00678e+00;5.63998e-04
nav-lives;me-hebbian-neuron;3;[8];339;33900;33900;4.72994e+02;23;1;1;1.00000e+00;1.00000e+00;1.00000e+00;40;9.99954e-01;1.00672e+00;1.40845e-04
nav-lives;me-hebbian-neuron;4;[8];340;34000;34000;4.73629e+02;22;1;1;1.00000e+00;1.00000e+00;1.00000e+00;40;9.99875e-01;1.00678e+00;5.63998e-04
nav-lives;me-hebbian-neuron;3;[8];340;34000;34000;4.74401e+02;23;1;1;1.00000e+00;1.00000e+00;1.00000e+00;40;9.99954e-01;1.00672e+00;1.40845e-04
nav-lives;me-hebbian-neuron;4;[8];341;34100;34100;4.75012e+02;22;1;1;1.00000e+00;1.00000e+00;1.00000e+00;40;9.99875e-01;1.00678e+00;5.63998e-04
nav-lives;me-hebbian-neuron;3;[8];341;34100;34100;4.75792e+02;23;1;1;1.00000e+00;1.00000e+00;1.00000e+00;40;9.99954e-01;1.00672e+00;1.40845e-04
nav-lives;me-hebbian-neuron;4;[8];342;34200;34200;4.76455e+02;22;1;1;1.00000e+00;1.00000e+00;1.00000e+00;40;9.99875e-01;1.00678e+00;5.63998e-04
nav-lives;me-hebbian-neuron;3;[8];342;34200;34200;4.77168e+02;23;1;1;1.00000e+00;1.00000e+00;1.00000e+00;40;9.99954e-01;1.00672e+00;1.40845e-04
nav-lives;me-hebbian-neuron;4;[8];343;34300;34300;4.77837e+02;22;1;1;1.00000e+00;1.00000e+00;1.00000e+00;40;9.99875e-01;1.00678e+00;5.63998e-04
nav-lives;me-hebbian-neuron;3;[8];343;34300;34300;4.78555e+02;23;1;1;1.00000e+00;1.00000e+00;1.00000e+00;40;9.99954e-01;1.00672e+00;1.40845e-04
nav-lives;me-hebbian-neuron;4;[8];344;34400;34400;4.79228e+02;22;1;1;1.00000e+00;1.00000e+00;1.00000e+00;40;9.99875e-01;1.00678e+00;5.63998e-04
nav-lives;me-hebbian-neuron;3;[8];344;34400;34400;4.79942e+02;23;1;1;1.00000e+00;1.00000e+00;1.00000e+00;40;9.99954e-01;1.00672e+00;1.40845e-04
nav-lives;me-hebbian-neuron;4;[8];345;34500;34500;4.80650e+02;22;1;1;1.00000e+00;1.00000e+00;1.00000e+00;40;9.99875e-01;1.00678e+00;5.63998e-04
nav-lives;me-hebbian-neuron;3;[8];345;34500;34500;4.81335e+02;23;1;1;1.00000e+00;1.00000e+00;1.00000e+00;40;9.99954e-01;1.00672e+00;1.40845e-04
nav-lives;me-hebbian-neuron;4;[8];346;34600;34600;4.82011e+02;22;1;1;1.00000e+00;1.00000e+00;1.00000e+00;40;9.99875e-01;1.00678e+00;5.63998e-04
nav-lives;me-hebbian-neuron;3;[8];346;34600;34600;4.82803e+02;23;1;1;1.00000e+00;1.00000e+00;1.00000e+00;40;9.99954e-01;1.00672e+00;1.40845e-04
nav-lives;me-hebbian-neuron;4;[8];347;34700;34700;4.83466e+02;22;1;1;1.00000e+00;1.00000e+00;1.00000e+00;40;9.99875e-01;1.00678e+00;5.63998e-04
nav-lives;me-hebbian-neuron;3;[8];347;34700;34700;4.84097e+02;23;1;1;1.00000e+00;1.00000e+00;1.00000e+00;40;9.99954e-01;1.00672e+00;1.40845e-04
nav-lives;me-hebbian-neuron;4;[8];348;34800;34800;4.84827e+02;22;1;1;1.00000e+00;1.00000e+00;1.00000e+00;40;9.99875e-01;1.00678e+00;5.63998e-04
nav-lives;me-hebbian-neuron;3;[8];348;34800;34800;4.85515e+02;23;1;1;1.00000e+00;1.00000e+00;1.00000e+00;40;9.99954e-01;1.00672e+00;1.40845e-04
nav-lives;me-hebbian-neuron;4;[8];349;34900;34900;4.86228e+02;22;1;1;1.00000e+00;1.00000e+00;1.00000e+00;40;9.99875e-01;1.00678e+00;5.63998e-04
nav-lives;me-hebbian-neuron;3;[8];349;34900;34900;4.86919e+02;23;1;1;1.00000e+00;1.00000e+00;1.00000e+00;40;9.99954e-01;1.00672e+00;1.40845e-04
nav-lives;me-hebbian-neuron;4;[8];350;35000;35000;4.87611e+02;22;1;1;1.00000e+00;1.00000e+00;1.00000e+00;40;9.99875e-01;1.00678e+00;5.63998e-04
nav-lives;me-hebbian-neuron;3;[8];350;35000;35000;4.88336e+02;23;1;1;1.00000e+00;1.00000e+00;1.00000e+00;40;9.99954e-01;1.00672e+00;1.40845e-04
nav-lives;me-hebbian-neuron;4;[8];351;35100;35100;4.89000e+02;22;1;1;1.00000e+00;1.00000e+00;1.00000e+00;40;9.99875e-01;1.00678e+00;5.63998e-04
nav-lives;me-hebbian-neuron;3;[8];351;35100;35100;4.89694e+02;23;1;1;1.00000e+00;1.00000e+00;1.00000e+00;40;9.99954e-01;1.00672e+00;1.40845e-04
nav-lives;me-hebbian-neuron;4;[8];352;35200;35200;4.90377e+02;22;1;1;1.00000e+00;1.00000e+00;1.00000e+00;40;9.99875e-01;1.00678e+00;5.63998e-04
nav-lives;me-hebbian-neuron;3;[8];352;35200;35200;4.91059e+02;23;1;1;1.00000e+00;1.00000e+00;1.00000e+00;40;9.99954e-01;1.00672e+00;1.40845e-04
nav-lives;me-hebbian-neuron;4;[8];353;35300;35300;4.91770e+02;22;1;1;1.00000e+00;1.00000e+00;1.00000e+00;40;9.99875e-01;1.00678e+00;5.63998e-04
nav-lives;me-hebbian-neuron;3;[8];353;35300;35300;4.92570e+02;23;1;1;1.00000e+00;1.00000e+00;1.00000e+00;40;9.99954e-01;1.00672e+00;1.40845e-04
nav-lives;me-hebbian-neuron;4;[8];354;35400;35400;4.93186e+02;22;1;1;1.00000e+00;1.00000e+00;1.00000e+00;40;9.99875e-01;1.00678e+00;5.63998e-04
nav-lives;me-hebbian-neuron;3;[8];354;35400;35400;4.93872e+02;23;1;1;1.00000e+00;1.00000e+00;1.00000e+00;40;9.99954e-01;1.00672e+00;1.40845e-04
nav-lives;me-hebbian-neuron;4;[8];355;35500;35500;4.94565e+02;22;1;1;1.00000e+00;1.00000e+00;1.00000e+00;40;9.99875e-01;1.00678e+00;5.63998e-04
nav-lives;me-hebbian-neuron;3;[8];355;35500;35500;4.95257e+02;23;1;1;1.00000e+00;1.00000e+00;1.00000e+00;40;9.99954e-01;1.00672e+00;1.40845e-04
nav-lives;me-hebbian-neuron;4;[8];356;35600;35600;4.95902e+02;22;1;1;1.00000e+00;1.00000e+00;1.00000e+00;40;9.99875e-01;1.00678e+00;5.63998e-04
nav-lives;me-hebbian-neuron;3;[8];356;35600;35600;4.96712e+02;23;1;1;1.00000e+00;1.00000e+00;1.00000e+00;40;9.99954e-01;1.00672e+00;1.40845e-04
nav-lives;me-hebbian-neuron;4;[8];357;35700;35700;4.97390e+02;22;1;1;1.00000e+00;1.00000e+00;1.00000e+00;40;9.99875e-01;1.00678e+00;5.63998e-04
nav-lives;me-hebbian-neuron;3;[8];357;35700;35700;4.98080e+02;23;1;1;1.00000e+00;1.00000e+00;1.00000e+00;40;9.99954e-01;1.00672e+00;1.40845e-04
nav-lives;me-hebbian-neuron;4;[8];358;35800;35800;4.98781e+02;22;1;1;1.00000e+00;1.00000e+00;1.00000e+00;40;9.99875e-01;1.00678e+00;5.63998e-04
nav-lives;me-hebbian-neuron;3;[8];358;35800;35800;4.99459e+02;23;1;1;1.00000e+00;1.00000e+00;1.00000e+00;40;9.99954e-01;1.00672e+00;1.40845e-04
nav-lives;me-hebbian-neuron;4;[8];359;35900;35900;5.00173e+02;22;1;1;1.00000e+00;1.00000e+00;1.00000e+00;40;9.99875e-01;1.00678e+00;5.63998e-04
nav-lives;me-hebbian-neuron;3;[8];359;35900;35900;5.00918e+02;23;1;1;1.00000e+00;1.00000e+00;1.00000e+00;40;9.99954e-01;1.00672e+00;1.40845e-04
nav-lives;me-hebbian-neuron;4;[8];360;36000;36000;5.01542e+02;22;1;1;1.00000e+00;1.00000e+00;1.00000e+00;40;9.99875e-01;1.00678e+00;5.63998e-04
nav-lives;me-hebbian-neuron;3;[8];360;36000;36000;5.02253e+02;23;1;1;1.00000e+00;1.00000e+00;1.00000e+00;40;9.99954e-01;1.00672e+00;1.40845e-04
nav-lives;me-hebbian-neuron;4;[8];361;36100;36100;5.02955e+02;22;1;1;1.00000e+00;1.00000e+00;1.00000e+00;40;9.99875e-01;1.00678e+00;5.63998e-04
nav-lives;me-hebbian-neuron;3;[8];361;36100;36100;5.03625e+02;23;1;1;1.00000e+00;1.00000e+00;1.00000e+00;40;9.99954e-01;1.00672e+00;1.40845e-04
nav-lives;me-hebbian-neuron;4;[8];362;36200;36200;5.04337e+02;22;1;1;1.00000e+00;1.00000e+00;1.00000e+00;40;9.99875e-01;1.00678e+00;5.63998e-04
nav-lives;me-hebbian-neuron;3;[8];362;36200;36200;5.05000e+02;23;1;1;1.00000e+00;1.00000e+00;1.00000e+00;40;9.99954e-01;1.00672e+00;1.40845e-04
nav-lives;me-hebbian-neuron;4;[8];363;36300;36300;5.05685e+02;22;1;1;1.00000e+00;1.00000e+00;1.00000e+00;40;9.99875e-01;1.00678e+00;5.63998e-04
nav-lives;me-hebbian-neuron;3;[8];363;36300;36300;5.06472e+02;23;1;1;1.00000e+00;1.00000e+00;1.00000e+00;40;9.99954e-01;1.00672e+00;1.40845e-04
nav-lives;me-hebbian-neuron;4;[8];364;36400;36400;5.07084e+02;22;1;1;1.00000e+00;1.00000e+00;1.00000e+00;40;9.99875e-01;1.00678e+00;5.63998e-04
nav-lives;me-hebbian-neuron;3;[8];364;36400;36400;5.07809e+02;23;1;1;1.00000e+00;1.00000e+00;1.00000e+00;40;9.99954e-01;1.00672e+00;1.40845e-04
nav-lives;me-hebbian-neuron;4;[8];365;36500;36500;5.08587e+02;22;1;1;1.00000e+00;1.00000e+00;1.00000e+00;40;9.99875e-01;1.00678e+00;5.63998e-04
nav-lives;me-hebbian-neuron;3;[8];365;36500;36500;5.09194e+02;23;1;1;1.00000e+00;1.00000e+00;1.00000e+00;40;9.99954e-01;1.00672e+00;1.40845e-04
nav-lives;me-hebbian-neuron;4;[8];366;36600;36600;5.09958e+02;22;1;1;1.00000e+00;1.00000e+00;1.00000e+00;40;9.99875e-01;1.00678e+00;5.63998e-04
nav-lives;me-hebbian-neuron;3;[8];366;36600;36600;5.10628e+02;23;1;1;1.00000e+00;1.00000e+00;1.00000e+00;40;9.99954e-01;1.00672e+00;1.40845e-04
nav-lives;me-hebbian-neuron;4;[8];367;36700;36700;5.11298e+02;22;1;1;1.00000e+00;1.00000e+00;1.00000e+00;40;9.99875e-01;1.00678e+00;5.63998e-04
nav-lives;me-hebbian-neuron;3;[8];367;36700;36700;5.12003e+02;23;1;1;1.00000e+00;1.00000e+00;1.00000e+00;40;9.99954e-01;1.00672e+00;1.40845e-04
nav-lives;me-hebbian-neuron;4;[8];368;36800;36800;5.12683e+02;22;1;1;1.00000e+00;1.00000e+00;1.00000e+00;40;9.99875e-01;1.00678e+00;5.63998e-04
nav-lives;me-hebbian-neuron;3;[8];368;36800;36800;5.13355e+02;23;1;1;1.00000e+00;1.00000e+00;1.00000e+00;40;9.99954e-01;1.00672e+00;1.40845e-04
nav-lives;me-hebbian-neuron;4;[8];369;36900;36900;5.14067e+02;22;1;1;1.00000e+00;1.00000e+00;1.00000e+00;40;9.99875e-01;1.00678e+00;5.63998e-04
nav-lives;me-hebbian-neuron;3;[8];369;36900;36900;5.14829e+02;23;1;1;1.00000e+00;1.00000e+00;1.00000e+00;40;9.99954e-01;1.00672e+00;1.40845e-04
nav-lives;me-hebbian-neuron;4;[8];370;37000;37000;5.15445e+02;22;1;1;1.00000e+00;1.00000e+00;1.00000e+00;40;9.99875e-01;1.00678e+00;5.63998e-04
nav-lives;me-hebbian-neuron;3;[8];370;37000;37000;5.16191e+02;23;1;1;1.00000e+00;1.00000e+00;1.00000e+00;40;9.99954e-01;1.00672e+00;1.40845e-04
nav-lives;me-hebbian-neuron;4;[8];371;37100;37100;5.16868e+02;22;1;1;1.00000e+00;1.00000e+00;1.00000e+00;40;9.99875e-01;1.00678e+00;5.63998e-04
nav-lives;me-hebbian-neuron;3;[8];371;37100;37100;5.17599e+02;23;1;1;1.00000e+00;1.00000e+00;1.00000e+00;40;9.99954e-01;1.00672e+00;1.40845e-04
nav-lives;me-hebbian-neuron;4;[8];372;37200;37200;5.18256e+02;22;1;1;1.00000e+00;1.00000e+00;1.00000e+00;40;9.99875e-01;1.00678e+00;5.63998e-04
nav-lives;me-hebbian-neuron;3;[8];372;37200;37200;5.18973e+02;23;1;1;1.00000e+00;1.00000e+00;1.00000e+00;40;9.99954e-01;1.00672e+00;1.40845e-04
nav-lives;me-hebbian-neuron;4;[8];373;37300;37300;5.19670e+02;22;1;1;1.00000e+00;1.00000e+00;1.00000e+00;40;9.99875e-01;1.00678e+00;5.63998e-04
nav-lives;me-hebbian-neuron;3;[8];373;37300;37300;5.20341e+02;23;1;1;1.00000e+00;1.00000e+00;1.00000e+00;40;9.99954e-01;1.00672e+00;1.40845e-04
nav-lives;me-hebbian-neuron;4;[8];374;37400;37400;5.21045e+02;22;1;1;1.00000e+00;1.00000e+00;1.00000e+00;40;9.99875e-01;1.00678e+00;5.63998e-04
nav-lives;me-hebbian-neuron;3;[8];374;37400;37400;5.21754e+02;23;1;1;1.00000e+00;1.00000e+00;1.00000e+00;40;9.99954e-01;1.00672e+00;1.40845e-04
nav-lives;me-hebbian-neuron;4;[8];375;37500;37500;5.22440e+02;22;1;1;1.00000e+00;1.00000e+00;1.00000e+00;40;9.99875e-01;1.00678e+00;5.63998e-04
nav-lives;me-hebbian-neuron;3;[8];375;37500;37500;5.23114e+02;23;1;1;1.00000e+00;1.00000e+00;1.00000e+00;40;9.99954e-01;1.00672e+00;1.40845e-04
nav-lives;me-hebbian-neuron;4;[8];376;37600;37600;5.23815e+02;22;1;1;1.00000e+00;1.00000e+00;1.00000e+00;40;9.99875e-01;1.00678e+00;5.63998e-04
nav-lives;me-hebbian-neuron;3;[8];376;37600;37600;5.24561e+02;23;1;1;1.00000e+00;1.00000e+00;1.00000e+00;40;9.99954e-01;1.00672e+00;1.40845e-04
nav-lives;me-hebbian-neuron;4;[8];377;37700;37700;5.25234e+02;22;1;1;1.00000e+00;1.00000e+00;1.00000e+00;40;9.99875e-01;1.00678e+00;5.63998e-04
nav-lives;me-hebbian-neuron;3;[8];377;37700;37700;5.25924e+02;23;1;1;1.00000e+00;1.00000e+00;1.00000e+00;40;9.99954e-01;1.00672e+00;1.40845e-04
nav-lives;me-hebbian-neuron;4;[8];378;37800;37800;5.26588e+02;22;1;1;1.00000e+00;1.00000e+00;1.00000e+00;40;9.99875e-01;1.00678e+00;5.63998e-04
nav-lives;me-hebbian-neuron;3;[8];378;37800;37800;5.27261e+02;23;1;1;1.00000e+00;1.00000e+00;1.00000e+00;40;9.99954e-01;1.00672e+00;1.40845e-04
nav-lives;me-hebbian-neuron;4;[8];379;37900;37900;5.27993e+02;22;1;1;1.00000e+00;1.00000e+00;1.00000e+00;40;9.99875e-01;1.00678e+00;5.63998e-04
nav-lives;me-hebbian-neuron;3;[8];379;37900;37900;5.28700e+02;23;1;1;1.00000e+00;1.00000e+00;1.00000e+00;40;9.99954e-01;1.00672e+00;1.40845e-04
nav-lives;me-hebbian-neuron;4;[8];380;38000;38000;5.29359e+02;22;1;1;1.00000e+00;1.00000e+00;1.00000e+00;40;9.99875e-01;1.00678e+00;5.63998e-04
nav-lives;me-hebbian-neuron;3;[8];380;38000;38000;5.30063e+02;23;1;1;1.00000e+00;1.00000e+00;1.00000e+00;40;9.99954e-01;1.00672e+00;1.40845e-04
nav-lives;me-hebbian-neuron;4;[8];381;38100;38100;5.30773e+02;22;1;1;1.00000e+00;1.00000e+00;1.00000e+00;40;9.99875e-01;1.00678e+00;5.63998e-04
nav-lives;me-hebbian-neuron;3;[8];381;38100;38100;5.31496e+02;23;1;1;1.00000e+00;1.00000e+00;1.00000e+00;40;9.99954e-01;1.00672e+00;1.40845e-04
nav-lives;me-hebbian-neuron;4;[8];382;38200;38200;5.32188e+02;22;1;1;1.00000e+00;1.00000e+00;1.00000e+00;40;9.99875e-01;1.00678e+00;5.63998e-04
nav-lives;me-hebbian-neuron;3;[8];382;38200;38200;5.32869e+02;23;1;1;1.00000e+00;1.00000e+00;1.00000e+00;40;9.99954e-01;1.00672e+00;1.40845e-04
nav-lives;me-hebbian-neuron;4;[8];383;38300;38300;5.33608e+02;22;1;1;1.00000e+00;1.00000e+00;1.00000e+00;40;9.99875e-01;1.00678e+00;5.63998e-04
nav-lives;me-hebbian-neuron;3;[8];383;38300;38300;5.34273e+02;23;1;1;1.00000e+00;1.00000e+00;1.00000e+00;40;9.99954e-01;1.00672e+00;1.40845e-04
nav-lives;me-hebbian-neuron;4;[8];384;38400;38400;5.34968e+02;22;1;1;1.00000e+00;1.00000e+00;1.00000e+00;40;9.99875e-01;1.00678e+00;5.63998e-04
nav-lives;me-hebbian-neuron;3;[8];384;38400;38400;5.35691e+02;23;1;1;1.00000e+00;1.00000e+00;1.00000e+00;40;9.99954e-01;1.00672e+00;1.40845e-04
nav-lives;me-hebbian-neuron;4;[8];385;38500;38500;5.36401e+02;22;1;1;1.00000e+00;1.00000e+00;1.00000e+00;40;9.99875e-01;1.00678e+00;5.63998e-04
nav-lives;me-hebbian-neuron;3;[8];385;38500;38500;5.37067e+02;23;1;1;1.00000e+00;1.00000e+00;1.00000e+00;40;9.99954e-01;1.00672e+00;1.40845e-04
nav-lives;me-hebbian-neuron;4;[8];386;38600;38600;5.37787e+02;22;1;1;1.00000e+00;1.00000e+00;1.00000e+00;40;9.99875e-01;1.00678e+00;5.63998e-04
nav-lives;me-hebbian-neuron;3;[8];386;38600;38600;5.38484e+02;23;1;1;1.00000e+00;1.00000e+00;1.00000e+00;40;9.99954e-01;1.00672e+00;1.40845e-04
nav-lives;me-hebbian-neuron;4;[8];387;38700;38700;5.39126e+02;22;1;1;1.00000e+00;1.00000e+00;1.00000e+00;40;9.99875e-01;1.00678e+00;5.63998e-04
nav-lives;me-hebbian-neuron;3;[8];387;38700;38700;5.39828e+02;23;1;1;1.00000e+00;1.00000e+00;1.00000e+00;40;9.99954e-01;1.00672e+00;1.40845e-04
nav-lives;me-hebbian-neuron;4;[8];388;38800;38800;5.40544e+02;22;1;1;1.00000e+00;1.00000e+00;1.00000e+00;40;9.99875e-01;1.00678e+00;5.63998e-04
nav-lives;me-hebbian-neuron;3;[8];388;38800;38800;5.41270e+02;23;1;1;1.00000e+00;1.00000e+00;1.00000e+00;40;9.99954e-01;1.00672e+00;1.40845e-04
nav-lives;me-hebbian-neuron;4;[8];389;38900;38900;5.41949e+02;22;1;1;1.00000e+00;1.00000e+00;1.00000e+00;40;9.99875e-01;1.00678e+00;5.63998e-04
nav-lives;me-hebbian-neuron;3;[8];389;38900;38900;5.42646e+02;23;1;1;1.00000e+00;1.00000e+00;1.00000e+00;40;9.99954e-01;1.00672e+00;1.40845e-04
nav-lives;me-hebbian-neuron;4;[8];390;39000;39000;5.43332e+02;22;1;1;1.00000e+00;1.00000e+00;1.00000e+00;40;9.99875e-01;1.00678e+00;5.63998e-04
nav-lives;me-hebbian-neuron;3;[8];390;39000;39000;5.44045e+02;23;1;1;1.00000e+00;1.00000e+00;1.00000e+00;40;9.99954e-01;1.00672e+00;1.40845e-04
nav-lives;me-hebbian-neuron;4;[8];391;39100;39100;5.44673e+02;22;1;1;1.00000e+00;1.00000e+00;1.00000e+00;40;9.99875e-01;1.00678e+00;5.63998e-04
nav-lives;me-hebbian-neuron;3;[8];391;39100;39100;5.45435e+02;23;1;1;1.00000e+00;1.00000e+00;1.00000e+00;40;9.99954e-01;1.00672e+00;1.40845e-04
nav-lives;me-hebbian-neuron;4;[8];392;39200;39200;5.46125e+02;22;1;1;1.00000e+00;1.00000e+00;1.00000e+00;40;9.99875e-01;1.00678e+00;5.63998e-04
nav-lives;me-hebbian-neuron;3;[8];392;39200;39200;5.46827e+02;23;1;1;1.00000e+00;1.00000e+00;1.00000e+00;40;9.99954e-01;1.00672e+00;1.40845e-04
nav-lives;me-hebbian-neuron;4;[8];393;39300;39300;5.47502e+02;22;1;1;1.00000e+00;1.00000e+00;1.00000e+00;40;9.99875e-01;1.00678e+00;5.63998e-04
nav-lives;me-hebbian-neuron;3;[8];393;39300;39300;5.48345e+02;23;1;1;1.00000e+00;1.00000e+00;1.00000e+00;40;9.99954e-01;1.00672e+00;1.40845e-04
nav-lives;me-hebbian-neuron;4;[8];394;39400;39400;5.48877e+02;22;1;1;1.00000e+00;1.00000e+00;1.00000e+00;40;9.99875e-01;1.00678e+00;5.63998e-04
nav-lives;me-hebbian-neuron;3;[8];394;39400;39400;5.49615e+02;23;1;1;1.00000e+00;1.00000e+00;1.00000e+00;40;9.99954e-01;1.00672e+00;1.40845e-04
nav-lives;me-hebbian-neuron;4;[8];395;39500;39500;5.50315e+02;22;1;1;1.00000e+00;1.00000e+00;1.00000e+00;40;9.99875e-01;1.00678e+00;5.63998e-04
nav-lives;me-hebbian-neuron;3;[8];395;39500;39500;5.50992e+02;23;1;1;1.00000e+00;1.00000e+00;1.00000e+00;40;9.99954e-01;1.00672e+00;1.40845e-04
nav-lives;me-hebbian-neuron;4;[8];396;39600;39600;5.51656e+02;22;1;1;1.00000e+00;1.00000e+00;1.00000e+00;40;9.99875e-01;1.00678e+00;5.63998e-04
nav-lives;me-hebbian-neuron;3;[8];396;39600;39600;5.52512e+02;23;1;1;1.00000e+00;1.00000e+00;1.00000e+00;40;9.99954e-01;1.00672e+00;1.40845e-04
nav-lives;me-hebbian-neuron;4;[8];397;39700;39700;5.53083e+02;22;1;1;1.00000e+00;1.00000e+00;1.00000e+00;40;9.99875e-01;1.00678e+00;5.63998e-04
nav-lives;me-hebbian-neuron;3;[8];397;39700;39700;5.53822e+02;23;1;1;1.00000e+00;1.00000e+00;1.00000e+00;40;9.99954e-01;1.00672e+00;1.40845e-04
nav-lives;me-hebbian-neuron;4;[8];398;39800;39800;5.54573e+02;22;1;1;1.00000e+00;1.00000e+00;1.00000e+00;40;9.99875e-01;1.00678e+00;5.63998e-04
nav-lives;me-hebbian-neuron;3;[8];398;39800;39800;5.55172e+02;23;1;1;1.00000e+00;1.00000e+00;1.00000e+00;40;9.99954e-01;1.00672e+00;1.40845e-04
nav-lives;me-hebbian-neuron;4;[8];399;39900;39900;5.55855e+02;22;1;1;1.00000e+00;1.00000e+00;1.00000e+00;40;9.99875e-01;1.00678e+00;5.63998e-04
nav-lives;me-hebbian-neuron;3;[8];399;39900;39900;5.56573e+02;23;1;1;1.00000e+00;1.00000e+00;1.00000e+00;40;9.99954e-01;1.00672e+00;1.40845e-04
nav-lives;me-hebbian-neuron;4;[8];400;40000;40000;5.57262e+02;22;1;1;1.00000e+00;1.00000e+00;1.00000e+00;40;9.99875e-01;1.00678e+00;5.63998e-04
nav-lives;me-hebbian-neuron;3;[8];400;40000;40000;5.57814e+02;23;1;1;1.00000e+00;1.00000e+00;1.00000e+00;40;9.99954e-01;1.00672e+00;1.40845e-04
nav-lives;me-hebbian-neuron;5;[8];1;100;100;1.03400e+00;6;1;1;1.00000e+00;1.00000e+00;1.00000e+00;40;2.15435e-02;2.83793e-02;1.25310e-01
nav-lives;me-hebbian-neuron;5;[8];2;200;200;3.31020e+01;9;1;1;1.00000e+00;1.00000e+00;1.00000e+00;40;3.32374e-01;3.39164e-01;4.71545e-01
nav-lives;me-hebbian-neuron;5;[8];3;300;300;3.44570e+01;12;1;1;1.00000e+00;1.00000e+00;1.00000e+00;40;4.99443e-01;5.05889e-01;2.89627e-07
nav-lives;me-hebbian-neuron;5;[8];4;400;400;3.57430e+01;15;1;1;1.00000e+00;1.00000e+00;1.00000e+00;40;4.99542e-01;5.06116e-01;8.72820e-08
nav-lives;me-hebbian-neuron;5;[8];5;500;500;3.70060e+01;15;1;1;1.00000e+00;1.00000e+00;1.00000e+00;40;4.99542e-01;5.06116e-01;8.72820e-08
nav-lives;me-hebbian-neuron;5;[8];6;600;600;3.82030e+01;16;1;1;1.00000e+00;1.00000e+00;1.00000e+00;40;7.49595e-01;7.54879e-01;4.11231e-01
nav-lives;me-hebbian-neuron;5;[8];7;700;700;3.93790e+01;16;1;1;1.00000e+00;1.00000e+00;1.00000e+00;40;7.49595e-01;7.54879e-01;4.11231e-01
nav-lives;me-hebbian-neuron;5;[8];8;800;800;4.05310e+01;16;1;1;1.00000e+00;1.00000e+00;1.00000e+00;40;7.49595e-01;7.54879e-01;4.11231e-01
nav-lives;me-hebbian-neuron;5;[8];9;900;900;4.16120e+01;17;1;1;1.00000e+00;1.00000e+00;1.00000e+00;40;7.49595e-01;7.54879e-01;4.11231e-01
nav-lives;me-hebbian-neuron;5;[8];10;1000;1000;4.26620e+01;17;1;1;1.00000e+00;1.00000e+00;1.00000e+00;40;7.49595e-01;7.54879e-01;4.11231e-01
nav-lives;me-hebbian-neuron;5;[8];11;1100;1100;4.37320e+01;17;1;1;1.00000e+00;1.00000e+00;1.00000e+00;40;7.49595e-01;7.54879e-01;4.11231e-01
nav-lives;me-hebbian-neuron;5;[8];12;1200;1200;4.47620e+01;17;1;1;1.00000e+00;1.00000e+00;1.00000e+00;40;7.49595e-01;7.54879e-01;4.11231e-01
nav-lives;me-hebbian-neuron;5;[8];13;1300;1300;4.57580e+01;17;1;1;1.00000e+00;1.00000e+00;1.00000e+00;40;7.49595e-01;7.54879e-01;4.11231e-01
nav-lives;me-hebbian-neuron;5;[8];14;1400;1400;4.67770e+01;17;1;1;1.00000e+00;1.00000e+00;1.00000e+00;40;7.49595e-01;7.54879e-01;4.11231e-01
nav-lives;me-hebbian-neuron;5;[8];15;1500;1500;4.77770e+01;17;1;1;1.00000e+00;1.00000e+00;1.00000e+00;40;7.49595e-01;7.54879e-01;4.11231e-01
nav-lives;me-hebbian-neuron;5;[8];16;1600;1600;4.87600e+01;17;1;1;1.00000e+00;1.00000e+00;1.00000e+00;40;7.49595e-01;7.54879e-01;4.11231e-01
nav-lives;me-hebbian-neuron;5;[8];17;1700;1700;4.97090e+01;17;1;1;1.00000e+00;1.00000e+00;1.00000e+00;40;7.49595e-01;7.54879e-01;4.11231e-01
nav-lives;me-hebbian-neuron;5;[8];18;1800;1800;5.06090e+01;17;1;1;1.00000e+00;1.00000e+00;1.00000e+00;40;7.49595e-01;7.54879e-01;4.11231e-01
nav-lives;me-hebbian-neuron;5;[8];19;1900;1900;5.14410e+01;17;1;1;1.00000e+00;1.00000e+00;1.00000e+00;40;7.49595e-01;7.54879e-01;4.11231e-01
nav-lives;me-hebbian-neuron;5;[8];20;2000;2000;5.22590e+01;17;1;1;1.00000e+00;1.00000e+00;1.00000e+00;40;7.49595e-01;7.54879e-01;4.11231e-01
nav-lives;me-hebbian-neuron;5;[8];21;2100;2100;5.30660e+01;17;1;1;1.00000e+00;1.00000e+00;1.00000e+00;40;7.49595e-01;7.54879e-01;4.11231e-01
nav-lives;me-hebbian-neuron;5;[8];22;2200;2200;5.38740e+01;17;1;1;1.00000e+00;1.00000e+00;1.00000e+00;40;7.49595e-01;7.54879e-01;4.11231e-01
nav-lives;me-hebbian-neuron;5;[8];23;2300;2300;5.46670e+01;17;1;1;1.00000e+00;1.00000e+00;1.00000e+00;40;7.49595e-01;7.54879e-01;4.11231e-01
nav-lives;me-hebbian-neuron;5;[8];24;2400;2400;5.54580e+01;17;1;1;1.00000e+00;1.00000e+00;1.00000e+00;40;7.49595e-01;7.54879e-01;4.11231e-01
nav-lives;me-hebbian-neuron;5;[8];25;2500;2500;5.62580e+01;17;1;1;1.00000e+00;1.00000e+00;1.00000e+00;40;7.49595e-01;7.54879e-01;4.11231e-01
nav-lives;me-hebbian-neuron;5;[8];26;2600;2600;5.70550e+01;17;1;1;1.00000e+00;1.00000e+00;1.00000e+00;40;7.49595e-01;7.54879e-01;4.11231e-01
nav-lives;me-hebbian-neuron;5;[8];27;2700;2700;5.78550e+01;17;1;1;1.00000e+00;1.00000e+00;1.00000e+00;40;7.49595e-01;7.54879e-01;4.11231e-01
nav-lives;me-hebbian-neuron;5;[8];28;2800;2800;5.86580e+01;17;1;1;1.00000e+00;1.00000e+00;1.00000e+00;40;7.49595e-01;7.54879e-01;4.11231e-01
nav-lives;me-hebbian-neuron;5;[8];29;2900;2900;5.94580e+01;17;1;1;1.00000e+00;1.00000e+00;1.00000e+00;40;7.49595e-01;7.54879e-01;4.11231e-01
nav-lives;me-hebbian-neuron;5;[8];30;3000;3000;6.02550e+01;17;1;1;1.00000e+00;1.00000e+00;1.00000e+00;40;7.49595e-01;7.54879e-01;4.11231e-01
nav-lives;me-hebbian-neuron;5;[8];31;3100;3100;6.10620e+01;17;1;1;1.00000e+00;1.00000e+00;1.00000e+00;40;7.49595e-01;7.54879e-01;4.11231e-01
nav-lives;me-hebbian-neuron;5;[8];32;3200;3200;6.18790e+01;17;1;1;1.00000e+00;1.00000e+00;1.00000e+00;40;7.49595e-01;7.54879e-01;4.11231e-01
nav-lives;me-hebbian-neuron;5;[8];33;3300;3300;6.26920e+01;17;1;1;1.00000e+00;1.00000e+00;1.00000e+00;40;7.49595e-01;7.54879e-01;4.11231e-01
nav-lives;me-hebbian-neuron;5;[8];34;3400;3400;6.34750e+01;17;1;1;1.00000e+00;1.00000e+00;1.00000e+00;40;9.99644e-01;1.00589e+00;3.01881e-08
nav-lives;me-hebbian-neuron;5;[8];35;3500;3500;6.42490e+01;17;1;1;1.00000e+00;1.00000e+00;1.00000e+00;40;9.99644e-01;1.00589e+00;3.01881e-08
nav-lives;me-hebbian-neuron;5;[8];36;3600;3600;6.49940e+01;17;1;1;1.00000e+00;1.00000e+00;1.00000e+00;40;9.99644e-01;1.00589e+00;3.01881e-08
nav-lives;me-hebbian-neuron;5;[8];37;3700;3700;6.57660e+01;17;1;1;1.00000e+00;1.00000e+00;1.00000e+00;40;9.99644e-01;1.00589e+00;3.01881e-08
nav-lives;me-hebbian-neuron;5;[8];38;3800;3800;6.65560e+01;19;1;1;1.00000e+00;1.00000e+00;1.00000e+00;40;9.99863e-01;1.00638e+00;4.28044e-04
nav-lives;me-hebbian-neuron;5;[8];39;3900;3900;6.73190e+01;19;1;1;1.00000e+00;1.00000e+00;1.00000e+00;40;9.99863e-01;1.00638e+00;4.28044e-04
nav-lives;me-hebbian-neuron;5;[8];40;4000;4000;6.81090e+01;19;1;1;1.00000e+00;1.00000e+00;1.00000e+00;40;9.99863e-01;1.00638e+00;4.28044e-04
nav-lives;me-hebbian-neuron;5;[8];41;4100;4100;6.89070e+01;19;1;1;1.00000e+00;1.00000e+00;1.00000e+00;40;9.99863e-01;1.00638e+00;4.28044e-04
nav-lives;me-hebbian-neuron;5;[8];42;4200;4200;6.96740e+01;19;1;1;1.00000e+00;1.00000e+00;1.00000e+00;40;9.99863e-01;1.00638e+00;4.28044e-04
nav-lives;me-hebbian-neuron;5;[8];43;4300;4300;7.04280e+01;19;1;1;1.00000e+00;1.00000e+00;1.00000e+00;40;9.99863e-01;1.00638e+00;4.28044e-04
nav-lives;me-hebbian-neuron;5;[8];44;4400;4400;7.12220e+01;19;1;1;1.00000e+00;1.00000e+00;1.00000e+00;40;9.99863e-01;1.00638e+00;4.28044e-04
nav-lives;me-hebbian-neuron;5;[8];45;4500;4500;7.20040e+01;19;1;1;1.00000e+00;1.00000e+00;1.00000e+00;40;9.99863e-01;1.00638e+00;4.28044e-04
nav-lives;me-hebbian-neuron;5;[8];46;4600;4600;7.27900e+01;19;1;1;1.00000e+00;1.00000e+00;1.00000e+00;40;9.99863e-01;1.00638e+00;4.28044e-04
nav-lives;me-hebbian-neuron;5;[8];47;4700;4700;7.35390e+01;19;1;1;1.00000e+00;1.00000e+00;1.00000e+00;40;9.99863e-01;1.00638e+00;4.28044e-04
nav-lives;me-hebbian-neuron;5;[8];48;4800;4800;7.43100e+01;19;1;1;1.00000e+00;1.00000e+00;1.00000e+00;40;9.99863e-01;1.00638e+00;4.28044e-04
nav-lives;me-hebbian-neuron;5;[8];49;4900;4900;7.50740e+01;19;1;1;1.00000e+00;1.00000e+00;1.00000e+00;40;9.99863e-01;1.00638e+00;4.28044e-04
nav-lives;me-hebbian-neuron;5;[8];50;5000;5000;7.58520e+01;19;1;1;1.00000e+00;1.00000e+00;1.00000e+00;40;9.99863e-01;1.00638e+00;4.28044e-04
nav-lives;me-hebbian-neuron;5;[8];51;5100;5100;7.66570e+01;19;1;1;1.00000e+00;1.00000e+00;1.00000e+00;40;9.99863e-01;1.00638e+00;4.28044e-04
nav-lives;me-hebbian-neuron;5;[8];52;5200;5200;7.74600e+01;19;1;1;1.00000e+00;1.00000e+00;1.00000e+00;40;9.99863e-01;1.00638e+00;4.28044e-04
nav-lives;me-hebbian-neuron;5;[8];53;5300;5300;7.82230e+01;19;1;1;1.00000e+00;1.00000e+00;1.00000e+00;40;9.99863e-01;1.00638e+00;4.28044e-04
nav-lives;me-hebbian-neuron;5;[8];54;5400;5400;7.89740e+01;19;1;1;1.00000e+00;1.00000e+00;1.00000e+00;40;9.99863e-01;1.00638e+00;4.28044e-04
nav-lives;me-hebbian-neuron;5;[8];55;5500;5500;7.97260e+01;19;1;1;1.00000e+00;1.00000e+00;1.00000e+00;40;9.99863e-01;1.00638e+00;4.28044e-04
nav-lives;me-hebbian-neuron;5;[8];56;5600;5600;8.04940e+01;19;1;1;1.00000e+00;1.00000e+00;1.00000e+00;40;9.99863e-01;1.00638e+00;4.28044e-04
nav-lives;me-hebbian-neuron;5;[8];57;5700;5700;8.12360e+01;19;1;1;1.00000e+00;1.00000e+00;1.00000e+00;40;9.99863e-01;1.00638e+00;4.28044e-04
nav-lives;me-hebbian-neuron;5;[8];58;5800;5800;8.20010e+01;19;1;1;1.00000e+00;1.00000e+00;1.00000e+00;40;9.99863e-01;1.00638e+00;4.28044e-04
nav-lives;me-hebbian-neuron;5;[8];59;5900;5900;8.27420e+01;19;1;1;1.00000e+00;1.00000e+00;1.00000e+00;40;9.99866e-01;1.00718e+00;3.71568e-04
nav-lives;me-hebbian-neuron;5;[8];60;6000;6000;8.34970e+01;19;1;1;1.00000e+00;1.00000e+00;1.00000e+00;40;9.99866e-01;1.00718e+00;3.71568e-04
nav-lives;me-hebbian-neuron;5;[8];61;6100;6100;8.42520e+01;19;1;1;1.00000e+00;1.00000e+00;1.00000e+00;40;9.99866e-01;1.00718e+00;3.71568e-04
nav-lives;me-hebbian-neuron;5;[8];62;6200;6200;8.50150e+01;19;1;1;1.00000e+00;1.00000e+00;1.00000e+00;40;9.99866e-01;1.00718e+00;3.71568e-04
nav-lives;me-hebbian-neuron;5;[8];63;6300;6300;8.57580e+01;19;1;1;1.00000e+00;1.00000e+00;1.00000e+00;40;9.99866e-01;1.00718e+00;3.71568e-04
nav-lives;me-hebbian-neuron;5;[8];64;6400;6400;8.65100e+01;19;1;1;1.00000e+00;1.00000e+00;1.00000e+00;40;9.99866e-01;1.00718e+00;3.71568e-04
nav-lives;me-freeForm;1;[8];1;100;100;8.63570e+01;4;1;1;1.00000e+00;1.00000e+00;1.00000e+00;56;-6.01278e-03;9.50383e-04;4.45440e-04
nav-lives;me-hebbian-neuron;5;[8];65;6500;6500;8.77560e+01;19;1;1;1.00000e+00;1.00000e+00;1.00000e+00;40;9.99866e-01;1.00718e+00;3.71568e-04
nav-lives;me-hebbian-neuron;5;[8];66;6600;6600;1.20755e+02;19;1;1;1.00000e+00;1.00000e+00;1.00000e+00;40;9.99866e-01;1.00718e+00;3.71568e-04
nav-lives;me-hebbian-neuron;5;[8];67;6700;6700;1.22025e+02;19;1;1;1.00000e+00;1.00000e+00;1.00000e+00;40;9.99872e-01;1.00858e+00;1.80921e-04
nav-lives;me-hebbian-neuron;5;[8];68;6800;6800;1.23260e+02;19;1;1;1.00000e+00;1.00000e+00;1.00000e+00;40;9.99872e-01;1.00858e+00;1.80921e-04
nav-lives;me-hebbian-neuron;5;[8];69;6900;6900;1.24520e+02;19;1;1;1.00000e+00;1.00000e+00;1.00000e+00;40;9.99872e-01;1.00858e+00;1.80921e-04
nav-lives;me-hebbian-neuron;5;[8];70;7000;7000;1.25752e+02;19;1;1;1.00000e+00;1.00000e+00;1.00000e+00;40;9.99872e-01;1.00858e+00;1.80921e-04
nav-lives;me-hebbian-neuron;5;[8];71;7100;7100;1.27018e+02;19;1;1;1.00000e+00;1.00000e+00;1.00000e+00;40;9.99872e-01;1.00858e+00;1.80921e-04
nav-lives;me-hebbian-neuron;5;[8];72;7200;7200;1.28259e+02;19;1;1;1.00000e+00;1.00000e+00;1.00000e+00;40;9.99872e-01;1.00858e+00;1.80921e-04
nav-lives;me-hebbian-neuron;5;[8];73;7300;7300;1.29480e+02;19;1;1;1.00000e+00;1.00000e+00;1.00000e+00;40;9.99872e-01;1.00858e+00;1.80921e-04
nav-lives;me-hebbian-neuron;5;[8];74;7400;7400;1.30691e+02;19;1;1;1.00000e+00;1.00000e+00;1.00000e+00;40;9.99872e-01;1.00858e+00;1.80921e-04
nav-lives;me-hebbian-neuron;5;[8];75;7500;7500;1.31701e+02;19;1;1;1.00000e+00;1.00000e+00;1.00000e+00;40;9.99872e-01;1.00858e+00;1.80921e-04
nav-lives;me-hebbian-neuron;5;[8];76;7600;7600;1.32579e+02;19;1;1;1.00000e+00;1.00000e+00;1.00000e+00;40;9.99872e-01;1.00858e+00;1.80921e-04
nav-lives;me-hebbian-neuron;5;[8];77;7700;7700;1.33407e+02;19;1;1;1.00000e+00;1.00000e+00;1.00000e+00;40;9.99872e-01;1.00858e+00;1.80921e-04
nav-lives;me-hebbian-neuron;5;[8];78;7800;7800;1.34239e+02;19;1;1;1.00000e+00;1.00000e+00;1.00000e+00;40;9.99872e-01;1.00858e+00;1.80921e-04
nav-lives;me-hebbian-neuron;5;[8];79;7900;7900;1.35085e+02;19;1;1;1.00000e+00;1.00000e+00;1.00000e+00;40;9.99872e-01;1.00858e+00;1.80921e-04
nav-lives;me-hebbian-neuron;5;[8];80;8000;8000;1.35939e+02;19;1;1;1.00000e+00;1.00000e+00;1.00000e+00;40;9.99872e-01;1.00858e+00;1.80921e-04
nav-lives;me-hebbian-neuron;5;[8];81;8100;8100;1.36773e+02;19;1;1;1.00000e+00;1.00000e+00;1.00000e+00;40;9.99872e-01;1.00858e+00;1.80921e-04
nav-lives;me-hebbian-neuron;5;[8];82;8200;8200;1.37609e+02;19;1;1;1.00000e+00;1.00000e+00;1.00000e+00;40;9.99872e-01;1.00858e+00;1.80921e-04
nav-lives;me-hebbian-neuron;5;[8];83;8300;8300;1.38424e+02;19;1;1;1.00000e+00;1.00000e+00;1.00000e+00;40;9.99872e-01;1.00858e+00;1.80921e-04
nav-lives;me-hebbian-neuron;5;[8];84;8400;8400;1.39215e+02;19;1;1;1.00000e+00;1.00000e+00;1.00000e+00;40;9.99872e-01;1.00858e+00;1.80921e-04
nav-lives;me-hebbian-neuron;5;[8];85;8500;8500;1.39999e+02;19;1;1;1.00000e+00;1.00000e+00;1.00000e+00;40;9.99872e-01;1.00858e+00;1.80921e-04
nav-lives;me-hebbian-neuron;5;[8];86;8600;8600;1.40802e+02;19;1;1;1.00000e+00;1.00000e+00;1.00000e+00;40;9.99872e-01;1.00858e+00;1.80921e-04
nav-lives;me-hebbian-neuron;5;[8];87;8700;8700;1.41587e+02;19;1;1;1.00000e+00;1.00000e+00;1.00000e+00;40;9.99872e-01;1.00858e+00;1.80921e-04
nav-lives;me-hebbian-neuron;5;[8];88;8800;8800;1.42365e+02;19;1;1;1.00000e+00;1.00000e+00;1.00000e+00;40;9.99872e-01;1.00858e+00;1.80921e-04
nav-lives;me-hebbian-neuron;5;[8];89;8900;8900;1.43138e+02;20;1;1;1.00000e+00;1.00000e+00;1.00000e+00;40;9.99872e-01;1.00858e+00;1.80921e-04
nav-lives;me-hebbian-neuron;5;[8];90;9000;9000;1.43921e+02;20;1;1;1.00000e+00;1.00000e+00;1.00000e+00;40;9.99872e-01;1.00858e+00;1.80921e-04
nav-lives;me-hebbian-neuron;5;[8];91;9100;9100;1.44701e+02;20;1;1;1.00000e+00;1.00000e+00;1.00000e+00;40;9.99872e-01;1.00858e+00;1.80921e-04
nav-lives;me-hebbian-neuron;5;[8];92;9200;9200;1.45488e+02;20;1;1;1.00000e+00;1.00000e+00;1.00000e+00;40;9.99872e-01;1.00858e+00;1.80921e-04
nav-lives;me-hebbian-neuron;5;[8];93;9300;9300;1.46270e+02;20;1;1;1.00000e+00;1.00000e+00;1.00000e+00;40;9.99872e-01;1.00858e+00;1.80921e-04
nav-lives;me-hebbian-neuron;5;[8];94;9400;9400;1.47054e+02;20;1;1;1.00000e+00;1.00000e+00;1.00000e+00;40;9.99872e-01;1.00858e+00;1.80921e-04
nav-lives;me-hebbian-neuron;5;[8];95;9500;9500;1.47831e+02;20;1;1;1.00000e+00;1.00000e+00;1.00000e+00;40;9.99872e-01;1.00858e+00;1.80921e-04
nav-lives;me-hebbian-neuron;5;[8];96;9600;9600;1.48584e+02;20;1;1;1.00000e+00;1.00000e+00;1.00000e+00;40;9.99872e-01;1.00858e+00;1.80921e-04
nav-lives;me-freeForm;1;[8];2;200;200;1.48586e+02;6;1;1;1.00000e+00;1.00000e+00;1.00000e+00;62;-5.27818e-03;1.81614e-03;4.44053e-03
nav-lives;me-hebbian-neuron;5;[8];97;9700;9700;1.49584e+02;20;1;1;1.00000e+00;1.00000e+00;1.00000e+00;40;9.99872e-01;1.00858e+00;1.80921e-04
nav-lives;me-hebbian-neuron;5;[8];98;9800;9800;1.81962e+02;20;1;1;1.00000e+00;1.00000e+00;1.00000e+00;40;9.99872e-01;1.00858e+00;1.80921e-04
nav-lives;me-hebbian-neuron;5;[8];99;9900;9900;1.83047e+02;20;1;1;1.00000e+00;1.00000e+00;1.00000e+00;40;9.99872e-01;1.00858e+00;1.80921e-04
nav-lives;me-hebbian-neuron;5;[8];100;10000;10000;1.83921e+02;20;1;1;1.00000e+00;1.00000e+00;1.00000e+00;40;9.99872e-01;1.00858e+00;1.80921e-04
nav-lives;me-hebbian-neuron;5;[8];101;10100;10100;1.84793e+02;20;1;1;1.00000e+00;1.00000e+00;1.00000e+00;40;9.99872e-01;1.00858e+00;1.80921e-04
nav-lives;me-hebbian-neuron;5;[8];102;10200;10200;1.85642e+02;20;1;1;1.00000e+00;1.00000e+00;1.00000e+00;40;9.99872e-01;1.00858e+00;1.80921e-04
nav-lives;me-hebbian-neuron;5;[8];103;10300;10300;1.86713e+02;20;1;1;1.00000e+00;1.00000e+00;1.00000e+00;40;9.99872e-01;1.00858e+00;1.80921e-04
nav-lives;me-hebbian-neuron;5;[8];104;10400;10400;1.87586e+02;20;1;1;1.00000e+00;1.00000e+00;1.00000e+00;40;9.99872e-01;1.00858e+00;1.80921e-04
nav-lives;me-hebbian-neuron;5;[8];105;10500;10500;1.88456e+02;20;1;1;1.00000e+00;1.00000e+00;1.00000e+00;40;9.99872e-01;1.00858e+00;1.80921e-04
nav-lives;me-hebbian-neuron;5;[8];106;10600;10600;1.89314e+02;20;1;1;1.00000e+00;1.00000e+00;1.00000e+00;40;9.99872e-01;1.00858e+00;1.80921e-04
nav-lives;me-hebbian-neuron;5;[8];107;10700;10700;1.90146e+02;20;1;1;1.00000e+00;1.00000e+00;1.00000e+00;40;9.99872e-01;1.00858e+00;1.80921e-04
nav-lives;me-hebbian-neuron;5;[8];108;10800;10800;1.90987e+02;20;1;1;1.00000e+00;1.00000e+00;1.00000e+00;40;9.99872e-01;1.00858e+00;1.80921e-04
nav-lives;me-hebbian-neuron;5;[8];109;10900;10900;1.91812e+02;20;1;1;1.00000e+00;1.00000e+00;1.00000e+00;40;9.99872e-01;1.00858e+00;1.80921e-04
nav-lives;me-hebbian-neuron;5;[8];110;11000;11000;1.92644e+02;20;1;1;1.00000e+00;1.00000e+00;1.00000e+00;40;9.99872e-01;1.00858e+00;1.80921e-04
nav-lives;me-hebbian-neuron;5;[8];111;11100;11100;1.93495e+02;20;1;1;1.00000e+00;1.00000e+00;1.00000e+00;40;9.99911e-01;1.00567e+00;2.24056e-04
nav-lives;me-hebbian-neuron;5;[8];112;11200;11200;1.94342e+02;20;1;1;1.00000e+00;1.00000e+00;1.00000e+00;40;9.99911e-01;1.00567e+00;2.24056e-04
nav-lives;me-hebbian-neuron;5;[8];113;11300;11300;1.95179e+02;20;1;1;1.00000e+00;1.00000e+00;1.00000e+00;40;9.99911e-01;1.00567e+00;2.24056e-04
nav-lives;me-hebbian-neuron;5;[8];114;11400;11400;1.96026e+02;20;1;1;1.00000e+00;1.00000e+00;1.00000e+00;40;9.99911e-01;1.00567e+00;2.24056e-04
nav-lives;me-hebbian-neuron;5;[8];115;11500;11500;1.96838e+02;20;1;1;1.00000e+00;1.00000e+00;1.00000e+00;40;9.99911e-01;1.00567e+00;2.24056e-04
nav-lives;me-hebbian-neuron;5;[8];116;11600;11600;1.97641e+02;20;1;1;1.00000e+00;1.00000e+00;1.00000e+00;40;9.99911e-01;1.00567e+00;2.24056e-04
nav-lives;me-hebbian-neuron;5;[8];117;11700;11700;1.98435e+02;20;1;1;1.00000e+00;1.00000e+00;1.00000e+00;40;9.99911e-01;1.00567e+00;2.24056e-04
nav-lives;me-hebbian-neuron;5;[8];118;11800;11800;1.99172e+02;20;1;1;1.00000e+00;1.00000e+00;1.00000e+00;40;9.99911e-01;1.00567e+00;2.24056e-04
nav-lives;me-freeForm;1;[8];3;300;300;1.98932e+02;6;1;1;1.00000e+00;1.00000e+00;1.00000e+00;62;-5.27818e-03;1.81614e-03;4.44053e-03
nav-lives;me-hebbian-neuron;5;[8];119;11900;11900;2.00393e+02;20;1;1;1.00000e+00;1.00000e+00;1.00000e+00;40;9.99911e-01;1.00567e+00;2.24056e-04
nav-lives;me-hebbian-neuron;5;[8];120;12000;12000;2.32750e+02;20;1;1;1.00000e+00;1.00000e+00;1.00000e+00;40;9.99911e-01;1.00567e+00;2.24056e-04
nav-lives;me-hebbian-neuron;5;[8];121;12100;12100;2.33799e+02;20;1;1;1.00000e+00;1.00000e+00;1.00000e+00;40;9.99911e-01;1.00567e+00;2.24056e-04
nav-lives;me-hebbian-neuron;5;[8];122;12200;12200;2.34646e+02;20;1;1;1.00000e+00;1.00000e+00;1.00000e+00;40;9.99911e-01;1.00567e+00;2.24056e-04
nav-lives;me-hebbian-neuron;5;[8];123;12300;12300;2.35479e+02;20;1;1;1.00000e+00;1.00000e+00;1.00000e+00;40;9.99911e-01;1.00567e+00;2.24056e-04
nav-lives;me-hebbian-neuron;5;[8];124;12400;12400;2.36326e+02;20;1;1;1.00000e+00;1.00000e+00;1.00000e+00;40;9.99911e-01;1.00567e+00;2.24056e-04
nav-lives;me-hebbian-neuron;5;[8];125;12500;12500;2.37172e+02;20;1;1;1.00000e+00;1.00000e+00;1.00000e+00;40;9.99911e-01;1.00567e+00;2.24056e-04
nav-lives;me-hebbian-neuron;5;[8];126;12600;12600;2.38025e+02;20;1;1;1.00000e+00;1.00000e+00;1.00000e+00;40;9.99911e-01;1.00567e+00;2.24056e-04
nav-lives;me-hebbian-neuron;5;[8];127;12700;12700;2.38884e+02;20;1;1;1.00000e+00;1.00000e+00;1.00000e+00;40;9.99911e-01;1.00567e+00;2.24056e-04
nav-lives;me-hebbian-neuron;5;[8];128;12800;12800;2.39738e+02;20;1;1;1.00000e+00;1.00000e+00;1.00000e+00;40;9.99911e-01;1.00567e+00;2.24056e-04
nav-lives;me-hebbian-neuron;5;[8];129;12900;12900;2.40577e+02;20;1;1;1.00000e+00;1.00000e+00;1.00000e+00;40;9.99911e-01;1.00567e+00;2.24056e-04
nav-lives;me-hebbian-neuron;5;[8];130;13000;13000;2.41423e+02;20;1;1;1.00000e+00;1.00000e+00;1.00000e+00;40;9.99911e-01;1.00567e+00;2.24056e-04
nav-lives;me-hebbian-neuron;5;[8];131;13100;13100;2.42272e+02;20;1;1;1.00000e+00;1.00000e+00;1.00000e+00;40;9.99911e-01;1.00567e+00;2.24056e-04
nav-lives;me-hebbian-neuron;5;[8];132;13200;13200;2.43126e+02;20;1;1;1.00000e+00;1.00000e+00;1.00000e+00;40;9.99911e-01;1.00567e+00;2.24056e-04
nav-lives;me-hebbian-neuron;5;[8];133;13300;13300;2.43964e+02;20;1;1;1.00000e+00;1.00000e+00;1.00000e+00;40;9.99911e-01;1.00567e+00;2.24056e-04
nav-lives;me-hebbian-neuron;5;[8];134;13400;13400;2.44792e+02;20;1;1;1.00000e+00;1.00000e+00;1.00000e+00;40;9.99911e-01;1.00567e+00;2.24056e-04
nav-lives;me-hebbian-neuron;5;[8];135;13500;13500;2.45625e+02;20;1;1;1.00000e+00;1.00000e+00;1.00000e+00;40;9.99911e-01;1.00567e+00;2.24056e-04
nav-lives;me-hebbian-neuron;5;[8];136;13600;13600;2.46446e+02;20;1;1;1.00000e+00;1.00000e+00;1.00000e+00;40;9.99911e-01;1.00567e+00;2.24056e-04
nav-lives;me-hebbian-neuron;5;[8];137;13700;13700;2.47269e+02;20;1;1;1.00000e+00;1.00000e+00;1.00000e+00;40;9.99911e-01;1.00567e+00;2.24056e-04
nav-lives;me-hebbian-neuron;5;[8];138;13800;13800;2.48086e+02;20;1;1;1.00000e+00;1.00000e+00;1.00000e+00;40;9.99911e-01;1.00567e+00;2.24056e-04
nav-lives;me-hebbian-neuron;5;[8];139;13900;13900;2.48900e+02;20;1;1;1.00000e+00;1.00000e+00;1.00000e+00;40;9.99911e-01;1.00567e+00;2.24056e-04
nav-lives;me-hebbian-neuron;5;[8];140;14000;14000;2.49701e+02;20;1;1;1.00000e+00;1.00000e+00;1.00000e+00;40;9.99911e-01;1.00567e+00;2.24056e-04
nav-lives;me-freeForm;1;[8];4;400;400;2.49125e+02;7;1;1;1.00000e+00;1.00000e+00;1.00000e+00;60;8.80862e-02;9.53147e-02;1.94572e-01
nav-lives;me-hebbian-neuron;5;[8];141;14100;14100;2.50952e+02;20;1;1;1.00000e+00;1.00000e+00;1.00000e+00;40;9.99911e-01;1.00567e+00;2.24056e-04
nav-lives;me-hebbian-neuron;5;[8];142;14200;14200;2.83250e+02;20;1;1;1.00000e+00;1.00000e+00;1.00000e+00;40;9.99911e-01;1.00567e+00;2.24056e-04
nav-lives;me-hebbian-neuron;5;[8];143;14300;14300;2.84261e+02;20;1;1;1.00000e+00;1.00000e+00;1.00000e+00;40;9.99911e-01;1.00567e+00;2.24056e-04
nav-lives;me-hebbian-neuron;5;[8];144;14400;14400;2.85124e+02;20;1;1;1.00000e+00;1.00000e+00;1.00000e+00;40;9.99911e-01;1.00567e+00;2.24056e-04
nav-lives;me-hebbian-neuron;5;[8];145;14500;14500;2.85990e+02;20;1;1;1.00000e+00;1.00000e+00;1.00000e+00;40;9.99911e-01;1.00567e+00;2.24056e-04
nav-lives;me-hebbian-neuron;5;[8];146;14600;14600;2.86858e+02;20;1;1;1.00000e+00;1.00000e+00;1.00000e+00;40;9.99911e-01;1.00567e+00;2.24056e-04
nav-lives;me-hebbian-neuron;5;[8];147;14700;14700;2.87709e+02;20;1;1;1.00000e+00;1.00000e+00;1.00000e+00;40;9.99911e-01;1.00567e+00;2.24056e-04
nav-lives;me-hebbian-neuron;5;[8];148;14800;14800;2.88556e+02;20;1;1;1.00000e+00;1.00000e+00;1.00000e+00;40;9.99911e-01;1.00567e+00;2.24056e-04
nav-lives;me-hebbian-neuron;5;[8];149;14900;14900;2.89401e+02;20;1;1;1.00000e+00;1.00000e+00;1.00000e+00;40;9.99911e-01;1.00567e+00;2.24056e-04
nav-lives;me-hebbian-neuron;5;[8];150;15000;15000;2.90221e+02;20;1;1;1.00000e+00;1.00000e+00;1.00000e+00;40;9.99911e-01;1.00567e+00;2.24056e-04
nav-lives;me-hebbian-neuron;5;[8];151;15100;15100;2.91061e+02;20;1;1;1.00000e+00;1.00000e+00;1.00000e+00;40;9.99911e-01;1.00567e+00;2.24056e-04
nav-lives;me-hebbian-neuron;5;[8];152;15200;15200;2.91911e+02;20;1;1;1.00000e+00;1.00000e+00;1.00000e+00;40;9.99911e-01;1.00567e+00;2.24056e-04
nav-lives;me-hebbian-neuron;5;[8];153;15300;15300;2.92760e+02;20;1;1;1.00000e+00;1.00000e+00;1.00000e+00;40;9.99911e-01;1.00567e+00;2.24056e-04
nav-lives;me-hebbian-neuron;5;[8];154;15400;15400;2.93615e+02;20;1;1;1.00000e+00;1.00000e+00;1.00000e+00;40;9.99911e-01;1.00567e+00;2.24056e-04
nav-lives;me-hebbian-neuron;5;[8];155;15500;15500;2.94474e+02;20;1;1;1.00000e+00;1.00000e+00;1.00000e+00;40;9.99911e-01;1.00567e+00;2.24056e-04
nav-lives;me-hebbian-neuron;5;[8];156;15600;15600;2.95300e+02;20;1;1;1.00000e+00;1.00000e+00;1.00000e+00;40;9.99911e-01;1.00567e+00;2.24056e-04
nav-lives;me-hebbian-neuron;5;[8];157;15700;15700;2.96141e+02;20;1;1;1.00000e+00;1.00000e+00;1.00000e+00;40;9.99911e-01;1.00567e+00;2.24056e-04
nav-lives;me-hebbian-neuron;5;[8];158;15800;15800;2.96990e+02;20;1;1;1.00000e+00;1.00000e+00;1.00000e+00;40;9.99911e-01;1.00567e+00;2.24056e-04
nav-lives;me-hebbian-neuron;5;[8];159;15900;15900;2.97812e+02;20;1;1;1.00000e+00;1.00000e+00;1.00000e+00;40;9.99911e-01;1.00567e+00;2.24056e-04
nav-lives;me-hebbian-neuron;5;[8];160;16000;16000;2.98598e+02;20;1;1;1.00000e+00;1.00000e+00;1.00000e+00;40;9.99911e-01;1.00567e+00;2.24056e-04
nav-lives;me-hebbian-neuron;5;[8];161;16100;16100;2.99356e+02;20;1;1;1.00000e+00;1.00000e+00;1.00000e+00;40;9.99911e-01;1.00567e+00;2.24056e-04
nav-lives;me-hebbian-neuron;5;[8];162;16200;16200;3.00124e+02;20;1;1;1.00000e+00;1.00000e+00;1.00000e+00;40;9.99911e-01;1.00567e+00;2.24056e-04
nav-lives;me-freeForm;1;[8];5;500;500;3.00099e+02;7;1;1;1.00000e+00;1.00000e+00;1.00000e+00;60;3.57564e-01;3.63902e-01;4.73597e-01
nav-lives;me-hebbian-neuron;5;[8];163;16300;16300;3.01326e+02;20;1;1;1.00000e+00;1.00000e+00;1.00000e+00;40;9.99911e-01;1.00567e+00;2.24056e-04
nav-lives;me-hebbian-neuron;5;[8];164;16400;16400;3.34445e+02;20;1;1;1.00000e+00;1.00000e+00;1.00000e+00;40;9.99911e-01;1.00567e+00;2.24056e-04
nav-lives;me-hebbian-neuron;5;[8];165;16500;16500;3.35307e+02;20;1;1;1.00000e+00;1.00000e+00;1.00000e+00;40;9.99911e-01;1.00567e+00;2.24056e-04
nav-lives;me-hebbian-neuron;5;[8];166;16600;16600;3.36181e+02;20;1;1;1.00000e+00;1.00000e+00;1.00000e+00;40;9.99911e-01;1.00567e+00;2.24056e-04
nav-lives;me-hebbian-neuron;5;[8];167;16700;16700;3.37053e+02;20;1;1;1.00000e+00;1.00000e+00;1.00000e+00;40;9.99911e-01;1.00567e+00;2.24056e-04
nav-lives;me-hebbian-neuron;5;[8];168;16800;16800;3.37915e+02;20;1;1;1.00000e+00;1.00000e+00;1.00000e+00;40;9.99911e-01;1.00567e+00;2.24056e-04
nav-lives;me-hebbian-neuron;5;[8];169;16900;16900;3.38762e+02;20;1;1;1.00000e+00;1.00000e+00;1.00000e+00;40;9.99911e-01;1.00567e+00;2.24056e-04
nav-lives;me-hebbian-neuron;5;[8];170;17000;17000;3.39620e+02;20;1;1;1.00000e+00;1.00000e+00;1.00000e+00;40;9.99911e-01;1.00567e+00;2.24056e-04
nav-lives;me-hebbian-neuron;5;[8];171;17100;17100;3.40454e+02;20;1;1;1.00000e+00;1.00000e+00;1.00000e+00;40;9.99911e-01;1.00567e+00;2.24056e-04
nav-lives;me-hebbian-neuron;5;[8];172;17200;17200;3.41302e+02;20;1;1;1.00000e+00;1.00000e+00;1.00000e+00;40;9.99911e-01;1.00567e+00;2.24056e-04
nav-lives;me-hebbian-neuron;5;[8];173;17300;17300;3.42147e+02;20;1;1;1.00000e+00;1.00000e+00;1.00000e+00;40;9.99911e-01;1.00567e+00;2.24056e-04
nav-lives;me-hebbian-neuron;5;[8];174;17400;17400;3.43010e+02;20;1;1;1.00000e+00;1.00000e+00;1.00000e+00;40;9.99911e-01;1.00567e+00;2.24056e-04
nav-lives;me-hebbian-neuron;5;[8];175;17500;17500;3.43854e+02;20;1;1;1.00000e+00;1.00000e+00;1.00000e+00;40;9.99911e-01;1.00567e+00;2.24056e-04
nav-lives;me-hebbian-neuron;5;[8];176;17600;17600;3.44722e+02;20;1;1;1.00000e+00;1.00000e+00;1.00000e+00;40;9.99911e-01;1.00567e+00;2.24056e-04
nav-lives;me-hebbian-neuron;5;[8];177;17700;17700;3.45568e+02;20;1;1;1.00000e+00;1.00000e+00;1.00000e+00;40;9.99911e-01;1.00567e+00;2.24056e-04
nav-lives;me-hebbian-neuron;5;[8];178;17800;17800;3.46411e+02;20;1;1;1.00000e+00;1.00000e+00;1.00000e+00;40;9.99911e-01;1.00567e+00;2.24056e-04
nav-lives;me-hebbian-neuron;5;[8];179;17900;17900;3.47265e+02;20;1;1;1.00000e+00;1.00000e+00;1.00000e+00;40;9.99911e-01;1.00567e+00;2.24056e-04
nav-lives;me-hebbian-neuron;5;[8];180;18000;18000;3.48132e+02;20;1;1;1.00000e+00;1.00000e+00;1.00000e+00;40;9.99911e-01;1.00567e+00;2.24056e-04
nav-lives;me-hebbian-neuron;5;[8];181;18100;18100;3.48977e+02;20;1;1;1.00000e+00;1.00000e+00;1.00000e+00;40;9.99911e-01;1.00567e+00;2.24056e-04
nav-lives;me-hebbian-neuron;5;[8];182;18200;18200;3.49787e+02;20;1;1;1.00000e+00;1.00000e+00;1.00000e+00;40;9.99911e-01;1.00567e+00;2.24056e-04
nav-lives;me-hebbian-neuron;5;[8];183;18300;18300;3.50570e+02;20;1;1;1.00000e+00;1.00000e+00;1.00000e+00;40;9.99911e-01;1.00567e+00;2.24056e-04
nav-lives;me-freeForm;1;[8];6;600;600;3.50144e+02;7;1;1;1.00000e+00;1.00000e+00;1.00000e+00;60;3.57564e-01;3.63902e-01;4.73597e-01
nav-lives;me-hebbian-neuron;5;[8];184;18400;18400;3.51805e+02;20;1;1;1.00000e+00;1.00000e+00;1.00000e+00;40;9.99911e-01;1.00567e+00;2.24056e-04
nav-lives;me-hebbian-neuron;5;[8];185;18500;18500;3.85014e+02;20;1;1;1.00000e+00;1.00000e+00;1.00000e+00;40;9.99911e-01;1.00567e+00;2.24056e-04
nav-lives;me-hebbian-neuron;5;[8];186;18600;18600;3.85889e+02;20;1;1;1.00000e+00;1.00000e+00;1.00000e+00;40;9.99911e-01;1.00567e+00;2.24056e-04
nav-lives;me-hebbian-neuron;5;[8];187;18700;18700;3.86757e+02;20;1;1;1.00000e+00;1.00000e+00;1.00000e+00;40;9.99911e-01;1.00567e+00;2.24056e-04
nav-lives;me-hebbian-neuron;5;[8];188;18800;18800;3.87629e+02;20;1;1;1.00000e+00;1.00000e+00;1.00000e+00;40;9.99911e-01;1.00567e+00;2.24056e-04
nav-lives;me-hebbian-neuron;5;[8];189;18900;18900;3.88496e+02;20;1;1;1.00000e+00;1.00000e+00;1.00000e+00;40;9.99911e-01;1.00567e+00;2.24056e-04
nav-lives;me-hebbian-neuron;5;[8];190;19000;19000;3.89364e+02;20;1;1;1.00000e+00;1.00000e+00;1.00000e+00;40;9.99911e-01;1.00567e+00;2.24056e-04
nav-lives;me-hebbian-neuron;5;[8];191;19100;19100;3.90222e+02;20;1;1;1.00000e+00;1.00000e+00;1.00000e+00;40;9.99911e-01;1.00567e+00;2.24056e-04
nav-lives;me-hebbian-neuron;5;[8];192;19200;19200;3.91076e+02;20;1;1;1.00000e+00;1.00000e+00;1.00000e+00;40;9.99911e-01;1.00567e+00;2.24056e-04
nav-lives;me-hebbian-neuron;5;[8];193;19300;19300;3.91929e+02;20;1;1;1.00000e+00;1.00000e+00;1.00000e+00;40;9.99911e-01;1.00567e+00;2.24056e-04
nav-lives;me-hebbian-neuron;5;[8];194;19400;19400;3.92794e+02;20;1;1;1.00000e+00;1.00000e+00;1.00000e+00;40;9.99911e-01;1.00567e+00;2.24056e-04
nav-lives;me-hebbian-neuron;5;[8];195;19500;19500;3.93656e+02;20;1;1;1.00000e+00;1.00000e+00;1.00000e+00;40;9.99911e-01;1.00567e+00;2.24056e-04
nav-lives;me-hebbian-neuron;5;[8];196;19600;19600;3.94491e+02;20;1;1;1.00000e+00;1.00000e+00;1.00000e+00;40;9.99911e-01;1.00567e+00;2.24056e-04
nav-lives;me-hebbian-neuron;5;[8];197;19700;19700;3.95307e+02;20;1;1;1.00000e+00;1.00000e+00;1.00000e+00;40;9.99911e-01;1.00567e+00;2.24056e-04
nav-lives;me-hebbian-neuron;5;[8];198;19800;19800;3.96123e+02;20;1;1;1.00000e+00;1.00000e+00;1.00000e+00;40;9.99911e-01;1.00567e+00;2.24056e-04
nav-lives;me-hebbian-neuron;5;[8];199;19900;19900;3.96960e+02;20;1;1;1.00000e+00;1.00000e+00;1.00000e+00;40;9.99911e-01;1.00567e+00;2.24056e-04
nav-lives;me-hebbian-neuron;5;[8];200;20000;20000;3.97801e+02;20;1;1;1.00000e+00;1.00000e+00;1.00000e+00;40;9.99911e-01;1.00567e+00;2.24056e-04
nav-lives;me-hebbian-neuron;5;[8];201;20100;20100;3.98642e+02;20;1;1;1.00000e+00;1.00000e+00;1.00000e+00;40;9.99911e-01;1.00567e+00;2.24056e-04
nav-lives;me-hebbian-neuron;5;[8];202;20200;20200;3.99491e+02;20;1;1;1.00000e+00;1.00000e+00;1.00000e+00;40;9.99911e-01;1.00567e+00;2.24056e-04
nav-lives;me-hebbian-neuron;5;[8];203;20300;20300;4.00325e+02;20;1;1;1.00000e+00;1.00000e+00;1.00000e+00;40;9.99911e-01;1.00567e+00;2.24056e-04
nav-lives;me-hebbian-neuron;5;[8];204;20400;20400;4.01126e+02;20;1;1;1.00000e+00;1.00000e+00;1.00000e+00;40;9.99911e-01;1.00567e+00;2.24056e-04
nav-lives;me-freeForm;1;[8];7;700;700;4.01178e+02;8;1;1;1.00000e+00;1.00000e+00;1.00000e+00;60;3.57564e-01;3.63902e-01;4.73597e-01
nav-lives;me-hebbian-neuron;5;[8];205;20500;20500;4.02089e+02;20;1;1;1.00000e+00;1.00000e+00;1.00000e+00;40;9.99911e-01;1.00567e+00;2.24056e-04
nav-lives;me-hebbian-neuron;5;[8];206;20600;20600;4.35483e+02;20;1;1;1.00000e+00;1.00000e+00;1.00000e+00;40;9.99911e-01;1.00567e+00;2.24056e-04
nav-lives;me-hebbian-neuron;5;[8];207;20700;20700;4.36385e+02;20;1;1;1.00000e+00;1.00000e+00;1.00000e+00;40;9.99911e-01;1.00567e+00;2.24056e-04
nav-lives;me-hebbian-neuron;5;[8];208;20800;20800;4.37233e+02;20;1;1;1.00000e+00;1.00000e+00;1.00000e+00;40;9.99911e-01;1.00567e+00;2.24056e-04
nav-lives;me-hebbian-neuron;5;[8];209;20900;20900;4.38077e+02;20;1;1;1.00000e+00;1.00000e+00;1.00000e+00;40;9.99911e-01;1.00567e+00;2.24056e-04
nav-lives;me-hebbian-neuron;5;[8];210;21000;21000;4.38921e+02;20;1;1;1.00000e+00;1.00000e+00;1.00000e+00;40;9.99911e-01;1.00567e+00;2.24056e-04
nav-lives;me-hebbian-neuron;5;[8];211;21100;21100;4.39765e+02;20;1;1;1.00000e+00;1.00000e+00;1.00000e+00;40;9.99911e-01;1.00567e+00;2.24056e-04
nav-lives;me-hebbian-neuron;5;[8];212;21200;21200;4.40614e+02;20;1;1;1.00000e+00;1.00000e+00;1.00000e+00;40;9.99911e-01;1.00567e+00;2.24056e-04
nav-lives;me-hebbian-neuron;5;[8];213;21300;21300;4.41474e+02;20;1;1;1.00000e+00;1.00000e+00;1.00000e+00;40;9.99911e-01;1.00567e+00;2.24056e-04
nav-lives;me-hebbian-neuron;5;[8];214;21400;21400;4.42338e+02;20;1;1;1.00000e+00;1.00000e+00;1.00000e+00;40;9.99911e-01;1.00567e+00;2.24056e-04
nav-lives;me-hebbian-neuron;5;[8];215;21500;21500;4.43194e+02;20;1;1;1.00000e+00;1.00000e+00;1.00000e+00;40;9.99911e-01;1.00567e+00;2.24056e-04
nav-lives;me-hebbian-neuron;5;[8];216;21600;21600;4.44047e+02;20;1;1;1.00000e+00;1.00000e+00;1.00000e+00;40;9.99911e-01;1.00567e+00;2.24056e-04
nav-lives;me-hebbian-neuron;5;[8];217;21700;21700;4.44881e+02;20;1;1;1.00000e+00;1.00000e+00;1.00000e+00;40;9.99911e-01;1.00567e+00;2.24056e-04
nav-lives;me-hebbian-neuron;5;[8];218;21800;21800;4.45737e+02;20;1;1;1.00000e+00;1.00000e+00;1.00000e+00;40;9.99911e-01;1.00567e+00;2.24056e-04
nav-lives;me-hebbian-neuron;5;[8];219;21900;21900;4.46599e+02;20;1;1;1.00000e+00;1.00000e+00;1.00000e+00;40;9.99911e-01;1.00567e+00;2.24056e-04
nav-lives;me-hebbian-neuron;5;[8];220;22000;22000;4.47455e+02;20;1;1;1.00000e+00;1.00000e+00;1.00000e+00;40;9.99911e-01;1.00567e+00;2.24056e-04
nav-lives;me-hebbian-neuron;5;[8];221;22100;22100;4.48294e+02;20;1;1;1.00000e+00;1.00000e+00;1.00000e+00;40;9.99911e-01;1.00567e+00;2.24056e-04
nav-lives;me-hebbian-neuron;5;[8];222;22200;22200;4.49101e+02;20;1;1;1.00000e+00;1.00000e+00;1.00000e+00;40;9.99911e-01;1.00567e+00;2.24056e-04
nav-lives;me-hebbian-neuron;5;[8];223;22300;22300;4.49902e+02;20;1;1;1.00000e+00;1.00000e+00;1.00000e+00;40;9.99911e-01;1.00567e+00;2.24056e-04
nav-lives;me-hebbian-neuron;5;[8];224;22400;22400;4.50700e+02;20;1;1;1.00000e+00;1.00000e+00;1.00000e+00;40;9.99911e-01;1.00567e+00;2.24056e-04
nav-lives;me-hebbian-neuron;5;[8];225;22500;22500;4.51498e+02;20;1;1;1.00000e+00;1.00000e+00;1.00000e+00;40;9.99911e-01;1.00567e+00;2.24056e-04
nav-lives;me-hebbian-neuron;5;[8];226;22600;22600;4.52294e+02;20;1;1;1.00000e+00;1.00000e+00;1.00000e+00;40;9.99911e-01;1.00567e+00;2.24056e-04
nav-lives;me-freeForm;1;[8];8;800;800;4.52281e+02;8;1;1;1.00000e+00;1.00000e+00;1.00000e+00;60;3.57564e-01;3.63902e-01;4.73597e-01
nav-lives;me-hebbian-neuron;5;[8];227;22700;22700;4.53452e+02;20;1;1;1.00000e+00;1.00000e+00;1.00000e+00;40;9.99911e-01;1.00567e+00;2.24056e-04
nav-lives;me-hebbian-neuron;5;[8];228;22800;22800;4.86594e+02;20;1;1;1.00000e+00;1.00000e+00;1.00000e+00;40;9.99911e-01;1.00567e+00;2.24056e-04
nav-lives;me-hebbian-neuron;5;[8];229;22900;22900;4.87488e+02;20;1;1;1.00000e+00;1.00000e+00;1.00000e+00;40;9.99911e-01;1.00567e+00;2.24056e-04
nav-lives;me-hebbian-neuron;5;[8];230;23000;23000;4.88345e+02;20;1;1;1.00000e+00;1.00000e+00;1.00000e+00;40;9.99911e-01;1.00567e+00;2.24056e-04
nav-lives;me-hebbian-neuron;5;[8];231;23100;23100;4.89182e+02;20;1;1;1.00000e+00;1.00000e+00;1.00000e+00;40;9.99911e-01;1.00567e+00;2.24056e-04
nav-lives;me-hebbian-neuron;5;[8];232;23200;23200;4.90005e+02;20;1;1;1.00000e+00;1.00000e+00;1.00000e+00;40;9.99911e-01;1.00567e+00;2.24056e-04
nav-lives;me-hebbian-neuron;5;[8];233;23300;23300;4.90846e+02;20;1;1;1.00000e+00;1.00000e+00;1.00000e+00;40;9.99911e-01;1.00567e+00;2.24056e-04
nav-lives;me-hebbian-neuron;5;[8];234;23400;23400;4.91688e+02;20;1;1;1.00000e+00;1.00000e+00;1.00000e+00;40;9.99911e-01;1.00567e+00;2.24056e-04
nav-lives;me-hebbian-neuron;5;[8];235;23500;23500;4.92538e+02;20;1;1;1.00000e+00;1.00000e+00;1.00000e+00;40;9.99911e-01;1.00567e+00;2.24056e-04
nav-lives;me-hebbian-neuron;5;[8];236;23600;23600;4.93384e+02;20;1;1;1.00000e+00;1.00000e+00;1.00000e+00;40;9.99911e-01;1.00567e+00;2.24056e-04
nav-lives;me-hebbian-neuron;5;[8];237;23700;23700;4.94232e+02;20;1;1;1.00000e+00;1.00000e+00;1.00000e+00;40;9.99911e-01;1.00567e+00;2.24056e-04
nav-lives;me-hebbian-neuron;5;[8];238;23800;23800;4.95065e+02;20;1;1;1.00000e+00;1.00000e+00;1.00000e+00;40;9.99911e-01;1.00567e+00;2.24056e-04
nav-lives;me-hebbian-neuron;5;[8];239;23900;23900;4.95900e+02;20;1;1;1.00000e+00;1.00000e+00;1.00000e+00;40;9.99911e-01;1.00567e+00;2.24056e-04
nav-lives;me-hebbian-neuron;5;[8];240;24000;24000;4.96748e+02;20;1;1;1.00000e+00;1.00000e+00;1.00000e+00;40;9.99911e-01;1.00567e+00;2.24056e-04
nav-lives;me-hebbian-neuron;5;[8];241;24100;24100;4.97602e+02;20;1;1;1.00000e+00;1.00000e+00;1.00000e+00;40;9.99911e-01;1.00567e+00;2.24056e-04
nav-lives;me-hebbian-neuron;5;[8];242;24200;24200;4.98448e+02;20;1;1;1.00000e+00;1.00000e+00;1.00000e+00;40;9.99911e-01;1.00567e+00;2.24056e-04
nav-lives;me-hebbian-neuron;5;[8];243;24300;24300;4.99275e+02;20;1;1;1.00000e+00;1.00000e+00;1.00000e+00;40;9.99911e-01;1.00567e+00;2.24056e-04
nav-lives;me-hebbian-neuron;5;[8];244;24400;24400;5.00091e+02;20;1;1;1.00000e+00;1.00000e+00;1.00000e+00;40;9.99911e-01;1.00567e+00;2.24056e-04
nav-lives;me-hebbian-neuron;5;[8];245;24500;24500;5.00906e+02;20;1;1;1.00000e+00;1.00000e+00;1.00000e+00;40;9.99911e-01;1.00567e+00;2.24056e-04
nav-lives;me-hebbian-neuron;5;[8];246;24600;24600;5.01730e+02;20;1;1;1.00000e+00;1.00000e+00;1.00000e+00;40;9.99911e-01;1.00567e+00;2.24056e-04
nav-lives;me-hebbian-neuron;5;[8];247;24700;24700;5.02544e+02;20;1;1;1.00000e+00;1.00000e+00;1.00000e+00;40;9.99911e-01;1.00567e+00;2.24056e-04
nav-lives;me-hebbian-neuron;5;[8];248;24800;24800;5.03341e+02;20;1;1;1.00000e+00;1.00000e+00;1.00000e+00;40;9.99911e-01;1.00567e+00;2.24056e-04
nav-lives;me-freeForm;1;[8];9;900;900;5.02967e+02;9;1;1;1.00000e+00;1.00000e+00;1.00000e+00;60;3.57564e-01;3.63902e-01;4.73597e-01
nav-lives;me-hebbian-neuron;5;[8];249;24900;24900;5.04577e+02;20;1;1;1.00000e+00;1.00000e+00;1.00000e+00;40;9.99911e-01;1.00567e+00;2.24056e-04
nav-lives;me-hebbian-neuron;5;[8];250;25000;25000;5.37620e+02;20;1;1;1.00000e+00;1.00000e+00;1.00000e+00;40;9.99911e-01;1.00567e+00;2.24056e-04
nav-lives;me-hebbian-neuron;5;[8];251;25100;25100;5.38538e+02;20;1;1;1.00000e+00;1.00000e+00;1.00000e+00;40;9.99911e-01;1.00567e+00;2.24056e-04
nav-lives;me-hebbian-neuron;5;[8];252;25200;25200;5.39401e+02;20;1;1;1.00000e+00;1.00000e+00;1.00000e+00;40;9.99911e-01;1.00567e+00;2.24056e-04
nav-lives;me-hebbian-neuron;5;[8];253;25300;25300;5.40249e+02;20;1;1;1.00000e+00;1.00000e+00;1.00000e+00;40;9.99911e-01;1.00567e+00;2.24056e-04
nav-lives;me-hebbian-neuron;5;[8];254;25400;25400;5.41093e+02;20;1;1;1.00000e+00;1.00000e+00;1.00000e+00;40;9.99911e-01;1.00567e+00;2.24056e-04
nav-lives;me-hebbian-neuron;5;[8];255;25500;25500;5.41918e+02;20;1;1;1.00000e+00;1.00000e+00;1.00000e+00;40;9.99911e-01;1.00567e+00;2.24056e-04
nav-lives;me-hebbian-neuron;5;[8];256;25600;25600;5.42757e+02;20;1;1;1.00000e+00;1.00000e+00;1.00000e+00;40;9.99911e-01;1.00567e+00;2.24056e-04
nav-lives;me-hebbian-neuron;5;[8];257;25700;25700;5.43614e+02;20;1;1;1.00000e+00;1.00000e+00;1.00000e+00;40;9.99911e-01;1.00567e+00;2.24056e-04
nav-lives;me-hebbian-neuron;5;[8];258;25800;25800;5.44454e+02;20;1;1;1.00000e+00;1.00000e+00;1.00000e+00;40;9.99911e-01;1.00567e+00;2.24056e-04
nav-lives;me-hebbian-neuron;5;[8];259;25900;25900;5.45304e+02;20;1;1;1.00000e+00;1.00000e+00;1.00000e+00;40;9.99911e-01;1.00567e+00;2.24056e-04
nav-lives;me-hebbian-neuron;5;[8];260;26000;26000;5.46162e+02;20;1;1;1.00000e+00;1.00000e+00;1.00000e+00;40;9.99914e-01;1.00691e+00;5.32350e-10
nav-lives;me-hebbian-neuron;5;[8];261;26100;26100;5.47008e+02;20;1;1;1.00000e+00;1.00000e+00;1.00000e+00;40;9.99914e-01;1.00691e+00;5.32350e-10
nav-lives;me-hebbian-neuron;5;[8];262;26200;26200;5.47854e+02;20;1;1;1.00000e+00;1.00000e+00;1.00000e+00;40;9.99914e-01;1.00691e+00;5.32350e-10
nav-lives;me-hebbian-neuron;5;[8];263;26300;26300;5.48704e+02;20;1;1;1.00000e+00;1.00000e+00;1.00000e+00;40;9.99914e-01;1.00691e+00;5.32350e-10
nav-lives;me-hebbian-neuron;5;[8];264;26400;26400;5.49554e+02;20;1;1;1.00000e+00;1.00000e+00;1.00000e+00;40;9.99914e-01;1.00691e+00;5.32350e-10
nav-lives;me-hebbian-neuron;5;[8];265;26500;26500;5.50400e+02;20;1;1;1.00000e+00;1.00000e+00;1.00000e+00;40;9.99914e-01;1.00691e+00;5.32350e-10
nav-lives;me-hebbian-neuron;5;[8];266;26600;26600;5.51213e+02;20;1;1;1.00000e+00;1.00000e+00;1.00000e+00;40;9.99914e-01;1.00691e+00;5.32350e-10
nav-lives;me-hebbian-neuron;5;[8];267;26700;26700;5.52033e+02;20;1;1;1.00000e+00;1.00000e+00;1.00000e+00;40;9.99914e-01;1.00691e+00;5.32350e-10
nav-lives;me-hebbian-neuron;5;[8];268;26800;26800;5.52840e+02;20;1;1;1.00000e+00;1.00000e+00;1.00000e+00;40;9.99914e-01;1.00691e+00;5.32350e-10
nav-lives;me-freeForm;1;[8];10;1000;1000;5.52903e+02;10;1;1;1.00000e+00;1.00000e+00;1.00000e+00;60;3.57564e-01;3.63902e-01;4.73597e-01
nav-lives;me-hebbian-neuron;5;[8];269;26900;26900;5.53734e+02;20;1;1;1.00000e+00;1.00000e+00;1.00000e+00;40;9.99914e-01;1.00691e+00;5.32350e-10
nav-lives;me-hebbian-neuron;5;[8];270;27000;27000;5.87251e+02;20;1;1;1.00000e+00;1.00000e+00;1.00000e+00;40;9.99914e-01;1.00691e+00;5.32350e-10
nav-lives;me-hebbian-neuron;5;[8];271;27100;27100;5.88134e+02;20;1;1;1.00000e+00;1.00000e+00;1.00000e+00;40;9.99914e-01;1.00691e+00;5.32350e-10
nav-lives;me-hebbian-neuron;5;[8];272;27200;27200;5.89008e+02;20;1;1;1.00000e+00;1.00000e+00;1.00000e+00;40;9.99914e-01;1.00691e+00;5.32350e-10
nav-lives;me-hebbian-neuron;5;[8];273;27300;27300;5.89875e+02;20;1;1;1.00000e+00;1.00000e+00;1.00000e+00;40;9.99914e-01;1.00691e+00;5.32350e-10
nav-lives;me-hebbian-neuron;5;[8];274;27400;27400;5.90745e+02;20;1;1;1.00000e+00;1.00000e+00;1.00000e+00;40;9.99914e-01;1.00691e+00;5.32350e-10
nav-lives;me-hebbian-neuron;5;[8];275;27500;27500;5.91585e+02;20;1;1;1.00000e+00;1.00000e+00;1.00000e+00;40;9.99914e-01;1.00691e+00;5.32350e-10
nav-lives;me-hebbian-neuron;5;[8];276;27600;27600;5.92435e+02;20;1;1;1.00000e+00;1.00000e+00;1.00000e+00;40;9.99914e-01;1.00691e+00;5.32350e-10
nav-lives;me-hebbian-neuron;5;[8];277;27700;27700;5.93290e+02;20;1;1;1.00000e+00;1.00000e+00;1.00000e+00;40;9.99914e-01;1.00691e+00;5.32350e-10
nav-lives;me-hebbian-neuron;5;[8];278;27800;27800;5.94150e+02;20;1;1;1.00000e+00;1.00000e+00;1.00000e+00;40;9.99944e-01;1.00682e+00;7.15915e-05
nav-lives;me-hebbian-neuron;5;[8];279;27900;27900;5.95004e+02;20;1;1;1.00000e+00;1.00000e+00;1.00000e+00;40;9.99944e-01;1.00682e+00;7.15915e-05
nav-lives;me-hebbian-neuron;5;[8];280;28000;28000;5.95840e+02;20;1;1;1.00000e+00;1.00000e+00;1.00000e+00;40;9.99944e-01;1.00682e+00;7.15915e-05
nav-lives;me-hebbian-neuron;5;[8];281;28100;28100;5.96668e+02;20;1;1;1.00000e+00;1.00000e+00;1.00000e+00;40;9.99944e-01;1.00682e+00;7.15915e-05
nav-lives;me-hebbian-neuron;5;[8];282;28200;28200;5.97488e+02;20;1;1;1.00000e+00;1.00000e+00;1.00000e+00;40;9.99944e-01;1.00682e+00;7.15915e-05
nav-lives;me-hebbian-neuron;5;[8];283;28300;28300;5.98318e+02;20;1;1;1.00000e+00;1.00000e+00;1.00000e+00;40;9.99944e-01;1.00682e+00;7.15915e-05
nav-lives;me-hebbian-neuron;5;[8];284;28400;28400;5.99153e+02;20;1;1;1.00000e+00;1.00000e+00;1.00000e+00;40;9.99944e-01;1.00682e+00;7.15915e-05
nav-lives;me-hebbian-neuron;5;[8];285;28500;28500;5.99995e+02;20;1;1;1.00000e+00;1.00000e+00;1.00000e+00;40;9.99944e-01;1.00682e+00;7.15915e-05
nav-lives;me-hebbian-neuron;5;[8];286;28600;28600;6.00834e+02;20;1;1;1.00000e+00;1.00000e+00;1.00000e+00;40;9.99944e-01;1.00682e+00;7.15915e-05
nav-lives;me-hebbian-neuron;5;[8];287;28700;28700;6.01645e+02;20;1;1;1.00000e+00;1.00000e+00;1.00000e+00;40;9.99944e-01;1.00682e+00;7.15915e-05
nav-lives;me-hebbian-neuron;5;[8];288;28800;28800;6.02458e+02;20;1;1;1.00000e+00;1.00000e+00;1.00000e+00;40;9.99944e-01;1.00682e+00;7.15915e-05
nav-lives;me-hebbian-neuron;5;[8];289;28900;28900;6.03271e+02;20;1;1;1.00000e+00;1.00000e+00;1.00000e+00;40;9.99944e-01;1.00682e+00;7.15915e-05
nav-lives;me-hebbian-neuron;5;[8];290;29000;29000;6.04056e+02;20;1;1;1.00000e+00;1.00000e+00;1.00000e+00;40;9.99944e-01;1.00682e+00;7.15915e-05
nav-lives;me-freeForm;1;[8];11;1100;1100;6.04016e+02;13;1;1;9.23077e-01;1.00000e+00;1.00000e+00;60;3.57564e-01;3.63902e-01;4.73597e-01
nav-lives;me-hebbian-neuron;5;[8];291;29100;29100;6.05280e+02;20;1;1;1.00000e+00;1.00000e+00;1.00000e+00;40;9.99944e-01;1.00682e+00;7.15915e-05
nav-lives;me-hebbian-neuron;5;[8];292;29200;29200;6.38261e+02;20;1;1;1.00000e+00;1.00000e+00;1.00000e+00;40;9.99944e-01;1.00682e+00;7.15915e-05
nav-lives;me-hebbian-neuron;5;[8];293;29300;29300;6.39134e+02;20;1;1;1.00000e+00;1.00000e+00;1.00000e+00;40;9.99944e-01;1.00682e+00;7.15915e-05
nav-lives;me-hebbian-neuron;5;[8];294;29400;29400;6.40000e+02;20;1;1;1.00000e+00;1.00000e+00;1.00000e+00;40;9.99944e-01;1.00682e+00;7.15915e-05
nav-lives;me-hebbian-neuron;5;[8];295;29500;29500;6.40856e+02;20;1;1;1.00000e+00;1.00000e+00;1.00000e+00;40;9.99944e-01;1.00682e+00;7.15915e-05
nav-lives;me-hebbian-neuron;5;[8];296;29600;29600;6.41702e+02;20;1;1;1.00000e+00;1.00000e+00;1.00000e+00;40;9.99944e-01;1.00682e+00;7.15915e-05
nav-lives;me-hebbian-neuron;5;[8];297;29700;29700;6.42561e+02;20;1;1;1.00000e+00;1.00000e+00;1.00000e+00;40;9.99944e-01;1.00682e+00;7.15915e-05
nav-lives;me-hebbian-neuron;5;[8];298;29800;29800;6.43419e+02;20;1;1;1.00000e+00;1.00000e+00;1.00000e+00;40;9.99944e-01;1.00682e+00;7.15915e-05
nav-lives;me-hebbian-neuron;5;[8];299;29900;29900;6.44276e+02;20;1;1;1.00000e+00;1.00000e+00;1.00000e+00;40;9.99944e-01;1.00682e+00;7.15915e-05
nav-lives;me-hebbian-neuron;5;[8];300;30000;30000;6.45123e+02;20;1;1;1.00000e+00;1.00000e+00;1.00000e+00;40;9.99944e-01;1.00682e+00;7.15915e-05
nav-lives;me-hebbian-neuron;5;[8];301;30100;30100;6.45965e+02;20;1;1;1.00000e+00;1.00000e+00;1.00000e+00;40;9.99944e-01;1.00682e+00;7.15915e-05
nav-lives;me-hebbian-neuron;5;[8];302;30200;30200;6.46802e+02;20;1;1;1.00000e+00;1.00000e+00;1.00000e+00;40;9.99944e-01;1.00682e+00;7.15915e-05
nav-lives;me-hebbian-neuron;5;[8];303;30300;30300;6.47625e+02;20;1;1;1.00000e+00;1.00000e+00;1.00000e+00;40;9.99944e-01;1.00682e+00;7.15915e-05
nav-lives;me-hebbian-neuron;5;[8];304;30400;30400;6.48457e+02;20;1;1;1.00000e+00;1.00000e+00;1.00000e+00;40;9.99944e-01;1.00682e+00;7.15915e-05
nav-lives;me-hebbian-neuron;5;[8];305;30500;30500;6.49305e+02;20;1;1;1.00000e+00;1.00000e+00;1.00000e+00;40;9.99944e-01;1.00682e+00;7.15915e-05
nav-lives;me-hebbian-neuron;5;[8];306;30600;30600;6.50155e+02;20;1;1;1.00000e+00;1.00000e+00;1.00000e+00;40;9.99944e-01;1.00682e+00;7.15915e-05
nav-lives;me-hebbian-neuron;5;[8];307;30700;30700;6.50997e+02;20;1;1;1.00000e+00;1.00000e+00;1.00000e+00;40;9.99944e-01;1.00682e+00;7.15915e-05
nav-lives;me-hebbian-neuron;5;[8];308;30800;30800;6.51852e+02;20;1;1;1.00000e+00;1.00000e+00;1.00000e+00;40;9.99944e-01;1.00682e+00;7.15915e-05
nav-lives;me-hebbian-neuron;5;[8];309;30900;30900;6.52649e+02;20;1;1;1.00000e+00;1.00000e+00;1.00000e+00;40;9.99944e-01;1.00682e+00;7.15915e-05
nav-lives;me-hebbian-neuron;5;[8];310;31000;31000;6.53472e+02;20;1;1;1.00000e+00;1.00000e+00;1.00000e+00;40;9.99944e-01;1.00682e+00;7.15915e-05
nav-lives;me-hebbian-neuron;5;[8];311;31100;31100;6.54302e+02;20;1;1;1.00000e+00;1.00000e+00;1.00000e+00;40;9.99944e-01;1.00682e+00;7.15915e-05
nav-lives;me-freeForm;1;[8];12;1200;1200;6.54389e+02;13;1;1;1.00000e+00;1.00000e+00;1.00000e+00;57;4.64096e-01;4.70443e-01;1.25325e-01
nav-lives;me-hebbian-neuron;5;[8];312;31200;31200;6.55087e+02;20;1;1;1.00000e+00;1.00000e+00;1.00000e+00;40;9.99944e-01;1.00682e+00;7.15915e-05
nav-lives;me-hebbian-neuron;5;[8];313;31300;31300;6.88632e+02;20;1;1;1.00000e+00;1.00000e+00;1.00000e+00;40;9.99944e-01;1.00682e+00;7.15915e-05
nav-lives;me-hebbian-neuron;5;[8];314;31400;31400;6.89486e+02;20;1;1;1.00000e+00;1.00000e+00;1.00000e+00;40;9.99944e-01;1.00682e+00;7.15915e-05
nav-lives;me-hebbian-neuron;5;[8];315;31500;31500;6.90340e+02;20;1;1;1.00000e+00;1.00000e+00;1.00000e+00;40;9.99944e-01;1.00682e+00;7.15915e-05
nav-lives;me-hebbian-neuron;5;[8];316;31600;31600;6.91205e+02;20;1;1;1.00000e+00;1.00000e+00;1.00000e+00;40;9.99944e-01;1.00682e+00;7.15915e-05
nav-lives;me-hebbian-neuron;5;[8];317;31700;31700;6.92059e+02;20;1;1;1.00000e+00;1.00000e+00;1.00000e+00;40;9.99944e-01;1.00682e+00;7.15915e-05
nav-lives;me-hebbian-neuron;5;[8];318;31800;31800;6.92912e+02;20;1;1;1.00000e+00;1.00000e+00;1.00000e+00;40;9.99944e-01;1.00682e+00;7.15915e-05
nav-lives;me-hebbian-neuron;5;[8];319;31900;31900;6.93759e+02;20;1;1;1.00000e+00;1.00000e+00;1.00000e+00;40;9.99944e-01;1.00682e+00;7.15915e-05
nav-lives;me-hebbian-neuron;5;[8];320;32000;32000;6.94608e+02;20;1;1;1.00000e+00;1.00000e+00;1.00000e+00;40;9.99944e-01;1.00682e+00;7.15915e-05
nav-lives;me-hebbian-neuron;5;[8];321;32100;32100;6.95469e+02;20;1;1;1.00000e+00;1.00000e+00;1.00000e+00;40;9.99944e-01;1.00682e+00;7.15915e-05
nav-lives;me-hebbian-neuron;5;[8];322;32200;32200;6.96329e+02;20;1;1;1.00000e+00;1.00000e+00;1.00000e+00;40;9.99944e-01;1.00682e+00;7.15915e-05
nav-lives;me-hebbian-neuron;5;[8];323;32300;32300;6.97180e+02;20;1;1;1.00000e+00;1.00000e+00;1.00000e+00;40;9.99944e-01;1.00682e+00;7.15915e-05
nav-lives;me-hebbian-neuron;5;[8];324;32400;32400;6.98020e+02;20;1;1;1.00000e+00;1.00000e+00;1.00000e+00;40;9.99944e-01;1.00682e+00;7.15915e-05
nav-lives;me-hebbian-neuron;5;[8];325;32500;32500;6.98865e+02;20;1;1;1.00000e+00;1.00000e+00;1.00000e+00;40;9.99944e-01;1.00682e+00;7.15915e-05
nav-lives;me-hebbian-neuron;5;[8];326;32600;32600;6.99682e+02;20;1;1;1.00000e+00;1.00000e+00;1.00000e+00;40;9.99944e-01;1.00682e+00;7.15915e-05
nav-lives;me-hebbian-neuron;5;[8];327;32700;32700;7.00512e+02;20;1;1;1.00000e+00;1.00000e+00;1.00000e+00;40;9.99944e-01;1.00682e+00;7.15915e-05
nav-lives;me-hebbian-neuron;5;[8];328;32800;32800;7.01339e+02;20;1;1;1.00000e+00;1.00000e+00;1.00000e+00;40;9.99944e-01;1.00682e+00;7.15915e-05
nav-lives;me-hebbian-neuron;5;[8];329;32900;32900;7.02177e+02;20;1;1;1.00000e+00;1.00000e+00;1.00000e+00;40;9.99944e-01;1.00682e+00;7.15915e-05
nav-lives;me-hebbian-neuron;5;[8];330;33000;33000;7.03014e+02;20;1;1;1.00000e+00;1.00000e+00;1.00000e+00;40;9.99944e-01;1.00682e+00;7.15915e-05
nav-lives;me-hebbian-neuron;5;[8];331;33100;33100;7.03833e+02;20;1;1;1.00000e+00;1.00000e+00;1.00000e+00;40;9.99944e-01;1.00682e+00;7.15915e-05
nav-lives;me-hebbian-neuron;5;[8];332;33200;33200;7.04649e+02;20;1;1;1.00000e+00;1.00000e+00;1.00000e+00;40;9.99944e-01;1.00682e+00;7.15915e-05
nav-lives;me-hebbian-neuron;5;[8];333;33300;33300;7.05480e+02;20;1;1;1.00000e+00;1.00000e+00;1.00000e+00;40;9.99944e-01;1.00682e+00;7.15915e-05
nav-lives;me-freeForm;1;[8];13;1300;1300;7.05541e+02;13;1;1;1.00000e+00;1.00000e+00;1.00000e+00;57;4.64096e-01;4.70443e-01;1.25325e-01
nav-lives;me-hebbian-neuron;5;[8];334;33400;33400;7.06249e+02;20;1;1;1.00000e+00;1.00000e+00;1.00000e+00;40;9.99944e-01;1.00682e+00;7.15915e-05
nav-lives;me-hebbian-neuron;5;[8];335;33500;33500;7.39646e+02;20;1;1;1.00000e+00;1.00000e+00;1.00000e+00;40;9.99944e-01;1.00682e+00;7.15915e-05
nav-lives;me-hebbian-neuron;5;[8];336;33600;33600;7.40549e+02;20;1;1;1.00000e+00;1.00000e+00;1.00000e+00;40;9.99944e-01;1.00682e+00;7.15915e-05
nav-lives;me-hebbian-neuron;5;[8];337;33700;33700;7.41409e+02;20;1;1;1.00000e+00;1.00000e+00;1.00000e+00;40;9.99944e-01;1.00682e+00;7.15915e-05
nav-lives;me-hebbian-neuron;5;[8];338;33800;33800;7.42273e+02;20;1;1;1.00000e+00;1.00000e+00;1.00000e+00;40;9.99944e-01;1.00682e+00;7.15915e-05
nav-lives;me-hebbian-neuron;5;[8];339;33900;33900;7.43132e+02;20;1;1;1.00000e+00;1.00000e+00;1.00000e+00;40;9.99944e-01;1.00682e+00;7.15915e-05
nav-lives;me-hebbian-neuron;5;[8];340;34000;34000;7.43986e+02;20;1;1;1.00000e+00;1.00000e+00;1.00000e+00;40;9.99944e-01;1.00682e+00;7.15915e-05
nav-lives;me-hebbian-neuron;5;[8];341;34100;34100;7.44849e+02;20;1;1;1.00000e+00;1.00000e+00;1.00000e+00;40;9.99944e-01;1.00682e+00;7.15915e-05
nav-lives;me-hebbian-neuron;5;[8];342;34200;34200;7.45708e+02;20;1;1;1.00000e+00;1.00000e+00;1.00000e+00;40;9.99944e-01;1.00682e+00;7.15915e-05
nav-lives;me-hebbian-neuron;5;[8];343;34300;34300;7.46574e+02;20;1;1;1.00000e+00;1.00000e+00;1.00000e+00;40;9.99944e-01;1.00682e+00;7.15915e-05
nav-lives;me-hebbian-neuron;5;[8];344;34400;34400;7.47435e+02;21;1;1;1.00000e+00;1.00000e+00;1.00000e+00;40;9.99944e-01;1.00682e+00;7.15915e-05
nav-lives;me-hebbian-neuron;5;[8];345;34500;34500;7.48269e+02;21;1;1;1.00000e+00;1.00000e+00;1.00000e+00;40;9.99944e-01;1.00682e+00;7.15915e-05
nav-lives;me-hebbian-neuron;5;[8];346;34600;34600;7.49100e+02;21;1;1;1.00000e+00;1.00000e+00;1.00000e+00;40;9.99944e-01;1.00682e+00;7.15915e-05
nav-lives;me-hebbian-neuron;5;[8];347;34700;34700;7.49919e+02;21;1;1;1.00000e+00;1.00000e+00;1.00000e+00;40;9.99944e-01;1.00682e+00;7.15915e-05
nav-lives;me-hebbian-neuron;5;[8];348;34800;34800;7.50756e+02;21;1;1;1.00000e+00;1.00000e+00;1.00000e+00;40;9.99944e-01;1.00682e+00;7.15915e-05
nav-lives;me-hebbian-neuron;5;[8];349;34900;34900;7.51587e+02;21;1;1;1.00000e+00;1.00000e+00;1.00000e+00;40;9.99944e-01;1.00682e+00;7.15915e-05
nav-lives;me-hebbian-neuron;5;[8];350;35000;35000;7.52429e+02;21;1;1;1.00000e+00;1.00000e+00;1.00000e+00;40;9.99944e-01;1.00682e+00;7.15915e-05
nav-lives;me-hebbian-neuron;5;[8];351;35100;35100;7.53268e+02;21;1;1;1.00000e+00;1.00000e+00;1.00000e+00;40;9.99944e-01;1.00682e+00;7.15915e-05
nav-lives;me-hebbian-neuron;5;[8];352;35200;35200;7.54097e+02;21;1;1;1.00000e+00;1.00000e+00;1.00000e+00;40;9.99944e-01;1.00682e+00;7.15915e-05
nav-lives;me-hebbian-neuron;5;[8];353;35300;35300;7.54911e+02;21;1;1;1.00000e+00;1.00000e+00;1.00000e+00;40;9.99944e-01;1.00682e+00;7.15915e-05
nav-lives;me-hebbian-neuron;5;[8];354;35400;35400;7.55721e+02;21;1;1;1.00000e+00;1.00000e+00;1.00000e+00;40;9.99944e-01;1.00682e+00;7.15915e-05
nav-lives;me-freeForm;1;[8];14;1400;1400;7.55660e+02;13;1;1;1.00000e+00;1.00000e+00;1.00000e+00;57;4.64096e-01;4.70443e-01;1.25325e-01
nav-lives;me-hebbian-neuron;5;[8];355;35500;35500;7.56941e+02;21;1;1;1.00000e+00;1.00000e+00;1.00000e+00;40;9.99944e-01;1.00682e+00;7.15915e-05
nav-lives;me-hebbian-neuron;5;[8];356;35600;35600;7.90096e+02;21;1;1;1.00000e+00;1.00000e+00;1.00000e+00;40;9.99944e-01;1.00682e+00;7.15915e-05
nav-lives;me-hebbian-neuron;5;[8];357;35700;35700;7.90945e+02;21;1;1;1.00000e+00;1.00000e+00;1.00000e+00;40;9.99944e-01;1.00682e+00;7.15915e-05
nav-lives;me-hebbian-neuron;5;[8];358;35800;35800;7.91763e+02;21;1;1;1.00000e+00;1.00000e+00;1.00000e+00;40;9.99944e-01;1.00682e+00;7.15915e-05
nav-lives;me-hebbian-neuron;5;[8];359;35900;35900;7.92604e+02;21;1;1;1.00000e+00;1.00000e+00;1.00000e+00;40;9.99944e-01;1.00682e+00;7.15915e-05
nav-lives;me-hebbian-neuron;5;[8];360;36000;36000;7.93459e+02;21;1;1;1.00000e+00;1.00000e+00;1.00000e+00;40;9.99944e-01;1.00682e+00;7.15915e-05
nav-lives;me-hebbian-neuron;5;[8];361;36100;36100;7.94312e+02;21;1;1;1.00000e+00;1.00000e+00;1.00000e+00;40;9.99944e-01;1.00682e+00;7.15915e-05
nav-lives;me-hebbian-neuron;5;[8];362;36200;36200;7.95169e+02;21;1;1;1.00000e+00;1.00000e+00;1.00000e+00;40;9.99944e-01;1.00682e+00;7.15915e-05
nav-lives;me-hebbian-neuron;5;[8];363;36300;36300;7.96019e+02;21;1;1;1.00000e+00;1.00000e+00;1.00000e+00;40;9.99944e-01;1.00682e+00;7.15915e-05
nav-lives;me-hebbian-neuron;5;[8];364;36400;36400;7.96865e+02;21;1;1;1.00000e+00;1.00000e+00;1.00000e+00;40;9.99944e-01;1.00682e+00;7.15915e-05
nav-lives;me-hebbian-neuron;5;[8];365;36500;36500;7.97700e+02;21;1;1;1.00000e+00;1.00000e+00;1.00000e+00;40;9.99944e-01;1.00682e+00;7.15915e-05
nav-lives;me-hebbian-neuron;5;[8];366;36600;36600;7.98543e+02;21;1;1;1.00000e+00;1.00000e+00;1.00000e+00;40;9.99944e-01;1.00682e+00;7.15915e-05
nav-lives;me-hebbian-neuron;5;[8];367;36700;36700;7.99396e+02;21;1;1;1.00000e+00;1.00000e+00;1.00000e+00;40;9.99944e-01;1.00682e+00;7.15915e-05
nav-lives;me-hebbian-neuron;5;[8];368;36800;36800;8.00242e+02;21;1;1;1.00000e+00;1.00000e+00;1.00000e+00;40;9.99944e-01;1.00682e+00;7.15915e-05
nav-lives;me-hebbian-neuron;5;[8];369;36900;36900;8.01069e+02;21;1;1;1.00000e+00;1.00000e+00;1.00000e+00;40;9.99944e-01;1.00682e+00;7.15915e-05
nav-lives;me-hebbian-neuron;5;[8];370;37000;37000;8.01895e+02;21;1;1;1.00000e+00;1.00000e+00;1.00000e+00;40;9.99944e-01;1.00682e+00;7.15915e-05
nav-lives;me-hebbian-neuron;5;[8];371;37100;37100;8.02720e+02;21;1;1;1.00000e+00;1.00000e+00;1.00000e+00;40;9.99944e-01;1.00682e+00;7.15915e-05
nav-lives;me-hebbian-neuron;5;[8];372;37200;37200;8.03553e+02;21;1;1;1.00000e+00;1.00000e+00;1.00000e+00;40;9.99944e-01;1.00682e+00;7.15915e-05
nav-lives;me-hebbian-neuron;5;[8];373;37300;37300;8.04390e+02;21;1;1;1.00000e+00;1.00000e+00;1.00000e+00;40;9.99944e-01;1.00682e+00;7.15915e-05
nav-lives;me-hebbian-neuron;5;[8];374;37400;37400;8.05227e+02;21;1;1;1.00000e+00;1.00000e+00;1.00000e+00;40;9.99944e-01;1.00682e+00;7.15915e-05
nav-lives;me-hebbian-neuron;5;[8];375;37500;37500;8.06032e+02;21;1;1;1.00000e+00;1.00000e+00;1.00000e+00;40;9.99944e-01;1.00682e+00;7.15915e-05
nav-lives;me-hebbian-neuron;5;[8];376;37600;37600;8.06808e+02;21;1;1;1.00000e+00;1.00000e+00;1.00000e+00;40;9.99944e-01;1.00682e+00;7.15915e-05
nav-lives;me-freeForm;1;[8];15;1500;1500;8.06522e+02;14;1;1;1.00000e+00;1.00000e+00;1.00000e+00;57;6.40526e-01;6.46751e-01;4.17309e-01
nav-lives;me-hebbian-neuron;5;[8];377;37700;37700;8.08047e+02;21;1;1;1.00000e+00;1.00000e+00;1.00000e+00;40;9.99944e-01;1.00682e+00;7.15915e-05
nav-lives;me-hebbian-neuron;5;[8];378;37800;37800;8.40799e+02;21;1;1;1.00000e+00;1.00000e+00;1.00000e+00;40;9.99944e-01;1.00682e+00;7.15915e-05
nav-lives;me-hebbian-neuron;5;[8];379;37900;37900;8.41743e+02;21;1;1;1.00000e+00;1.00000e+00;1.00000e+00;40;9.99944e-01;1.00682e+00;7.15915e-05
nav-lives;me-hebbian-neuron;5;[8];380;38000;38000;8.42604e+02;21;1;1;1.00000e+00;1.00000e+00;1.00000e+00;40;9.99944e-01;1.00682e+00;7.15915e-05
nav-lives;me-hebbian-neuron;5;[8];381;38100;38100;8.43460e+02;21;1;1;1.00000e+00;1.00000e+00;1.00000e+00;40;9.99944e-01;1.00682e+00;7.15915e-05
nav-lives;me-hebbian-neuron;5;[8];382;38200;38200;8.44330e+02;21;1;1;1.00000e+00;1.00000e+00;1.00000e+00;40;9.99944e-01;1.00682e+00;7.15915e-05
nav-lives;me-hebbian-neuron;5;[8];383;38300;38300;8.45191e+02;21;1;1;1.00000e+00;1.00000e+00;1.00000e+00;40;9.99944e-01;1.00682e+00;7.15915e-05
nav-lives;me-hebbian-neuron;5;[8];384;38400;38400;8.46046e+02;21;1;1;1.00000e+00;1.00000e+00;1.00000e+00;40;9.99944e-01;1.00682e+00;7.15915e-05
nav-lives;me-hebbian-neuron;5;[8];385;38500;38500;8.46892e+02;21;1;1;1.00000e+00;1.00000e+00;1.00000e+00;40;9.99944e-01;1.00682e+00;7.15915e-05
nav-lives;me-hebbian-neuron;5;[8];386;38600;38600;8.47746e+02;21;1;1;1.00000e+00;1.00000e+00;1.00000e+00;40;9.99944e-01;1.00682e+00;7.15915e-05
nav-lives;me-hebbian-neuron;5;[8];387;38700;38700;8.48594e+02;21;1;1;1.00000e+00;1.00000e+00;1.00000e+00;40;9.99944e-01;1.00682e+00;7.15915e-05
nav-lives;me-hebbian-neuron;5;[8];388;38800;38800;8.49458e+02;21;1;1;1.00000e+00;1.00000e+00;1.00000e+00;40;9.99944e-01;1.00682e+00;7.15915e-05
nav-lives;me-hebbian-neuron;5;[8];389;38900;38900;8.50291e+02;21;1;1;1.00000e+00;1.00000e+00;1.00000e+00;40;9.99944e-01;1.00682e+00;7.15915e-05
nav-lives;me-hebbian-neuron;5;[8];390;39000;39000;8.51129e+02;21;1;1;1.00000e+00;1.00000e+00;1.00000e+00;40;9.99944e-01;1.00682e+00;7.15915e-05
nav-lives;me-hebbian-neuron;5;[8];391;39100;39100;8.51961e+02;21;1;1;1.00000e+00;1.00000e+00;1.00000e+00;40;9.99944e-01;1.00682e+00;7.15915e-05
nav-lives;me-hebbian-neuron;5;[8];392;39200;39200;8.52785e+02;21;1;1;1.00000e+00;1.00000e+00;1.00000e+00;40;9.99944e-01;1.00682e+00;7.15915e-05
nav-lives;me-hebbian-neuron;5;[8];393;39300;39300;8.53615e+02;21;1;1;1.00000e+00;1.00000e+00;1.00000e+00;40;9.99944e-01;1.00682e+00;7.15915e-05
nav-lives;me-hebbian-neuron;5;[8];394;39400;39400;8.54451e+02;21;1;1;1.00000e+00;1.00000e+00;1.00000e+00;40;9.99944e-01;1.00682e+00;7.15915e-05
nav-lives;me-hebbian-neuron;5;[8];395;39500;39500;8.55303e+02;21;1;1;1.00000e+00;1.00000e+00;1.00000e+00;40;9.99944e-01;1.00682e+00;7.15915e-05
nav-lives;me-hebbian-neuron;5;[8];396;39600;39600;8.56142e+02;21;1;1;1.00000e+00;1.00000e+00;1.00000e+00;40;9.99944e-01;1.00682e+00;7.15915e-05
nav-lives;me-hebbian-neuron;5;[8];397;39700;39700;8.56926e+02;21;1;1;1.00000e+00;1.00000e+00;1.00000e+00;40;9.99944e-01;1.00682e+00;7.15915e-05
nav-lives;me-hebbian-neuron;5;[8];398;39800;39800;8.57707e+02;21;1;1;1.00000e+00;1.00000e+00;1.00000e+00;40;9.99944e-01;1.00682e+00;7.15915e-05
nav-lives;me-freeForm;1;[8];16;1600;1600;8.57381e+02;14;1;1;1.00000e+00;1.00000e+00;1.00000e+00;57;6.40526e-01;6.46751e-01;4.17309e-01
nav-lives;me-hebbian-neuron;5;[8];399;39900;39900;8.58937e+02;21;1;1;1.00000e+00;1.00000e+00;1.00000e+00;40;9.99958e-01;1.00704e+00;6.46843e-13
nav-lives;me-hebbian-neuron;5;[8];400;40000;40000;8.91882e+02;21;1;1;1.00000e+00;1.00000e+00;1.00000e+00;40;9.99958e-01;1.00704e+00;6.46843e-13
nav-lives;me-freeForm;1;[8];17;1700;1700;9.21931e+02;14;1;1;1.00000e+00;1.00000e+00;1.00000e+00;67;7.32869e-01;7.39582e-01;4.42547e-01
nav-lives;me-freeForm;1;[8];18;1800;1800;9.69910e+02;14;1;1;1.00000e+00;1.00000e+00;1.00000e+00;67;7.32869e-01;7.39582e-01;4.42547e-01
nav-lives;me-freeForm;2;[8];1;100;100;8.15060e+01;2;1;1;1.00000e+00;1.00000e+00;1.00000e+00;7;-6.16432e-03;3.54934e-05;9.58001e-06
nav-lives;me-freeForm;1;[8];19;1900;1900;1.03357e+03;14;1;1;1.00000e+00;1.00000e+00;1.00000e+00;67;7.32869e-01;7.39582e-01;4.42547e-01
nav-lives;me-freeForm;2;[8];2;200;200;1.82778e+02;6;1;1;1.00000e+00;1.00000e+00;1.00000e+00;217;-3.86083e-03;2.60953e-03;2.26293e-04
nav-lives;me-freeForm;1;[8];20;2000;2000;1.09970e+03;14;1;1;1.00000e+00;1.00000e+00;1.00000e+00;67;7.32869e-01;7.39582e-01;4.42547e-01
nav-lives;me-freeForm;2;[8];3;300;300;2.59492e+02;6;1;1;1.00000e+00;1.00000e+00;1.00000e+00;246;-2.24276e-03;3.88562e-03;9.41659e-04
nav-lives;me-freeForm;1;[8];21;2100;2100;1.18462e+03;14;1;1;1.00000e+00;1.00000e+00;1.00000e+00;67;7.32869e-01;7.39582e-01;4.42547e-01
nav-lives;me-freeForm;2;[8];4;400;400;3.44711e+02;7;1;1;1.00000e+00;1.00000e+00;1.00000e+00;247;1.30666e-01;1.36786e-01;2.21867e-01
nav-lives;me-freeForm;1;[8];22;2200;2200;1.26447e+03;14;1;1;1.00000e+00;1.00000e+00;1.00000e+00;67;7.32869e-01;7.39582e-01;4.42547e-01
nav-lives;me-freeForm;2;[8];5;500;500;4.34405e+02;7;1;1;1.00000e+00;1.00000e+00;1.00000e+00;247;1.63558e-01;1.69686e-01;2.36639e-01
nav-lives;me-freeForm;1;[8];23;2300;2300;1.34924e+03;14;1;1;1.00000e+00;1.00000e+00;1.00000e+00;67;7.32869e-01;7.39582e-01;4.42547e-01
nav-lives;me-freeForm;2;[8];6;600;600;5.22347e+02;7;1;1;1.00000e+00;1.00000e+00;1.00000e+00;247;1.63558e-01;1.69686e-01;2.36639e-01
nav-lives;me-freeForm;1;[8];24;2400;2400;1.43674e+03;14;1;1;1.00000e+00;1.00000e+00;1.00000e+00;67;7.32869e-01;7.39582e-01;4.42547e-01
nav-lives;me-freeForm;2;[8];7;700;700;6.09565e+02;8;1;1;1.00000e+00;1.00000e+00;1.00000e+00;247;1.63558e-01;1.69686e-01;2.36639e-01
nav-lives;me-freeForm;1;[8];25;2500;2500;1.52324e+03;14;1;1;1.00000e+00;1.00000e+00;1.00000e+00;67;7.32869e-01;7.39582e-01;4.42547e-01
nav-lives;me-freeForm;2;[8];8;800;800;6.95891e+02;9;1;1;1.00000e+00;1.00000e+00;1.00000e+00;231;4.97332e-01;5.03461e-01;2.33114e-03
nav-lives;me-freeForm;1;[8];26;2600;2600;1.61078e+03;14;1;1;1.00000e+00;1.00000e+00;1.00000e+00;67;7.32869e-01;7.39582e-01;4.42547e-01
nav-lives;me-freeForm;2;[8];9;900;900;7.82647e+02;10;1;1;1.00000e+00;1.00000e+00;1.00000e+00;231;4.97332e-01;5.03461e-01;2.33114e-03
nav-lives;me-freeForm;1;[8];27;2700;2700;1.69791e+03;15;1;1;1.00000e+00;1.00000e+00;1.00000e+00;67;7.32869e-01;7.39582e-01;4.42547e-01
nav-lives;me-freeForm;2;[8];10;1000;1000;8.69863e+02;11;1;1;1.00000e+00;1.00000e+00;1.00000e+00;231;4.97332e-01;5.03461e-01;2.33114e-03
nav-lives;me-freeForm;1;[8];28;2800;2800;1.78255e+03;15;1;1;1.00000e+00;1.00000e+00;1.00000e+00;67;7.32869e-01;7.39582e-01;4.42547e-01
nav-lives;me-freeForm;2;[8];11;1100;1100;9.56694e+02;11;1;1;1.00000e+00;1.00000e+00;1.00000e+00;231;4.97332e-01;5.03461e-01;2.33114e-03
nav-lives;me-freeForm;1;[8];29;2900;2900;1.86863e+03;16;1;1;1.00000e+00;1.00000e+00;1.00000e+00;67;7.32869e-01;7.39582e-01;4.42547e-01
nav-lives;me-freeForm;2;[8];12;1200;1200;1.04283e+03;11;1;1;1.00000e+00;1.00000e+00;1.00000e+00;231;4.97332e-01;5.03461e-01;2.33114e-03
nav-lives;me-freeForm;1;[8];30;3000;3000;1.95668e+03;16;1;1;1.00000e+00;1.00000e+00;1.00000e+00;67;7.32869e-01;7.39582e-01;4.42547e-01
nav-lives;me-freeForm;2;[8];13;1300;1300;1.12929e+03;11;1;1;1.00000e+00;1.00000e+00;1.00000e+00;231;4.97332e-01;5.03461e-01;2.33114e-03
nav-lives;me-freeForm;1;[8];31;3100;3100;2.04304e+03;16;1;1;1.00000e+00;1.00000e+00;1.00000e+00;67;7.32869e-01;7.39582e-01;4.42547e-01
nav-lives;me-freeForm;2;[8];14;1400;1400;1.21603e+03;13;1;1;1.00000e+00;1.00000e+00;1.00000e+00;234;4.98007e-01;5.04136e-01;6.11448e-04
nav-lives;me-freeForm;1;[8];32;3200;3200;2.13039e+03;16;1;1;1.00000e+00;1.00000e+00;1.00000e+00;67;7.32869e-01;7.39582e-01;4.42547e-01
nav-lives;me-freeForm;2;[8];15;1500;1500;1.30354e+03;13;1;1;1.00000e+00;1.00000e+00;1.00000e+00;234;4.98007e-01;5.04136e-01;6.11448e-04
nav-lives;me-freeForm;1;[8];33;3300;3300;2.21557e+03;17;1;1;1.00000e+00;1.00000e+00;1.00000e+00;66;8.83000e-01;8.90004e-01;3.21245e-01
nav-lives;me-freeForm;2;[8];16;1600;1600;1.38945e+03;13;1;1;1.00000e+00;1.00000e+00;1.00000e+00;234;4.98007e-01;5.04136e-01;6.11448e-04
nav-lives;me-freeForm;1;[8];34;3400;3400;2.30388e+03;17;1;1;1.00000e+00;1.00000e+00;1.00000e+00;66;8.83000e-01;8.90004e-01;3.21245e-01
nav-lives;me-freeForm;2;[8];17;1700;1700;1.47443e+03;14;1;1;1.00000e+00;1.00000e+00;1.00000e+00;234;4.98007e-01;5.04136e-01;6.11448e-04
nav-lives;me-freeForm;1;[8];35;3500;3500;2.38923e+03;17;1;1;1.00000e+00;1.00000e+00;1.00000e+00;66;8.83000e-01;8.90004e-01;3.21245e-01
nav-lives;me-freeForm;2;[8];18;1800;1800;1.56076e+03;14;1;1;1.00000e+00;1.00000e+00;1.00000e+00;234;4.98007e-01;5.04136e-01;6.11448e-04
nav-lives;me-freeForm;1;[8];36;3600;3600;2.47335e+03;17;1;1;1.00000e+00;1.00000e+00;1.00000e+00;66;8.83000e-01;8.90004e-01;3.21245e-01
nav-lives;me-freeForm;2;[8];19;1900;1900;1.64656e+03;15;1;1;1.00000e+00;1.00000e+00;1.00000e+00;234;4.98007e-01;5.04136e-01;6.11448e-04
nav-lives;me-freeForm;1;[8];37;3700;3700;2.55996e+03;17;1;1;1.00000e+00;1.00000e+00;1.00000e+00;66;8.83000e-01;8.90004e-01;3.21245e-01
nav-lives;me-freeForm;2;[8];20;2000;2000;1.73188e+03;15;1;1;1.00000e+00;1.00000e+00;1.00000e+00;234;4.98007e-01;5.04136e-01;6.11448e-04
nav-lives;me-freeForm;1;[8];38;3800;3800;2.64623e+03;17;1;1;1.00000e+00;1.00000e+00;1.00000e+00;66;8.83000e-01;8.90004e-01;3.21245e-01
nav-lives;me-freeForm;2;[8];21;2100;2100;1.81760e+03;15;1;1;1.00000e+00;1.00000e+00;1.00000e+00;234;4.98007e-01;5.04136e-01;6.11448e-04
nav-lives;me-freeForm;1;[8];39;3900;3900;2.73217e+03;17;1;1;1.00000e+00;1.00000e+00;1.00000e+00;66;8.83000e-01;8.90004e-01;3.21245e-01
nav-lives;me-freeForm;2;[8];22;2200;2200;1.90367e+03;15;1;1;1.00000e+00;1.00000e+00;1.00000e+00;234;4.98007e-01;5.04136e-01;6.11448e-04
nav-lives;me-freeForm;1;[8];40;4000;4000;2.81755e+03;17;1;1;1.00000e+00;1.00000e+00;1.00000e+00;66;8.83000e-01;8.90004e-01;3.21245e-01
nav-lives;me-freeForm;2;[8];23;2300;2300;1.99062e+03;16;1;1;1.00000e+00;1.00000e+00;1.00000e+00;234;4.98007e-01;5.04136e-01;6.11448e-04
nav-lives;me-freeForm;1;[8];41;4100;4100;2.90367e+03;17;1;1;1.00000e+00;1.00000e+00;1.00000e+00;66;8.83000e-01;8.90004e-01;3.21245e-01
nav-lives;me-freeForm;2;[8];24;2400;2400;2.07752e+03;18;1;1;1.00000e+00;1.00000e+00;1.00000e+00;234;4.98007e-01;5.04136e-01;6.11448e-04
nav-lives;me-freeForm;1;[8];42;4200;4200;2.98888e+03;17;1;1;1.00000e+00;1.00000e+00;1.00000e+00;66;8.83000e-01;8.90004e-01;3.21245e-01
nav-lives;me-freeForm;2;[8];25;2500;2500;2.16447e+03;18;1;1;1.00000e+00;1.00000e+00;1.00000e+00;234;4.98007e-01;5.04136e-01;6.11448e-04
nav-lives;me-freeForm;1;[8];43;4300;4300;3.07638e+03;17;1;1;1.00000e+00;1.00000e+00;1.00000e+00;66;8.83000e-01;8.90004e-01;3.21245e-01
nav-lives;me-freeForm;2;[8];26;2600;2600;2.25031e+03;18;1;1;1.00000e+00;1.00000e+00;1.00000e+00;234;4.98007e-01;5.04136e-01;6.11448e-04
nav-lives;me-freeForm;1;[8];44;4400;4400;3.16355e+03;17;1;1;1.00000e+00;1.00000e+00;1.00000e+00;66;8.83000e-01;8.90004e-01;3.21245e-01
nav-lives;me-freeForm;2;[8];27;2700;2700;2.33736e+03;18;1;1;1.00000e+00;1.00000e+00;1.00000e+00;234;4.98007e-01;5.04136e-01;6.11448e-04
nav-lives;me-freeForm;1;[8];45;4500;4500;3.25010e+03;17;1;1;1.00000e+00;1.00000e+00;1.00000e+00;66;8.83000e-01;8.90004e-01;3.21245e-01
nav-lives;me-freeForm;2;[8];28;2800;2800;2.42305e+03;18;1;1;1.00000e+00;1.00000e+00;1.00000e+00;234;4.98007e-01;5.04136e-01;6.11448e-04
nav-lives;me-freeForm;1;[8];46;4600;4600;3.33850e+03;17;1;1;1.00000e+00;1.00000e+00;1.00000e+00;66;8.83000e-01;8.90004e-01;3.21245e-01
nav-lives;me-freeForm;2;[8];29;2900;2900;2.50919e+03;18;1;1;1.00000e+00;1.00000e+00;1.00000e+00;234;4.98007e-01;5.04136e-01;6.11448e-04
nav-lives;me-freeForm;1;[8];47;4700;4700;3.42288e+03;17;1;1;1.00000e+00;1.00000e+00;1.00000e+00;66;8.83000e-01;8.90004e-01;3.21245e-01
nav-lives;me-freeForm;2;[8];30;3000;3000;2.59561e+03;18;1;1;1.00000e+00;1.00000e+00;1.00000e+00;234;4.98007e-01;5.04136e-01;6.11448e-04
nav-lives;me-freeForm;1;[8];48;4800;4800;3.51136e+03;17;1;1;1.00000e+00;1.00000e+00;1.00000e+00;66;8.83000e-01;8.90004e-01;3.21245e-01
nav-lives;me-freeForm;2;[8];31;3100;3100;2.68306e+03;18;1;1;1.00000e+00;1.00000e+00;1.00000e+00;234;4.98007e-01;5.04136e-01;6.11448e-04
nav-lives;me-freeForm;1;[8];49;4900;4900;3.59609e+03;17;1;1;1.00000e+00;1.00000e+00;1.00000e+00;66;8.83000e-01;8.90004e-01;3.21245e-01
nav-lives;me-freeForm;2;[8];32;3200;3200;2.76823e+03;18;1;1;1.00000e+00;1.00000e+00;1.00000e+00;234;4.98007e-01;5.04136e-01;6.11448e-04
nav-lives;me-freeForm;1;[8];50;5000;5000;3.68454e+03;17;1;1;1.00000e+00;1.00000e+00;1.00000e+00;66;8.83000e-01;8.90004e-01;3.21245e-01
nav-lives;me-freeForm;2;[8];33;3300;3300;2.85514e+03;18;1;1;1.00000e+00;1.00000e+00;1.00000e+00;234;4.98007e-01;5.04136e-01;6.11448e-04
nav-lives;me-freeForm;1;[8];51;5100;5100;3.76877e+03;17;1;1;1.00000e+00;1.00000e+00;1.00000e+00;66;8.83000e-01;8.90004e-01;3.21245e-01
nav-lives;me-freeForm;2;[8];34;3400;3400;2.94220e+03;18;1;1;1.00000e+00;1.00000e+00;1.00000e+00;234;4.98007e-01;5.04136e-01;6.11448e-04
nav-lives;me-freeForm;1;[8];52;5200;5200;3.85508e+03;17;1;1;1.00000e+00;1.00000e+00;1.00000e+00;66;8.83000e-01;8.90004e-01;3.21245e-01
nav-lives;me-freeForm;2;[8];35;3500;3500;3.02863e+03;18;1;1;1.00000e+00;1.00000e+00;1.00000e+00;234;4.98007e-01;5.04136e-01;6.11448e-04
nav-lives;me-freeForm;1;[8];53;5300;5300;3.94468e+03;17;1;1;1.00000e+00;1.00000e+00;1.00000e+00;66;8.83000e-01;8.90004e-01;3.21245e-01
nav-lives;me-freeForm;2;[8];36;3600;3600;3.11525e+03;18;1;1;1.00000e+00;1.00000e+00;1.00000e+00;234;4.98007e-01;5.04136e-01;6.11448e-04
nav-lives;me-freeForm;1;[8];54;5400;5400;4.02929e+03;18;1;1;1.00000e+00;1.00000e+00;1.00000e+00;66;8.83000e-01;8.90004e-01;3.21245e-01
nav-lives;me-freeForm;2;[8];37;3700;3700;3.20255e+03;18;1;1;1.00000e+00;1.00000e+00;1.00000e+00;234;4.98007e-01;5.04136e-01;6.11448e-04
nav-lives;me-freeForm;1;[8];55;5500;5500;4.11373e+03;18;1;1;1.00000e+00;1.00000e+00;1.00000e+00;66;8.83000e-01;8.90004e-01;3.21245e-01
nav-lives;me-freeForm;2;[8];38;3800;3800;3.28868e+03;18;1;1;1.00000e+00;1.00000e+00;1.00000e+00;234;4.98007e-01;5.04136e-01;6.11448e-04
nav-lives;me-freeForm;1;[8];56;5600;5600;4.20355e+03;18;1;1;1.00000e+00;1.00000e+00;1.00000e+00;66;8.83000e-01;8.90004e-01;3.21245e-01
nav-lives;me-freeForm;2;[8];39;3900;3900;3.37430e+03;18;1;1;1.00000e+00;1.00000e+00;1.00000e+00;234;4.98007e-01;5.04136e-01;6.11448e-04
nav-lives;me-freeForm;1;[8];57;5700;5700;4.28831e+03;18;1;1;1.00000e+00;1.00000e+00;1.00000e+00;66;8.83000e-01;8.90004e-01;3.21245e-01
nav-lives;me-freeForm;2;[8];40;4000;4000;3.45993e+03;18;1;1;1.00000e+00;1.00000e+00;1.00000e+00;234;4.98007e-01;5.04136e-01;6.11448e-04
nav-lives;me-freeForm;1;[8];58;5800;5800;4.37409e+03;18;1;1;1.00000e+00;1.00000e+00;1.00000e+00;66;8.83000e-01;8.90004e-01;3.21245e-01
nav-lives;me-freeForm;2;[8];41;4100;4100;3.54544e+03;18;1;1;1.00000e+00;1.00000e+00;1.00000e+00;234;4.98007e-01;5.04136e-01;6.11448e-04
nav-lives;me-freeForm;1;[8];59;5900;5900;4.46198e+03;18;1;1;1.00000e+00;1.00000e+00;1.00000e+00;66;8.83000e-01;8.90004e-01;3.21245e-01
nav-lives;me-freeForm;2;[8];42;4200;4200;3.63223e+03;18;1;1;1.00000e+00;1.00000e+00;1.00000e+00;234;4.98007e-01;5.04136e-01;6.11448e-04
nav-lives;me-freeForm;1;[8];60;6000;6000;4.54542e+03;18;1;1;1.00000e+00;1.00000e+00;1.00000e+00;66;8.83000e-01;8.90004e-01;3.21245e-01
nav-lives;me-freeForm;2;[8];43;4300;4300;3.71825e+03;18;1;1;1.00000e+00;1.00000e+00;1.00000e+00;234;4.98007e-01;5.04136e-01;6.11448e-04
nav-lives;me-freeForm;1;[8];61;6100;6100;4.63596e+03;18;1;1;1.00000e+00;1.00000e+00;1.00000e+00;66;8.83000e-01;8.90004e-01;3.21245e-01
nav-lives;me-freeForm;2;[8];44;4400;4400;3.80463e+03;18;1;1;1.00000e+00;1.00000e+00;1.00000e+00;234;4.98007e-01;5.04136e-01;6.11448e-04
nav-lives;me-freeForm;1;[8];62;6200;6200;4.71957e+03;18;1;1;1.00000e+00;1.00000e+00;1.00000e+00;66;8.83000e-01;8.90004e-01;3.21245e-01
nav-lives;me-freeForm;2;[8];45;4500;4500;3.89129e+03;18;1;1;1.00000e+00;1.00000e+00;1.00000e+00;234;4.98007e-01;5.04136e-01;6.11448e-04
nav-lives;me-freeForm;1;[8];63;6300;6300;4.80457e+03;18;1;1;1.00000e+00;1.00000e+00;1.00000e+00;66;8.83000e-01;8.90004e-01;3.21245e-01
nav-lives;me-freeForm;2;[8];46;4600;4600;3.97780e+03;18;1;1;1.00000e+00;1.00000e+00;1.00000e+00;234;4.98007e-01;5.04136e-01;6.11448e-04
nav-lives;me-freeForm;1;[8];64;6400;6400;4.89290e+03;18;1;1;1.00000e+00;1.00000e+00;1.00000e+00;66;8.83000e-01;8.90004e-01;3.21245e-01
nav-lives;me-freeForm;2;[8];47;4700;4700;4.06402e+03;18;1;1;1.00000e+00;1.00000e+00;1.00000e+00;226;8.40416e-01;8.46695e-01;2.34274e-01
nav-lives;me-freeForm;1;[8];65;6500;6500;4.97988e+03;18;1;1;1.00000e+00;1.00000e+00;1.00000e+00;66;8.83000e-01;8.90004e-01;3.21245e-01
nav-lives;me-freeForm;2;[8];48;4800;4800;4.15069e+03;18;1;1;1.00000e+00;1.00000e+00;1.00000e+00;226;8.40416e-01;8.46695e-01;2.34274e-01
nav-lives;me-freeForm;1;[8];66;6600;6600;5.06368e+03;18;1;1;1.00000e+00;1.00000e+00;1.00000e+00;66;8.83000e-01;8.90004e-01;3.21245e-01
nav-lives;me-freeForm;2;[8];49;4900;4900;4.23810e+03;18;1;1;1.00000e+00;1.00000e+00;1.00000e+00;226;8.40416e-01;8.46695e-01;2.34274e-01
nav-lives;me-freeForm;1;[8];67;6700;6700;5.14883e+03;18;1;1;1.00000e+00;1.00000e+00;1.00000e+00;66;8.83000e-01;8.90004e-01;3.21245e-01
nav-lives;me-freeForm;2;[8];50;5000;5000;4.32353e+03;18;1;1;1.00000e+00;1.00000e+00;1.00000e+00;226;8.40416e-01;8.46695e-01;2.34274e-01
nav-lives;me-freeForm;1;[8];68;6800;6800;5.23698e+03;18;1;1;1.00000e+00;1.00000e+00;1.00000e+00;66;8.83000e-01;8.90004e-01;3.21245e-01
nav-lives;me-freeForm;2;[8];51;5100;5100;4.41088e+03;18;1;1;1.00000e+00;1.00000e+00;1.00000e+00;226;8.40416e-01;8.46695e-01;2.34274e-01
nav-lives;me-freeForm;1;[8];69;6900;6900;5.32295e+03;18;1;1;1.00000e+00;1.00000e+00;1.00000e+00;66;8.83000e-01;8.90004e-01;3.21245e-01
nav-lives;me-freeForm;2;[8];52;5200;5200;4.49641e+03;18;1;1;1.00000e+00;1.00000e+00;1.00000e+00;226;8.40416e-01;8.46695e-01;2.34274e-01
nav-lives;me-freeForm;1;[8];70;7000;7000;5.41090e+03;18;1;1;1.00000e+00;1.00000e+00;1.00000e+00;66;8.83000e-01;8.90004e-01;3.21245e-01
nav-lives;me-freeForm;2;[8];53;5300;5300;4.58351e+03;18;1;1;1.00000e+00;1.00000e+00;1.00000e+00;226;8.40416e-01;8.46695e-01;2.34274e-01
nav-lives;me-freeForm;1;[8];71;7100;7100;5.49805e+03;19;1;1;1.00000e+00;1.00000e+00;1.00000e+00;66;8.83000e-01;8.90004e-01;3.21245e-01
nav-lives;me-freeForm;2;[8];54;5400;5400;4.66883e+03;18;1;1;1.00000e+00;1.00000e+00;1.00000e+00;226;8.40416e-01;8.46695e-01;2.34274e-01
nav-lives;me-freeForm;1;[8];72;7200;7200;5.58379e+03;19;1;1;1.00000e+00;1.00000e+00;1.00000e+00;66;8.83000e-01;8.90004e-01;3.21245e-01
nav-lives;me-freeForm;2;[8];55;5500;5500;4.75568e+03;18;1;1;1.00000e+00;1.00000e+00;1.00000e+00;226;8.40416e-01;8.46695e-01;2.34274e-01
nav-lives;me-freeForm;1;[8];73;7300;7300;5.66924e+03;19;1;1;1.00000e+00;1.00000e+00;1.00000e+00;66;8.83000e-01;8.90004e-01;3.21245e-01
nav-lives;me-freeForm;2;[8];56;5600;5600;4.84179e+03;18;1;1;1.00000e+00;1.00000e+00;1.00000e+00;226;8.40416e-01;8.46695e-01;2.34274e-01
nav-lives;me-freeForm;1;[8];74;7400;7400;5.75521e+03;19;1;1;1.00000e+00;1.00000e+00;1.00000e+00;66;8.83000e-01;8.90004e-01;3.21245e-01
nav-lives;me-freeForm;2;[8];57;5700;5700;4.92794e+03;19;1;1;1.00000e+00;1.00000e+00;1.00000e+00;226;8.40416e-01;8.46695e-01;2.34274e-01
nav-lives;me-freeForm;1;[8];75;7500;7500;5.84228e+03;19;1;1;1.00000e+00;1.00000e+00;1.00000e+00;66;8.83000e-01;8.90004e-01;3.21245e-01
nav-lives;me-freeForm;2;[8];58;5800;5800;5.01324e+03;19;1;1;1.00000e+00;1.00000e+00;1.00000e+00;226;8.40416e-01;8.46695e-01;2.34274e-01
nav-lives;me-freeForm;1;[8];76;7600;7600;5.92935e+03;19;1;1;1.00000e+00;1.00000e+00;1.00000e+00;66;8.83000e-01;8.90004e-01;3.21245e-01
nav-lives;me-freeForm;2;[8];59;5900;5900;5.09986e+03;19;1;1;1.00000e+00;1.00000e+00;1.00000e+00;226;8.40416e-01;8.46695e-01;2.34274e-01
nav-lives;me-freeForm;1;[8];77;7700;7700;6.01400e+03;19;1;1;1.00000e+00;1.00000e+00;1.00000e+00;66;8.83000e-01;8.90004e-01;3.21245e-01
nav-lives;me-freeForm;2;[8];60;6000;6000;5.18629e+03;19;1;1;1.00000e+00;1.00000e+00;1.00000e+00;226;8.40416e-01;8.46695e-01;2.34274e-01
nav-lives;me-freeForm;1;[8];78;7800;7800;6.10080e+03;19;1;1;1.00000e+00;1.00000e+00;1.00000e+00;66;8.83000e-01;8.90004e-01;3.21245e-01
nav-lives;me-freeForm;2;[8];61;6100;6100;5.27158e+03;19;1;1;1.00000e+00;1.00000e+00;1.00000e+00;226;8.40416e-01;8.46695e-01;2.34274e-01
nav-lives;me-freeForm;1;[8];79;7900;7900;6.18783e+03;19;1;1;1.00000e+00;1.00000e+00;1.00000e+00;66;8.83000e-01;8.90004e-01;3.21245e-01
nav-lives;me-freeForm;2;[8];62;6200;6200;5.35832e+03;19;1;1;1.00000e+00;1.00000e+00;1.00000e+00;226;8.40416e-01;8.46695e-01;2.34274e-01
nav-lives;me-freeForm;1;[8];80;8000;8000;6.27298e+03;19;1;1;1.00000e+00;1.00000e+00;1.00000e+00;66;8.83000e-01;8.90004e-01;3.21245e-01
nav-lives;me-freeForm;2;[8];63;6300;6300;5.44431e+03;19;1;1;1.00000e+00;1.00000e+00;1.00000e+00;226;8.40416e-01;8.46695e-01;2.34274e-01
nav-lives;me-freeForm;1;[8];81;8100;8100;6.35922e+03;19;1;1;1.00000e+00;1.00000e+00;1.00000e+00;66;8.83000e-01;8.90004e-01;3.21245e-01
nav-lives;me-freeForm;2;[8];64;6400;6400;5.53103e+03;19;1;1;1.00000e+00;1.00000e+00;1.00000e+00;226;8.40416e-01;8.46695e-01;2.34274e-01
nav-lives;me-freeForm;1;[8];82;8200;8200;6.44360e+03;19;1;1;1.00000e+00;1.00000e+00;1.00000e+00;66;8.83000e-01;8.90004e-01;3.21245e-01
nav-lives;me-freeForm;2;[8];65;6500;6500;5.61747e+03;19;1;1;1.00000e+00;1.00000e+00;1.00000e+00;226;8.40416e-01;8.46695e-01;2.34274e-01
nav-lives;me-freeForm;1;[8];83;8300;8300;6.53187e+03;19;1;1;1.00000e+00;1.00000e+00;1.00000e+00;66;8.83000e-01;8.90004e-01;3.21245e-01
nav-lives;me-freeForm;2;[8];66;6600;6600;5.70279e+03;19;1;1;1.00000e+00;1.00000e+00;1.00000e+00;226;8.40416e-01;8.46695e-01;2.34274e-01
nav-lives;me-freeForm;1;[8];84;8400;8400;6.61731e+03;19;1;1;1.00000e+00;1.00000e+00;1.00000e+00;66;8.83000e-01;8.90004e-01;3.21245e-01
nav-lives;me-freeForm;2;[8];67;6700;6700;5.78797e+03;19;1;1;1.00000e+00;1.00000e+00;1.00000e+00;226;8.40416e-01;8.46695e-01;2.34274e-01
nav-lives;me-freeForm;1;[8];85;8500;8500;6.70361e+03;19;1;1;1.00000e+00;1.00000e+00;1.00000e+00;66;8.83000e-01;8.90004e-01;3.21245e-01
nav-lives;me-freeForm;2;[8];68;6800;6800;5.87461e+03;19;1;1;1.00000e+00;1.00000e+00;1.00000e+00;226;8.40416e-01;8.46695e-01;2.34274e-01
nav-lives;me-freeForm;1;[8];86;8600;8600;6.78955e+03;19;1;1;1.00000e+00;1.00000e+00;1.00000e+00;66;8.83000e-01;8.90004e-01;3.21245e-01
nav-lives;me-freeForm;2;[8];69;6900;6900;5.96130e+03;19;1;1;1.00000e+00;1.00000e+00;1.00000e+00;226;8.40416e-01;8.46695e-01;2.34274e-01
nav-lives;me-freeForm;1;[8];87;8700;8700;6.87527e+03;19;1;1;1.00000e+00;1.00000e+00;1.00000e+00;66;8.83000e-01;8.90004e-01;3.21245e-01
nav-lives;me-freeForm;2;[8];70;7000;7000;6.04660e+03;19;1;1;1.00000e+00;1.00000e+00;1.00000e+00;226;8.40416e-01;8.46695e-01;2.34274e-01
nav-lives;me-freeForm;1;[8];88;8800;8800;6.96254e+03;19;1;1;1.00000e+00;1.00000e+00;1.00000e+00;66;8.83000e-01;8.90004e-01;3.21245e-01
nav-lives;me-freeForm;2;[8];71;7100;7100;6.13276e+03;19;1;1;1.00000e+00;1.00000e+00;1.00000e+00;226;8.40416e-01;8.46695e-01;2.34274e-01
nav-lives;me-freeForm;1;[8];89;8900;8900;7.04801e+03;19;1;1;1.00000e+00;1.00000e+00;1.00000e+00;66;8.83000e-01;8.90004e-01;3.21245e-01
nav-lives;me-freeForm;2;[8];72;7200;7200;6.21850e+03;19;1;1;1.00000e+00;1.00000e+00;1.00000e+00;226;8.40416e-01;8.46695e-01;2.34274e-01
nav-lives;me-freeForm;1;[8];90;9000;9000;7.13376e+03;19;1;1;1.00000e+00;1.00000e+00;1.00000e+00;66;8.83000e-01;8.90004e-01;3.21245e-01
nav-lives;me-freeForm;2;[8];73;7300;7300;6.30400e+03;19;1;1;1.00000e+00;1.00000e+00;1.00000e+00;226;8.40416e-01;8.46695e-01;2.34274e-01
nav-lives;me-freeForm;1;[8];91;9100;9100;7.21965e+03;19;1;1;1.00000e+00;1.00000e+00;1.00000e+00;66;8.83000e-01;8.90004e-01;3.21245e-01
nav-lives;me-freeForm;2;[8];74;7400;7400;6.39094e+03;19;1;1;1.00000e+00;1.00000e+00;1.00000e+00;226;8.40416e-01;8.46695e-01;2.34274e-01
nav-lives;me-freeForm;1;[8];92;9200;9200;7.30471e+03;19;1;1;1.00000e+00;1.00000e+00;1.00000e+00;66;8.83000e-01;8.90004e-01;3.21245e-01
nav-lives;me-freeForm;2;[8];75;7500;7500;6.47636e+03;19;1;1;1.00000e+00;1.00000e+00;1.00000e+00;226;8.40416e-01;8.46695e-01;2.34274e-01
nav-lives;me-freeForm;1;[8];93;9300;9300;7.39197e+03;19;1;1;1.00000e+00;1.00000e+00;1.00000e+00;66;8.83000e-01;8.90004e-01;3.21245e-01
nav-lives;me-freeForm;2;[8];76;7600;7600;6.56198e+03;19;1;1;1.00000e+00;1.00000e+00;1.00000e+00;226;8.40416e-01;8.46695e-01;2.34274e-01
nav-lives;me-freeForm;1;[8];94;9400;9400;7.47675e+03;19;1;1;1.00000e+00;1.00000e+00;1.00000e+00;66;8.83000e-01;8.90004e-01;3.21245e-01
nav-lives;me-freeForm;2;[8];77;7700;7700;6.64683e+03;19;1;1;1.00000e+00;1.00000e+00;1.00000e+00;226;8.40416e-01;8.46695e-01;2.34274e-01
nav-lives;me-freeForm;1;[8];95;9500;9500;7.56118e+03;19;1;1;1.00000e+00;1.00000e+00;1.00000e+00;66;8.83000e-01;8.90004e-01;3.21245e-01
nav-lives;me-freeForm;2;[8];78;7800;7800;6.73243e+03;19;1;1;1.00000e+00;1.00000e+00;1.00000e+00;226;8.40416e-01;8.46695e-01;2.34274e-01
nav-lives;me-freeForm;1;[8];96;9600;9600;7.64804e+03;19;1;1;1.00000e+00;1.00000e+00;1.00000e+00;66;8.83000e-01;8.90004e-01;3.21245e-01
nav-lives;me-freeForm;2;[8];79;7900;7900;6.81840e+03;19;1;1;1.00000e+00;1.00000e+00;1.00000e+00;226;8.40416e-01;8.46695e-01;2.34274e-01
nav-lives;me-freeForm;1;[8];97;9700;9700;7.73202e+03;19;1;1;1.00000e+00;1.00000e+00;1.00000e+00;66;8.83000e-01;8.90004e-01;3.21245e-01
nav-lives;me-freeForm;2;[8];80;8000;8000;6.90421e+03;19;1;1;1.00000e+00;1.00000e+00;1.00000e+00;226;8.40416e-01;8.46695e-01;2.34274e-01
nav-lives;me-freeForm;1;[8];98;9800;9800;7.81739e+03;19;1;1;1.00000e+00;1.00000e+00;1.00000e+00;66;8.83000e-01;8.90004e-01;3.21245e-01
nav-lives;me-freeForm;2;[8];81;8100;8100;6.98936e+03;19;1;1;1.00000e+00;1.00000e+00;1.00000e+00;226;8.40416e-01;8.46695e-01;2.34274e-01
nav-lives;me-freeForm;1;[8];99;9900;9900;7.90375e+03;19;1;1;1.00000e+00;1.00000e+00;1.00000e+00;66;8.83000e-01;8.90004e-01;3.21245e-01
nav-lives;me-freeForm;2;[8];82;8200;8200;7.07378e+03;19;1;1;1.00000e+00;1.00000e+00;1.00000e+00;226;8.40416e-01;8.46695e-01;2.34274e-01
nav-lives;me-freeForm;1;[8];100;10000;10000;7.98837e+03;19;1;1;1.00000e+00;1.00000e+00;1.00000e+00;66;8.83000e-01;8.90004e-01;3.21245e-01
nav-lives;me-freeForm;2;[8];83;8300;8300;7.15988e+03;19;1;1;1.00000e+00;1.00000e+00;1.00000e+00;226;8.40416e-01;8.46695e-01;2.34274e-01
nav-lives;me-freeForm;1;[8];101;10100;10100;8.07335e+03;19;1;1;1.00000e+00;1.00000e+00;1.00000e+00;66;8.83000e-01;8.90004e-01;3.21245e-01
nav-lives;me-freeForm;2;[8];84;8400;8400;7.24470e+03;19;1;1;1.00000e+00;1.00000e+00;1.00000e+00;226;8.40416e-01;8.46695e-01;2.34274e-01
nav-lives;me-freeForm;1;[8];102;10200;10200;8.16115e+03;19;1;1;1.00000e+00;1.00000e+00;1.00000e+00;66;8.83000e-01;8.90004e-01;3.21245e-01
nav-lives;me-freeForm;2;[8];85;8500;8500;7.33021e+03;19;1;1;1.00000e+00;1.00000e+00;1.00000e+00;226;8.40416e-01;8.46695e-01;2.34274e-01
nav-lives;me-freeForm;1;[8];103;10300;10300;8.24530e+03;19;1;1;1.00000e+00;1.00000e+00;1.00000e+00;66;8.83000e-01;8.90004e-01;3.21245e-01
nav-lives;me-freeForm;2;[8];86;8600;8600;7.41588e+03;19;1;1;1.00000e+00;1.00000e+00;1.00000e+00;226;8.40416e-01;8.46695e-01;2.34274e-01
nav-lives;me-freeForm;1;[8];104;10400;10400;8.33075e+03;19;1;1;1.00000e+00;1.00000e+00;1.00000e+00;66;8.83000e-01;8.90004e-01;3.21245e-01
nav-lives;me-freeForm;2;[8];87;8700;8700;7.50165e+03;19;1;1;1.00000e+00;1.00000e+00;1.00000e+00;226;8.40416e-01;8.46695e-01;2.34274e-01
nav-lives;me-freeForm;1;[8];105;10500;10500;8.41844e+03;19;1;1;1.00000e+00;1.00000e+00;1.00000e+00;66;8.83000e-01;8.90004e-01;3.21245e-01
nav-lives;me-freeForm;2;[8];88;8800;8800;7.58813e+03;19;1;1;1.00000e+00;1.00000e+00;1.00000e+00;226;8.40416e-01;8.46695e-01;2.34274e-01
nav-lives;me-freeForm;1;[8];106;10600;10600;8.50177e+03;19;1;1;1.00000e+00;1.00000e+00;1.00000e+00;66;8.83000e-01;8.90004e-01;3.21245e-01
nav-lives;me-freeForm;2;[8];89;8900;8900;7.67500e+03;19;1;1;1.00000e+00;1.00000e+00;1.00000e+00;226;8.40416e-01;8.46695e-01;2.34274e-01
nav-lives;me-freeForm;1;[8];107;10700;10700;8.58878e+03;19;1;1;1.00000e+00;1.00000e+00;1.00000e+00;66;8.83000e-01;8.90004e-01;3.21245e-01
nav-lives;me-freeForm;2;[8];90;9000;9000;7.76076e+03;19;1;1;1.00000e+00;1.00000e+00;1.00000e+00;226;8.40416e-01;8.46695e-01;2.34274e-01
nav-lives;me-freeForm;1;[8];108;10800;10800;8.67339e+03;19;1;1;1.00000e+00;1.00000e+00;1.00000e+00;66;8.83000e-01;8.90004e-01;3.21245e-01
nav-lives;me-freeForm;2;[8];91;9100;9100;7.84649e+03;19;1;1;1.00000e+00;1.00000e+00;1.00000e+00;226;8.40416e-01;8.46695e-01;2.34274e-01
nav-lives;me-freeForm;1;[8];109;10900;10900;8.76140e+03;19;1;1;1.00000e+00;1.00000e+00;1.00000e+00;66;8.83000e-01;8.90004e-01;3.21245e-01
nav-lives;me-freeForm;2;[8];92;9200;9200;7.93310e+03;19;1;1;1.00000e+00;1.00000e+00;1.00000e+00;226;8.40416e-01;8.46695e-01;2.34274e-01
nav-lives;me-freeForm;1;[8];110;11000;11000;8.84333e+03;20;1;1;1.00000e+00;1.00000e+00;1.00000e+00;66;8.83000e-01;8.90004e-01;3.21245e-01
nav-lives;me-freeForm;2;[8];93;9300;9300;8.01914e+03;20;1;1;1.00000e+00;1.00000e+00;1.00000e+00;226;8.40416e-01;8.46695e-01;2.34274e-01
nav-lives;me-freeForm;1;[8];111;11100;11100;8.93268e+03;20;1;1;1.00000e+00;1.00000e+00;1.00000e+00;66;8.83000e-01;8.90004e-01;3.21245e-01
nav-lives;me-freeForm;2;[8];94;9400;9400;8.10377e+03;20;1;1;1.00000e+00;1.00000e+00;1.00000e+00;226;8.40416e-01;8.46695e-01;2.34274e-01
nav-lives;me-freeForm;1;[8];112;11200;11200;9.01932e+03;20;1;1;1.00000e+00;1.00000e+00;1.00000e+00;66;8.83000e-01;8.90004e-01;3.21245e-01
nav-lives;me-freeForm;2;[8];95;9500;9500;8.19175e+03;20;1;1;1.00000e+00;1.00000e+00;1.00000e+00;226;8.40416e-01;8.46695e-01;2.34274e-01
nav-lives;me-freeForm;1;[8];113;11300;11300;9.10270e+03;20;1;1;1.00000e+00;1.00000e+00;1.00000e+00;66;8.83000e-01;8.90004e-01;3.21245e-01
nav-lives;me-freeForm;2;[8];96;9600;9600;8.27856e+03;20;1;1;1.00000e+00;1.00000e+00;1.00000e+00;226;8.40416e-01;8.46695e-01;2.34274e-01
nav-lives;me-freeForm;1;[8];114;11400;11400;9.18883e+03;20;1;1;1.00000e+00;1.00000e+00;1.00000e+00;66;8.83000e-01;8.90004e-01;3.21245e-01
nav-lives;me-freeForm;2;[8];97;9700;9700;8.36410e+03;20;1;1;1.00000e+00;1.00000e+00;1.00000e+00;226;8.40416e-01;8.46695e-01;2.34274e-01
nav-lives;me-freeForm;1;[8];115;11500;11500;9.27810e+03;20;1;1;1.00000e+00;1.00000e+00;1.00000e+00;66;8.83000e-01;8.90004e-01;3.21245e-01
nav-lives;me-freeForm;2;[8];98;9800;9800;8.44996e+03;20;1;1;1.00000e+00;1.00000e+00;1.00000e+00;226;8.40416e-01;8.46695e-01;2.34274e-01
nav-lives;me-freeForm;1;[8];116;11600;11600;9.36349e+03;20;1;1;1.00000e+00;1.00000e+00;1.00000e+00;66;8.83000e-01;8.90004e-01;3.21245e-01
nav-lives;me-freeForm;2;[8];99;9900;9900;8.53592e+03;20;1;1;1.00000e+00;1.00000e+00;1.00000e+00;226;8.40416e-01;8.46695e-01;2.34274e-01
nav-lives;me-freeForm;1;[8];117;11700;11700;9.44924e+03;20;1;1;1.00000e+00;1.00000e+00;1.00000e+00;66;8.83000e-01;8.90004e-01;3.21245e-01
nav-lives;me-freeForm;2;[8];100;10000;10000;8.62287e+03;20;1;1;1.00000e+00;1.00000e+00;1.00000e+00;226;8.40416e-01;8.46695e-01;2.34274e-01
nav-lives;me-freeForm;1;[8];118;11800;11800;9.53640e+03;20;1;1;1.00000e+00;1.00000e+00;1.00000e+00;66;8.83000e-01;8.90004e-01;3.21245e-01
nav-lives;me-freeForm;2;[8];101;10100;10100;8.70818e+03;20;1;1;1.00000e+00;1.00000e+00;1.00000e+00;226;8.40416e-01;8.46695e-01;2.34274e-01
nav-lives;me-freeForm;1;[8];119;11900;11900;9.62400e+03;20;1;1;1.00000e+00;1.00000e+00;1.00000e+00;66;8.83000e-01;8.90004e-01;3.21245e-01
nav-lives;me-freeForm;2;[8];102;10200;10200;8.79508e+03;20;1;1;1.00000e+00;1.00000e+00;1.00000e+00;226;8.40416e-01;8.46695e-01;2.34274e-01
nav-lives;me-freeForm;1;[8];120;12000;12000;9.70902e+03;20;1;1;1.00000e+00;1.00000e+00;1.00000e+00;66;8.83000e-01;8.90004e-01;3.21245e-01
nav-lives;me-freeForm;2;[8];103;10300;10300;8.88224e+03;20;1;1;1.00000e+00;1.00000e+00;1.00000e+00;226;8.40416e-01;8.46695e-01;2.34274e-01
nav-lives;me-freeForm;1;[8];121;12100;12100;9.79529e+03;20;1;1;1.00000e+00;1.00000e+00;1.00000e+00;66;8.83000e-01;8.90004e-01;3.21245e-01
nav-lives;me-freeForm;2;[8];104;10400;10400;8.96822e+03;20;1;1;1.00000e+00;1.00000e+00;1.00000e+00;226;8.40416e-01;8.46695e-01;2.34274e-01
nav-lives;me-freeForm;1;[8];122;12200;12200;9.88153e+03;20;1;1;1.00000e+00;1.00000e+00;1.00000e+00;66;8.83000e-01;8.90004e-01;3.21245e-01
nav-lives;me-freeForm;2;[8];105;10500;10500;9.05385e+03;20;1;1;1.00000e+00;1.00000e+00;1.00000e+00;226;8.40416e-01;8.46695e-01;2.34274e-01
nav-lives;me-freeForm;1;[8];123;12300;12300;9.96945e+03;20;1;1;1.00000e+00;1.00000e+00;1.00000e+00;66;8.83000e-01;8.90004e-01;3.21245e-01
nav-lives;me-freeForm;2;[8];106;10600;10600;9.14033e+03;20;1;1;1.00000e+00;1.00000e+00;1.00000e+00;226;8.40416e-01;8.46695e-01;2.34274e-01
nav-lives;me-freeForm;1;[8];124;12400;12400;1.00571e+04;20;1;1;1.00000e+00;1.00000e+00;1.00000e+00;66;8.83000e-01;8.90004e-01;3.21245e-01
nav-lives;me-freeForm;2;[8];107;10700;10700;9.22724e+03;20;1;1;1.00000e+00;1.00000e+00;1.00000e+00;226;8.40416e-01;8.46695e-01;2.34274e-01
nav-lives;me-freeForm;1;[8];125;12500;12500;1.01416e+04;20;1;1;1.00000e+00;1.00000e+00;1.00000e+00;66;8.83000e-01;8.90004e-01;3.21245e-01
nav-lives;me-freeForm;2;[8];108;10800;10800;9.31333e+03;20;1;1;1.00000e+00;1.00000e+00;1.00000e+00;226;8.40416e-01;8.46695e-01;2.34274e-01
nav-lives;me-freeForm;1;[8];126;12600;12600;1.02286e+04;20;1;1;1.00000e+00;1.00000e+00;1.00000e+00;66;8.83000e-01;8.90004e-01;3.21245e-01
nav-lives;me-freeForm;2;[8];109;10900;10900;9.40078e+03;20;1;1;1.00000e+00;1.00000e+00;1.00000e+00;226;8.40416e-01;8.46695e-01;2.34274e-01
nav-lives;me-freeForm;1;[8];127;12700;12700;1.03138e+04;20;1;1;1.00000e+00;1.00000e+00;1.00000e+00;66;8.83000e-01;8.90004e-01;3.21245e-01
nav-lives;me-freeForm;2;[8];110;11000;11000;9.48759e+03;20;1;1;1.00000e+00;1.00000e+00;1.00000e+00;226;8.40416e-01;8.46695e-01;2.34274e-01
nav-lives;me-freeForm;1;[8];128;12800;12800;1.04016e+04;20;1;1;1.00000e+00;1.00000e+00;1.00000e+00;73;9.99773e-01;1.00678e+00;5.20435e-04
nav-lives;me-freeForm;2;[8];111;11100;11100;9.57387e+03;20;1;1;1.00000e+00;1.00000e+00;1.00000e+00;226;8.40416e-01;8.46695e-01;2.34274e-01
nav-lives;me-freeForm;1;[8];129;12900;12900;1.04874e+04;20;1;1;1.00000e+00;1.00000e+00;1.00000e+00;73;9.99773e-01;1.00678e+00;5.20435e-04
nav-lives;me-freeForm;2;[8];112;11200;11200;9.66172e+03;20;1;1;1.00000e+00;1.00000e+00;1.00000e+00;226;8.40416e-01;8.46695e-01;2.34274e-01
nav-lives;me-freeForm;1;[8];130;13000;13000;1.05742e+04;20;1;1;1.00000e+00;1.00000e+00;1.00000e+00;73;9.99773e-01;1.00678e+00;5.20435e-04
nav-lives;me-freeForm;2;[8];113;11300;11300;9.74776e+03;20;1;1;1.00000e+00;1.00000e+00;1.00000e+00;226;8.40416e-01;8.46695e-01;2.34274e-01
nav-lives;me-freeForm;1;[8];131;13100;13100;1.06608e+04;20;1;1;1.00000e+00;1.00000e+00;1.00000e+00;73;9.99773e-01;1.00678e+00;5.20435e-04
nav-lives;me-freeForm;2;[8];114;11400;11400;9.83422e+03;20;1;1;1.00000e+00;1.00000e+00;1.00000e+00;226;8.40416e-01;8.46695e-01;2.34274e-01
nav-lives;me-freeForm;1;[8];132;13200;13200;1.07472e+04;20;1;1;1.00000e+00;1.00000e+00;1.00000e+00;73;9.99773e-01;1.00678e+00;5.20435e-04
nav-lives;me-freeForm;2;[8];115;11500;11500;9.92101e+03;20;1;1;1.00000e+00;1.00000e+00;1.00000e+00;226;8.40416e-01;8.46695e-01;2.34274e-01
nav-lives;me-freeForm;1;[8];133;13300;13300;1.08335e+04;20;1;1;1.00000e+00;1.00000e+00;1.00000e+00;73;9.99773e-01;1.00678e+00;5.20435e-04
nav-lives;me-freeForm;2;[8];116;11600;11600;1.00067e+04;20;1;1;1.00000e+00;1.00000e+00;1.00000e+00;226;8.40416e-01;8.46695e-01;2.34274e-01
nav-lives;me-freeForm;1;[8];134;13400;13400;1.09201e+04;20;1;1;1.00000e+00;1.00000e+00;1.00000e+00;73;9.99773e-01;1.00678e+00;5.20435e-04
nav-lives;me-freeForm;2;[8];117;11700;11700;1.00921e+04;20;1;1;1.00000e+00;1.00000e+00;1.00000e+00;226;8.40416e-01;8.46695e-01;2.34274e-01
nav-lives;me-freeForm;1;[8];135;13500;13500;1.10050e+04;20;1;1;1.00000e+00;1.00000e+00;1.00000e+00;73;9.99773e-01;1.00678e+00;5.20435e-04
nav-lives;me-freeForm;2;[8];118;11800;11800;1.01787e+04;20;1;1;1.00000e+00;1.00000e+00;1.00000e+00;226;8.40416e-01;8.46695e-01;2.34274e-01
nav-lives;me-freeForm;1;[8];136;13600;13600;1.10927e+04;20;1;1;1.00000e+00;1.00000e+00;1.00000e+00;73;9.99773e-01;1.00678e+00;5.20435e-04
nav-lives;me-freeForm;2;[8];119;11900;11900;1.02662e+04;20;1;1;1.00000e+00;1.00000e+00;1.00000e+00;226;8.40416e-01;8.46695e-01;2.34274e-01
nav-lives;me-freeForm;1;[8];137;13700;13700;1.11809e+04;20;1;1;1.00000e+00;1.00000e+00;1.00000e+00;73;9.99773e-01;1.00678e+00;5.20435e-04
nav-lives;me-freeForm;2;[8];120;12000;12000;1.03525e+04;20;1;1;1.00000e+00;1.00000e+00;1.00000e+00;226;8.40416e-01;8.46695e-01;2.34274e-01
nav-lives;me-freeForm;1;[8];138;13800;13800;1.12666e+04;20;1;1;1.00000e+00;1.00000e+00;1.00000e+00;73;9.99773e-01;1.00678e+00;5.20435e-04
nav-lives;me-freeForm;2;[8];121;12100;12100;1.04384e+04;20;1;1;1.00000e+00;1.00000e+00;1.00000e+00;226;8.40416e-01;8.46695e-01;2.34274e-01
nav-lives;me-freeForm;1;[8];139;13900;13900;1.13544e+04;20;1;1;1.00000e+00;1.00000e+00;1.00000e+00;73;9.99773e-01;1.00678e+00;5.20435e-04
nav-lives;me-freeForm;2;[8];122;12200;12200;1.05256e+04;20;1;1;1.00000e+00;1.00000e+00;1.00000e+00;226;8.40416e-01;8.46695e-01;2.34274e-01
nav-lives;me-freeForm;1;[8];140;14000;14000;1.14395e+04;20;1;1;1.00000e+00;1.00000e+00;1.00000e+00;73;9.99773e-01;1.00678e+00;5.20435e-04
nav-lives;me-freeForm;2;[8];123;12300;12300;1.06130e+04;20;1;1;1.00000e+00;1.00000e+00;1.00000e+00;226;8.40416e-01;8.46695e-01;2.34274e-01
nav-lives;me-freeForm;1;[8];141;14100;14100;1.15263e+04;20;1;1;1.00000e+00;1.00000e+00;1.00000e+00;73;9.99773e-01;1.00678e+00;5.20435e-04
nav-lives;me-freeForm;2;[8];124;12400;12400;1.06996e+04;20;1;1;1.00000e+00;1.00000e+00;1.00000e+00;226;8.40416e-01;8.46695e-01;2.34274e-01
nav-lives;me-freeForm;1;[8];142;14200;14200;1.16138e+04;20;1;1;1.00000e+00;1.00000e+00;1.00000e+00;73;9.99773e-01;1.00678e+00;5.20435e-04
nav-lives;me-freeForm;2;[8];125;12500;12500;1.07867e+04;20;1;1;1.00000e+00;1.00000e+00;1.00000e+00;226;8.40416e-01;8.46695e-01;2.34274e-01
nav-lives;me-freeForm;1;[8];143;14300;14300;1.17005e+04;20;1;1;1.00000e+00;1.00000e+00;1.00000e+00;73;9.99773e-01;1.00678e+00;5.20435e-04
nav-lives;me-freeForm;2;[8];126;12600;12600;1.08734e+04;20;1;1;1.00000e+00;1.00000e+00;1.00000e+00;226;8.40416e-01;8.46695e-01;2.34274e-01
nav-lives;me-freeForm;1;[8];144;14400;14400;1.17878e+04;20;1;1;1.00000e+00;1.00000e+00;1.00000e+00;73;9.99773e-01;1.00678e+00;5.20435e-04
nav-lives;me-freeForm;2;[8];127;12700;12700;1.09602e+04;20;1;1;1.00000e+00;1.00000e+00;1.00000e+00;226;8.40416e-01;8.46695e-01;2.34274e-01
nav-lives;me-freeForm;1;[8];145;14500;14500;1.18720e+04;20;1;1;1.00000e+00;1.00000e+00;1.00000e+00;73;9.99773e-01;1.00678e+00;5.20435e-04
nav-lives;me-freeForm;2;[8];128;12800;12800;1.10469e+04;20;1;1;1.00000e+00;1.00000e+00;1.00000e+00;226;8.40416e-01;8.46695e-01;2.34274e-01
nav-lives;me-freeForm;1;[8];146;14600;14600;1.19610e+04;20;1;1;1.00000e+00;1.00000e+00;1.00000e+00;73;9.99773e-01;1.00678e+00;5.20435e-04
nav-lives;me-freeForm;2;[8];129;12900;12900;1.11330e+04;20;1;1;1.00000e+00;1.00000e+00;1.00000e+00;226;8.40416e-01;8.46695e-01;2.34274e-01
nav-lives;me-freeForm;1;[8];147;14700;14700;1.20462e+04;20;1;1;1.00000e+00;1.00000e+00;1.00000e+00;73;9.99773e-01;1.00678e+00;5.20435e-04
nav-lives;me-freeForm;2;[8];130;13000;13000;1.12208e+04;20;1;1;1.00000e+00;1.00000e+00;1.00000e+00;226;8.40416e-01;8.46695e-01;2.34274e-01
nav-lives;me-freeForm;1;[8];148;14800;14800;1.21323e+04;20;1;1;1.00000e+00;1.00000e+00;1.00000e+00;73;9.99773e-01;1.00678e+00;5.20435e-04
nav-lives;me-freeForm;2;[8];131;13100;13100;1.13071e+04;20;1;1;1.00000e+00;1.00000e+00;1.00000e+00;226;8.40416e-01;8.46695e-01;2.34274e-01
nav-lives;me-freeForm;1;[8];149;14900;14900;1.22205e+04;20;1;1;1.00000e+00;1.00000e+00;1.00000e+00;73;9.99773e-01;1.00678e+00;5.20435e-04
nav-lives;me-freeForm;2;[8];132;13200;13200;1.13939e+04;20;1;1;1.00000e+00;1.00000e+00;1.00000e+00;225;9.99609e-01;1.00613e+00;9.96518e-04
nav-lives;me-freeForm;1;[8];150;15000;15000;1.23069e+04;20;1;1;1.00000e+00;1.00000e+00;1.00000e+00;73;9.99773e-01;1.00678e+00;5.20435e-04
nav-lives;me-freeForm;2;[8];133;13300;13300;1.14809e+04;20;1;1;1.00000e+00;1.00000e+00;1.00000e+00;225;9.99609e-01;1.00613e+00;9.96518e-04
nav-lives;me-freeForm;1;[8];151;15100;15100;1.23911e+04;20;1;1;1.00000e+00;1.00000e+00;1.00000e+00;73;9.99773e-01;1.00678e+00;5.20435e-04
nav-lives;me-freeForm;2;[8];134;13400;13400;1.15677e+04;20;1;1;1.00000e+00;1.00000e+00;1.00000e+00;225;9.99609e-01;1.00613e+00;9.96518e-04
nav-lives;me-freeForm;1;[8];152;15200;15200;1.24785e+04;20;1;1;1.00000e+00;1.00000e+00;1.00000e+00;73;9.99773e-01;1.00678e+00;5.20435e-04
nav-lives;me-freeForm;2;[8];135;13500;13500;1.16532e+04;20;1;1;1.00000e+00;1.00000e+00;1.00000e+00;225;9.99609e-01;1.00613e+00;9.96518e-04
nav-lives;me-freeForm;1;[8];153;15300;15300;1.25664e+04;20;1;1;1.00000e+00;1.00000e+00;1.00000e+00;73;9.99773e-01;1.00678e+00;5.20435e-04
nav-lives;me-freeForm;2;[8];136;13600;13600;1.17396e+04;20;1;1;1.00000e+00;1.00000e+00;1.00000e+00;225;9.99609e-01;1.00613e+00;9.96518e-04
nav-lives;me-freeForm;1;[8];154;15400;15400;1.26517e+04;20;1;1;1.00000e+00;1.00000e+00;1.00000e+00;73;9.99773e-01;1.00678e+00;5.20435e-04
nav-lives;me-freeForm;2;[8];137;13700;13700;1.18250e+04;20;1;1;1.00000e+00;1.00000e+00;1.00000e+00;225;9.99609e-01;1.00613e+00;9.96518e-04
nav-lives;me-freeForm;1;[8];155;15500;15500;1.27409e+04;20;1;1;1.00000e+00;1.00000e+00;1.00000e+00;73;9.99773e-01;1.00678e+00;5.20435e-04
nav-lives;me-freeForm;2;[8];138;13800;13800;1.19126e+04;20;1;1;1.00000e+00;1.00000e+00;1.00000e+00;225;9.99609e-01;1.00613e+00;9.96518e-04
nav-lives;me-freeForm;1;[8];156;15600;15600;1.28254e+04;20;1;1;1.00000e+00;1.00000e+00;1.00000e+00;73;9.99773e-01;1.00678e+00;5.20435e-04
nav-lives;me-freeForm;2;[8];139;13900;13900;1.19983e+04;20;1;1;1.00000e+00;1.00000e+00;1.00000e+00;225;9.99609e-01;1.00613e+00;9.96518e-04
nav-lives;me-freeForm;1;[8];157;15700;15700;1.29130e+04;20;1;1;1.00000e+00;1.00000e+00;1.00000e+00;73;9.99773e-01;1.00678e+00;5.20435e-04
nav-lives;me-freeForm;2;[8];140;14000;14000;1.20847e+04;20;1;1;1.00000e+00;1.00000e+00;1.00000e+00;225;9.99609e-01;1.00613e+00;9.96518e-04
nav-lives;me-freeForm;1;[8];158;15800;15800;1.30001e+04;20;1;1;1.00000e+00;1.00000e+00;1.00000e+00;73;9.99773e-01;1.00678e+00;5.20435e-04
nav-lives;me-freeForm;2;[8];141;14100;14100;1.21725e+04;20;1;1;1.00000e+00;1.00000e+00;1.00000e+00;225;9.99609e-01;1.00613e+00;9.96518e-04
nav-lives;me-freeForm;1;[8];159;15900;15900;1.30851e+04;20;1;1;1.00000e+00;1.00000e+00;1.00000e+00;73;9.99773e-01;1.00678e+00;5.20435e-04
nav-lives;me-freeForm;2;[8];142;14200;14200;1.22587e+04;20;1;1;1.00000e+00;1.00000e+00;1.00000e+00;225;9.99609e-01;1.00613e+00;9.96518e-04
nav-lives;me-freeForm;1;[8];160;16000;16000;1.31751e+04;20;1;1;1.00000e+00;1.00000e+00;1.00000e+00;73;9.99773e-01;1.00678e+00;5.20435e-04
nav-lives;me-freeForm;2;[8];143;14300;14300;1.23446e+04;20;1;1;1.00000e+00;1.00000e+00;1.00000e+00;225;9.99609e-01;1.00613e+00;9.96518e-04
nav-lives;me-freeForm;1;[8];161;16100;16100;1.32590e+04;20;1;1;1.00000e+00;1.00000e+00;1.00000e+00;73;9.99773e-01;1.00678e+00;5.20435e-04
nav-lives;me-freeForm;2;[8];144;14400;14400;1.24312e+04;20;1;1;1.00000e+00;1.00000e+00;1.00000e+00;225;9.99609e-01;1.00613e+00;9.96518e-04
nav-lives;me-freeForm;1;[8];162;16200;16200;1.33464e+04;20;1;1;1.00000e+00;1.00000e+00;1.00000e+00;73;9.99773e-01;1.00678e+00;5.20435e-04
nav-lives;me-freeForm;2;[8];145;14500;14500;1.25183e+04;20;1;1;1.00000e+00;1.00000e+00;1.00000e+00;225;9.99609e-01;1.00613e+00;9.96518e-04
nav-lives;me-freeForm;1;[8];163;16300;16300;1.34326e+04;20;1;1;1.00000e+00;1.00000e+00;1.00000e+00;73;9.99773e-01;1.00678e+00;5.20435e-04
nav-lives;me-freeForm;2;[8];146;14600;14600;1.26056e+04;20;1;1;1.00000e+00;1.00000e+00;1.00000e+00;225;9.99609e-01;1.00613e+00;9.96518e-04
nav-lives;me-freeForm;1;[8];164;16400;16400;1.35179e+04;20;1;1;1.00000e+00;1.00000e+00;1.00000e+00;73;9.99773e-01;1.00678e+00;5.20435e-04
nav-lives;me-freeForm;2;[8];147;14700;14700;1.26918e+04;20;1;1;1.00000e+00;1.00000e+00;1.00000e+00;225;9.99609e-01;1.00613e+00;9.96518e-04
nav-lives;me-freeForm;1;[8];165;16500;16500;1.36044e+04;20;1;1;1.00000e+00;1.00000e+00;1.00000e+00;73;9.99773e-01;1.00678e+00;5.20435e-04
nav-lives;me-freeForm;2;[8];148;14800;14800;1.27778e+04;20;1;1;1.00000e+00;1.00000e+00;1.00000e+00;225;9.99609e-01;1.00613e+00;9.96518e-04
nav-lives;me-freeForm;1;[8];166;16600;16600;1.36920e+04;20;1;1;1.00000e+00;1.00000e+00;1.00000e+00;73;9.99773e-01;1.00678e+00;5.20435e-04
nav-lives;me-freeForm;2;[8];149;14900;14900;1.28641e+04;20;1;1;1.00000e+00;1.00000e+00;1.00000e+00;225;9.99609e-01;1.00613e+00;9.96518e-04
nav-lives;me-freeForm;1;[8];167;16700;16700;1.37791e+04;20;1;1;1.00000e+00;1.00000e+00;1.00000e+00;73;9.99773e-01;1.00678e+00;5.20435e-04
nav-lives;me-freeForm;2;[8];150;15000;15000;1.29516e+04;20;1;1;1.00000e+00;1.00000e+00;1.00000e+00;225;9.99609e-01;1.00613e+00;9.96518e-04
nav-lives;me-freeForm;1;[8];168;16800;16800;1.38654e+04;20;1;1;1.00000e+00;1.00000e+00;1.00000e+00;73;9.99773e-01;1.00678e+00;5.20435e-04
nav-lives;me-freeForm;2;[8];151;15100;15100;1.30387e+04;20;1;1;1.00000e+00;1.00000e+00;1.00000e+00;225;9.99609e-01;1.00613e+00;9.96518e-04
nav-lives;me-freeForm;1;[8];169;16900;16900;1.39506e+04;20;1;1;1.00000e+00;1.00000e+00;1.00000e+00;73;9.99773e-01;1.00678e+00;5.20435e-04
nav-lives;me-freeForm;2;[8];152;15200;15200;1.31248e+04;20;1;1;1.00000e+00;1.00000e+00;1.00000e+00;225;9.99609e-01;1.00613e+00;9.96518e-04
nav-lives;me-freeForm;1;[8];170;17000;17000;1.40401e+04;20;1;1;1.00000e+00;1.00000e+00;1.00000e+00;73;9.99773e-01;1.00678e+00;5.20435e-04
nav-lives;me-freeForm;2;[8];153;15300;15300;1.32115e+04;20;1;1;1.00000e+00;1.00000e+00;1.00000e+00;225;9.99609e-01;1.00613e+00;9.96518e-04
nav-lives;me-freeForm;1;[8];171;17100;17100;1.41245e+04;20;1;1;1.00000e+00;1.00000e+00;1.00000e+00;73;9.99773e-01;1.00678e+00;5.20435e-04
nav-lives;me-freeForm;2;[8];154;15400;15400;1.32988e+04;20;1;1;1.00000e+00;1.00000e+00;1.00000e+00;225;9.99609e-01;1.00613e+00;9.96518e-04
nav-lives;me-freeForm;1;[8];172;17200;17200;1.42106e+04;20;1;1;1.00000e+00;1.00000e+00;1.00000e+00;73;9.99773e-01;1.00678e+00;5.20435e-04
nav-lives;me-freeForm;2;[8];155;15500;15500;1.33842e+04;20;1;1;1.00000e+00;1.00000e+00;1.00000e+00;225;9.99609e-01;1.00613e+00;9.96518e-04
nav-lives;me-freeForm;1;[8];173;17300;17300;1.42997e+04;20;1;1;1.00000e+00;1.00000e+00;1.00000e+00;73;9.99773e-01;1.00678e+00;5.20435e-04
nav-lives;me-freeForm;2;[8];156;15600;15600;1.34720e+04;20;1;1;1.00000e+00;1.00000e+00;1.00000e+00;225;9.99609e-01;1.00613e+00;9.96518e-04
nav-lives;me-freeForm;1;[8];174;17400;17400;1.43838e+04;20;1;1;1.00000e+00;1.00000e+00;1.00000e+00;73;9.99773e-01;1.00678e+00;5.20435e-04
nav-lives;me-freeForm;2;[8];157;15700;15700;1.35577e+04;20;1;1;1.00000e+00;1.00000e+00;1.00000e+00;225;9.99609e-01;1.00613e+00;9.96518e-04
nav-lives;me-freeForm;1;[8];175;17500;17500;1.44727e+04;20;1;1;1.00000e+00;1.00000e+00;1.00000e+00;73;9.99773e-01;1.00678e+00;5.20435e-04
nav-lives;me-freeForm;2;[8];158;15800;15800;1.36451e+04;20;1;1;1.00000e+00;1.00000e+00;1.00000e+00;225;9.99609e-01;1.00613e+00;9.96518e-04
nav-lives;me-freeForm;1;[8];176;17600;17600;1.45578e+04;20;1;1;1.00000e+00;1.00000e+00;1.00000e+00;73;9.99773e-01;1.00678e+00;5.20435e-04
nav-lives;me-freeForm;2;[8];159;15900;15900;1.37316e+04;20;1;1;1.00000e+00;1.00000e+00;1.00000e+00;225;9.99609e-01;1.00613e+00;9.96518e-04
nav-lives;me-freeForm;1;[8];177;17700;17700;1.46462e+04;20;1;1;1.00000e+00;1.00000e+00;1.00000e+00;73;9.99773e-01;1.00678e+00;5.20435e-04
nav-lives;me-freeForm;2;[8];160;16000;16000;1.38194e+04;20;1;1;1.00000e+00;1.00000e+00;1.00000e+00;225;9.99609e-01;1.00613e+00;9.96518e-04
nav-lives;me-freeForm;1;[8];178;17800;17800;1.47305e+04;20;1;1;1.00000e+00;1.00000e+00;1.00000e+00;73;9.99857e-01;1.00686e+00;7.26818e-04
nav-lives;me-freeForm;2;[8];161;16100;16100;1.39069e+04;20;1;1;1.00000e+00;1.00000e+00;1.00000e+00;225;9.99609e-01;1.00613e+00;9.96518e-04
nav-lives;me-freeForm;1;[8];179;17900;17900;1.48178e+04;20;1;1;1.00000e+00;1.00000e+00;1.00000e+00;73;9.99857e-01;1.00686e+00;7.26818e-04
nav-lives;me-freeForm;2;[8];162;16200;16200;1.39933e+04;20;1;1;1.00000e+00;1.00000e+00;1.00000e+00;225;9.99609e-01;1.00613e+00;9.96518e-04
nav-lives;me-freeForm;1;[8];180;18000;18000;1.49045e+04;20;1;1;1.00000e+00;1.00000e+00;1.00000e+00;73;9.99857e-01;1.00686e+00;7.26818e-04
nav-lives;me-freeForm;2;[8];163;16300;16300;1.40785e+04;20;1;1;1.00000e+00;1.00000e+00;1.00000e+00;225;9.99609e-01;1.00613e+00;9.96518e-04
nav-lives;me-freeForm;1;[8];181;18100;18100;1.49930e+04;20;1;1;1.00000e+00;1.00000e+00;1.00000e+00;73;9.99857e-01;1.00686e+00;7.26818e-04
nav-lives;me-freeForm;2;[8];164;16400;16400;1.41649e+04;20;1;1;1.00000e+00;1.00000e+00;1.00000e+00;225;9.99609e-01;1.00613e+00;9.96518e-04
nav-lives;me-freeForm;1;[8];182;18200;18200;1.50799e+04;20;1;1;1.00000e+00;1.00000e+00;1.00000e+00;73;9.99857e-01;1.00686e+00;7.26818e-04
nav-lives;me-freeForm;2;[8];165;16500;16500;1.42518e+04;20;1;1;1.00000e+00;1.00000e+00;1.00000e+00;225;9.99609e-01;1.00613e+00;9.96518e-04
nav-lives;me-freeForm;1;[8];183;18300;18300;1.51654e+04;20;1;1;1.00000e+00;1.00000e+00;1.00000e+00;73;9.99857e-01;1.00686e+00;7.26818e-04
nav-lives;me-freeForm;2;[8];166;16600;16600;1.43383e+04;21;1;1;1.00000e+00;1.00000e+00;1.00000e+00;225;9.99609e-01;1.00613e+00;9.96518e-04
nav-lives;me-freeForm;1;[8];184;18400;18400;1.52531e+04;20;1;1;1.00000e+00;1.00000e+00;1.00000e+00;73;9.99857e-01;1.00686e+00;7.26818e-04
nav-lives;me-freeForm;2;[8];167;16700;16700;1.44270e+04;21;1;1;1.00000e+00;1.00000e+00;1.00000e+00;225;9.99609e-01;1.00613e+00;9.96518e-04
nav-lives;me-freeForm;1;[8];185;18500;18500;1.53361e+04;20;1;1;1.00000e+00;1.00000e+00;1.00000e+00;73;9.99857e-01;1.00686e+00;7.26818e-04
nav-lives;me-freeForm;2;[8];168;16800;16800;1.45146e+04;21;1;1;1.00000e+00;1.00000e+00;1.00000e+00;225;9.99609e-01;1.00613e+00;9.96518e-04
nav-lives;me-freeForm;1;[8];186;18600;18600;1.54230e+04;20;1;1;1.00000e+00;1.00000e+00;1.00000e+00;73;9.99857e-01;1.00686e+00;7.26818e-04
nav-lives;me-freeForm;2;[8];169;16900;16900;1.45995e+04;21;1;1;1.00000e+00;1.00000e+00;1.00000e+00;225;9.99609e-01;1.00613e+00;9.96518e-04
nav-lives;me-freeForm;1;[8];187;18700;18700;1.55114e+04;20;1;1;1.00000e+00;1.00000e+00;1.00000e+00;73;9.99857e-01;1.00686e+00;7.26818e-04
nav-lives;me-freeForm;2;[8];170;17000;17000;1.46860e+04;21;1;1;1.00000e+00;1.00000e+00;1.00000e+00;225;9.99609e-01;1.00613e+00;9.96518e-04
nav-lives;me-freeForm;1;[8];188;18800;18800;1.55998e+04;20;1;1;1.00000e+00;1.00000e+00;1.00000e+00;73;9.99857e-01;1.00686e+00;7.26818e-04
nav-lives;me-freeForm;2;[8];171;17100;17100;1.47718e+04;21;1;1;1.00000e+00;1.00000e+00;1.00000e+00;225;9.99609e-01;1.00613e+00;9.96518e-04
nav-lives;me-freeForm;1;[8];189;18900;18900;1.56873e+04;20;1;1;1.00000e+00;1.00000e+00;1.00000e+00;73;9.99857e-01;1.00686e+00;7.26818e-04
nav-lives;me-freeForm;2;[8];172;17200;17200;1.48596e+04;21;1;1;1.00000e+00;1.00000e+00;1.00000e+00;225;9.99609e-01;1.00613e+00;9.96518e-04
nav-lives;me-freeForm;1;[8];190;19000;19000;1.57707e+04;20;1;1;1.00000e+00;1.00000e+00;1.00000e+00;73;9.99857e-01;1.00686e+00;7.26818e-04
nav-lives;me-freeForm;2;[8];173;17300;17300;1.49468e+04;21;1;1;1.00000e+00;1.00000e+00;1.00000e+00;225;9.99609e-01;1.00613e+00;9.96518e-04
nav-lives;me-freeForm;1;[8];191;19100;19100;1.58614e+04;20;1;1;1.00000e+00;1.00000e+00;1.00000e+00;73;9.99857e-01;1.00686e+00;7.26818e-04
nav-lives;me-freeForm;2;[8];174;17400;17400;1.50332e+04;21;1;1;1.00000e+00;1.00000e+00;1.00000e+00;225;9.99609e-01;1.00613e+00;9.96518e-04
nav-lives;me-freeForm;1;[8];192;19200;19200;1.59455e+04;20;1;1;1.00000e+00;1.00000e+00;1.00000e+00;73;9.99857e-01;1.00686e+00;7.26818e-04
nav-lives;me-freeForm;2;[8];175;17500;17500;1.51197e+04;21;1;1;1.00000e+00;1.00000e+00;1.00000e+00;225;9.99609e-01;1.00613e+00;9.96518e-04
nav-lives;me-freeForm;1;[8];193;19300;19300;1.60332e+04;20;1;1;1.00000e+00;1.00000e+00;1.00000e+00;73;9.99857e-01;1.00686e+00;7.26818e-04
nav-lives;me-freeForm;2;[8];176;17600;17600;1.52052e+04;21;1;1;1.00000e+00;1.00000e+00;1.00000e+00;225;9.99609e-01;1.00613e+00;9.96518e-04
nav-lives;me-freeForm;1;[8];194;19400;19400;1.61216e+04;20;1;1;1.00000e+00;1.00000e+00;1.00000e+00;73;9.99857e-01;1.00686e+00;7.26818e-04
nav-lives;me-freeForm;2;[8];177;17700;17700;1.52929e+04;21;1;1;1.00000e+00;1.00000e+00;1.00000e+00;225;9.99609e-01;1.00613e+00;9.96518e-04
nav-lives;me-freeForm;1;[8];195;19500;19500;1.62049e+04;20;1;1;1.00000e+00;1.00000e+00;1.00000e+00;73;9.99857e-01;1.00686e+00;7.26818e-04
nav-lives;me-freeForm;2;[8];178;17800;17800;1.53798e+04;21;1;1;1.00000e+00;1.00000e+00;1.00000e+00;225;9.99609e-01;1.00613e+00;9.96518e-04
nav-lives;me-freeForm;1;[8];196;19600;19600;1.62963e+04;20;1;1;1.00000e+00;1.00000e+00;1.00000e+00;73;9.99857e-01;1.00686e+00;7.26818e-04
nav-lives;me-freeForm;2;[8];179;17900;17900;1.54662e+04;21;1;1;1.00000e+00;1.00000e+00;1.00000e+00;225;9.99609e-01;1.00613e+00;9.96518e-04
nav-lives;me-freeForm;1;[8];197;19700;19700;1.63804e+04;20;1;1;1.00000e+00;1.00000e+00;1.00000e+00;73;9.99857e-01;1.00686e+00;7.26818e-04
nav-lives;me-freeForm;2;[8];180;18000;18000;1.55522e+04;21;1;1;1.00000e+00;1.00000e+00;1.00000e+00;225;9.99609e-01;1.00613e+00;9.96518e-04
nav-lives;me-freeForm;1;[8];198;19800;19800;1.64684e+04;20;1;1;1.00000e+00;1.00000e+00;1.00000e+00;73;9.99857e-01;1.00686e+00;7.26818e-04
nav-lives;me-freeForm;2;[8];181;18100;18100;1.56391e+04;21;1;1;1.00000e+00;1.00000e+00;1.00000e+00;225;9.99609e-01;1.00613e+00;9.96518e-04
nav-lives;me-freeForm;1;[8];199;19900;19900;1.65526e+04;20;1;1;1.00000e+00;1.00000e+00;1.00000e+00;73;9.99857e-01;1.00686e+00;7.26818e-04
nav-lives;me-freeForm;2;[8];182;18200;18200;1.57264e+04;21;1;1;1.00000e+00;1.00000e+00;1.00000e+00;225;9.99609e-01;1.00613e+00;9.96518e-04
nav-lives;me-freeForm;1;[8];200;20000;20000;1.66402e+04;20;1;1;1.00000e+00;1.00000e+00;1.00000e+00;73;9.99857e-01;1.00686e+00;7.26818e-04
nav-lives;me-freeForm;2;[8];183;18300;18300;1.58135e+04;21;1;1;1.00000e+00;1.00000e+00;1.00000e+00;225;9.99609e-01;1.00613e+00;9.96518e-04
nav-lives;me-freeForm;1;[8];201;20100;20100;1.67280e+04;20;1;1;1.00000e+00;1.00000e+00;1.00000e+00;73;9.99857e-01;1.00686e+00;7.26818e-04
nav-lives;me-freeForm;2;[8];184;18400;18400;1.59001e+04;21;1;1;1.00000e+00;1.00000e+00;1.00000e+00;225;9.99609e-01;1.00613e+00;9.96518e-04
nav-lives;me-freeForm;1;[8];202;20200;20200;1.68152e+04;20;1;1;1.00000e+00;1.00000e+00;1.00000e+00;73;9.99857e-01;1.00686e+00;7.26818e-04
nav-lives;me-freeForm;2;[8];185;18500;18500;1.59879e+04;21;1;1;1.00000e+00;1.00000e+00;1.00000e+00;225;9.99609e-01;1.00613e+00;9.96518e-04
nav-lives;me-freeForm;1;[8];203;20300;20300;1.69009e+04;20;1;1;1.00000e+00;1.00000e+00;1.00000e+00;73;9.99857e-01;1.00686e+00;7.26818e-04
nav-lives;me-freeForm;2;[8];186;18600;18600;1.60757e+04;21;1;1;1.00000e+00;1.00000e+00;1.00000e+00;225;9.99609e-01;1.00613e+00;9.96518e-04
nav-lives;me-freeForm;1;[8];204;20400;20400;1.69879e+04;20;1;1;1.00000e+00;1.00000e+00;1.00000e+00;73;9.99857e-01;1.00686e+00;7.26818e-04
nav-lives;me-freeForm;2;[8];187;18700;18700;1.61634e+04;21;1;1;1.00000e+00;1.00000e+00;1.00000e+00;225;9.99609e-01;1.00613e+00;9.96518e-04
nav-lives;me-freeForm;1;[8];205;20500;20500;1.70750e+04;20;1;1;1.00000e+00;1.00000e+00;1.00000e+00;73;9.99857e-01;1.00686e+00;7.26818e-04
nav-lives;me-freeForm;2;[8];188;18800;18800;1.62486e+04;21;1;1;1.00000e+00;1.00000e+00;1.00000e+00;225;9.99609e-01;1.00613e+00;9.96518e-04
nav-lives;me-freeForm;1;[8];206;20600;20600;1.71625e+04;20;1;1;1.00000e+00;1.00000e+00;1.00000e+00;73;9.99857e-01;1.00686e+00;7.26818e-04
nav-lives;me-freeForm;2;[8];189;18900;18900;1.63369e+04;21;1;1;1.00000e+00;1.00000e+00;1.00000e+00;225;9.99609e-01;1.00613e+00;9.96518e-04
nav-lives;me-freeForm;1;[8];207;20700;20700;1.72483e+04;20;1;1;1.00000e+00;1.00000e+00;1.00000e+00;73;9.99857e-01;1.00686e+00;7.26818e-04
nav-lives;me-freeForm;2;[8];190;19000;19000;1.64236e+04;21;1;1;1.00000e+00;1.00000e+00;1.00000e+00;225;9.99609e-01;1.00613e+00;9.96518e-04
nav-lives;me-freeForm;1;[8];208;20800;20800;1.73361e+04;20;1;1;1.00000e+00;1.00000e+00;1.00000e+00;73;9.99857e-01;1.00686e+00;7.26818e-04
nav-lives;me-freeForm;2;[8];191;19100;19100;1.65107e+04;21;1;1;1.00000e+00;1.00000e+00;1.00000e+00;225;9.99609e-01;1.00613e+00;9.96518e-04
nav-lives;me-freeForm;1;[8];209;20900;20900;1.74225e+04;20;1;1;1.00000e+00;1.00000e+00;1.00000e+00;73;9.99857e-01;1.00686e+00;7.26818e-04
nav-lives;me-freeForm;2;[8];192;19200;19200;1.65965e+04;21;1;1;1.00000e+00;1.00000e+00;1.00000e+00;225;9.99609e-01;1.00613e+00;9.96518e-04
nav-lives;me-freeForm;1;[8];210;21000;21000;1.75099e+04;20;1;1;1.00000e+00;1.00000e+00;1.00000e+00;73;9.99857e-01;1.00686e+00;7.26818e-04
nav-lives;me-freeForm;2;[8];193;19300;19300;1.66831e+04;21;1;1;1.00000e+00;1.00000e+00;1.00000e+00;225;9.99609e-01;1.00613e+00;9.96518e-04
nav-lives;me-freeForm;1;[8];211;21100;21100;1.75953e+04;20;1;1;1.00000e+00;1.00000e+00;1.00000e+00;73;9.99857e-01;1.00686e+00;7.26818e-04
nav-lives;me-freeForm;2;[8];194;19400;19400;1.67707e+04;21;1;1;1.00000e+00;1.00000e+00;1.00000e+00;225;9.99609e-01;1.00613e+00;9.96518e-04
nav-lives;me-freeForm;1;[8];212;21200;21200;1.76828e+04;20;1;1;1.00000e+00;1.00000e+00;1.00000e+00;70;9.99862e-01;1.00687e+00;5.39523e-04
nav-lives;me-freeForm;2;[8];195;19500;19500;1.68573e+04;21;1;1;1.00000e+00;1.00000e+00;1.00000e+00;225;9.99609e-01;1.00613e+00;9.96518e-04
nav-lives;me-freeForm;1;[8];213;21300;21300;1.77693e+04;20;1;1;1.00000e+00;1.00000e+00;1.00000e+00;70;9.99862e-01;1.00687e+00;5.39523e-04
nav-lives;me-freeForm;2;[8];196;19600;19600;1.69449e+04;21;1;1;1.00000e+00;1.00000e+00;1.00000e+00;225;9.99609e-01;1.00613e+00;9.96518e-04
nav-lives;me-freeForm;1;[8];214;21400;21400;1.78554e+04;20;1;1;1.00000e+00;1.00000e+00;1.00000e+00;70;9.99862e-01;1.00687e+00;5.39523e-04
nav-lives;me-freeForm;2;[8];197;19700;19700;1.70315e+04;21;1;1;1.00000e+00;1.00000e+00;1.00000e+00;240;9.99682e-01;1.00581e+00;8.40111e-04
nav-lives;me-freeForm;1;[8];215;21500;21500;1.79434e+04;20;1;1;1.00000e+00;1.00000e+00;1.00000e+00;70;9.99862e-01;1.00687e+00;5.39523e-04
nav-lives;me-freeForm;2;[8];198;19800;19800;1.71177e+04;21;1;1;1.00000e+00;1.00000e+00;1.00000e+00;240;9.99682e-01;1.00581e+00;8.40111e-04
nav-lives;me-freeForm;1;[8];216;21600;21600;1.80308e+04;20;1;1;1.00000e+00;1.00000e+00;1.00000e+00;70;9.99862e-01;1.00687e+00;5.39523e-04
nav-lives;me-freeForm;2;[8];199;19900;19900;1.72039e+04;21;1;1;1.00000e+00;1.00000e+00;1.00000e+00;240;9.99682e-01;1.00581e+00;8.40111e-04
nav-lives;me-freeForm;1;[8];217;21700;21700;1.81176e+04;20;1;1;1.00000e+00;1.00000e+00;1.00000e+00;70;9.99862e-01;1.00687e+00;5.39523e-04
nav-lives;me-freeForm;2;[8];200;20000;20000;1.72899e+04;21;1;1;1.00000e+00;1.00000e+00;1.00000e+00;240;9.99682e-01;1.00581e+00;8.40111e-04
nav-lives;me-freeForm;1;[8];218;21800;21800;1.82041e+04;20;1;1;1.00000e+00;1.00000e+00;1.00000e+00;70;9.99862e-01;1.00687e+00;5.39523e-04
nav-lives;me-freeForm;2;[8];201;20100;20100;1.73779e+04;21;1;1;1.00000e+00;1.00000e+00;1.00000e+00;240;9.99682e-01;1.00581e+00;8.40111e-04
nav-lives;me-freeForm;1;[8];219;21900;21900;1.82907e+04;20;1;1;1.00000e+00;1.00000e+00;1.00000e+00;70;9.99862e-01;1.00687e+00;5.39523e-04
nav-lives;me-freeForm;2;[8];202;20200;20200;1.74653e+04;21;1;1;1.00000e+00;1.00000e+00;1.00000e+00;240;9.99682e-01;1.00581e+00;8.40111e-04
nav-lives;me-freeForm;1;[8];220;22000;22000;1.83776e+04;20;1;1;1.00000e+00;1.00000e+00;1.00000e+00;70;9.99862e-01;1.00687e+00;5.39523e-04
nav-lives;me-freeForm;2;[8];203;20300;20300;1.75524e+04;21;1;1;1.00000e+00;1.00000e+00;1.00000e+00;240;9.99682e-01;1.00581e+00;8.40111e-04
nav-lives;me-freeForm;1;[8];221;22100;22100;1.84649e+04;20;1;1;1.00000e+00;1.00000e+00;1.00000e+00;70;9.99862e-01;1.00687e+00;5.39523e-04
nav-lives;me-freeForm;2;[8];204;20400;20400;1.76390e+04;21;1;1;1.00000e+00;1.00000e+00;1.00000e+00;240;9.99682e-01;1.00581e+00;8.40111e-04
nav-lives;me-freeForm;1;[8];222;22200;22200;1.85542e+04;20;1;1;1.00000e+00;1.00000e+00;1.00000e+00;70;9.99862e-01;1.00687e+00;5.39523e-04
nav-lives;me-freeForm;2;[8];205;20500;20500;1.77253e+04;21;1;1;1.00000e+00;1.00000e+00;1.00000e+00;240;9.99682e-01;1.00581e+00;8.40111e-04
nav-lives;me-freeForm;1;[8];223;22300;22300;1.86389e+04;20;1;1;1.00000e+00;1.00000e+00;1.00000e+00;70;9.99862e-01;1.00687e+00;5.39523e-04
nav-lives;me-freeForm;2;[8];206;20600;20600;1.78128e+04;21;1;1;1.00000e+00;1.00000e+00;1.00000e+00;240;9.99682e-01;1.00581e+00;8.40111e-04
nav-lives;me-freeForm;1;[8];224;22400;22400;1.87245e+04;20;1;1;1.00000e+00;1.00000e+00;1.00000e+00;70;9.99862e-01;1.00687e+00;5.39523e-04
nav-lives;me-freeForm;2;[8];207;20700;20700;1.78997e+04;21;1;1;1.00000e+00;1.00000e+00;1.00000e+00;240;9.99682e-01;1.00581e+00;8.40111e-04
nav-lives;me-freeForm;1;[8];225;22500;22500;1.88137e+04;20;1;1;1.00000e+00;1.00000e+00;1.00000e+00;70;9.99862e-01;1.00687e+00;5.39523e-04
nav-lives;me-freeForm;2;[8];208;20800;20800;1.79878e+04;21;1;1;1.00000e+00;1.00000e+00;1.00000e+00;240;9.99682e-01;1.00581e+00;8.40111e-04
nav-lives;me-freeForm;1;[8];226;22600;22600;1.88985e+04;20;1;1;1.00000e+00;1.00000e+00;1.00000e+00;70;9.99862e-01;1.00687e+00;5.39523e-04
nav-lives;me-freeForm;2;[8];209;20900;20900;1.80741e+04;21;1;1;1.00000e+00;1.00000e+00;1.00000e+00;240;9.99682e-01;1.00581e+00;8.40111e-04
nav-lives;me-freeForm;1;[8];227;22700;22700;1.89893e+04;20;1;1;1.00000e+00;1.00000e+00;1.00000e+00;70;9.99862e-01;1.00687e+00;5.39523e-04
nav-lives;me-freeForm;2;[8];210;21000;21000;1.81596e+04;21;1;1;1.00000e+00;1.00000e+00;1.00000e+00;240;9.99682e-01;1.00581e+00;8.40111e-04
nav-lives;me-freeForm;1;[8];228;22800;22800;1.90762e+04;20;1;1;1.00000e+00;1.00000e+00;1.00000e+00;70;9.99862e-01;1.00687e+00;5.39523e-04
nav-lives;me-freeForm;2;[8];211;21100;21100;1.82469e+04;21;1;1;1.00000e+00;1.00000e+00;1.00000e+00;240;9.99682e-01;1.00581e+00;8.40111e-04
nav-lives;me-freeForm;1;[8];229;22900;22900;1.91607e+04;20;1;1;1.00000e+00;1.00000e+00;1.00000e+00;70;9.99862e-01;1.00687e+00;5.39523e-04
nav-lives;me-freeForm;2;[8];212;21200;21200;1.83348e+04;21;1;1;1.00000e+00;1.00000e+00;1.00000e+00;240;9.99682e-01;1.00581e+00;8.40111e-04
nav-lives;me-freeForm;1;[8];230;23000;23000;1.92472e+04;20;1;1;1.00000e+00;1.00000e+00;1.00000e+00;70;9.99862e-01;1.00687e+00;5.39523e-04
nav-lives;me-freeForm;2;[8];213;21300;21300;1.84208e+04;21;1;1;1.00000e+00;1.00000e+00;1.00000e+00;240;9.99682e-01;1.00581e+00;8.40111e-04
nav-lives;me-freeForm;1;[8];231;23100;23100;1.93362e+04;20;1;1;1.00000e+00;1.00000e+00;1.00000e+00;70;9.99862e-01;1.00687e+00;5.39523e-04
nav-lives;me-freeForm;2;[8];214;21400;21400;1.85074e+04;21;1;1;1.00000e+00;1.00000e+00;1.00000e+00;240;9.99682e-01;1.00581e+00;8.40111e-04
nav-lives;me-freeForm;1;[8];232;23200;23200;1.94218e+04;20;1;1;1.00000e+00;1.00000e+00;1.00000e+00;70;9.99862e-01;1.00687e+00;5.39523e-04
nav-lives;me-freeForm;2;[8];215;21500;21500;1.85964e+04;21;1;1;1.00000e+00;1.00000e+00;1.00000e+00;240;9.99682e-01;1.00581e+00;8.40111e-04
nav-lives;me-freeForm;1;[8];233;23300;23300;1.95069e+04;20;1;1;1.00000e+00;1.00000e+00;1.00000e+00;70;9.99862e-01;1.00687e+00;5.39523e-04
nav-lives;me-freeForm;2;[8];216;21600;21600;1.86834e+04;21;1;1;1.00000e+00;1.00000e+00;1.00000e+00;240;9.99682e-01;1.00581e+00;8.40111e-04
nav-lives;me-freeForm;1;[8];234;23400;23400;1.95961e+04;20;1;1;1.00000e+00;1.00000e+00;1.00000e+00;70;9.99862e-01;1.00687e+00;5.39523e-04
nav-lives;me-freeForm;2;[8];217;21700;21700;1.87709e+04;21;1;1;1.00000e+00;1.00000e+00;1.00000e+00;260;9.99753e-01;1.00581e+00;8.13135e-04
nav-lives;me-freeForm;1;[8];235;23500;23500;1.96807e+04;20;1;1;1.00000e+00;1.00000e+00;1.00000e+00;70;9.99862e-01;1.00687e+00;5.39523e-04
nav-lives;me-freeForm;2;[8];218;21800;21800;1.88564e+04;21;1;1;1.00000e+00;1.00000e+00;1.00000e+00;260;9.99753e-01;1.00581e+00;8.13135e-04
nav-lives;me-freeForm;1;[8];236;23600;23600;1.97714e+04;20;1;1;1.00000e+00;1.00000e+00;1.00000e+00;70;9.99862e-01;1.00687e+00;5.39523e-04
nav-lives;me-freeForm;2;[8];219;21900;21900;1.89443e+04;21;1;1;1.00000e+00;1.00000e+00;1.00000e+00;260;9.99753e-01;1.00581e+00;8.13135e-04
nav-lives;me-freeForm;1;[8];237;23700;23700;1.98542e+04;20;1;1;1.00000e+00;1.00000e+00;1.00000e+00;70;9.99862e-01;1.00687e+00;5.39523e-04
nav-lives;me-freeForm;2;[8];220;22000;22000;1.90313e+04;21;1;1;1.00000e+00;1.00000e+00;1.00000e+00;260;9.99753e-01;1.00581e+00;8.13135e-04
nav-lives;me-freeForm;1;[8];238;23800;23800;1.99421e+04;20;1;1;1.00000e+00;1.00000e+00;1.00000e+00;70;9.99862e-01;1.00687e+00;5.39523e-04
nav-lives;me-freeForm;2;[8];221;22100;22100;1.91188e+04;21;1;1;1.00000e+00;1.00000e+00;1.00000e+00;260;9.99753e-01;1.00581e+00;8.13135e-04
nav-lives;me-freeForm;1;[8];239;23900;23900;2.00278e+04;20;1;1;1.00000e+00;1.00000e+00;1.00000e+00;70;9.99862e-01;1.00687e+00;5.39523e-04
nav-lives;me-freeForm;2;[8];222;22200;22200;1.92057e+04;21;1;1;1.00000e+00;1.00000e+00;1.00000e+00;258;9.99826e-01;1.00588e+00;9.18762e-04
nav-lives;me-freeForm;1;[8];240;24000;24000;2.01180e+04;20;1;1;1.00000e+00;1.00000e+00;1.00000e+00;70;9.99862e-01;1.00687e+00;5.39523e-04
nav-lives;me-freeForm;2;[8];223;22300;22300;1.92919e+04;21;1;1;1.00000e+00;1.00000e+00;1.00000e+00;258;9.99826e-01;1.00588e+00;9.18762e-04
nav-lives;me-freeForm;1;[8];241;24100;24100;2.02058e+04;20;1;1;1.00000e+00;1.00000e+00;1.00000e+00;70;9.99862e-01;1.00687e+00;5.39523e-04
nav-lives;me-freeForm;2;[8];224;22400;22400;1.93787e+04;21;1;1;1.00000e+00;1.00000e+00;1.00000e+00;258;9.99826e-01;1.00588e+00;9.18762e-04
nav-lives;me-freeForm;1;[8];242;24200;24200;2.02919e+04;20;1;1;1.00000e+00;1.00000e+00;1.00000e+00;70;9.99862e-01;1.00687e+00;5.39523e-04
nav-lives;me-freeForm;2;[8];225;22500;22500;1.94669e+04;21;1;1;1.00000e+00;1.00000e+00;1.00000e+00;258;9.99826e-01;1.00588e+00;9.18762e-04
nav-lives;me-freeForm;1;[8];243;24300;24300;2.03782e+04;20;1;1;1.00000e+00;1.00000e+00;1.00000e+00;70;9.99862e-01;1.00687e+00;5.39523e-04
nav-lives;me-freeForm;2;[8];226;22600;22600;1.95529e+04;21;1;1;1.00000e+00;1.00000e+00;1.00000e+00;258;9.99826e-01;1.00588e+00;9.18762e-04
nav-lives;me-freeForm;1;[8];244;24400;24400;2.04661e+04;20;1;1;1.00000e+00;1.00000e+00;1.00000e+00;70;9.99862e-01;1.00687e+00;5.39523e-04
nav-lives;me-freeForm;2;[8];227;22700;22700;1.96393e+04;21;1;1;1.00000e+00;1.00000e+00;1.00000e+00;258;9.99826e-01;1.00588e+00;9.18762e-04
nav-lives;me-freeForm;1;[8];245;24500;24500;2.05549e+04;20;1;1;1.00000e+00;1.00000e+00;1.00000e+00;70;9.99862e-01;1.00687e+00;5.39523e-04
nav-lives;me-freeForm;2;[8];228;22800;22800;1.97268e+04;21;1;1;1.00000e+00;1.00000e+00;1.00000e+00;258;9.99826e-01;1.00588e+00;9.18762e-04
nav-lives;me-freeForm;1;[8];246;24600;24600;2.06410e+04;20;1;1;1.00000e+00;1.00000e+00;1.00000e+00;70;9.99862e-01;1.00687e+00;5.39523e-04
nav-lives;me-freeForm;2;[8];229;22900;22900;1.98143e+04;21;1;1;1.00000e+00;1.00000e+00;1.00000e+00;258;9.99826e-01;1.00588e+00;9.18762e-04
nav-lives;me-freeForm;1;[8];247;24700;24700;2.07283e+04;20;1;1;1.00000e+00;1.00000e+00;1.00000e+00;70;9.99862e-01;1.00687e+00;5.39523e-04
nav-lives;me-freeForm;2;[8];230;23000;23000;1.99005e+04;21;1;1;1.00000e+00;1.00000e+00;1.00000e+00;258;9.99826e-01;1.00588e+00;9.18762e-04
nav-lives;me-freeForm;1;[8];248;24800;24800;2.08171e+04;20;1;1;1.00000e+00;1.00000e+00;1.00000e+00;70;9.99862e-01;1.00687e+00;5.39523e-04
nav-lives;me-freeForm;2;[8];231;23100;23100;1.99866e+04;21;1;1;1.00000e+00;1.00000e+00;1.00000e+00;258;9.99826e-01;1.00588e+00;9.18762e-04
nav-lives;me-freeForm;1;[8];249;24900;24900;2.09018e+04;20;1;1;1.00000e+00;1.00000e+00;1.00000e+00;70;9.99862e-01;1.00687e+00;5.39523e-04
nav-lives;me-freeForm;2;[8];232;23200;23200;2.00732e+04;21;1;1;1.00000e+00;1.00000e+00;1.00000e+00;258;9.99826e-01;1.00588e+00;9.18762e-04
nav-lives;me-freeForm;1;[8];250;25000;25000;2.09899e+04;20;1;1;1.00000e+00;1.00000e+00;1.00000e+00;70;9.99862e-01;1.00687e+00;5.39523e-04
nav-lives;me-freeForm;2;[8];233;23300;23300;2.01598e+04;21;1;1;1.00000e+00;1.00000e+00;1.00000e+00;258;9.99826e-01;1.00588e+00;9.18762e-04
nav-lives;me-freeForm;1;[8];251;25100;25100;2.10759e+04;20;1;1;1.00000e+00;1.00000e+00;1.00000e+00;70;9.99862e-01;1.00687e+00;5.39523e-04
nav-lives;me-freeForm;2;[8];234;23400;23400;2.02476e+04;21;1;1;1.00000e+00;1.00000e+00;1.00000e+00;258;9.99826e-01;1.00588e+00;9.18762e-04
nav-lives;me-freeForm;1;[8];252;25200;25200;2.11611e+04;20;1;1;1.00000e+00;1.00000e+00;1.00000e+00;70;9.99862e-01;1.00687e+00;5.39523e-04
nav-lives;me-freeForm;2;[8];235;23500;23500;2.03354e+04;21;1;1;1.00000e+00;1.00000e+00;1.00000e+00;258;9.99826e-01;1.00588e+00;9.18762e-04
nav-lives;me-freeForm;1;[8];253;25300;25300;2.12483e+04;20;1;1;1.00000e+00;1.00000e+00;1.00000e+00;70;9.99862e-01;1.00687e+00;5.39523e-04
nav-lives;me-freeForm;2;[8];236;23600;23600;2.04213e+04;21;1;1;1.00000e+00;1.00000e+00;1.00000e+00;258;9.99826e-01;1.00588e+00;9.18762e-04
nav-lives;me-freeForm;1;[8];254;25400;25400;2.13368e+04;20;1;1;1.00000e+00;1.00000e+00;1.00000e+00;70;9.99862e-01;1.00687e+00;5.39523e-04
nav-lives;me-freeForm;2;[8];237;23700;23700;2.05092e+04;21;1;1;1.00000e+00;1.00000e+00;1.00000e+00;258;9.99826e-01;1.00588e+00;9.18762e-04
nav-lives;me-freeForm;1;[8];255;25500;25500;2.14215e+04;20;1;1;1.00000e+00;1.00000e+00;1.00000e+00;70;9.99862e-01;1.00687e+00;5.39523e-04
nav-lives;me-freeForm;2;[8];238;23800;23800;2.05965e+04;21;1;1;1.00000e+00;1.00000e+00;1.00000e+00;258;9.99826e-01;1.00588e+00;9.18762e-04
nav-lives;me-freeForm;1;[8];256;25600;25600;2.15099e+04;20;1;1;1.00000e+00;1.00000e+00;1.00000e+00;70;9.99862e-01;1.00687e+00;5.39523e-04
nav-lives;me-freeForm;2;[8];239;23900;23900;2.06820e+04;21;1;1;1.00000e+00;1.00000e+00;1.00000e+00;258;9.99826e-01;1.00588e+00;9.18762e-04
nav-lives;me-freeForm;1;[8];257;25700;25700;2.15975e+04;20;1;1;1.00000e+00;1.00000e+00;1.00000e+00;70;9.99862e-01;1.00687e+00;5.39523e-04
nav-lives;me-freeForm;2;[8];240;24000;24000;2.07687e+04;21;1;1;1.00000e+00;1.00000e+00;1.00000e+00;258;9.99826e-01;1.00588e+00;9.18762e-04
nav-lives;me-freeForm;1;[8];258;25800;25800;2.16804e+04;20;1;1;1.00000e+00;1.00000e+00;1.00000e+00;70;9.99862e-01;1.00687e+00;5.39523e-04
nav-lives;me-freeForm;2;[8];241;24100;24100;2.08567e+04;21;1;1;1.00000e+00;1.00000e+00;1.00000e+00;258;9.99826e-01;1.00588e+00;9.18762e-04
nav-lives;me-freeForm;1;[8];259;25900;25900;2.17658e+04;20;1;1;1.00000e+00;1.00000e+00;1.00000e+00;70;9.99862e-01;1.00687e+00;5.39523e-04
nav-lives;me-freeForm;2;[8];242;24200;24200;2.09428e+04;21;1;1;1.00000e+00;1.00000e+00;1.00000e+00;258;9.99826e-01;1.00588e+00;9.18762e-04
nav-lives;me-freeForm;1;[8];260;26000;26000;2.18573e+04;20;1;1;1.00000e+00;1.00000e+00;1.00000e+00;70;9.99862e-01;1.00687e+00;5.39523e-04
nav-lives;me-freeForm;2;[8];243;24300;24300;2.10291e+04;21;1;1;1.00000e+00;1.00000e+00;1.00000e+00;258;9.99826e-01;1.00588e+00;9.18762e-04
nav-lives;me-freeForm;1;[8];261;26100;26100;2.19420e+04;20;1;1;1.00000e+00;1.00000e+00;1.00000e+00;70;9.99862e-01;1.00687e+00;5.39523e-04
nav-lives;me-freeForm;2;[8];244;24400;24400;2.11165e+04;21;1;1;1.00000e+00;1.00000e+00;1.00000e+00;258;9.99826e-01;1.00588e+00;9.18762e-04
nav-lives;me-freeForm;1;[8];262;26200;26200;2.20283e+04;20;1;1;1.00000e+00;1.00000e+00;1.00000e+00;70;9.99862e-01;1.00687e+00;5.39523e-04
nav-lives;me-freeForm;2;[8];245;24500;24500;2.12029e+04;21;1;1;1.00000e+00;1.00000e+00;1.00000e+00;258;9.99826e-01;1.00588e+00;9.18762e-04
nav-lives;me-freeForm;1;[8];263;26300;26300;2.21153e+04;20;1;1;1.00000e+00;1.00000e+00;1.00000e+00;70;9.99862e-01;1.00687e+00;5.39523e-04
nav-lives;me-freeForm;2;[8];246;24600;24600;2.12903e+04;21;1;1;1.00000e+00;1.00000e+00;1.00000e+00;258;9.99826e-01;1.00588e+00;9.18762e-04
nav-lives;me-freeForm;1;[8];264;26400;26400;2.21991e+04;20;1;1;1.00000e+00;1.00000e+00;1.00000e+00;70;9.99862e-01;1.00687e+00;5.39523e-04
nav-lives;me-freeForm;2;[8];247;24700;24700;2.13762e+04;21;1;1;1.00000e+00;1.00000e+00;1.00000e+00;258;9.99826e-01;1.00588e+00;9.18762e-04
nav-lives;me-freeForm;1;[8];265;26500;26500;2.22907e+04;20;1;1;1.00000e+00;1.00000e+00;1.00000e+00;70;9.99862e-01;1.00687e+00;5.39523e-04
nav-lives;me-freeForm;2;[8];248;24800;24800;2.14628e+04;21;1;1;1.00000e+00;1.00000e+00;1.00000e+00;258;9.99826e-01;1.00588e+00;9.18762e-04
nav-lives;me-freeForm;1;[8];266;26600;26600;2.23759e+04;20;1;1;1.00000e+00;1.00000e+00;1.00000e+00;70;9.99862e-01;1.00687e+00;5.39523e-04
nav-lives;me-freeForm;2;[8];249;24900;24900;2.15491e+04;21;1;1;1.00000e+00;1.00000e+00;1.00000e+00;258;9.99826e-01;1.00588e+00;9.18762e-04
nav-lives;me-freeForm;1;[8];267;26700;26700;2.24645e+04;20;1;1;1.00000e+00;1.00000e+00;1.00000e+00;70;9.99862e-01;1.00687e+00;5.39523e-04
nav-lives;me-freeForm;2;[8];250;25000;25000;2.16370e+04;21;1;1;1.00000e+00;1.00000e+00;1.00000e+00;258;9.99826e-01;1.00588e+00;9.18762e-04
nav-lives;me-freeForm;1;[8];268;26800;26800;2.25475e+04;20;1;1;1.00000e+00;1.00000e+00;1.00000e+00;70;9.99862e-01;1.00687e+00;5.39523e-04
nav-lives;me-freeForm;2;[8];251;25100;25100;2.17229e+04;21;1;1;1.00000e+00;1.00000e+00;1.00000e+00;258;9.99826e-01;1.00588e+00;9.18762e-04
nav-lives;me-freeForm;1;[8];269;26900;26900;2.26375e+04;20;1;1;1.00000e+00;1.00000e+00;1.00000e+00;70;9.99862e-01;1.00687e+00;5.39523e-04
nav-lives;me-freeForm;2;[8];252;25200;25200;2.18088e+04;21;1;1;1.00000e+00;1.00000e+00;1.00000e+00;258;9.99826e-01;1.00588e+00;9.18762e-04
nav-lives;me-freeForm;1;[8];270;27000;27000;2.27233e+04;20;1;1;1.00000e+00;1.00000e+00;1.00000e+00;70;9.99862e-01;1.00687e+00;5.39523e-04
nav-lives;me-freeForm;2;[8];253;25300;25300;2.18964e+04;21;1;1;1.00000e+00;1.00000e+00;1.00000e+00;258;9.99826e-01;1.00588e+00;9.18762e-04
nav-lives;me-freeForm;1;[8];271;27100;27100;2.28077e+04;20;1;1;1.00000e+00;1.00000e+00;1.00000e+00;70;9.99862e-01;1.00687e+00;5.39523e-04
nav-lives;me-freeForm;2;[8];254;25400;25400;2.19846e+04;21;1;1;1.00000e+00;1.00000e+00;1.00000e+00;258;9.99826e-01;1.00588e+00;9.18762e-04
nav-lives;me-freeForm;1;[8];272;27200;27200;2.28956e+04;20;1;1;1.00000e+00;1.00000e+00;1.00000e+00;70;9.99862e-01;1.00687e+00;5.39523e-04
nav-lives;me-freeForm;2;[8];255;25500;25500;2.20707e+04;21;1;1;1.00000e+00;1.00000e+00;1.00000e+00;258;9.99826e-01;1.00588e+00;9.18762e-04
nav-lives;me-freeForm;1;[8];273;27300;27300;2.29826e+04;20;1;1;1.00000e+00;1.00000e+00;1.00000e+00;70;9.99862e-01;1.00687e+00;5.39523e-04
nav-lives;me-freeForm;2;[8];256;25600;25600;2.21566e+04;21;1;1;1.00000e+00;1.00000e+00;1.00000e+00;258;9.99826e-01;1.00588e+00;9.18762e-04
nav-lives;me-freeForm;1;[8];274;27400;27400;2.30707e+04;20;1;1;1.00000e+00;1.00000e+00;1.00000e+00;70;9.99862e-01;1.00687e+00;5.39523e-04
nav-lives;me-freeForm;2;[8];257;25700;25700;2.22449e+04;21;1;1;1.00000e+00;1.00000e+00;1.00000e+00;258;9.99826e-01;1.00588e+00;9.18762e-04
nav-lives;me-freeForm;1;[8];275;27500;27500;2.31555e+04;20;1;1;1.00000e+00;1.00000e+00;1.00000e+00;70;9.99862e-01;1.00687e+00;5.39523e-04
nav-lives;me-freeForm;2;[8];258;25800;25800;2.23305e+04;21;1;1;1.00000e+00;1.00000e+00;1.00000e+00;258;9.99826e-01;1.00588e+00;9.18762e-04
nav-lives;me-freeForm;1;[8];276;27600;27600;2.32442e+04;20;1;1;1.00000e+00;1.00000e+00;1.00000e+00;70;9.99862e-01;1.00687e+00;5.39523e-04
nav-lives;me-freeForm;2;[8];259;25900;25900;2.24165e+04;21;1;1;1.00000e+00;1.00000e+00;1.00000e+00;258;9.99826e-01;1.00588e+00;9.18762e-04
nav-lives;me-freeForm;1;[8];277;27700;27700;2.33308e+04;20;1;1;1.00000e+00;1.00000e+00;1.00000e+00;70;9.99862e-01;1.00687e+00;5.39523e-04
nav-lives;me-freeForm;2;[8];260;26000;26000;2.25030e+04;21;1;1;1.00000e+00;1.00000e+00;1.00000e+00;258;9.99826e-01;1.00588e+00;9.18762e-04
nav-lives;me-freeForm;1;[8];278;27800;27800;2.34146e+04;20;1;1;1.00000e+00;1.00000e+00;1.00000e+00;70;9.99862e-01;1.00687e+00;5.39523e-04
nav-lives;me-freeForm;2;[8];261;26100;26100;2.25905e+04;21;1;1;1.00000e+00;1.00000e+00;1.00000e+00;258;9.99826e-01;1.00588e+00;9.18762e-04
nav-lives;me-freeForm;1;[8];279;27900;27900;2.35018e+04;20;1;1;1.00000e+00;1.00000e+00;1.00000e+00;70;9.99862e-01;1.00687e+00;5.39523e-04
nav-lives;me-freeForm;2;[8];262;26200;26200;2.26778e+04;21;1;1;1.00000e+00;1.00000e+00;1.00000e+00;258;9.99826e-01;1.00588e+00;9.18762e-04
nav-lives;me-freeForm;1;[8];280;28000;28000;2.35889e+04;20;1;1;1.00000e+00;1.00000e+00;1.00000e+00;70;9.99862e-01;1.00687e+00;5.39523e-04
nav-lives;me-freeForm;2;[8];263;26300;26300;2.27645e+04;21;1;1;1.00000e+00;1.00000e+00;1.00000e+00;258;9.99826e-01;1.00588e+00;9.18762e-04
nav-lives;me-freeForm;1;[8];281;28100;28100;2.36791e+04;20;1;1;1.00000e+00;1.00000e+00;1.00000e+00;70;9.99862e-01;1.00687e+00;5.39523e-04
nav-lives;me-freeForm;2;[8];264;26400;26400;2.28509e+04;21;1;1;1.00000e+00;1.00000e+00;1.00000e+00;258;9.99826e-01;1.00588e+00;9.18762e-04
nav-lives;me-freeForm;1;[8];282;28200;28200;2.37647e+04;20;1;1;1.00000e+00;1.00000e+00;1.00000e+00;70;9.99862e-01;1.00687e+00;5.39523e-04
nav-lives;me-freeForm;2;[8];265;26500;26500;2.29380e+04;21;1;1;1.00000e+00;1.00000e+00;1.00000e+00;260;9.99837e-01;1.00589e+00;8.82831e-04
nav-lives;me-freeForm;1;[8];283;28300;28300;2.38523e+04;20;1;1;1.00000e+00;1.00000e+00;1.00000e+00;70;9.99862e-01;1.00687e+00;5.39523e-04
nav-lives;me-freeForm;2;[8];266;26600;26600;2.30251e+04;21;1;1;1.00000e+00;1.00000e+00;1.00000e+00;260;9.99837e-01;1.00589e+00;8.82831e-04
nav-lives;me-freeForm;1;[8];284;28400;28400;2.39381e+04;20;1;1;1.00000e+00;1.00000e+00;1.00000e+00;70;9.99862e-01;1.00687e+00;5.39523e-04
nav-lives;me-freeForm;2;[8];267;26700;26700;2.31119e+04;21;1;1;1.00000e+00;1.00000e+00;1.00000e+00;260;9.99837e-01;1.00589e+00;8.82831e-04
nav-lives;me-freeForm;1;[8];285;28500;28500;2.40248e+04;20;1;1;1.00000e+00;1.00000e+00;1.00000e+00;70;9.99862e-01;1.00687e+00;5.39523e-04
nav-lives;me-freeForm;2;[8];268;26800;26800;2.31983e+04;21;1;1;1.00000e+00;1.00000e+00;1.00000e+00;260;9.99837e-01;1.00589e+00;8.82831e-04
nav-lives;me-freeForm;1;[8];286;28600;28600;2.41125e+04;20;1;1;1.00000e+00;1.00000e+00;1.00000e+00;70;9.99862e-01;1.00687e+00;5.39523e-04
nav-lives;me-freeForm;2;[8];269;26900;26900;2.32846e+04;21;1;1;1.00000e+00;1.00000e+00;1.00000e+00;260;9.99837e-01;1.00589e+00;8.82831e-04
nav-lives;me-freeForm;1;[8];287;28700;28700;2.41990e+04;20;1;1;1.00000e+00;1.00000e+00;1.00000e+00;70;9.99862e-01;1.00687e+00;5.39523e-04
nav-lives;me-freeForm;2;[8];270;27000;27000;2.33719e+04;21;1;1;1.00000e+00;1.00000e+00;1.00000e+00;260;9.99837e-01;1.00589e+00;8.82831e-04
nav-lives;me-freeForm;1;[8];288;28800;28800;2.42867e+04;20;1;1;1.00000e+00;1.00000e+00;1.00000e+00;70;9.99862e-01;1.00687e+00;5.39523e-04
nav-lives;me-freeForm;2;[8];271;27100;27100;2.34588e+04;21;1;1;1.00000e+00;1.00000e+00;1.00000e+00;260;9.99837e-01;1.00589e+00;8.82831e-04
nav-lives;me-freeForm;1;[8];289;28900;28900;2.43728e+04;20;1;1;1.00000e+00;1.00000e+00;1.00000e+00;70;9.99862e-01;1.00687e+00;5.39523e-04
nav-lives;me-freeForm;2;[8];272;27200;27200;2.35470e+04;21;1;1;1.00000e+00;1.00000e+00;1.00000e+00;260;9.99837e-01;1.00589e+00;8.82831e-04
nav-lives;me-freeForm;1;[8];290;29000;29000;2.44597e+04;20;1;1;1.00000e+00;1.00000e+00;1.00000e+00;70;9.99862e-01;1.00687e+00;5.39523e-04
nav-lives;me-freeForm;2;[8];273;27300;27300;2.36345e+04;21;1;1;1.00000e+00;1.00000e+00;1.00000e+00;260;9.99837e-01;1.00589e+00;8.82831e-04
nav-lives;me-freeForm;1;[8];291;29100;29100;2.45459e+04;20;1;1;1.00000e+00;1.00000e+00;1.00000e+00;70;9.99862e-01;1.00687e+00;5.39523e-04
nav-lives;me-freeForm;2;[8];274;27400;27400;2.37212e+04;21;1;1;1.00000e+00;1.00000e+00;1.00000e+00;260;9.99837e-01;1.00589e+00;8.82831e-04
nav-lives;me-freeForm;1;[8];292;29200;29200;2.46326e+04;20;1;1;1.00000e+00;1.00000e+00;1.00000e+00;70;9.99862e-01;1.00687e+00;5.39523e-04
nav-lives;me-freeForm;2;[8];275;27500;27500;2.38088e+04;21;1;1;1.00000e+00;1.00000e+00;1.00000e+00;266;9.99858e-01;1.00591e+00;3.22498e-04
nav-lives;me-freeForm;1;[8];293;29300;29300;2.47167e+04;20;1;1;1.00000e+00;1.00000e+00;1.00000e+00;70;9.99862e-01;1.00687e+00;5.39523e-04
nav-lives;me-freeForm;2;[8];276;27600;27600;2.38952e+04;21;1;1;1.00000e+00;1.00000e+00;1.00000e+00;273;9.99858e-01;1.00591e+00;3.21018e-04
nav-lives;me-freeForm;1;[8];294;29400;29400;2.48096e+04;20;1;1;1.00000e+00;1.00000e+00;1.00000e+00;70;9.99862e-01;1.00687e+00;5.39523e-04
nav-lives;me-freeForm;2;[8];277;27700;27700;2.39813e+04;21;1;1;1.00000e+00;1.00000e+00;1.00000e+00;273;9.99858e-01;1.00591e+00;3.21018e-04
nav-lives;me-freeForm;1;[8];295;29500;29500;2.48922e+04;20;1;1;1.00000e+00;1.00000e+00;1.00000e+00;70;9.99862e-01;1.00687e+00;5.39523e-04
nav-lives;me-freeForm;2;[8];278;27800;27800;2.40672e+04;21;1;1;1.00000e+00;1.00000e+00;1.00000e+00;273;9.99858e-01;1.00591e+00;3.20806e-04
nav-lives;me-freeForm;1;[8];296;29600;29600;2.49808e+04;20;1;1;1.00000e+00;1.00000e+00;1.00000e+00;70;9.99862e-01;1.00687e+00;5.39523e-04
nav-lives;me-freeForm;2;[8];279;27900;27900;2.41540e+04;21;1;1;1.00000e+00;1.00000e+00;1.00000e+00;278;9.99859e-01;1.00591e+00;3.18434e-04
nav-lives;me-freeForm;1;[8];297;29700;29700;2.50666e+04;20;1;1;1.00000e+00;1.00000e+00;1.00000e+00;70;9.99862e-01;1.00687e+00;5.39523e-04
nav-lives;me-freeForm;2;[8];280;28000;28000;2.42405e+04;21;1;1;1.00000e+00;1.00000e+00;1.00000e+00;278;9.99859e-01;1.00591e+00;3.18434e-04
nav-lives;me-freeForm;1;[8];298;29800;29800;2.51541e+04;20;1;1;1.00000e+00;1.00000e+00;1.00000e+00;70;9.99862e-01;1.00687e+00;5.39523e-04
nav-lives;me-freeForm;2;[8];281;28100;28100;2.43280e+04;21;1;1;1.00000e+00;1.00000e+00;1.00000e+00;278;9.99859e-01;1.00591e+00;3.18434e-04
nav-lives;me-freeForm;1;[8];299;29900;29900;2.52376e+04;20;1;1;1.00000e+00;1.00000e+00;1.00000e+00;70;9.99862e-01;1.00687e+00;5.39523e-04
nav-lives;me-freeForm;2;[8];282;28200;28200;2.44144e+04;21;1;1;1.00000e+00;1.00000e+00;1.00000e+00;278;9.99859e-01;1.00591e+00;3.18434e-04
nav-lives;me-freeForm;1;[8];300;30000;30000;2.53269e+04;20;1;1;1.00000e+00;1.00000e+00;1.00000e+00;70;9.99862e-01;1.00687e+00;5.39523e-04
nav-lives;me-freeForm;2;[8];283;28300;28300;2.45016e+04;21;1;1;1.00000e+00;1.00000e+00;1.00000e+00;278;9.99859e-01;1.00591e+00;3.18434e-04
nav-lives;me-freeForm;1;[8];301;30100;30100;2.54128e+04;20;1;1;1.00000e+00;1.00000e+00;1.00000e+00;70;9.99862e-01;1.00687e+00;5.39523e-04
nav-lives;me-freeForm;2;[8];284;28400;28400;2.45880e+04;21;1;1;1.00000e+00;1.00000e+00;1.00000e+00;278;9.99859e-01;1.00591e+00;3.18434e-04
nav-lives;me-freeForm;1;[8];302;30200;30200;2.54999e+04;20;1;1;1.00000e+00;1.00000e+00;1.00000e+00;70;9.99862e-01;1.00687e+00;5.39523e-04
nav-lives;me-freeForm;2;[8];285;28500;28500;2.46739e+04;21;1;1;1.00000e+00;1.00000e+00;1.00000e+00;278;9.99859e-01;1.00591e+00;3.18434e-04
nav-lives;me-freeForm;1;[8];303;30300;30300;2.55860e+04;20;1;1;1.00000e+00;1.00000e+00;1.00000e+00;70;9.99862e-01;1.00687e+00;5.39523e-04
nav-lives;me-freeForm;2;[8];286;28600;28600;2.47611e+04;21;1;1;1.00000e+00;1.00000e+00;1.00000e+00;278;9.99859e-01;1.00591e+00;3.18434e-04
nav-lives;me-freeForm;1;[8];304;30400;30400;2.56743e+04;20;1;1;1.00000e+00;1.00000e+00;1.00000e+00;70;9.99862e-01;1.00687e+00;5.39523e-04
nav-lives;me-freeForm;2;[8];287;28700;28700;2.48472e+04;21;1;1;1.00000e+00;1.00000e+00;1.00000e+00;278;9.99859e-01;1.00591e+00;3.18434e-04
nav-lives;me-freeForm;1;[8];305;30500;30500;2.57634e+04;20;1;1;1.00000e+00;1.00000e+00;1.00000e+00;70;9.99862e-01;1.00687e+00;5.39523e-04
nav-lives;me-freeForm;2;[8];288;28800;28800;2.49347e+04;21;1;1;1.00000e+00;1.00000e+00;1.00000e+00;278;9.99859e-01;1.00591e+00;3.18434e-04
nav-lives;me-freeForm;1;[8];306;30600;30600;2.58452e+04;20;1;1;1.00000e+00;1.00000e+00;1.00000e+00;70;9.99862e-01;1.00687e+00;5.39523e-04
nav-lives;me-freeForm;2;[8];289;28900;28900;2.50200e+04;21;1;1;1.00000e+00;1.00000e+00;1.00000e+00;278;9.99859e-01;1.00591e+00;3.18434e-04
nav-lives;me-freeForm;1;[8];307;30700;30700;2.59377e+04;20;1;1;1.00000e+00;1.00000e+00;1.00000e+00;70;9.99862e-01;1.00687e+00;5.39523e-04
nav-lives;me-freeForm;2;[8];290;29000;29000;2.51065e+04;21;1;1;1.00000e+00;1.00000e+00;1.00000e+00;278;9.99859e-01;1.00591e+00;3.18434e-04
nav-lives;me-freeForm;1;[8];308;30800;30800;2.60216e+04;20;1;1;1.00000e+00;1.00000e+00;1.00000e+00;70;9.99862e-01;1.00687e+00;5.39523e-04
nav-lives;me-freeForm;2;[8];291;29100;29100;2.51941e+04;21;1;1;1.00000e+00;1.00000e+00;1.00000e+00;278;9.99859e-01;1.00591e+00;3.18434e-04
nav-lives;me-freeForm;1;[8];309;30900;30900;2.61073e+04;20;1;1;1.00000e+00;1.00000e+00;1.00000e+00;70;9.99862e-01;1.00687e+00;5.39523e-04
nav-lives;me-freeForm;2;[8];292;29200;29200;2.52818e+04;21;1;1;1.00000e+00;1.00000e+00;1.00000e+00;278;9.99859e-01;1.00591e+00;3.18434e-04
nav-lives;me-freeForm;1;[8];310;31000;31000;2.61927e+04;20;1;1;1.00000e+00;1.00000e+00;1.00000e+00;70;9.99862e-01;1.00687e+00;5.39523e-04
nav-lives;me-freeForm;2;[8];293;29300;29300;2.53679e+04;21;1;1;1.00000e+00;1.00000e+00;1.00000e+00;278;9.99859e-01;1.00591e+00;3.18434e-04
nav-lives;me-freeForm;1;[8];311;31100;31100;2.62823e+04;20;1;1;1.00000e+00;1.00000e+00;1.00000e+00;70;9.99862e-01;1.00687e+00;5.39523e-04
nav-lives;me-freeForm;2;[8];294;29400;29400;2.54526e+04;21;1;1;1.00000e+00;1.00000e+00;1.00000e+00;278;9.99859e-01;1.00591e+00;3.18434e-04
nav-lives;me-freeForm;1;[8];312;31200;31200;2.63715e+04;20;1;1;1.00000e+00;1.00000e+00;1.00000e+00;70;9.99862e-01;1.00687e+00;5.39523e-04
nav-lives;me-freeForm;2;[8];295;29500;29500;2.55404e+04;21;1;1;1.00000e+00;1.00000e+00;1.00000e+00;278;9.99859e-01;1.00591e+00;3.18434e-04
nav-lives;me-freeForm;1;[8];313;31300;31300;2.64540e+04;20;1;1;1.00000e+00;1.00000e+00;1.00000e+00;70;9.99862e-01;1.00687e+00;5.39523e-04
nav-lives;me-freeForm;2;[8];296;29600;29600;2.56283e+04;21;1;1;1.00000e+00;1.00000e+00;1.00000e+00;278;9.99859e-01;1.00591e+00;3.18434e-04
nav-lives;me-freeForm;1;[8];314;31400;31400;2.65406e+04;20;1;1;1.00000e+00;1.00000e+00;1.00000e+00;70;9.99862e-01;1.00687e+00;5.39523e-04
nav-lives;me-freeForm;2;[8];297;29700;29700;2.57150e+04;21;1;1;1.00000e+00;1.00000e+00;1.00000e+00;278;9.99859e-01;1.00591e+00;3.18434e-04
nav-lives;me-freeForm;1;[8];315;31500;31500;2.66270e+04;20;1;1;1.00000e+00;1.00000e+00;1.00000e+00;70;9.99862e-01;1.00687e+00;5.39523e-04
nav-lives;me-freeForm;2;[8];298;29800;29800;2.58024e+04;21;1;1;1.00000e+00;1.00000e+00;1.00000e+00;274;9.99859e-01;1.00591e+00;3.18346e-04
nav-lives;me-freeForm;1;[8];316;31600;31600;2.67132e+04;20;1;1;1.00000e+00;1.00000e+00;1.00000e+00;70;9.99862e-01;1.00687e+00;5.39523e-04
nav-lives;me-freeForm;2;[8];299;29900;29900;2.58890e+04;21;1;1;1.00000e+00;1.00000e+00;1.00000e+00;274;9.99859e-01;1.00591e+00;3.18346e-04
nav-lives;me-freeForm;1;[8];317;31700;31700;2.67999e+04;20;1;1;1.00000e+00;1.00000e+00;1.00000e+00;70;9.99862e-01;1.00687e+00;5.39523e-04
nav-lives;me-freeForm;2;[8];300;30000;30000;2.59757e+04;21;1;1;1.00000e+00;1.00000e+00;1.00000e+00;274;9.99859e-01;1.00591e+00;3.18346e-04
nav-lives;me-freeForm;1;[8];318;31800;31800;2.68887e+04;20;1;1;1.00000e+00;1.00000e+00;1.00000e+00;70;9.99862e-01;1.00687e+00;5.39523e-04
nav-lives;me-freeForm;2;[8];301;30100;30100;2.60633e+04;21;1;1;1.00000e+00;1.00000e+00;1.00000e+00;274;9.99859e-01;1.00591e+00;3.18346e-04
nav-lives;me-freeForm;1;[8];319;31900;31900;2.69742e+04;20;1;1;1.00000e+00;1.00000e+00;1.00000e+00;70;9.99862e-01;1.00687e+00;5.39523e-04
nav-lives;me-freeForm;2;[8];302;30200;30200;2.61486e+04;21;1;1;1.00000e+00;1.00000e+00;1.00000e+00;274;9.99859e-01;1.00591e+00;3.18346e-04
nav-lives;me-freeForm;1;[8];320;32000;32000;2.70620e+04;20;1;1;1.00000e+00;1.00000e+00;1.00000e+00;70;9.99862e-01;1.00687e+00;5.39523e-04
nav-lives;me-freeForm;2;[8];303;30300;30300;2.62356e+04;21;1;1;1.00000e+00;1.00000e+00;1.00000e+00;274;9.99859e-01;1.00591e+00;3.18346e-04
nav-lives;me-freeForm;1;[8];321;32100;32100;2.71496e+04;20;1;1;1.00000e+00;1.00000e+00;1.00000e+00;70;9.99862e-01;1.00687e+00;5.39523e-04
nav-lives;me-freeForm;2;[8];304;30400;30400;2.63226e+04;21;1;1;1.00000e+00;1.00000e+00;1.00000e+00;274;9.99859e-01;1.00591e+00;3.18346e-04
nav-lives;me-freeForm;1;[8];322;32200;32200;2.72365e+04;20;1;1;1.00000e+00;1.00000e+00;1.00000e+00;70;9.99862e-01;1.00687e+00;5.39523e-04
nav-lives;me-freeForm;2;[8];305;30500;30500;2.64092e+04;21;1;1;1.00000e+00;1.00000e+00;1.00000e+00;274;9.99859e-01;1.00591e+00;3.18346e-04
nav-lives;me-freeForm;1;[8];323;32300;32300;2.73235e+04;20;1;1;1.00000e+00;1.00000e+00;1.00000e+00;70;9.99862e-01;1.00687e+00;5.39523e-04
nav-lives;me-freeForm;2;[8];306;30600;30600;2.64977e+04;21;1;1;1.00000e+00;1.00000e+00;1.00000e+00;274;9.99859e-01;1.00591e+00;3.18346e-04
nav-lives;me-freeForm;1;[8];324;32400;32400;2.74076e+04;20;1;1;1.00000e+00;1.00000e+00;1.00000e+00;70;9.99862e-01;1.00687e+00;5.39523e-04
nav-lives;me-freeForm;2;[8];307;30700;30700;2.65831e+04;21;1;1;1.00000e+00;1.00000e+00;1.00000e+00;274;9.99859e-01;1.00591e+00;3.18346e-04
nav-lives;me-freeForm;1;[8];325;32500;32500;2.74968e+04;20;1;1;1.00000e+00;1.00000e+00;1.00000e+00;70;9.99862e-01;1.00687e+00;5.39523e-04
nav-lives;me-freeForm;2;[8];308;30800;30800;2.66701e+04;21;1;1;1.00000e+00;1.00000e+00;1.00000e+00;274;9.99859e-01;1.00591e+00;3.18346e-04
nav-lives;me-freeForm;1;[8];326;32600;32600;2.75824e+04;20;1;1;1.00000e+00;1.00000e+00;1.00000e+00;70;9.99862e-01;1.00687e+00;5.39523e-04
nav-lives;me-freeForm;2;[8];309;30900;30900;2.67582e+04;21;1;1;1.00000e+00;1.00000e+00;1.00000e+00;274;9.99859e-01;1.00591e+00;3.18346e-04
nav-lives;me-freeForm;1;[8];327;32700;32700;2.76699e+04;20;1;1;1.00000e+00;1.00000e+00;1.00000e+00;70;9.99862e-01;1.00687e+00;5.39523e-04
nav-lives;me-freeForm;2;[8];310;31000;31000;2.68439e+04;21;1;1;1.00000e+00;1.00000e+00;1.00000e+00;274;9.99859e-01;1.00591e+00;3.18346e-04
nav-lives;me-freeForm;1;[8];328;32800;32800;2.77578e+04;20;1;1;1.00000e+00;1.00000e+00;1.00000e+00;70;9.99862e-01;1.00687e+00;5.39523e-04
nav-lives;me-freeForm;2;[8];311;31100;31100;2.69299e+04;21;1;1;1.00000e+00;1.00000e+00;1.00000e+00;274;9.99859e-01;1.00591e+00;3.18346e-04
nav-lives;me-freeForm;1;[8];329;32900;32900;2.78435e+04;20;1;1;1.00000e+00;1.00000e+00;1.00000e+00;70;9.99862e-01;1.00687e+00;5.39523e-04
nav-lives;me-freeForm;2;[8];312;31200;31200;2.70182e+04;21;1;1;1.00000e+00;1.00000e+00;1.00000e+00;274;9.99859e-01;1.00591e+00;3.18346e-04
nav-lives;me-freeForm;1;[8];330;33000;33000;2.79272e+04;20;1;1;1.00000e+00;1.00000e+00;1.00000e+00;70;9.99862e-01;1.00687e+00;5.39523e-04
nav-lives;me-freeForm;2;[8];313;31300;31300;2.71046e+04;21;1;1;1.00000e+00;1.00000e+00;1.00000e+00;274;9.99859e-01;1.00591e+00;3.18346e-04
nav-lives;me-freeForm;1;[8];331;33100;33100;2.80172e+04;20;1;1;1.00000e+00;1.00000e+00;1.00000e+00;70;9.99862e-01;1.00687e+00;5.39523e-04
nav-lives;me-freeForm;2;[8];314;31400;31400;2.71916e+04;21;1;1;1.00000e+00;1.00000e+00;1.00000e+00;274;9.99859e-01;1.00591e+00;3.18346e-04
nav-lives;me-freeForm;1;[8];332;33200;33200;2.81025e+04;20;1;1;1.00000e+00;1.00000e+00;1.00000e+00;70;9.99862e-01;1.00687e+00;5.39523e-04
nav-lives;me-freeForm;2;[8];315;31500;31500;2.72781e+04;21;1;1;1.00000e+00;1.00000e+00;1.00000e+00;274;9.99859e-01;1.00591e+00;3.15749e-04
nav-lives;me-freeForm;1;[8];333;33300;33300;2.81898e+04;20;1;1;1.00000e+00;1.00000e+00;1.00000e+00;70;9.99862e-01;1.00687e+00;5.39523e-04
nav-lives;me-freeForm;2;[8];316;31600;31600;2.73651e+04;21;1;1;1.00000e+00;1.00000e+00;1.00000e+00;274;9.99859e-01;1.00591e+00;3.15749e-04
nav-lives;me-freeForm;1;[8];334;33400;33400;2.82791e+04;20;1;1;1.00000e+00;1.00000e+00;1.00000e+00;70;9.99862e-01;1.00687e+00;5.39523e-04
nav-lives;me-freeForm;2;[8];317;31700;31700;2.74515e+04;21;1;1;1.00000e+00;1.00000e+00;1.00000e+00;274;9.99859e-01;1.00591e+00;3.15749e-04
nav-lives;me-freeForm;1;[8];335;33500;33500;2.83647e+04;20;1;1;1.00000e+00;1.00000e+00;1.00000e+00;70;9.99862e-01;1.00687e+00;5.39523e-04
nav-lives;me-freeForm;2;[8];318;31800;31800;2.75384e+04;21;1;1;1.00000e+00;1.00000e+00;1.00000e+00;274;9.99859e-01;1.00591e+00;3.15749e-04
nav-lives;me-freeForm;1;[8];336;33600;33600;2.84512e+04;20;1;1;1.00000e+00;1.00000e+00;1.00000e+00;70;9.99862e-01;1.00687e+00;5.39523e-04
nav-lives;me-freeForm;2;[8];319;31900;31900;2.76247e+04;21;1;1;1.00000e+00;1.00000e+00;1.00000e+00;274;9.99859e-01;1.00591e+00;3.15749e-04
nav-lives;me-freeForm;1;[8];337;33700;33700;2.85385e+04;20;1;1;1.00000e+00;1.00000e+00;1.00000e+00;70;9.99862e-01;1.00687e+00;5.39523e-04
nav-lives;me-freeForm;2;[8];320;32000;32000;2.77122e+04;21;1;1;1.00000e+00;1.00000e+00;1.00000e+00;274;9.99859e-01;1.00591e+00;3.15749e-04
nav-lives;me-freeForm;1;[8];338;33800;33800;2.86235e+04;20;1;1;1.00000e+00;1.00000e+00;1.00000e+00;70;9.99862e-01;1.00687e+00;5.39523e-04
nav-lives;me-freeForm;2;[8];321;32100;32100;2.77997e+04;21;1;1;1.00000e+00;1.00000e+00;1.00000e+00;274;9.99859e-01;1.00591e+00;3.15749e-04
nav-lives;me-freeForm;1;[8];339;33900;33900;2.87130e+04;20;1;1;1.00000e+00;1.00000e+00;1.00000e+00;70;9.99862e-01;1.00687e+00;5.39523e-04
nav-lives;me-freeForm;2;[8];322;32200;32200;2.78868e+04;21;1;1;1.00000e+00;1.00000e+00;1.00000e+00;274;9.99859e-01;1.00591e+00;3.15749e-04
nav-lives;me-freeForm;1;[8];340;34000;34000;2.87981e+04;20;1;1;1.00000e+00;1.00000e+00;1.00000e+00;70;9.99862e-01;1.00687e+00;5.39523e-04
nav-lives;me-freeForm;2;[8];323;32300;32300;2.79722e+04;21;1;1;1.00000e+00;1.00000e+00;1.00000e+00;274;9.99859e-01;1.00591e+00;3.15749e-04
nav-lives;me-freeForm;1;[8];341;34100;34100;2.88871e+04;20;1;1;1.00000e+00;1.00000e+00;1.00000e+00;70;9.99862e-01;1.00687e+00;5.39523e-04
nav-lives;me-freeForm;2;[8];324;32400;32400;2.80600e+04;21;1;1;1.00000e+00;1.00000e+00;1.00000e+00;274;9.99859e-01;1.00591e+00;3.15749e-04
nav-lives;me-freeForm;1;[8];342;34200;34200;2.89700e+04;20;1;1;1.00000e+00;1.00000e+00;1.00000e+00;70;9.99862e-01;1.00687e+00;5.39523e-04
nav-lives;me-freeForm;2;[8];325;32500;32500;2.81470e+04;21;1;1;1.00000e+00;1.00000e+00;1.00000e+00;274;9.99859e-01;1.00591e+00;3.15749e-04
nav-lives;me-freeForm;1;[8];343;34300;34300;2.90590e+04;20;1;1;1.00000e+00;1.00000e+00;1.00000e+00;70;9.99862e-01;1.00687e+00;5.39523e-04
nav-lives;me-freeForm;2;[8];326;32600;32600;2.82327e+04;21;1;1;1.00000e+00;1.00000e+00;1.00000e+00;274;9.99859e-01;1.00591e+00;3.15749e-04
nav-lives;me-freeForm;1;[8];344;34400;34400;2.91458e+04;20;1;1;1.00000e+00;1.00000e+00;1.00000e+00;70;9.99862e-01;1.00687e+00;5.39523e-04
nav-lives;me-freeForm;2;[8];327;32700;32700;2.83186e+04;21;1;1;1.00000e+00;1.00000e+00;1.00000e+00;274;9.99859e-01;1.00591e+00;3.15749e-04
nav-lives;me-freeForm;1;[8];345;34500;34500;2.92360e+04;20;1;1;1.00000e+00;1.00000e+00;1.00000e+00;70;9.99862e-01;1.00687e+00;5.39523e-04
nav-lives;me-freeForm;2;[8];328;32800;32800;2.84066e+04;21;1;1;1.00000e+00;1.00000e+00;1.00000e+00;274;9.99859e-01;1.00591e+00;3.15749e-04
nav-lives;me-freeForm;1;[8];346;34600;34600;2.93188e+04;20;1;1;1.00000e+00;1.00000e+00;1.00000e+00;70;9.99862e-01;1.00687e+00;5.39523e-04
nav-lives;me-freeForm;2;[8];329;32900;32900;2.84945e+04;21;1;1;1.00000e+00;1.00000e+00;1.00000e+00;274;9.99859e-01;1.00591e+00;3.15749e-04
nav-lives;me-freeForm;1;[8];347;34700;34700;2.94051e+04;20;1;1;1.00000e+00;1.00000e+00;1.00000e+00;70;9.99862e-01;1.00687e+00;5.39523e-04
nav-lives;me-freeForm;2;[8];330;33000;33000;2.85807e+04;21;1;1;1.00000e+00;1.00000e+00;1.00000e+00;274;9.99859e-01;1.00591e+00;3.15749e-04
nav-lives;me-freeForm;1;[8];348;34800;34800;2.94931e+04;20;1;1;1.00000e+00;1.00000e+00;1.00000e+00;70;9.99862e-01;1.00687e+00;5.39523e-04
nav-lives;me-freeForm;2;[8];331;33100;33100;2.86679e+04;21;1;1;1.00000e+00;1.00000e+00;1.00000e+00;274;9.99859e-01;1.00591e+00;3.15749e-04
nav-lives;me-freeForm;1;[8];349;34900;34900;2.95792e+04;20;1;1;1.00000e+00;1.00000e+00;1.00000e+00;70;9.99862e-01;1.00687e+00;5.39523e-04
nav-lives;me-freeForm;2;[8];332;33200;33200;2.87537e+04;21;1;1;1.00000e+00;1.00000e+00;1.00000e+00;274;9.99859e-01;1.00591e+00;3.15749e-04
nav-lives;me-freeForm;1;[8];350;35000;35000;2.96680e+04;20;1;1;1.00000e+00;1.00000e+00;1.00000e+00;70;9.99862e-01;1.00687e+00;5.39523e-04
nav-lives;me-freeForm;2;[8];333;33300;33300;2.88407e+04;21;1;1;1.00000e+00;1.00000e+00;1.00000e+00;274;9.99859e-01;1.00591e+00;3.15749e-04
nav-lives;me-freeForm;1;[8];351;35100;35100;2.97559e+04;20;1;1;1.00000e+00;1.00000e+00;1.00000e+00;70;9.99862e-01;1.00687e+00;5.39523e-04
nav-lives;me-freeForm;2;[8];334;33400;33400;2.89278e+04;21;1;1;1.00000e+00;1.00000e+00;1.00000e+00;274;9.99859e-01;1.00591e+00;3.15749e-04
nav-lives;me-freeForm;1;[8];352;35200;35200;2.98430e+04;20;1;1;1.00000e+00;1.00000e+00;1.00000e+00;70;9.99862e-01;1.00687e+00;5.39523e-04
nav-lives;me-freeForm;2;[8];335;33500;33500;2.90154e+04;21;1;1;1.00000e+00;1.00000e+00;1.00000e+00;274;9.99859e-01;1.00591e+00;3.15749e-04
nav-lives;me-freeForm;1;[8];353;35300;35300;2.99280e+04;20;1;1;1.00000e+00;1.00000e+00;1.00000e+00;70;9.99862e-01;1.00687e+00;5.39523e-04
nav-lives;me-freeForm;2;[8];336;33600;33600;2.91020e+04;21;1;1;1.00000e+00;1.00000e+00;1.00000e+00;274;9.99859e-01;1.00591e+00;3.15749e-04
nav-lives;me-freeForm;1;[8];354;35400;35400;3.00152e+04;20;1;1;1.00000e+00;1.00000e+00;1.00000e+00;70;9.99862e-01;1.00687e+00;5.39523e-04
nav-lives;me-freeForm;2;[8];337;33700;33700;2.91891e+04;21;1;1;1.00000e+00;1.00000e+00;1.00000e+00;274;9.99859e-01;1.00591e+00;3.15749e-04
nav-lives;me-freeForm;1;[8];355;35500;35500;3.01023e+04;20;1;1;1.00000e+00;1.00000e+00;1.00000e+00;70;9.99862e-01;1.00687e+00;5.39523e-04
nav-lives;me-freeForm;2;[8];338;33800;33800;2.92779e+04;21;1;1;1.00000e+00;1.00000e+00;1.00000e+00;274;9.99859e-01;1.00591e+00;3.15749e-04
nav-lives;me-freeForm;1;[8];356;35600;35600;3.01879e+04;20;1;1;1.00000e+00;1.00000e+00;1.00000e+00;70;9.99862e-01;1.00687e+00;5.39523e-04
nav-lives;me-freeForm;2;[8];339;33900;33900;2.93637e+04;21;1;1;1.00000e+00;1.00000e+00;1.00000e+00;274;9.99859e-01;1.00591e+00;3.15749e-04
nav-lives;me-freeForm;1;[8];357;35700;35700;3.02760e+04;20;1;1;1.00000e+00;1.00000e+00;1.00000e+00;70;9.99862e-01;1.00687e+00;5.39523e-04
nav-lives;me-freeForm;2;[8];340;34000;34000;2.94518e+04;21;1;1;1.00000e+00;1.00000e+00;1.00000e+00;274;9.99859e-01;1.00591e+00;3.15749e-04
nav-lives;me-freeForm;1;[8];358;35800;35800;3.03635e+04;20;1;1;1.00000e+00;1.00000e+00;1.00000e+00;70;9.99862e-01;1.00687e+00;5.39523e-04
nav-lives;me-freeForm;2;[8];341;34100;34100;2.95376e+04;21;1;1;1.00000e+00;1.00000e+00;1.00000e+00;274;9.99859e-01;1.00591e+00;3.15749e-04
nav-lives;me-freeForm;1;[8];359;35900;35900;3.04510e+04;20;1;1;1.00000e+00;1.00000e+00;1.00000e+00;70;9.99862e-01;1.00687e+00;5.39523e-04
nav-lives;me-freeForm;2;[8];342;34200;34200;2.96248e+04;21;1;1;1.00000e+00;1.00000e+00;1.00000e+00;274;9.99859e-01;1.00591e+00;3.15749e-04
nav-lives;me-freeForm;1;[8];360;36000;36000;3.05391e+04;20;1;1;1.00000e+00;1.00000e+00;1.00000e+00;70;9.99862e-01;1.00687e+00;5.39523e-04
nav-lives;me-freeForm;2;[8];343;34300;34300;2.97108e+04;21;1;1;1.00000e+00;1.00000e+00;1.00000e+00;274;9.99859e-01;1.00591e+00;3.15749e-04
nav-lives;me-freeForm;1;[8];361;36100;36100;3.06273e+04;20;1;1;1.00000e+00;1.00000e+00;1.00000e+00;70;9.99862e-01;1.00687e+00;5.39523e-04
nav-lives;me-freeForm;2;[8];344;34400;34400;2.97997e+04;21;1;1;1.00000e+00;1.00000e+00;1.00000e+00;274;9.99859e-01;1.00591e+00;3.15749e-04
nav-lives;me-freeForm;1;[8];362;36200;36200;3.07098e+04;20;1;1;1.00000e+00;1.00000e+00;1.00000e+00;70;9.99862e-01;1.00687e+00;5.39523e-04
nav-lives;me-freeForm;2;[8];345;34500;34500;2.98852e+04;21;1;1;1.00000e+00;1.00000e+00;1.00000e+00;274;9.99859e-01;1.00591e+00;3.15749e-04
nav-lives;me-freeForm;1;[8];363;36300;36300;3.08024e+04;20;1;1;1.00000e+00;1.00000e+00;1.00000e+00;70;9.99862e-01;1.00687e+00;5.39523e-04
nav-lives;me-freeForm;2;[8];346;34600;34600;2.99730e+04;21;1;1;1.00000e+00;1.00000e+00;1.00000e+00;274;9.99859e-01;1.00591e+00;3.15749e-04
nav-lives;me-freeForm;1;[8];364;36400;36400;3.08865e+04;20;1;1;1.00000e+00;1.00000e+00;1.00000e+00;70;9.99862e-01;1.00687e+00;5.39523e-04
nav-lives;me-freeForm;2;[8];347;34700;34700;3.00614e+04;21;1;1;1.00000e+00;1.00000e+00;1.00000e+00;274;9.99859e-01;1.00591e+00;3.15749e-04
nav-lives;me-freeForm;1;[8];365;36500;36500;3.09725e+04;20;1;1;1.00000e+00;1.00000e+00;1.00000e+00;70;9.99862e-01;1.00687e+00;5.39523e-04
nav-lives;me-freeForm;2;[8];348;34800;34800;3.01477e+04;21;1;1;1.00000e+00;1.00000e+00;1.00000e+00;274;9.99859e-01;1.00591e+00;3.15749e-04
nav-lives;me-freeForm;1;[8];366;36600;36600;3.10632e+04;20;1;1;1.00000e+00;1.00000e+00;1.00000e+00;70;9.99862e-01;1.00687e+00;5.39523e-04
nav-lives;me-freeForm;2;[8];349;34900;34900;3.02340e+04;21;1;1;1.00000e+00;1.00000e+00;1.00000e+00;274;9.99859e-01;1.00591e+00;3.15749e-04
nav-lives;me-freeForm;1;[8];367;36700;36700;3.11475e+04;20;1;1;1.00000e+00;1.00000e+00;1.00000e+00;70;9.99862e-01;1.00687e+00;5.39523e-04
nav-lives;me-freeForm;2;[8];350;35000;35000;3.03211e+04;21;1;1;1.00000e+00;1.00000e+00;1.00000e+00;274;9.99859e-01;1.00591e+00;3.15749e-04
nav-lives;me-freeForm;1;[8];368;36800;36800;3.12327e+04;20;1;1;1.00000e+00;1.00000e+00;1.00000e+00;70;9.99862e-01;1.00687e+00;5.39523e-04
nav-lives;me-freeForm;2;[8];351;35100;35100;3.04075e+04;21;1;1;1.00000e+00;1.00000e+00;1.00000e+00;274;9.99859e-01;1.00591e+00;3.15749e-04
nav-lives;me-freeForm;1;[8];369;36900;36900;3.13228e+04;20;1;1;1.00000e+00;1.00000e+00;1.00000e+00;70;9.99862e-01;1.00687e+00;5.39523e-04
nav-lives;me-freeForm;2;[8];352;35200;35200;3.04957e+04;21;1;1;1.00000e+00;1.00000e+00;1.00000e+00;274;9.99859e-01;1.00591e+00;3.15749e-04
nav-lives;me-freeForm;1;[8];370;37000;37000;3.14076e+04;20;1;1;1.00000e+00;1.00000e+00;1.00000e+00;70;9.99862e-01;1.00687e+00;5.39523e-04
nav-lives;me-freeForm;2;[8];353;35300;35300;3.05831e+04;21;1;1;1.00000e+00;1.00000e+00;1.00000e+00;274;9.99859e-01;1.00591e+00;3.15749e-04
nav-lives;me-freeForm;1;[8];371;37100;37100;3.14953e+04;20;1;1;1.00000e+00;1.00000e+00;1.00000e+00;70;9.99862e-01;1.00687e+00;5.39523e-04
nav-lives;me-freeForm;2;[8];354;35400;35400;3.06690e+04;21;1;1;1.00000e+00;1.00000e+00;1.00000e+00;274;9.99859e-01;1.00591e+00;3.15749e-04
nav-lives;me-freeForm;1;[8];372;37200;37200;3.15824e+04;20;1;1;1.00000e+00;1.00000e+00;1.00000e+00;70;9.99862e-01;1.00687e+00;5.39523e-04
nav-lives;me-freeForm;2;[8];355;35500;35500;3.07566e+04;21;1;1;1.00000e+00;1.00000e+00;1.00000e+00;274;9.99859e-01;1.00591e+00;3.15749e-04
nav-lives;me-freeForm;1;[8];373;37300;37300;3.16660e+04;20;1;1;1.00000e+00;1.00000e+00;1.00000e+00;70;9.99862e-01;1.00687e+00;5.39523e-04
nav-lives;me-freeForm;2;[8];356;35600;35600;3.08432e+04;21;1;1;1.00000e+00;1.00000e+00;1.00000e+00;274;9.99859e-01;1.00591e+00;3.15749e-04
nav-lives;me-freeForm;1;[8];374;37400;37400;3.17568e+04;20;1;1;1.00000e+00;1.00000e+00;1.00000e+00;70;9.99862e-01;1.00687e+00;5.39523e-04
nav-lives;me-freeForm;2;[8];357;35700;35700;3.09305e+04;21;1;1;1.00000e+00;1.00000e+00;1.00000e+00;274;9.99859e-01;1.00591e+00;3.15749e-04
nav-lives;me-freeForm;1;[8];375;37500;37500;3.18415e+04;20;1;1;1.00000e+00;1.00000e+00;1.00000e+00;70;9.99862e-01;1.00687e+00;5.39523e-04
nav-lives;me-freeForm;2;[8];358;35800;35800;3.10177e+04;21;1;1;1.00000e+00;1.00000e+00;1.00000e+00;274;9.99859e-01;1.00591e+00;3.15749e-04
nav-lives;me-freeForm;1;[8];376;37600;37600;3.19315e+04;20;1;1;1.00000e+00;1.00000e+00;1.00000e+00;70;9.99862e-01;1.00687e+00;5.39523e-04
nav-lives;me-freeForm;2;[8];359;35900;35900;3.11047e+04;21;1;1;1.00000e+00;1.00000e+00;1.00000e+00;274;9.99859e-01;1.00591e+00;3.15749e-04
nav-lives;me-freeForm;1;[8];377;37700;37700;3.20179e+04;20;1;1;1.00000e+00;1.00000e+00;1.00000e+00;70;9.99862e-01;1.00687e+00;5.39523e-04
nav-lives;me-freeForm;2;[8];360;36000;36000;3.11921e+04;21;1;1;1.00000e+00;1.00000e+00;1.00000e+00;274;9.99859e-01;1.00591e+00;3.15749e-04
nav-lives;me-freeForm;1;[8];378;37800;37800;3.21040e+04;20;1;1;1.00000e+00;1.00000e+00;1.00000e+00;70;9.99862e-01;1.00687e+00;5.39523e-04
nav-lives;me-freeForm;2;[8];361;36100;36100;3.12788e+04;21;1;1;1.00000e+00;1.00000e+00;1.00000e+00;274;9.99859e-01;1.00591e+00;3.15749e-04
nav-lives;me-freeForm;1;[8];379;37900;37900;3.21923e+04;20;1;1;1.00000e+00;1.00000e+00;1.00000e+00;70;9.99862e-01;1.00687e+00;5.39523e-04
nav-lives;me-freeForm;2;[8];362;36200;36200;3.13648e+04;21;1;1;1.00000e+00;1.00000e+00;1.00000e+00;274;9.99859e-01;1.00591e+00;3.15749e-04
nav-lives;me-freeForm;1;[8];380;38000;38000;3.22803e+04;20;1;1;1.00000e+00;1.00000e+00;1.00000e+00;70;9.99862e-01;1.00687e+00;5.39523e-04
nav-lives;me-freeForm;2;[8];363;36300;36300;3.14502e+04;21;1;1;1.00000e+00;1.00000e+00;1.00000e+00;274;9.99859e-01;1.00591e+00;3.15749e-04
nav-lives;me-freeForm;1;[8];381;38100;38100;3.23659e+04;20;1;1;1.00000e+00;1.00000e+00;1.00000e+00;70;9.99862e-01;1.00687e+00;5.39523e-04
nav-lives;me-freeForm;2;[8];364;36400;36400;3.15371e+04;21;1;1;1.00000e+00;1.00000e+00;1.00000e+00;274;9.99859e-01;1.00591e+00;3.15749e-04
nav-lives;me-freeForm;1;[8];382;38200;38200;3.24514e+04;20;1;1;1.00000e+00;1.00000e+00;1.00000e+00;70;9.99862e-01;1.00687e+00;5.39523e-04
nav-lives;me-freeForm;2;[8];365;36500;36500;3.16247e+04;21;1;1;1.00000e+00;1.00000e+00;1.00000e+00;274;9.99859e-01;1.00591e+00;3.15749e-04
nav-lives;me-freeForm;1;[8];383;38300;38300;3.25373e+04;20;1;1;1.00000e+00;1.00000e+00;1.00000e+00;70;9.99862e-01;1.00687e+00;5.39523e-04
nav-lives;me-freeForm;2;[8];366;36600;36600;3.17120e+04;21;1;1;1.00000e+00;1.00000e+00;1.00000e+00;274;9.99859e-01;1.00591e+00;3.15749e-04
nav-lives;me-freeForm;1;[8];384;38400;38400;3.26259e+04;20;1;1;1.00000e+00;1.00000e+00;1.00000e+00;70;9.99862e-01;1.00687e+00;5.39523e-04
nav-lives;me-freeForm;2;[8];367;36700;36700;3.17976e+04;21;1;1;1.00000e+00;1.00000e+00;1.00000e+00;274;9.99859e-01;1.00591e+00;3.15749e-04
nav-lives;me-freeForm;1;[8];385;38500;38500;3.27123e+04;20;1;1;1.00000e+00;1.00000e+00;1.00000e+00;70;9.99862e-01;1.00687e+00;5.39523e-04
nav-lives;me-freeForm;2;[8];368;36800;36800;3.18846e+04;21;1;1;1.00000e+00;1.00000e+00;1.00000e+00;274;9.99859e-01;1.00591e+00;3.15749e-04
nav-lives;me-freeForm;1;[8];386;38600;38600;3.27987e+04;20;1;1;1.00000e+00;1.00000e+00;1.00000e+00;70;9.99862e-01;1.00687e+00;5.39523e-04
nav-lives;me-freeForm;2;[8];369;36900;36900;3.19722e+04;21;1;1;1.00000e+00;1.00000e+00;1.00000e+00;274;9.99859e-01;1.00591e+00;3.15749e-04
nav-lives;me-freeForm;1;[8];387;38700;38700;3.28834e+04;20;1;1;1.00000e+00;1.00000e+00;1.00000e+00;70;9.99862e-01;1.00687e+00;5.39523e-04
nav-lives;me-freeForm;2;[8];370;37000;37000;3.20589e+04;21;1;1;1.00000e+00;1.00000e+00;1.00000e+00;274;9.99859e-01;1.00591e+00;3.15749e-04
nav-lives;me-freeForm;1;[8];388;38800;38800;3.29729e+04;20;1;1;1.00000e+00;1.00000e+00;1.00000e+00;70;9.99862e-01;1.00687e+00;5.39523e-04
nav-lives;me-freeForm;2;[8];371;37100;37100;3.21445e+04;21;1;1;1.00000e+00;1.00000e+00;1.00000e+00;274;9.99859e-01;1.00591e+00;3.15749e-04
nav-lives;me-freeForm;1;[8];389;38900;38900;3.30588e+04;20;1;1;1.00000e+00;1.00000e+00;1.00000e+00;70;9.99862e-01;1.00687e+00;5.39523e-04
nav-lives;me-freeForm;2;[8];372;37200;37200;3.22316e+04;21;1;1;1.00000e+00;1.00000e+00;1.00000e+00;274;9.99859e-01;1.00591e+00;3.15749e-04
nav-lives;me-freeForm;1;[8];390;39000;39000;3.31445e+04;20;1;1;1.00000e+00;1.00000e+00;1.00000e+00;70;9.99862e-01;1.00687e+00;5.39523e-04
nav-lives;me-freeForm;2;[8];373;37300;37300;3.23200e+04;21;1;1;1.00000e+00;1.00000e+00;1.00000e+00;274;9.99859e-01;1.00591e+00;3.15749e-04
nav-lives;me-freeForm;1;[8];391;39100;39100;3.32304e+04;20;1;1;1.00000e+00;1.00000e+00;1.00000e+00;70;9.99862e-01;1.00687e+00;5.39523e-04
nav-lives;me-freeForm;2;[8];374;37400;37400;3.24059e+04;21;1;1;1.00000e+00;1.00000e+00;1.00000e+00;274;9.99859e-01;1.00591e+00;3.15749e-04
nav-lives;me-freeForm;1;[8];392;39200;39200;3.33206e+04;20;1;1;1.00000e+00;1.00000e+00;1.00000e+00;70;9.99862e-01;1.00687e+00;5.39523e-04
nav-lives;me-freeForm;2;[8];375;37500;37500;3.24926e+04;21;1;1;1.00000e+00;1.00000e+00;1.00000e+00;274;9.99859e-01;1.00591e+00;3.15749e-04
nav-lives;me-freeForm;1;[8];393;39300;39300;3.34069e+04;20;1;1;1.00000e+00;1.00000e+00;1.00000e+00;70;9.99862e-01;1.00687e+00;5.39523e-04
nav-lives;me-freeForm;2;[8];376;37600;37600;3.25790e+04;21;1;1;1.00000e+00;1.00000e+00;1.00000e+00;274;9.99859e-01;1.00591e+00;3.15749e-04
nav-lives;me-freeForm;1;[8];394;39400;39400;3.34942e+04;20;1;1;1.00000e+00;1.00000e+00;1.00000e+00;70;9.99862e-01;1.00687e+00;5.39523e-04
nav-lives;me-freeForm;2;[8];377;37700;37700;3.26675e+04;21;1;1;1.00000e+00;1.00000e+00;1.00000e+00;274;9.99859e-01;1.00591e+00;3.15749e-04
nav-lives;me-freeForm;1;[8];395;39500;39500;3.35789e+04;20;1;1;1.00000e+00;1.00000e+00;1.00000e+00;70;9.99862e-01;1.00687e+00;5.39523e-04
nav-lives;me-freeForm;2;[8];378;37800;37800;3.27539e+04;21;1;1;1.00000e+00;1.00000e+00;1.00000e+00;274;9.99859e-01;1.00591e+00;3.15749e-04
nav-lives;me-freeForm;1;[8];396;39600;39600;3.36690e+04;20;1;1;1.00000e+00;1.00000e+00;1.00000e+00;70;9.99862e-01;1.00687e+00;5.39523e-04
nav-lives;me-freeForm;2;[8];379;37900;37900;3.28400e+04;21;1;1;1.00000e+00;1.00000e+00;1.00000e+00;274;9.99859e-01;1.00591e+00;3.15749e-04
nav-lives;me-freeForm;1;[8];397;39700;39700;3.37551e+04;20;1;1;1.00000e+00;1.00000e+00;1.00000e+00;70;9.99862e-01;1.00687e+00;5.39523e-04
nav-lives;me-freeForm;2;[8];380;38000;38000;3.29272e+04;21;1;1;1.00000e+00;1.00000e+00;1.00000e+00;274;9.99859e-01;1.00591e+00;3.15749e-04
nav-lives;me-freeForm;1;[8];398;39800;39800;3.38418e+04;20;1;1;1.00000e+00;1.00000e+00;1.00000e+00;70;9.99862e-01;1.00687e+00;5.39523e-04
nav-lives;me-freeForm;2;[8];381;38100;38100;3.30146e+04;21;1;1;1.00000e+00;1.00000e+00;1.00000e+00;274;9.99859e-01;1.00591e+00;3.15749e-04
nav-lives;me-freeForm;1;[8];399;39900;39900;3.39277e+04;20;1;1;1.00000e+00;1.00000e+00;1.00000e+00;70;9.99862e-01;1.00687e+00;5.39523e-04
nav-lives;me-freeForm;2;[8];382;38200;38200;3.31016e+04;21;1;1;1.00000e+00;1.00000e+00;1.00000e+00;274;9.99859e-01;1.00591e+00;3.15749e-04
nav-lives;me-freeForm;1;[8];400;40000;40000;3.40136e+04;20;1;1;1.00000e+00;1.00000e+00;1.00000e+00;70;9.99862e-01;1.00687e+00;5.39523e-04
nav-lives;me-freeForm;2;[8];383;38300;38300;3.31922e+04;21;1;1;1.00000e+00;1.00000e+00;1.00000e+00;274;9.99859e-01;1.00591e+00;3.15749e-04
nav-lives;me-freeForm;3;[8];1;100;100;1.24100e+02;1;1;1;1.00000e+00;1.00000e+00;1.00000e+00;59;-6.18771e-03;-8.92535e-07;0.00000e+00
nav-lives;me-freeForm;2;[8];384;38400;38400;3.32684e+04;21;1;1;1.00000e+00;1.00000e+00;1.00000e+00;274;9.99859e-01;1.00591e+00;3.15749e-04
nav-lives;me-freeForm;3;[8];2;200;200;1.91266e+02;2;1;1;1.00000e+00;1.00000e+00;1.00000e+00;59;-4.56821e-03;5.15779e-04;9.51207e-17
nav-lives;me-freeForm;2;[8];385;38500;38500;3.33669e+04;21;1;1;1.00000e+00;1.00000e+00;1.00000e+00;274;9.99859e-01;1.00591e+00;3.15749e-04
nav-lives;me-freeForm;3;[8];3;300;300;2.71606e+02;5;1;1;1.00000e+00;1.00000e+00;1.00000e+00;61;-3.21643e-03;2.96810e-03;6.95749e-04
nav-lives;me-freeForm;2;[8];386;38600;38600;3.34563e+04;21;1;1;1.00000e+00;1.00000e+00;1.00000e+00;274;9.99859e-01;1.00591e+00;3.15749e-04
nav-lives;me-freeForm;3;[8];4;400;400;3.52131e+02;7;1;1;1.00000e+00;1.00000e+00;1.00000e+00;58;4.91328e-01;4.99899e-01;1.29475e-03
nav-lives;me-freeForm;2;[8];387;38700;38700;3.35441e+04;21;1;1;1.00000e+00;1.00000e+00;1.00000e+00;274;9.99859e-01;1.00591e+00;3.15749e-04
nav-lives;me-freeForm;3;[8];5;500;500;4.43376e+02;7;1;1;1.00000e+00;1.00000e+00;1.00000e+00;58;4.91328e-01;4.99899e-01;1.29475e-03
nav-lives;me-freeForm;2;[8];388;38800;38800;3.36317e+04;21;1;1;1.00000e+00;1.00000e+00;1.00000e+00;274;9.99859e-01;1.00591e+00;3.15749e-04
nav-lives;me-freeForm;3;[8];6;600;600;5.30322e+02;7;1;1;1.00000e+00;1.00000e+00;1.00000e+00;58;4.91328e-01;4.99899e-01;1.29475e-03
nav-lives;me-freeForm;2;[8];389;38900;38900;3.37186e+04;21;1;1;1.00000e+00;1.00000e+00;1.00000e+00;274;9.99859e-01;1.00591e+00;3.15749e-04
nav-lives;me-freeForm;3;[8];7;700;700;6.18835e+02;7;1;1;1.00000e+00;1.00000e+00;1.00000e+00;58;4.91328e-01;4.99899e-01;1.29475e-03
nav-lives;me-freeForm;2;[8];390;39000;39000;3.38048e+04;21;1;1;1.00000e+00;1.00000e+00;1.00000e+00;274;9.99859e-01;1.00591e+00;3.15749e-04
nav-lives;me-freeForm;3;[8];8;800;800;7.07725e+02;7;1;1;1.00000e+00;1.00000e+00;1.00000e+00;58;4.91328e-01;4.99899e-01;1.29475e-03
nav-lives;me-freeForm;2;[8];391;39100;39100;3.38924e+04;21;1;1;1.00000e+00;1.00000e+00;1.00000e+00;274;9.99859e-01;1.00591e+00;3.15749e-04
nav-lives;me-freeForm;3;[8];9;900;900;7.95097e+02;8;1;1;1.00000e+00;1.00000e+00;1.00000e+00;58;4.91328e-01;4.99899e-01;1.29475e-03
nav-lives;me-freeForm;2;[8];392;39200;39200;3.39808e+04;21;1;1;1.00000e+00;1.00000e+00;1.00000e+00;274;9.99859e-01;1.00591e+00;3.15749e-04
nav-lives;me-freeForm;3;[8];10;1000;1000;8.80807e+02;8;1;1;1.00000e+00;1.00000e+00;1.00000e+00;58;4.91328e-01;4.99899e-01;1.29475e-03
nav-lives;me-freeForm;2;[8];393;39300;39300;3.40699e+04;21;1;1;1.00000e+00;1.00000e+00;1.00000e+00;274;9.99859e-01;1.00591e+00;3.15749e-04
nav-lives;me-freeForm;3;[8];11;1100;1100;9.67855e+02;8;1;1;1.00000e+00;1.00000e+00;1.00000e+00;58;4.91328e-01;4.99899e-01;1.29475e-03
nav-lives;me-freeForm;2;[8];394;39400;39400;3.41590e+04;21;1;1;1.00000e+00;1.00000e+00;1.00000e+00;274;9.99859e-01;1.00591e+00;3.15749e-04
nav-lives;me-freeForm;3;[8];12;1200;1200;1.05723e+03;8;1;1;1.00000e+00;1.00000e+00;1.00000e+00;58;4.91328e-01;4.99899e-01;1.29475e-03
nav-lives;me-freeForm;2;[8];395;39500;39500;3.42458e+04;21;1;1;1.00000e+00;1.00000e+00;1.00000e+00;274;9.99859e-01;1.00591e+00;3.15749e-04
nav-lives;me-freeForm;3;[8];13;1300;1300;1.14475e+03;8;1;1;1.00000e+00;1.00000e+00;1.00000e+00;58;4.91328e-01;4.99899e-01;1.29475e-03
nav-lives;me-freeForm;2;[8];396;39600;39600;3.43320e+04;21;1;1;1.00000e+00;1.00000e+00;1.00000e+00;274;9.99859e-01;1.00591e+00;3.15749e-04
nav-lives;me-freeForm;3;[8];14;1400;1400;1.23493e+03;8;1;1;1.00000e+00;1.00000e+00;1.00000e+00;58;4.91328e-01;4.99899e-01;1.29475e-03
nav-lives;me-freeForm;2;[8];397;39700;39700;3.44179e+04;21;1;1;1.00000e+00;1.00000e+00;1.00000e+00;274;9.99859e-01;1.00591e+00;3.15749e-04
nav-lives;me-freeForm;3;[8];15;1500;1500;1.32265e+03;10;1;1;1.00000e+00;1.00000e+00;1.00000e+00;6;4.95888e-01;5.02188e-01;8.04851e-04
nav-lives;me-freeForm;2;[8];398;39800;39800;3.45071e+04;21;1;1;1.00000e+00;1.00000e+00;1.00000e+00;274;9.99859e-01;1.00591e+00;3.15749e-04
nav-lives;me-freeForm;3;[8];16;1600;1600;1.40751e+03;10;1;1;1.00000e+00;1.00000e+00;1.00000e+00;6;4.95888e-01;5.02188e-01;8.04851e-04
nav-lives;me-freeForm;2;[8];399;39900;39900;3.45955e+04;21;1;1;1.00000e+00;1.00000e+00;1.00000e+00;274;9.99859e-01;1.00591e+00;3.15749e-04
nav-lives;me-freeForm;3;[8];17;1700;1700;1.49597e+03;10;1;1;1.00000e+00;1.00000e+00;1.00000e+00;76;9.99705e-01;1.00721e+00;7.59808e-04
nav-lives;me-freeForm;2;[8];400;40000;40000;3.46830e+04;21;1;1;1.00000e+00;1.00000e+00;1.00000e+00;274;9.99859e-01;1.00591e+00;3.15749e-04
nav-lives;me-freeForm;3;[8];18;1800;1800;1.58499e+03;10;1;1;1.00000e+00;1.00000e+00;1.00000e+00;76;9.99705e-01;1.00721e+00;7.59808e-04
nav-lives;me-freeForm;3;[8];19;1900;1900;1.64438e+03;10;1;1;1.00000e+00;1.00000e+00;1.00000e+00;76;9.99705e-01;1.00721e+00;7.59808e-04
nav-lives;me-freeForm;4;[8];1;100;100;1.23994e+02;4;1;1;1.00000e+00;1.00000e+00;1.00000e+00;17;-6.10198e-03;9.74748e-05;5.43179e-06
nav-lives;me-freeForm;3;[8];20;2000;2000;1.68401e+03;10;1;1;1.00000e+00;1.00000e+00;1.00000e+00;76;9.99705e-01;1.00721e+00;7.59808e-04
nav-lives;me-freeForm;4;[8];2;200;200;1.91102e+02;6;1;1;1.00000e+00;1.00000e+00;1.00000e+00;47;-3.86386e-03;2.58355e-03;6.68617e-04
nav-lives;me-freeForm;3;[8];21;2100;2100;1.78207e+03;10;1;1;1.00000e+00;1.00000e+00;1.00000e+00;76;9.99705e-01;1.00721e+00;7.59808e-04
nav-lives;me-freeForm;4;[8];3;300;300;2.53065e+02;6;1;1;1.00000e+00;1.00000e+00;1.00000e+00;47;-3.86386e-03;2.58355e-03;6.68617e-04
nav-lives;me-freeForm;3;[8];22;2200;2200;1.84999e+03;10;1;1;1.00000e+00;1.00000e+00;1.00000e+00;76;9.99705e-01;1.00721e+00;7.59808e-04
nav-lives;me-freeForm;4;[8];4;400;400;3.20079e+02;6;1;1;1.00000e+00;1.00000e+00;1.00000e+00;47;-3.86386e-03;2.58355e-03;6.68617e-04
nav-lives;me-freeForm;3;[8];23;2300;2300;1.91757e+03;11;1;1;1.00000e+00;1.00000e+00;1.00000e+00;74;9.99745e-01;1.00725e+00;1.03599e-03
nav-lives;me-freeForm;4;[8];5;500;500;3.88211e+02;6;1;1;1.00000e+00;1.00000e+00;1.00000e+00;31;-3.64574e-03;2.31177e-03;1.26443e-03
nav-lives;me-freeForm;3;[8];24;2400;2400;1.98594e+03;11;1;1;1.00000e+00;1.00000e+00;1.00000e+00;74;9.99745e-01;1.00725e+00;1.03599e-03
nav-lives;me-freeForm;4;[8];6;600;600;4.56866e+02;6;1;1;1.00000e+00;1.00000e+00;1.00000e+00;61;-3.61483e-03;2.85346e-03;5.47328e-04
nav-lives;me-freeForm;3;[8];25;2500;2500;2.05821e+03;12;1;1;1.00000e+00;1.00000e+00;1.00000e+00;74;9.99745e-01;1.00725e+00;1.03599e-03
nav-lives;me-freeForm;4;[8];7;700;700;5.31698e+02;6;1;1;1.00000e+00;1.00000e+00;1.00000e+00;47;-2.46165e-03;3.51990e-03;1.04768e-03
nav-lives;me-freeForm;3;[8];26;2600;2600;2.13288e+03;12;1;1;1.00000e+00;1.00000e+00;1.00000e+00;74;9.99745e-01;1.00725e+00;1.03599e-03
nav-lives;me-freeForm;4;[8];8;800;800;6.05097e+02;6;1;1;1.00000e+00;1.00000e+00;1.00000e+00;47;-2.46165e-03;3.51990e-03;1.04768e-03
nav-lives;me-freeForm;3;[8];27;2700;2700;2.20628e+03;12;1;1;1.00000e+00;1.00000e+00;1.00000e+00;74;9.99745e-01;1.00725e+00;1.03599e-03
nav-lives;me-freeForm;4;[8];9;900;900;6.79267e+02;6;1;1;1.00000e+00;1.00000e+00;1.00000e+00;58;-2.42576e-03;3.86735e-03;6.80947e-04
nav-lives;me-freeForm;3;[8];28;2800;2800;2.27531e+03;12;1;1;1.00000e+00;1.00000e+00;1.00000e+00;74;9.99745e-01;1.00725e+00;1.03599e-03
nav-lives;me-freeForm;4;[8];10;1000;1000;7.47562e+02;6;1;1;1.00000e+00;1.00000e+00;1.00000e+00;58;-2.42576e-03;3.86735e-03;6.80947e-04
nav-lives;me-freeForm;3;[8];29;2900;2900;2.34647e+03;14;1;1;1.00000e+00;1.00000e+00;1.00000e+00;74;9.99745e-01;1.00725e+00;1.03599e-03
nav-lives;me-freeForm;4;[8];11;1100;1100;8.18105e+02;6;1;1;1.00000e+00;1.00000e+00;1.00000e+00;58;-2.42576e-03;3.86735e-03;6.80947e-04
nav-lives;me-freeForm;3;[8];30;3000;3000;2.41539e+03;15;1;1;1.00000e+00;1.00000e+00;1.00000e+00;74;9.99745e-01;1.00725e+00;1.03599e-03
nav-lives;me-freeForm;4;[8];12;1200;1200;8.90042e+02;6;1;1;1.00000e+00;1.00000e+00;1.00000e+00;58;-2.42576e-03;3.86735e-03;6.80947e-04
nav-lives;me-freeForm;3;[8];31;3100;3100;2.48863e+03;15;1;1;1.00000e+00;1.00000e+00;1.00000e+00;74;9.99745e-01;1.00725e+00;1.03599e-03
nav-lives;me-freeForm;4;[8];13;1300;1300;9.60511e+02;6;1;1;1.00000e+00;1.00000e+00;1.00000e+00;44;-1.99983e-03;3.68601e-03;3.95875e-04
nav-lives;me-freeForm;3;[8];32;3200;3200;2.56017e+03;16;1;1;1.00000e+00;1.00000e+00;1.00000e+00;74;9.99745e-01;1.00725e+00;1.03599e-03
nav-lives;me-freeForm;4;[8];14;1400;1400;1.03357e+03;6;1;1;1.00000e+00;1.00000e+00;1.00000e+00;44;-1.99983e-03;3.68601e-03;3.95875e-04
nav-lives;me-freeForm;3;[8];33;3300;3300;2.63165e+03;16;1;1;1.00000e+00;1.00000e+00;1.00000e+00;74;9.99745e-01;1.00725e+00;1.03599e-03
nav-lives;me-freeForm;4;[8];15;1500;1500;1.10541e+03;6;1;1;1.00000e+00;1.00000e+00;1.00000e+00;44;-1.95952e-03;4.02963e-03;5.24464e-04
nav-lives;me-freeForm;3;[8];34;3400;3400;2.70495e+03;16;1;1;1.00000e+00;1.00000e+00;1.00000e+00;74;9.99745e-01;1.00725e+00;1.03599e-03
nav-lives;me-freeForm;4;[8];16;1600;1600;1.17786e+03;7;1;1;1.00000e+00;1.00000e+00;1.00000e+00;53;3.72840e-03;1.02410e-02;6.41347e-02
nav-lives;me-freeForm;3;[8];35;3500;3500;2.77523e+03;16;1;1;1.00000e+00;1.00000e+00;1.00000e+00;74;9.99745e-01;1.00725e+00;1.03599e-03
nav-lives;me-freeForm;4;[8];17;1700;1700;1.24859e+03;7;1;1;1.00000e+00;1.00000e+00;1.00000e+00;53;3.72840e-03;1.02410e-02;6.41347e-02
nav-lives;me-freeForm;3;[8];36;3600;3600;2.84808e+03;16;1;1;1.00000e+00;1.00000e+00;1.00000e+00;74;9.99745e-01;1.00725e+00;1.03599e-03
nav-lives;me-freeForm;4;[8];18;1800;1800;1.32011e+03;7;1;1;1.00000e+00;1.00000e+00;1.00000e+00;53;3.72840e-03;1.02410e-02;6.41347e-02
nav-lives;me-freeForm;3;[8];37;3700;3700;2.92007e+03;16;1;1;1.00000e+00;1.00000e+00;1.00000e+00;74;9.99745e-01;1.00725e+00;1.03599e-03
nav-lives;me-freeForm;4;[8];19;1900;1900;1.39282e+03;7;1;1;1.00000e+00;1.00000e+00;1.00000e+00;53;3.72840e-03;1.02410e-02;6.41347e-02
nav-lives;me-freeForm;3;[8];38;3800;3800;2.99000e+03;16;1;1;1.00000e+00;1.00000e+00;1.00000e+00;74;9.99745e-01;1.00725e+00;1.03599e-03
nav-lives;me-freeForm;4;[8];20;2000;2000;1.46435e+03;7;1;1;1.00000e+00;1.00000e+00;1.00000e+00;53;3.72840e-03;1.02410e-02;6.41347e-02
nav-lives;me-freeForm;3;[8];39;3900;3900;3.06374e+03;16;1;1;1.00000e+00;1.00000e+00;1.00000e+00;74;9.99745e-01;1.00725e+00;1.03599e-03
nav-lives;me-freeForm;4;[8];21;2100;2100;1.53670e+03;7;1;1;1.00000e+00;1.00000e+00;1.00000e+00;53;3.72840e-03;1.02410e-02;6.41347e-02
nav-lives;me-freeForm;3;[8];40;4000;4000;3.13570e+03;16;1;1;1.00000e+00;1.00000e+00;1.00000e+00;74;9.99745e-01;1.00725e+00;1.03599e-03
nav-lives;me-freeForm;4;[8];22;2200;2200;1.60762e+03;7;1;1;1.00000e+00;1.00000e+00;1.00000e+00;53;3.72840e-03;1.02410e-02;6.41347e-02
nav-lives;me-freeForm;3;[8];41;4100;4100;3.20709e+03;17;1;1;1.00000e+00;1.00000e+00;1.00000e+00;74;9.99745e-01;1.00725e+00;1.03599e-03
nav-lives;me-freeForm;4;[8];23;2300;2300;1.68050e+03;7;1;1;1.00000e+00;1.00000e+00;1.00000e+00;53;3.72840e-03;1.02410e-02;6.41347e-02
nav-lives;me-freeForm;3;[8];42;4200;4200;3.28002e+03;17;1;1;1.00000e+00;1.00000e+00;1.00000e+00;74;9.99745e-01;1.00725e+00;1.03599e-03
nav-lives;me-freeForm;4;[8];24;2400;2400;1.75249e+03;7;1;1;1.00000e+00;1.00000e+00;1.00000e+00;53;3.72840e-03;1.02410e-02;6.41347e-02
nav-lives;me-freeForm;3;[8];43;4300;4300;3.35096e+03;17;1;1;1.00000e+00;1.00000e+00;1.00000e+00;74;9.99745e-01;1.00725e+00;1.03599e-03
nav-lives;me-freeForm;4;[8];25;2500;2500;1.82457e+03;7;1;1;1.00000e+00;1.00000e+00;1.00000e+00;53;3.72840e-03;1.02410e-02;6.41347e-02
nav-lives;me-freeForm;3;[8];44;4400;4400;3.42030e+03;17;1;1;1.00000e+00;1.00000e+00;1.00000e+00;74;9.99745e-01;1.00725e+00;1.03599e-03
nav-lives;me-freeForm;4;[8];26;2600;2600;1.89440e+03;7;1;1;1.00000e+00;1.00000e+00;1.00000e+00;53;3.72840e-03;1.02410e-02;6.41347e-02
nav-lives;me-freeForm;3;[8];45;4500;4500;3.49233e+03;17;1;1;1.00000e+00;1.00000e+00;1.00000e+00;74;9.99745e-01;1.00725e+00;1.03599e-03
nav-lives;me-freeForm;4;[8];27;2700;2700;1.96549e+03;7;1;1;1.00000e+00;1.00000e+00;1.00000e+00;53;3.72840e-03;1.02410e-02;6.41347e-02
nav-lives;me-freeForm;3;[8];46;4600;4600;3.56479e+03;18;1;1;1.00000e+00;1.00000e+00;1.00000e+00;74;9.99745e-01;1.00725e+00;1.03599e-03
nav-lives;me-freeForm;4;[8];28;2800;2800;2.03967e+03;7;1;1;1.00000e+00;1.00000e+00;1.00000e+00;53;3.72840e-03;1.02410e-02;6.41347e-02
nav-lives;me-freeForm;3;[8];47;4700;4700;3.63648e+03;18;1;1;1.00000e+00;1.00000e+00;1.00000e+00;74;9.99745e-01;1.00725e+00;1.03599e-03
nav-lives;me-freeForm;4;[8];29;2900;2900;2.10809e+03;7;1;1;1.00000e+00;1.00000e+00;1.00000e+00;53;3.72840e-03;1.02410e-02;6.41347e-02
nav-lives;me-freeForm;3;[8];48;4800;4800;3.70946e+03;18;1;1;1.00000e+00;1.00000e+00;1.00000e+00;74;9.99745e-01;1.00725e+00;1.03599e-03
nav-lives;me-freeForm;4;[8];30;3000;3000;2.18276e+03;7;1;1;1.00000e+00;1.00000e+00;1.00000e+00;53;3.72840e-03;1.02410e-02;6.41347e-02
nav-lives;me-freeForm;3;[8];49;4900;4900;3.78155e+03;18;1;1;1.00000e+00;1.00000e+00;1.00000e+00;74;9.99745e-01;1.00725e+00;1.03599e-03
nav-lives;me-freeForm;4;[8];31;3100;3100;2.25157e+03;7;1;1;1.00000e+00;1.00000e+00;1.00000e+00;53;3.72840e-03;1.02410e-02;6.41347e-02
nav-lives;me-freeForm;3;[8];50;5000;5000;3.84974e+03;18;1;1;1.00000e+00;1.00000e+00;1.00000e+00;74;9.99745e-01;1.00725e+00;1.03599e-03
nav-lives;me-freeForm;4;[8];32;3200;3200;2.32284e+03;7;1;1;1.00000e+00;1.00000e+00;1.00000e+00;53;3.72840e-03;1.02410e-02;6.41347e-02
nav-lives;me-freeForm;3;[8];51;5100;5100;3.92146e+03;18;1;1;1.00000e+00;1.00000e+00;1.00000e+00;74;9.99745e-01;1.00725e+00;1.03599e-03
nav-lives;me-freeForm;4;[8];33;3300;3300;2.39548e+03;7;1;1;1.00000e+00;1.00000e+00;1.00000e+00;53;3.72840e-03;1.02410e-02;6.41347e-02
nav-lives;me-freeForm;3;[8];52;5200;5200;3.99363e+03;18;1;1;1.00000e+00;1.00000e+00;1.00000e+00;74;9.99745e-01;1.00725e+00;1.03599e-03
nav-lives;me-freeForm;4;[8];34;3400;3400;2.46713e+03;7;1;1;1.00000e+00;1.00000e+00;1.00000e+00;53;3.72840e-03;1.02410e-02;6.41347e-02
nav-lives;me-freeForm;3;[8];53;5300;5300;4.06549e+03;18;1;1;1.00000e+00;1.00000e+00;1.00000e+00;74;9.99745e-01;1.00725e+00;1.03599e-03
nav-lives;me-freeForm;4;[8];35;3500;3500;2.53869e+03;7;1;1;1.00000e+00;1.00000e+00;1.00000e+00;53;3.72840e-03;1.02410e-02;6.41347e-02
nav-lives;me-freeForm;3;[8];54;5400;5400;4.13727e+03;18;1;1;1.00000e+00;1.00000e+00;1.00000e+00;74;9.99745e-01;1.00725e+00;1.03599e-03
nav-lives;me-freeForm;4;[8];36;3600;3600;2.61144e+03;7;1;1;1.00000e+00;1.00000e+00;1.00000e+00;53;3.72840e-03;1.02410e-02;6.41347e-02
nav-lives;me-freeForm;3;[8];55;5500;5500;4.21119e+03;18;1;1;1.00000e+00;1.00000e+00;1.00000e+00;74;9.99745e-01;1.00725e+00;1.03599e-03
nav-lives;me-freeForm;4;[8];37;3700;3700;2.68267e+03;7;1;1;1.00000e+00;1.00000e+00;1.00000e+00;53;3.72840e-03;1.02410e-02;6.41347e-02
nav-lives;me-freeForm;3;[8];56;5600;5600;4.28054e+03;18;1;1;1.00000e+00;1.00000e+00;1.00000e+00;74;9.99745e-01;1.00725e+00;1.03599e-03
nav-lives;me-freeForm;4;[8];38;3800;3800;2.75206e+03;7;1;1;1.00000e+00;1.00000e+00;1.00000e+00;53;3.72840e-03;1.02410e-02;6.41347e-02
nav-lives;me-freeForm;3;[8];57;5700;5700;4.35406e+03;18;1;1;1.00000e+00;1.00000e+00;1.00000e+00;74;9.99745e-01;1.00725e+00;1.03599e-03
nav-lives;me-freeForm;4;[8];39;3900;3900;2.82573e+03;7;1;1;1.00000e+00;1.00000e+00;1.00000e+00;53;3.72840e-03;1.02410e-02;6.41347e-02
nav-lives;me-freeForm;3;[8];58;5800;5800;4.42654e+03;18;1;1;1.00000e+00;1.00000e+00;1.00000e+00;74;9.99745e-01;1.00725e+00;1.03599e-03
nav-lives;me-freeForm;4;[8];40;4000;4000;2.89880e+03;7;1;1;1.00000e+00;1.00000e+00;1.00000e+00;53;3.72840e-03;1.02410e-02;6.41347e-02
nav-lives;me-freeForm;3;[8];59;5900;5900;4.49758e+03;18;1;1;1.00000e+00;1.00000e+00;1.00000e+00;74;9.99745e-01;1.00725e+00;1.03599e-03
nav-lives;me-freeForm;4;[8];41;4100;4100;2.96886e+03;7;1;1;1.00000e+00;1.00000e+00;1.00000e+00;53;3.72840e-03;1.02410e-02;6.41347e-02
nav-lives;me-freeForm;3;[8];60;6000;6000;4.56926e+03;18;1;1;1.00000e+00;1.00000e+00;1.00000e+00;74;9.99745e-01;1.00725e+00;1.03599e-03
nav-lives;me-freeForm;4;[8];42;4200;4200;3.04092e+03;7;1;1;1.00000e+00;1.00000e+00;1.00000e+00;53;3.72840e-03;1.02410e-02;6.41347e-02
nav-lives;me-freeForm;3;[8];61;6100;6100;4.63984e+03;19;1;1;1.00000e+00;1.00000e+00;1.00000e+00;74;9.99745e-01;1.00725e+00;1.03599e-03
nav-lives;me-freeForm;4;[8];43;4300;4300;3.11229e+03;7;1;1;1.00000e+00;1.00000e+00;1.00000e+00;53;3.72840e-03;1.02410e-02;6.41347e-02
nav-lives;me-freeForm;3;[8];62;6200;6200;4.71303e+03;19;1;1;1.00000e+00;1.00000e+00;1.00000e+00;74;9.99745e-01;1.00725e+00;1.03599e-03
nav-lives;me-freeForm;4;[8];44;4400;4400;3.18448e+03;7;1;1;1.00000e+00;1.00000e+00;1.00000e+00;53;3.72840e-03;1.02410e-02;6.41347e-02
nav-lives;me-freeForm;3;[8];63;6300;6300;4.78275e+03;19;1;1;1.00000e+00;1.00000e+00;1.00000e+00;74;9.99745e-01;1.00725e+00;1.03599e-03
nav-lives;me-freeForm;4;[8];45;4500;4500;3.25637e+03;7;1;1;1.00000e+00;1.00000e+00;1.00000e+00;53;3.72840e-03;1.02410e-02;6.41347e-02
nav-lives;me-freeForm;3;[8];64;6400;6400;4.85525e+03;19;1;1;1.00000e+00;1.00000e+00;1.00000e+00;74;9.99745e-01;1.00725e+00;1.03599e-03
nav-lives;me-freeForm;4;[8];46;4600;4600;3.32734e+03;7;1;1;1.00000e+00;1.00000e+00;1.00000e+00;53;3.72840e-03;1.02410e-02;6.41347e-02
nav-lives;me-freeForm;3;[8];65;6500;6500;4.92685e+03;20;1;1;1.00000e+00;1.00000e+00;1.00000e+00;74;9.99745e-01;1.00725e+00;1.03599e-03
nav-lives;me-freeForm;4;[8];47;4700;4700;3.39816e+03;7;1;1;1.00000e+00;1.00000e+00;1.00000e+00;53;3.72840e-03;1.02410e-02;6.41347e-02
nav-lives;me-freeForm;3;[8];66;6600;6600;4.99893e+03;20;1;1;1.00000e+00;1.00000e+00;1.00000e+00;74;9.99745e-01;1.00725e+00;1.03599e-03
nav-lives;me-freeForm;4;[8];48;4800;4800;3.47078e+03;7;1;1;1.00000e+00;1.00000e+00;1.00000e+00;53;3.72840e-03;1.02410e-02;6.41347e-02
nav-lives;me-freeForm;3;[8];67;6700;6700;5.06937e+03;20;1;1;1.00000e+00;1.00000e+00;1.00000e+00;74;9.99745e-01;1.00725e+00;1.03599e-03
nav-lives;me-freeForm;4;[8];49;4900;4900;3.54206e+03;7;1;1;1.00000e+00;1.00000e+00;1.00000e+00;53;3.72840e-03;1.02410e-02;6.41347e-02
nav-lives;me-freeForm;3;[8];68;6800;6800;5.14286e+03;20;1;1;1.00000e+00;1.00000e+00;1.00000e+00;74;9.99745e-01;1.00725e+00;1.03599e-03
nav-lives;me-freeForm;4;[8];50;5000;5000;3.61512e+03;7;1;1;1.00000e+00;1.00000e+00;1.00000e+00;53;3.72840e-03;1.02410e-02;6.41347e-02
nav-lives;me-freeForm;3;[8];69;6900;6900;5.21200e+03;20;1;1;1.00000e+00;1.00000e+00;1.00000e+00;74;9.99745e-01;1.00725e+00;1.03599e-03
nav-lives;me-freeForm;4;[8];51;5100;5100;3.68885e+03;7;1;1;1.00000e+00;1.00000e+00;1.00000e+00;53;3.72840e-03;1.02410e-02;6.41347e-02
nav-lives;me-freeForm;3;[8];70;7000;7000;5.28567e+03;20;1;1;1.00000e+00;1.00000e+00;1.00000e+00;74;9.99745e-01;1.00725e+00;1.03599e-03
nav-lives;me-freeForm;4;[8];52;5200;5200;3.75894e+03;7;1;1;1.00000e+00;1.00000e+00;1.00000e+00;53;3.72840e-03;1.02410e-02;6.41347e-02
nav-lives;me-freeForm;3;[8];71;7100;7100;5.35576e+03;20;1;1;1.00000e+00;1.00000e+00;1.00000e+00;74;9.99745e-01;1.00725e+00;1.03599e-03
nav-lives;me-freeForm;4;[8];53;5300;5300;3.82897e+03;7;1;1;1.00000e+00;1.00000e+00;1.00000e+00;53;3.72840e-03;1.02410e-02;6.41347e-02
nav-lives;me-freeForm;3;[8];72;7200;7200;5.42942e+03;20;1;1;1.00000e+00;1.00000e+00;1.00000e+00;74;9.99745e-01;1.00725e+00;1.03599e-03
nav-lives;me-freeForm;4;[8];54;5400;5400;3.90115e+03;7;1;1;1.00000e+00;1.00000e+00;1.00000e+00;53;3.72840e-03;1.02410e-02;6.41347e-02
nav-lives;me-freeForm;3;[8];73;7300;7300;5.50020e+03;20;1;1;1.00000e+00;1.00000e+00;1.00000e+00;74;9.99745e-01;1.00725e+00;1.03599e-03
nav-lives;me-freeForm;4;[8];55;5500;5500;3.97256e+03;7;1;1;1.00000e+00;1.00000e+00;1.00000e+00;53;3.72840e-03;1.02410e-02;6.41347e-02
nav-lives;me-freeForm;3;[8];74;7400;7400;5.57384e+03;20;1;1;1.00000e+00;1.00000e+00;1.00000e+00;74;9.99745e-01;1.00725e+00;1.03599e-03
nav-lives;me-freeForm;4;[8];56;5600;5600;4.04686e+03;7;1;1;1.00000e+00;1.00000e+00;1.00000e+00;53;3.72840e-03;1.02410e-02;6.41347e-02
nav-lives;me-freeForm;3;[8];75;7500;7500;5.64455e+03;20;1;1;1.00000e+00;1.00000e+00;1.00000e+00;74;9.99745e-01;1.00725e+00;1.03599e-03
nav-lives;me-freeForm;4;[8];57;5700;5700;4.11965e+03;7;1;1;1.00000e+00;1.00000e+00;1.00000e+00;53;3.72840e-03;1.02410e-02;6.41347e-02
nav-lives;me-freeForm;3;[8];76;7600;7600;5.71808e+03;20;1;1;1.00000e+00;1.00000e+00;1.00000e+00;74;9.99745e-01;1.00725e+00;1.03599e-03
nav-lives;me-freeForm;4;[8];58;5800;5800;4.19052e+03;7;1;1;1.00000e+00;1.00000e+00;1.00000e+00;53;3.72840e-03;1.02410e-02;6.41347e-02
nav-lives;me-freeForm;3;[8];77;7700;7700;5.78888e+03;20;1;1;1.00000e+00;1.00000e+00;1.00000e+00;74;9.99745e-01;1.00725e+00;1.03599e-03
nav-lives;me-freeForm;4;[8];59;5900;5900;4.26393e+03;7;1;1;1.00000e+00;1.00000e+00;1.00000e+00;53;3.72840e-03;1.02410e-02;6.41347e-02
nav-lives;me-freeForm;3;[8];78;7800;7800;5.86097e+03;20;1;1;1.00000e+00;1.00000e+00;1.00000e+00;74;9.99745e-01;1.00725e+00;1.03599e-03
nav-lives;me-freeForm;4;[8];60;6000;6000;4.33433e+03;8;1;1;1.00000e+00;1.00000e+00;1.00000e+00;57;1.29559e-01;1.35754e-01;2.21460e-01
nav-lives;me-freeForm;3;[8];79;7900;7900;5.93058e+03;20;1;1;1.00000e+00;1.00000e+00;1.00000e+00;74;9.99745e-01;1.00725e+00;1.03599e-03
nav-lives;me-freeForm;4;[8];61;6100;6100;4.40655e+03;8;1;1;1.00000e+00;1.00000e+00;1.00000e+00;57;1.29559e-01;1.35754e-01;2.21460e-01
nav-lives;me-freeForm;3;[8];80;8000;8000;6.00271e+03;20;1;1;1.00000e+00;1.00000e+00;1.00000e+00;74;9.99745e-01;1.00725e+00;1.03599e-03
nav-lives;me-freeForm;4;[8];62;6200;6200;4.47719e+03;8;1;1;1.00000e+00;1.00000e+00;1.00000e+00;57;1.29559e-01;1.35754e-01;2.21460e-01
nav-lives;me-freeForm;3;[8];81;8100;8100;6.07641e+03;20;1;1;1.00000e+00;1.00000e+00;1.00000e+00;74;9.99745e-01;1.00725e+00;1.03599e-03
nav-lives;me-freeForm;4;[8];63;6300;6300;4.55020e+03;8;1;1;1.00000e+00;1.00000e+00;1.00000e+00;57;1.29559e-01;1.35754e-01;2.21460e-01
nav-lives;me-freeForm;3;[8];82;8200;8200;6.14940e+03;20;1;1;1.00000e+00;1.00000e+00;1.00000e+00;74;9.99745e-01;1.00725e+00;1.03599e-03
nav-lives;me-freeForm;4;[8];64;6400;6400;4.62400e+03;8;1;1;1.00000e+00;1.00000e+00;1.00000e+00;57;1.29559e-01;1.35754e-01;2.21460e-01
nav-lives;me-freeForm;3;[8];83;8300;8300;6.22151e+03;20;1;1;1.00000e+00;1.00000e+00;1.00000e+00;74;9.99745e-01;1.00725e+00;1.03599e-03
nav-lives;me-freeForm;4;[8];65;6500;6500;4.69598e+03;8;1;1;1.00000e+00;1.00000e+00;1.00000e+00;57;1.29559e-01;1.35754e-01;2.21460e-01
nav-lives;me-freeForm;3;[8];84;8400;8400;6.29457e+03;20;1;1;1.00000e+00;1.00000e+00;1.00000e+00;74;9.99745e-01;1.00725e+00;1.03599e-03
nav-lives;me-freeForm;4;[8];66;6600;6600;4.76731e+03;8;1;1;1.00000e+00;1.00000e+00;1.00000e+00;57;1.29559e-01;1.35754e-01;2.21460e-01
nav-lives;me-freeForm;3;[8];85;8500;8500;6.36771e+03;20;1;1;1.00000e+00;1.00000e+00;1.00000e+00;74;9.99745e-01;1.00725e+00;1.03599e-03
nav-lives;me-freeForm;4;[8];67;6700;6700;4.83948e+03;8;1;1;1.00000e+00;1.00000e+00;1.00000e+00;57;1.29559e-01;1.35754e-01;2.21460e-01
nav-lives;me-freeForm;3;[8];86;8600;8600;6.43699e+03;20;1;1;1.00000e+00;1.00000e+00;1.00000e+00;74;9.99745e-01;1.00725e+00;1.03599e-03
nav-lives;me-freeForm;4;[8];68;6800;6800;4.90859e+03;8;1;1;1.00000e+00;1.00000e+00;1.00000e+00;57;1.29559e-01;1.35754e-01;2.21460e-01
nav-lives;me-freeForm;3;[8];87;8700;8700;6.50834e+03;20;1;1;1.00000e+00;1.00000e+00;1.00000e+00;74;9.99745e-01;1.00725e+00;1.03599e-03
nav-lives;me-freeForm;4;[8];69;6900;6900;4.98216e+03;8;1;1;1.00000e+00;1.00000e+00;1.00000e+00;57;1.29559e-01;1.35754e-01;2.21460e-01
nav-lives;me-freeForm;3;[8];88;8800;8800;6.58202e+03;20;1;1;1.00000e+00;1.00000e+00;1.00000e+00;74;9.99745e-01;1.00725e+00;1.03599e-03
nav-lives;me-freeForm;4;[8];70;7000;7000;5.05560e+03;8;1;1;1.00000e+00;1.00000e+00;1.00000e+00;57;1.29559e-01;1.35754e-01;2.21460e-01
nav-lives;me-freeForm;3;[8];89;8900;8900;6.65601e+03;20;1;1;1.00000e+00;1.00000e+00;1.00000e+00;74;9.99745e-01;1.00725e+00;1.03599e-03
nav-lives;me-freeForm;4;[8];71;7100;7100;5.12797e+03;8;1;1;1.00000e+00;1.00000e+00;1.00000e+00;57;3.13351e-01;3.19312e-01;2.41124e-01
nav-lives;me-freeForm;3;[8];90;9000;9000;6.72528e+03;20;1;1;1.00000e+00;1.00000e+00;1.00000e+00;74;9.99745e-01;1.00725e+00;1.03599e-03
nav-lives;me-freeForm;4;[8];72;7200;7200;5.20008e+03;8;1;1;1.00000e+00;1.00000e+00;1.00000e+00;57;3.13351e-01;3.19312e-01;2.41124e-01
nav-lives;me-freeForm;3;[8];91;9100;9100;6.79767e+03;20;1;1;1.00000e+00;1.00000e+00;1.00000e+00;74;9.99745e-01;1.00725e+00;1.03599e-03
nav-lives;me-freeForm;4;[8];73;7300;7300;5.27212e+03;9;1;1;1.00000e+00;1.00000e+00;1.00000e+00;57;3.13351e-01;3.19312e-01;2.41124e-01
nav-lives;me-freeForm;3;[8];92;9200;9200;6.87073e+03;20;1;1;1.00000e+00;1.00000e+00;1.00000e+00;74;9.99745e-01;1.00725e+00;1.03599e-03
nav-lives;me-freeForm;4;[8];74;7400;7400;5.34431e+03;9;1;1;1.00000e+00;1.00000e+00;1.00000e+00;57;3.13351e-01;3.19312e-01;2.41124e-01
nav-lives;me-freeForm;3;[8];93;9300;9300;6.94192e+03;20;1;1;1.00000e+00;1.00000e+00;1.00000e+00;74;9.99745e-01;1.00725e+00;1.03599e-03
nav-lives;me-freeForm;4;[8];75;7500;7500;5.41676e+03;9;1;1;1.00000e+00;1.00000e+00;1.00000e+00;57;3.13351e-01;3.19312e-01;2.41124e-01
nav-lives;me-freeForm;3;[8];94;9400;9400;7.01387e+03;20;1;1;1.00000e+00;1.00000e+00;1.00000e+00;74;9.99745e-01;1.00725e+00;1.03599e-03
nav-lives;me-freeForm;4;[8];76;7600;7600;5.48822e+03;9;1;1;1.00000e+00;1.00000e+00;1.00000e+00;57;3.13351e-01;3.19312e-01;2.41124e-01
nav-lives;me-freeForm;3;[8];95;9500;9500;7.08821e+03;20;1;1;1.00000e+00;1.00000e+00;1.00000e+00;74;9.99745e-01;1.00725e+00;1.03599e-03
nav-lives;me-freeForm;4;[8];77;7700;7700;5.56293e+03;9;1;1;1.00000e+00;1.00000e+00;1.00000e+00;57;3.13351e-01;3.19312e-01;2.41124e-01
nav-lives;me-freeForm;3;[8];96;9600;9600;7.16013e+03;20;1;1;1.00000e+00;1.00000e+00;1.00000e+00;74;9.99745e-01;1.00725e+00;1.03599e-03
nav-lives;me-freeForm;4;[8];78;7800;7800;5.63396e+03;9;1;1;1.00000e+00;1.00000e+00;1.00000e+00;57;3.13351e-01;3.19312e-01;2.41124e-01
nav-lives;me-freeForm;3;[8];97;9700;9700;7.23406e+03;20;1;1;1.00000e+00;1.00000e+00;1.00000e+00;74;9.99745e-01;1.00725e+00;1.03599e-03
nav-lives;me-freeForm;4;[8];79;7900;7900;5.70791e+03;9;1;1;1.00000e+00;1.00000e+00;1.00000e+00;57;3.13351e-01;3.19312e-01;2.41124e-01
nav-lives;me-freeForm;3;[8];98;9800;9800;7.30456e+03;20;1;1;1.00000e+00;1.00000e+00;1.00000e+00;74;9.99745e-01;1.00725e+00;1.03599e-03
nav-lives;me-freeForm;4;[8];80;8000;8000;5.77805e+03;9;1;1;1.00000e+00;1.00000e+00;1.00000e+00;57;3.13351e-01;3.19312e-01;2.41124e-01
nav-lives;me-freeForm;3;[8];99;9900;9900;7.37644e+03;20;1;1;1.00000e+00;1.00000e+00;1.00000e+00;74;9.99745e-01;1.00725e+00;1.03599e-03
nav-lives;me-freeForm;4;[8];81;8100;8100;5.85070e+03;9;1;1;1.00000e+00;1.00000e+00;1.00000e+00;57;3.13351e-01;3.19312e-01;2.41124e-01
nav-lives;me-freeForm;3;[8];100;10000;10000;7.44947e+03;20;1;1;1.00000e+00;1.00000e+00;1.00000e+00;74;9.99745e-01;1.00725e+00;1.03599e-03
nav-lives;me-freeForm;4;[8];82;8200;8200;5.92233e+03;9;1;1;1.00000e+00;1.00000e+00;1.00000e+00;57;3.13351e-01;3.19312e-01;2.41124e-01
nav-lives;me-freeForm;3;[8];101;10100;10100;7.52135e+03;20;1;1;1.00000e+00;1.00000e+00;1.00000e+00;74;9.99745e-01;1.00725e+00;1.03599e-03
nav-lives;me-freeForm;4;[8];83;8300;8300;5.99459e+03;9;1;1;1.00000e+00;1.00000e+00;1.00000e+00;57;3.13351e-01;3.19312e-01;2.41124e-01
nav-lives;me-freeForm;3;[8];102;10200;10200;7.59278e+03;20;1;1;1.00000e+00;1.00000e+00;1.00000e+00;74;9.99745e-01;1.00725e+00;1.03599e-03
nav-lives;me-freeForm;4;[8];84;8400;8400;6.06816e+03;9;1;1;1.00000e+00;1.00000e+00;1.00000e+00;57;3.13351e-01;3.19312e-01;2.41124e-01
nav-lives;me-freeForm;3;[8];103;10300;10300;7.66932e+03;20;1;1;1.00000e+00;1.00000e+00;1.00000e+00;74;9.99745e-01;1.00725e+00;1.03599e-03
nav-lives;me-freeForm;4;[8];85;8500;8500;6.14360e+03;9;1;1;1.00000e+00;1.00000e+00;1.00000e+00;57;3.13351e-01;3.19312e-01;2.41124e-01
nav-lives;me-freeForm;3;[8];104;10400;10400;7.74281e+03;20;1;1;1.00000e+00;1.00000e+00;1.00000e+00;74;9.99745e-01;1.00725e+00;1.03599e-03
nav-lives;me-freeForm;4;[8];86;8600;8600;6.21446e+03;9;1;1;1.00000e+00;1.00000e+00;1.00000e+00;57;3.13351e-01;3.19312e-01;2.41124e-01
nav-lives;me-freeForm;3;[8];105;10500;10500;7.81380e+03;20;1;1;1.00000e+00;1.00000e+00;1.00000e+00;74;9.99745e-01;1.00725e+00;1.03599e-03
nav-lives;me-freeForm;4;[8];87;8700;8700;6.28763e+03;9;1;1;1.00000e+00;1.00000e+00;1.00000e+00;57;3.13351e-01;3.19312e-01;2.41124e-01
nav-lives;me-freeForm;3;[8];106;10600;10600;7.88451e+03;20;1;1;1.00000e+00;1.00000e+00;1.00000e+00;74;9.99745e-01;1.00725e+00;1.03599e-03
nav-lives;me-freeForm;4;[8];88;8800;8800;6.35939e+03;9;1;1;1.00000e+00;1.00000e+00;1.00000e+00;57;3.13351e-01;3.19312e-01;2.41124e-01
nav-lives;me-freeForm;3;[8];107;10700;10700;7.95771e+03;20;1;1;1.00000e+00;1.00000e+00;1.00000e+00;74;9.99745e-01;1.00725e+00;1.03599e-03
nav-lives;me-freeForm;4;[8];89;8900;8900;6.42857e+03;9;1;1;1.00000e+00;1.00000e+00;1.00000e+00;57;3.13351e-01;3.19312e-01;2.41124e-01
nav-lives;me-freeForm;3;[8];108;10800;10800;8.03251e+03;20;1;1;1.00000e+00;1.00000e+00;1.00000e+00;74;9.99745e-01;1.00725e+00;1.03599e-03
nav-lives;me-freeForm;4;[8];90;9000;9000;6.50523e+03;9;1;1;1.00000e+00;1.00000e+00;1.00000e+00;57;3.13351e-01;3.19312e-01;2.41124e-01
nav-lives;me-freeForm;3;[8];109;10900;10900;8.10426e+03;20;1;1;1.00000e+00;1.00000e+00;1.00000e+00;74;9.99745e-01;1.00725e+00;1.03599e-03
nav-lives;me-freeForm;4;[8];91;9100;9100;6.57847e+03;9;1;1;1.00000e+00;1.00000e+00;1.00000e+00;57;3.13351e-01;3.19312e-01;2.41124e-01
nav-lives;me-freeForm;3;[8];110;11000;11000;8.17778e+03;20;1;1;1.00000e+00;1.00000e+00;1.00000e+00;74;9.99745e-01;1.00725e+00;1.03599e-03
nav-lives;me-freeForm;4;[8];92;9200;9200;6.65012e+03;9;1;1;1.00000e+00;1.00000e+00;1.00000e+00;57;3.13351e-01;3.19312e-01;2.41124e-01
nav-lives;me-freeForm;3;[8];111;11100;11100;8.24895e+03;20;1;1;1.00000e+00;1.00000e+00;1.00000e+00;74;9.99745e-01;1.00725e+00;1.03599e-03
nav-lives;me-freeForm;4;[8];93;9300;9300;6.72421e+03;9;1;1;1.00000e+00;1.00000e+00;1.00000e+00;57;3.13351e-01;3.19312e-01;2.41124e-01
nav-lives;me-freeForm;3;[8];112;11200;11200;8.32383e+03;20;1;1;1.00000e+00;1.00000e+00;1.00000e+00;74;9.99745e-01;1.00725e+00;1.03599e-03
nav-lives;me-freeForm;4;[8];94;9400;9400;6.79526e+03;9;1;1;1.00000e+00;1.00000e+00;1.00000e+00;57;3.13351e-01;3.19312e-01;2.41124e-01
nav-lives;me-freeForm;3;[8];113;11300;11300;8.39617e+03;20;1;1;1.00000e+00;1.00000e+00;1.00000e+00;74;9.99745e-01;1.00725e+00;1.03599e-03
nav-lives;me-freeForm;4;[8];95;9500;9500;6.86820e+03;9;1;1;1.00000e+00;1.00000e+00;1.00000e+00;57;3.13351e-01;3.19312e-01;2.41124e-01
nav-lives;me-freeForm;3;[8];114;11400;11400;8.46938e+03;20;1;1;1.00000e+00;1.00000e+00;1.00000e+00;74;9.99745e-01;1.00725e+00;1.03599e-03
nav-lives;me-freeForm;4;[8];96;9600;9600;6.94188e+03;9;1;1;1.00000e+00;1.00000e+00;1.00000e+00;57;3.13351e-01;3.19312e-01;2.41124e-01
nav-lives;me-freeForm;3;[8];115;11500;11500;8.54309e+03;20;1;1;1.00000e+00;1.00000e+00;1.00000e+00;74;9.99745e-01;1.00725e+00;1.03599e-03
nav-lives;me-freeForm;4;[8];97;9700;9700;7.01534e+03;9;1;1;1.00000e+00;1.00000e+00;1.00000e+00;57;3.13351e-01;3.19312e-01;2.41124e-01
nav-lives;me-freeForm;3;[8];116;11600;11600;8.61448e+03;20;1;1;1.00000e+00;1.00000e+00;1.00000e+00;74;9.99745e-01;1.00725e+00;1.03599e-03
nav-lives;me-freeForm;4;[8];98;9800;9800;7.08910e+03;9;1;1;1.00000e+00;1.00000e+00;1.00000e+00;57;3.13351e-01;3.19312e-01;2.41124e-01
nav-lives;me-freeForm;3;[8];117;11700;11700;8.68422e+03;20;1;1;1.00000e+00;1.00000e+00;1.00000e+00;74;9.99745e-01;1.00725e+00;1.03599e-03
nav-lives;me-freeForm;4;[8];99;9900;9900;7.16080e+03;9;1;1;1.00000e+00;1.00000e+00;1.00000e+00;57;3.13351e-01;3.19312e-01;2.41124e-01
nav-lives;me-freeForm;3;[8];118;11800;11800;8.75991e+03;20;1;1;1.00000e+00;1.00000e+00;1.00000e+00;74;9.99745e-01;1.00725e+00;1.03599e-03
nav-lives;me-freeForm;4;[8];100;10000;10000;7.23456e+03;9;1;1;1.00000e+00;1.00000e+00;1.00000e+00;57;3.13351e-01;3.19312e-01;2.41124e-01
nav-lives;me-freeForm;3;[8];119;11900;11900;8.83208e+03;20;1;1;1.00000e+00;1.00000e+00;1.00000e+00;74;9.99745e-01;1.00725e+00;1.03599e-03
nav-lives;me-freeForm;4;[8];101;10100;10100;7.30644e+03;9;1;1;1.00000e+00;1.00000e+00;1.00000e+00;57;3.13351e-01;3.19312e-01;2.41124e-01
nav-lives;me-freeForm;3;[8];120;12000;12000;8.90493e+03;20;1;1;1.00000e+00;1.00000e+00;1.00000e+00;74;9.99745e-01;1.00725e+00;1.03599e-03
nav-lives;me-freeForm;4;[8];102;10200;10200;7.37904e+03;9;1;1;1.00000e+00;1.00000e+00;1.00000e+00;57;3.13351e-01;3.19312e-01;2.41124e-01
nav-lives;me-freeForm;3;[8];121;12100;12100;8.98011e+03;20;1;1;1.00000e+00;1.00000e+00;1.00000e+00;74;9.99745e-01;1.00725e+00;1.03599e-03
nav-lives;me-freeForm;4;[8];103;10300;10300;7.45193e+03;9;1;1;1.00000e+00;1.00000e+00;1.00000e+00;57;3.13351e-01;3.19312e-01;2.41124e-01
nav-lives;me-freeForm;3;[8];122;12200;12200;9.05243e+03;20;1;1;1.00000e+00;1.00000e+00;1.00000e+00;74;9.99745e-01;1.00725e+00;1.03599e-03
nav-lives;me-freeForm;4;[8];104;10400;10400;7.52574e+03;9;1;1;1.00000e+00;1.00000e+00;1.00000e+00;57;3.13351e-01;3.19312e-01;2.41124e-01
nav-lives;me-freeForm;3;[8];123;12300;12300;9.12706e+03;20;1;1;1.00000e+00;1.00000e+00;1.00000e+00;74;9.99745e-01;1.00725e+00;1.03599e-03
nav-lives;me-freeForm;4;[8];105;10500;10500;7.60214e+03;9;1;1;1.00000e+00;1.00000e+00;1.00000e+00;57;3.13351e-01;3.19312e-01;2.41124e-01
nav-lives;me-freeForm;3;[8];124;12400;12400;9.19841e+03;20;1;1;1.00000e+00;1.00000e+00;1.00000e+00;74;9.99745e-01;1.00725e+00;1.03599e-03
nav-lives;me-freeForm;4;[8];106;10600;10600;7.67229e+03;9;1;1;1.00000e+00;1.00000e+00;1.00000e+00;57;3.13351e-01;3.19312e-01;2.41124e-01
nav-lives;me-freeForm;3;[8];125;12500;12500;9.27176e+03;20;1;1;1.00000e+00;1.00000e+00;1.00000e+00;74;9.99745e-01;1.00725e+00;1.03599e-03
nav-lives;me-freeForm;4;[8];107;10700;10700;7.74243e+03;9;1;1;1.00000e+00;1.00000e+00;1.00000e+00;57;3.13351e-01;3.19312e-01;2.41124e-01
nav-lives;me-freeForm;3;[8];126;12600;12600;9.34266e+03;20;1;1;1.00000e+00;1.00000e+00;1.00000e+00;74;9.99745e-01;1.00725e+00;1.03599e-03
nav-lives;me-freeForm;4;[8];108;10800;10800;7.81560e+03;9;1;1;1.00000e+00;1.00000e+00;1.00000e+00;57;3.13351e-01;3.19312e-01;2.41124e-01
nav-lives;me-freeForm;3;[8];127;12700;12700;9.41736e+03;20;1;1;1.00000e+00;1.00000e+00;1.00000e+00;74;9.99745e-01;1.00725e+00;1.03599e-03
nav-lives;me-freeForm;4;[8];109;10900;10900;7.89217e+03;9;1;1;1.00000e+00;1.00000e+00;1.00000e+00;57;3.13351e-01;3.19312e-01;2.41124e-01
nav-lives;me-freeForm;3;[8];128;12800;12800;9.49147e+03;20;1;1;1.00000e+00;1.00000e+00;1.00000e+00;74;9.99745e-01;1.00725e+00;1.03599e-03
nav-lives;me-freeForm;4;[8];110;11000;11000;7.96230e+03;9;1;1;1.00000e+00;1.00000e+00;1.00000e+00;57;3.13351e-01;3.19312e-01;2.41124e-01
nav-lives;me-freeForm;3;[8];129;12900;12900;9.56225e+03;20;1;1;1.00000e+00;1.00000e+00;1.00000e+00;74;9.99745e-01;1.00725e+00;1.03599e-03
nav-lives;me-freeForm;4;[8];111;11100;11100;8.03564e+03;9;1;1;1.00000e+00;1.00000e+00;1.00000e+00;57;3.13351e-01;3.19312e-01;2.41124e-01
nav-lives;me-freeForm;3;[8];130;13000;13000;9.63376e+03;20;1;1;1.00000e+00;1.00000e+00;1.00000e+00;74;9.99745e-01;1.00725e+00;1.03599e-03
nav-lives;me-freeForm;4;[8];112;11200;11200;8.10875e+03;9;1;1;1.00000e+00;1.00000e+00;1.00000e+00;57;3.13351e-01;3.19312e-01;2.41124e-01
nav-lives;me-freeForm;3;[8];131;13100;13100;9.70785e+03;20;1;1;1.00000e+00;1.00000e+00;1.00000e+00;74;9.99745e-01;1.00725e+00;1.03599e-03
nav-lives;me-freeForm;4;[8];113;11300;11300;8.18088e+03;9;1;1;1.00000e+00;1.00000e+00;1.00000e+00;57;3.13351e-01;3.19312e-01;2.41124e-01
nav-lives;me-freeForm;3;[8];132;13200;13200;9.78063e+03;20;1;1;1.00000e+00;1.00000e+00;1.00000e+00;74;9.99745e-01;1.00725e+00;1.03599e-03
nav-lives;me-freeForm;4;[8];114;11400;11400;8.25554e+03;9;1;1;1.00000e+00;1.00000e+00;1.00000e+00;57;3.13351e-01;3.19312e-01;2.41124e-01
nav-lives;me-freeForm;3;[8];133;13300;13300;9.85279e+03;20;1;1;1.00000e+00;1.00000e+00;1.00000e+00;115;9.99802e-01;1.00494e+00;7.34707e-04
nav-lives;me-freeForm;4;[8];115;11500;11500;8.32516e+03;9;1;1;1.00000e+00;1.00000e+00;1.00000e+00;57;3.13351e-01;3.19312e-01;2.41124e-01
nav-lives;me-freeForm;3;[8];134;13400;13400;9.92603e+03;20;1;1;1.00000e+00;1.00000e+00;1.00000e+00;115;9.99802e-01;1.00494e+00;7.34707e-04
nav-lives;me-freeForm;4;[8];116;11600;11600;8.40033e+03;9;1;1;1.00000e+00;1.00000e+00;1.00000e+00;57;3.13351e-01;3.19312e-01;2.41124e-01
nav-lives;me-freeForm;3;[8];135;13500;13500;9.99768e+03;20;1;1;1.00000e+00;1.00000e+00;1.00000e+00;115;9.99802e-01;1.00494e+00;7.34707e-04
nav-lives;me-freeForm;4;[8];117;11700;11700;8.47336e+03;9;1;1;1.00000e+00;1.00000e+00;1.00000e+00;57;3.13351e-01;3.19312e-01;2.41124e-01
nav-lives;me-freeForm;3;[8];136;13600;13600;1.00721e+04;20;1;1;1.00000e+00;1.00000e+00;1.00000e+00;115;9.99802e-01;1.00494e+00;7.34707e-04
nav-lives;me-freeForm;4;[8];118;11800;11800;8.54764e+03;9;1;1;1.00000e+00;1.00000e+00;1.00000e+00;57;3.13351e-01;3.19312e-01;2.41124e-01
nav-lives;me-freeForm;3;[8];137;13700;13700;1.01484e+04;20;1;1;1.00000e+00;1.00000e+00;1.00000e+00;115;9.99802e-01;1.00494e+00;7.34707e-04
nav-lives;me-freeForm;4;[8];119;11900;11900;8.62071e+03;9;1;1;1.00000e+00;1.00000e+00;1.00000e+00;57;3.13351e-01;3.19312e-01;2.41124e-01
nav-lives;me-freeForm;3;[8];138;13800;13800;1.02174e+04;20;1;1;1.00000e+00;1.00000e+00;1.00000e+00;115;9.99802e-01;1.00494e+00;7.34707e-04
nav-lives;me-freeForm;4;[8];120;12000;12000;8.69286e+03;9;1;1;1.00000e+00;1.00000e+00;1.00000e+00;57;3.13351e-01;3.19312e-01;2.41124e-01
nav-lives;me-freeForm;3;[8];139;13900;13900;1.02901e+04;20;1;1;1.00000e+00;1.00000e+00;1.00000e+00;115;9.99802e-01;1.00494e+00;7.34707e-04
nav-lives;me-freeForm;4;[8];121;12100;12100;8.76382e+03;9;1;1;1.00000e+00;1.00000e+00;1.00000e+00;57;3.13351e-01;3.19312e-01;2.41124e-01
nav-lives;me-freeForm;3;[8];140;14000;14000;1.03628e+04;20;1;1;1.00000e+00;1.00000e+00;1.00000e+00;115;9.99802e-01;1.00494e+00;7.34707e-04
nav-lives;me-freeForm;4;[8];122;12200;12200;8.83655e+03;9;1;1;1.00000e+00;1.00000e+00;1.00000e+00;57;3.13351e-01;3.19312e-01;2.41124e-01
nav-lives;me-freeForm;3;[8];141;14100;14100;1.04376e+04;20;1;1;1.00000e+00;1.00000e+00;1.00000e+00;115;9.99802e-01;1.00494e+00;7.34707e-04
nav-lives;me-freeForm;4;[8];123;12300;12300;8.91188e+03;9;1;1;1.00000e+00;1.00000e+00;1.00000e+00;57;3.13351e-01;3.19312e-01;2.41124e-01
nav-lives;me-freeForm;3;[8];142;14200;14200;1.05097e+04;20;1;1;1.00000e+00;1.00000e+00;1.00000e+00;115;9.99802e-01;1.00494e+00;7.34707e-04
nav-lives;me-freeForm;4;[8];124;12400;12400;8.98325e+03;9;1;1;1.00000e+00;1.00000e+00;1.00000e+00;57;3.13351e-01;3.19312e-01;2.41124e-01
nav-lives;me-freeForm;3;[8];143;14300;14300;1.05857e+04;20;1;1;1.00000e+00;1.00000e+00;1.00000e+00;115;9.99802e-01;1.00494e+00;7.34707e-04
nav-lives;me-freeForm;4;[8];125;12500;12500;9.05920e+03;9;1;1;1.00000e+00;1.00000e+00;1.00000e+00;57;3.13351e-01;3.19312e-01;2.41124e-01
nav-lives;me-freeForm;3;[8];144;14400;14400;1.06549e+04;20;1;1;1.00000e+00;1.00000e+00;1.00000e+00;115;9.99802e-01;1.00494e+00;7.34707e-04
nav-lives;me-freeForm;4;[8];126;12600;12600;9.13083e+03;9;1;1;1.00000e+00;1.00000e+00;1.00000e+00;57;3.13351e-01;3.19312e-01;2.41124e-01
nav-lives;me-freeForm;3;[8];145;14500;14500;1.07269e+04;20;1;1;1.00000e+00;1.00000e+00;1.00000e+00;115;9.99802e-01;1.00494e+00;7.34707e-04
nav-lives;me-freeForm;4;[8];127;12700;12700;9.20349e+03;9;1;1;1.00000e+00;1.00000e+00;1.00000e+00;57;3.13351e-01;3.19312e-01;2.41124e-01
nav-lives;me-freeForm;3;[8];146;14600;14600;1.08009e+04;20;1;1;1.00000e+00;1.00000e+00;1.00000e+00;115;9.99802e-01;1.00494e+00;7.34707e-04
nav-lives;me-freeForm;4;[8];128;12800;12800;9.27388e+03;9;1;1;1.00000e+00;1.00000e+00;1.00000e+00;57;3.13351e-01;3.19312e-01;2.41124e-01
nav-lives;me-freeForm;3;[8];147;14700;14700;1.08788e+04;20;1;1;1.00000e+00;1.00000e+00;1.00000e+00;115;9.99802e-01;1.00494e+00;7.34707e-04
nav-lives;me-freeForm;4;[8];129;12900;12900;9.34906e+03;9;1;1;1.00000e+00;1.00000e+00;1.00000e+00;57;3.13351e-01;3.19312e-01;2.41124e-01
nav-lives;me-freeForm;3;[8];148;14800;14800;1.09490e+04;20;1;1;1.00000e+00;1.00000e+00;1.00000e+00;115;9.99802e-01;1.00494e+00;7.34707e-04
nav-lives;me-freeForm;4;[8];130;13000;13000;9.42230e+03;9;1;1;1.00000e+00;1.00000e+00;1.00000e+00;57;3.13351e-01;3.19312e-01;2.41124e-01
nav-lives;me-freeForm;3;[8];149;14900;14900;1.10208e+04;20;1;1;1.00000e+00;1.00000e+00;1.00000e+00;115;9.99802e-01;1.00494e+00;7.34707e-04
nav-lives;me-freeForm;4;[8];131;13100;13100;9.49431e+03;9;1;1;1.00000e+00;1.00000e+00;1.00000e+00;57;3.13351e-01;3.19312e-01;2.41124e-01
nav-lives;me-freeForm;3;[8];150;15000;15000;1.10913e+04;20;1;1;1.00000e+00;1.00000e+00;1.00000e+00;115;9.99802e-01;1.00494e+00;7.34707e-04
nav-lives;me-freeForm;4;[8];132;13200;13200;9.56393e+03;9;1;1;1.00000e+00;1.00000e+00;1.00000e+00;57;3.13351e-01;3.19312e-01;2.41124e-01
nav-lives;me-freeForm;3;[8];151;15100;15100;1.11661e+04;20;1;1;1.00000e+00;1.00000e+00;1.00000e+00;115;9.99802e-01;1.00494e+00;7.34707e-04
nav-lives;me-freeForm;4;[8];133;13300;13300;9.63888e+03;9;1;1;1.00000e+00;1.00000e+00;1.00000e+00;57;3.13351e-01;3.19312e-01;2.41124e-01
nav-lives;me-freeForm;3;[8];152;15200;15200;1.12390e+04;20;1;1;1.00000e+00;1.00000e+00;1.00000e+00;115;9.99802e-01;1.00494e+00;7.34707e-04
nav-lives;me-freeForm;4;[8];134;13400;13400;9.71222e+03;9;1;1;1.00000e+00;1.00000e+00;1.00000e+00;57;3.13351e-01;3.19312e-01;2.41124e-01
nav-lives;me-freeForm;3;[8];153;15300;15300;1.13131e+04;20;1;1;1.00000e+00;1.00000e+00;1.00000e+00;115;9.99802e-01;1.00494e+00;7.34707e-04
nav-lives;me-freeForm;4;[8];135;13500;13500;9.78662e+03;9;1;1;1.00000e+00;1.00000e+00;1.00000e+00;57;3.13351e-01;3.19312e-01;2.41124e-01
nav-lives;me-freeForm;3;[8];154;15400;15400;1.13862e+04;20;1;1;1.00000e+00;1.00000e+00;1.00000e+00;115;9.99802e-01;1.00494e+00;7.34707e-04
nav-lives;me-freeForm;4;[8];136;13600;13600;9.86097e+03;9;1;1;1.00000e+00;1.00000e+00;1.00000e+00;57;3.13351e-01;3.19312e-01;2.41124e-01
nav-lives;me-freeForm;3;[8];155;15500;15500;1.14587e+04;20;1;1;1.00000e+00;1.00000e+00;1.00000e+00;115;9.99802e-01;1.00494e+00;7.34707e-04
nav-lives;me-freeForm;4;[8];137;13700;13700;9.93309e+03;9;1;1;1.00000e+00;1.00000e+00;1.00000e+00;57;3.13351e-01;3.19312e-01;2.41124e-01
nav-lives;me-freeForm;3;[8];156;15600;15600;1.15322e+04;20;1;1;1.00000e+00;1.00000e+00;1.00000e+00;115;9.99802e-01;1.00494e+00;7.34707e-04
nav-lives;me-freeForm;4;[8];138;13800;13800;1.00049e+04;9;1;1;1.00000e+00;1.00000e+00;1.00000e+00;57;3.13351e-01;3.19312e-01;2.41124e-01
nav-lives;me-freeForm;3;[8];157;15700;15700;1.16005e+04;20;1;1;1.00000e+00;1.00000e+00;1.00000e+00;115;9.99802e-01;1.00494e+00;7.34707e-04
nav-lives;me-freeForm;4;[8];139;13900;13900;1.00768e+04;9;1;1;1.00000e+00;1.00000e+00;1.00000e+00;57;3.13351e-01;3.19312e-01;2.41124e-01
nav-lives;me-freeForm;3;[8];158;15800;15800;1.16777e+04;20;1;1;1.00000e+00;1.00000e+00;1.00000e+00;115;9.99802e-01;1.00494e+00;7.34707e-04
nav-lives;me-freeForm;4;[8];140;14000;14000;1.01492e+04;9;1;1;1.00000e+00;1.00000e+00;1.00000e+00;57;3.13351e-01;3.19312e-01;2.41124e-01
nav-lives;me-freeForm;3;[8];159;15900;15900;1.17486e+04;20;1;1;1.00000e+00;1.00000e+00;1.00000e+00;115;9.99802e-01;1.00494e+00;7.34707e-04
nav-lives;me-freeForm;4;[8];141;14100;14100;1.02230e+04;9;1;1;1.00000e+00;1.00000e+00;1.00000e+00;57;3.13351e-01;3.19312e-01;2.41124e-01
nav-lives;me-freeForm;3;[8];160;16000;16000;1.18251e+04;20;1;1;1.00000e+00;1.00000e+00;1.00000e+00;115;9.99802e-01;1.00494e+00;7.34707e-04
nav-lives;me-freeForm;4;[8];142;14200;14200;1.02979e+04;9;1;1;1.00000e+00;1.00000e+00;1.00000e+00;57;3.13351e-01;3.19312e-01;2.41124e-01
nav-lives;me-freeForm;3;[8];161;16100;16100;1.18971e+04;20;1;1;1.00000e+00;1.00000e+00;1.00000e+00;115;9.99802e-01;1.00494e+00;7.34707e-04
nav-lives;me-freeForm;4;[8];143;14300;14300;1.03710e+04;9;1;1;1.00000e+00;1.00000e+00;1.00000e+00;57;3.13351e-01;3.19312e-01;2.41124e-01
nav-lives;me-freeForm;3;[8];162;16200;16200;1.19689e+04;20;1;1;1.00000e+00;1.00000e+00;1.00000e+00;115;9.99802e-01;1.00494e+00;7.34707e-04
nav-lives;me-freeForm;4;[8];144;14400;14400;1.04444e+04;9;1;1;1.00000e+00;1.00000e+00;1.00000e+00;57;3.13351e-01;3.19312e-01;2.41124e-01
nav-lives;me-freeForm;3;[8];163;16300;16300;1.20415e+04;20;1;1;1.00000e+00;1.00000e+00;1.00000e+00;115;9.99802e-01;1.00494e+00;7.34707e-04
nav-lives;me-freeForm;4;[8];145;14500;14500;1.05168e+04;9;1;1;1.00000e+00;1.00000e+00;1.00000e+00;57;3.13351e-01;3.19312e-01;2.41124e-01
nav-lives;me-freeForm;3;[8];164;16400;16400;1.21164e+04;20;1;1;1.00000e+00;1.00000e+00;1.00000e+00;115;9.99802e-01;1.00494e+00;7.34707e-04
nav-lives;me-freeForm;4;[8];146;14600;14600;1.05866e+04;9;1;1;1.00000e+00;1.00000e+00;1.00000e+00;57;3.13351e-01;3.19312e-01;2.41124e-01
nav-lives;me-freeForm;3;[8];165;16500;16500;1.21892e+04;20;1;1;1.00000e+00;1.00000e+00;1.00000e+00;115;9.99802e-01;1.00494e+00;7.34707e-04
nav-lives;me-freeForm;4;[8];147;14700;14700;1.06628e+04;9;1;1;1.00000e+00;1.00000e+00;1.00000e+00;57;3.13351e-01;3.19312e-01;2.41124e-01
nav-lives;me-freeForm;3;[8];166;16600;16600;1.22618e+04;20;1;1;1.00000e+00;1.00000e+00;1.00000e+00;115;9.99802e-01;1.00494e+00;7.34707e-04
nav-lives;me-freeForm;4;[8];148;14800;14800;1.07373e+04;9;1;1;1.00000e+00;1.00000e+00;1.00000e+00;57;3.13351e-01;3.19312e-01;2.41124e-01
nav-lives;me-freeForm;3;[8];167;16700;16700;1.23333e+04;20;1;1;1.00000e+00;1.00000e+00;1.00000e+00;115;9.99802e-01;1.00494e+00;7.34707e-04
nav-lives;me-freeForm;4;[8];149;14900;14900;1.08079e+04;9;1;1;1.00000e+00;1.00000e+00;1.00000e+00;57;3.13351e-01;3.19312e-01;2.41124e-01
nav-lives;me-freeForm;3;[8];168;16800;16800;1.24067e+04;20;1;1;1.00000e+00;1.00000e+00;1.00000e+00;115;9.99802e-01;1.00494e+00;7.34707e-04
nav-lives;me-freeForm;4;[8];150;15000;15000;1.08820e+04;9;1;1;1.00000e+00;1.00000e+00;1.00000e+00;57;3.13351e-01;3.19312e-01;2.41124e-01
nav-lives;me-freeForm;3;[8];169;16900;16900;1.24785e+04;20;1;1;1.00000e+00;1.00000e+00;1.00000e+00;115;9.99802e-01;1.00494e+00;7.34707e-04
nav-lives;me-freeForm;4;[8];151;15100;15100;1.09543e+04;12;1;1;1.00000e+00;1.00000e+00;1.00000e+00;57;3.13351e-01;3.19312e-01;2.41124e-01
nav-lives;me-freeForm;3;[8];170;17000;17000;1.25513e+04;20;1;1;1.00000e+00;1.00000e+00;1.00000e+00;115;9.99802e-01;1.00494e+00;7.34707e-04
nav-lives;me-freeForm;4;[8];152;15200;15200;1.10264e+04;12;1;1;1.00000e+00;1.00000e+00;1.00000e+00;57;3.13351e-01;3.19312e-01;2.41124e-01
nav-lives;me-freeForm;3;[8];171;17100;17100;1.26271e+04;20;1;1;1.00000e+00;1.00000e+00;1.00000e+00;115;9.99802e-01;1.00494e+00;7.34707e-04
nav-lives;me-freeForm;4;[8];153;15300;15300;1.10980e+04;12;1;1;1.00000e+00;1.00000e+00;1.00000e+00;57;3.13351e-01;3.19312e-01;2.41124e-01
nav-lives;me-freeForm;3;[8];172;17200;17200;1.27014e+04;20;1;1;1.00000e+00;1.00000e+00;1.00000e+00;115;9.99802e-01;1.00494e+00;7.34707e-04
nav-lives;me-freeForm;4;[8];154;15400;15400;1.11740e+04;12;1;1;1.00000e+00;1.00000e+00;1.00000e+00;57;3.13351e-01;3.19312e-01;2.41124e-01
nav-lives;me-freeForm;3;[8];173;17300;17300;1.27717e+04;20;1;1;1.00000e+00;1.00000e+00;1.00000e+00;115;9.99802e-01;1.00494e+00;7.34707e-04
nav-lives;me-freeForm;4;[8];155;15500;15500;1.12454e+04;12;1;1;1.00000e+00;1.00000e+00;1.00000e+00;57;3.13351e-01;3.19312e-01;2.41124e-01
nav-lives;me-freeForm;3;[8];174;17400;17400;1.28444e+04;20;1;1;1.00000e+00;1.00000e+00;1.00000e+00;115;9.99802e-01;1.00494e+00;7.34707e-04
nav-lives;me-freeForm;4;[8];156;15600;15600;1.13168e+04;12;1;1;1.00000e+00;1.00000e+00;1.00000e+00;57;3.13351e-01;3.19312e-01;2.41124e-01
nav-lives;me-freeForm;3;[8];175;17500;17500;1.29180e+04;20;1;1;1.00000e+00;1.00000e+00;1.00000e+00;115;9.99802e-01;1.00494e+00;7.34707e-04
nav-lives;me-freeForm;4;[8];157;15700;15700;1.13918e+04;12;1;1;1.00000e+00;1.00000e+00;1.00000e+00;57;3.13351e-01;3.19312e-01;2.41124e-01
nav-lives;me-freeForm;3;[8];176;17600;17600;1.29884e+04;20;1;1;1.00000e+00;1.00000e+00;1.00000e+00;115;9.99802e-01;1.00494e+00;7.34707e-04
nav-lives;me-freeForm;4;[8];158;15800;15800;1.14648e+04;12;1;1;1.00000e+00;1.00000e+00;1.00000e+00;57;3.13351e-01;3.19312e-01;2.41124e-01
nav-lives;me-freeForm;3;[8];177;17700;17700;1.30633e+04;20;1;1;1.00000e+00;1.00000e+00;1.00000e+00;115;9.99802e-01;1.00494e+00;7.34707e-04
nav-lives;me-freeForm;4;[8];159;15900;15900;1.15431e+04;12;1;1;1.00000e+00;1.00000e+00;1.00000e+00;57;3.13351e-01;3.19312e-01;2.41124e-01
nav-lives;me-freeForm;3;[8];178;17800;17800;1.31369e+04;20;1;1;1.00000e+00;1.00000e+00;1.00000e+00;115;9.99802e-01;1.00494e+00;7.34707e-04
nav-lives;me-freeForm;4;[8];160;16000;16000;1.16125e+04;12;1;1;1.00000e+00;1.00000e+00;1.00000e+00;57;3.13351e-01;3.19312e-01;2.41124e-01
nav-lives;me-freeForm;3;[8];179;17900;17900;1.32114e+04;20;1;1;1.00000e+00;1.00000e+00;1.00000e+00;115;9.99802e-01;1.00494e+00;7.34707e-04
nav-lives;me-freeForm;4;[8];161;16100;16100;1.16864e+04;12;1;1;1.00000e+00;1.00000e+00;1.00000e+00;57;3.13351e-01;3.19312e-01;2.41124e-01
nav-lives;me-freeForm;3;[8];180;18000;18000;1.32841e+04;20;1;1;1.00000e+00;1.00000e+00;1.00000e+00;115;9.99802e-01;1.00494e+00;7.34707e-04
nav-lives;me-freeForm;4;[8];162;16200;16200;1.17581e+04;12;1;1;1.00000e+00;1.00000e+00;1.00000e+00;57;3.13351e-01;3.19312e-01;2.41124e-01
nav-lives;me-freeForm;3;[8];181;18100;18100;1.33585e+04;20;1;1;1.00000e+00;1.00000e+00;1.00000e+00;115;9.99802e-01;1.00494e+00;7.34707e-04
nav-lives;me-freeForm;4;[8];163;16300;16300;1.18321e+04;12;1;1;1.00000e+00;1.00000e+00;1.00000e+00;57;3.13351e-01;3.19312e-01;2.41124e-01
nav-lives;me-freeForm;3;[8];182;18200;18200;1.34328e+04;20;1;1;1.00000e+00;1.00000e+00;1.00000e+00;115;9.99802e-01;1.00494e+00;7.34707e-04
nav-lives;me-freeForm;4;[8];164;16400;16400;1.19048e+04;12;1;1;1.00000e+00;1.00000e+00;1.00000e+00;57;3.13351e-01;3.19312e-01;2.41124e-01
nav-lives;me-freeForm;3;[8];183;18300;18300;1.35097e+04;20;1;1;1.00000e+00;1.00000e+00;1.00000e+00;115;9.99802e-01;1.00494e+00;7.34707e-04
nav-lives;me-freeForm;4;[8];165;16500;16500;1.19792e+04;12;1;1;1.00000e+00;1.00000e+00;1.00000e+00;57;3.13351e-01;3.19312e-01;2.41124e-01
nav-lives;me-freeForm;3;[8];184;18400;18400;1.35821e+04;20;1;1;1.00000e+00;1.00000e+00;1.00000e+00;90;9.99859e-01;1.00547e+00;4.46534e-04
nav-lives;me-freeForm;4;[8];166;16600;16600;1.20557e+04;12;1;1;1.00000e+00;1.00000e+00;1.00000e+00;57;3.13351e-01;3.19312e-01;2.41124e-01
nav-lives;me-freeForm;3;[8];185;18500;18500;1.36542e+04;20;1;1;1.00000e+00;1.00000e+00;1.00000e+00;90;9.99859e-01;1.00547e+00;4.46534e-04
nav-lives;me-freeForm;4;[8];167;16700;16700;1.21259e+04;12;1;1;1.00000e+00;1.00000e+00;1.00000e+00;57;3.13351e-01;3.19312e-01;2.41124e-01
nav-lives;me-freeForm;3;[8];186;18600;18600;1.37276e+04;20;1;1;1.00000e+00;1.00000e+00;1.00000e+00;90;9.99859e-01;1.00547e+00;4.46534e-04
nav-lives;me-freeForm;4;[8];168;16800;16800;1.22007e+04;12;1;1;1.00000e+00;1.00000e+00;1.00000e+00;57;3.13351e-01;3.19312e-01;2.41124e-01
nav-lives;me-freeForm;3;[8];187;18700;18700;1.37980e+04;20;1;1;1.00000e+00;1.00000e+00;1.00000e+00;90;9.99859e-01;1.00547e+00;4.46534e-04
nav-lives;me-freeForm;4;[8];169;16900;16900;1.22725e+04;12;1;1;1.00000e+00;1.00000e+00;1.00000e+00;57;3.13351e-01;3.19312e-01;2.41124e-01
nav-lives;me-freeForm;3;[8];188;18800;18800;1.38711e+04;20;1;1;1.00000e+00;1.00000e+00;1.00000e+00;90;9.99859e-01;1.00547e+00;4.46534e-04
nav-lives;me-freeForm;4;[8];170;17000;17000;1.23467e+04;12;1;1;1.00000e+00;1.00000e+00;1.00000e+00;57;3.13351e-01;3.19312e-01;2.41124e-01
nav-lives;me-freeForm;3;[8];189;18900;18900;1.39454e+04;20;1;1;1.00000e+00;1.00000e+00;1.00000e+00;90;9.99859e-01;1.00547e+00;4.46534e-04
nav-lives;me-freeForm;4;[8];171;17100;17100;1.24184e+04;12;1;1;1.00000e+00;1.00000e+00;1.00000e+00;57;3.13351e-01;3.19312e-01;2.41124e-01
nav-lives;me-freeForm;3;[8];190;19000;19000;1.40171e+04;20;1;1;1.00000e+00;1.00000e+00;1.00000e+00;90;9.99859e-01;1.00547e+00;4.46534e-04
nav-lives;me-freeForm;4;[8];172;17200;17200;1.24926e+04;12;1;1;1.00000e+00;1.00000e+00;1.00000e+00;57;3.13351e-01;3.19312e-01;2.41124e-01
nav-lives;me-freeForm;3;[8];191;19100;19100;1.40913e+04;20;1;1;1.00000e+00;1.00000e+00;1.00000e+00;90;9.99859e-01;1.00547e+00;4.46534e-04
nav-lives;me-freeForm;4;[8];173;17300;17300;1.25671e+04;12;1;1;1.00000e+00;1.00000e+00;1.00000e+00;57;3.13351e-01;3.19312e-01;2.41124e-01
nav-lives;me-freeForm;3;[8];192;19200;19200;1.41653e+04;20;1;1;1.00000e+00;1.00000e+00;1.00000e+00;90;9.99859e-01;1.00547e+00;4.46534e-04
nav-lives;me-freeForm;4;[8];174;17400;17400;1.26395e+04;12;1;1;1.00000e+00;1.00000e+00;1.00000e+00;57;3.13351e-01;3.19312e-01;2.41124e-01
nav-lives;me-freeForm;3;[8];193;19300;19300;1.42392e+04;20;1;1;1.00000e+00;1.00000e+00;1.00000e+00;90;9.99859e-01;1.00547e+00;4.46534e-04
nav-lives;me-freeForm;4;[8];175;17500;17500;1.27126e+04;12;1;1;1.00000e+00;1.00000e+00;1.00000e+00;57;3.13351e-01;3.19312e-01;2.41124e-01
nav-lives;me-freeForm;3;[8];194;19400;19400;1.43109e+04;20;1;1;1.00000e+00;1.00000e+00;1.00000e+00;90;9.99859e-01;1.00547e+00;4.46534e-04
nav-lives;me-freeForm;4;[8];176;17600;17600;1.27849e+04;12;1;1;1.00000e+00;1.00000e+00;1.00000e+00;57;3.13351e-01;3.19312e-01;2.41124e-01
nav-lives;me-freeForm;3;[8];195;19500;19500;1.43823e+04;20;1;1;1.00000e+00;1.00000e+00;1.00000e+00;90;9.99859e-01;1.00547e+00;4.46534e-04
nav-lives;me-freeForm;4;[8];177;17700;17700;1.28577e+04;12;1;1;1.00000e+00;1.00000e+00;1.00000e+00;57;3.13351e-01;3.19312e-01;2.41124e-01
nav-lives;me-freeForm;3;[8];196;19600;19600;1.44568e+04;20;1;1;1.00000e+00;1.00000e+00;1.00000e+00;90;9.99859e-01;1.00547e+00;4.46534e-04
nav-lives;me-freeForm;4;[8];178;17800;17800;1.29345e+04;12;1;1;1.00000e+00;1.00000e+00;1.00000e+00;57;3.13351e-01;3.19312e-01;2.41124e-01
nav-lives;me-freeForm;3;[8];197;19700;19700;1.45312e+04;20;1;1;1.00000e+00;1.00000e+00;1.00000e+00;90;9.99859e-01;1.00547e+00;4.46534e-04
nav-lives;me-freeForm;4;[8];179;17900;17900;1.30055e+04;12;1;1;1.00000e+00;1.00000e+00;1.00000e+00;57;3.13351e-01;3.19312e-01;2.41124e-01
nav-lives;me-freeForm;3;[8];198;19800;19800;1.46064e+04;20;1;1;1.00000e+00;1.00000e+00;1.00000e+00;90;9.99859e-01;1.00547e+00;4.46534e-04
nav-lives;me-freeForm;4;[8];180;18000;18000;1.30794e+04;12;1;1;1.00000e+00;1.00000e+00;1.00000e+00;57;3.13351e-01;3.19312e-01;2.41124e-01
nav-lives;me-freeForm;3;[8];199;19900;19900;1.46801e+04;20;1;1;1.00000e+00;1.00000e+00;1.00000e+00;90;9.99859e-01;1.00547e+00;4.46534e-04
nav-lives;me-freeForm;4;[8];181;18100;18100;1.31508e+04;12;1;1;1.00000e+00;1.00000e+00;1.00000e+00;57;3.13351e-01;3.19312e-01;2.41124e-01
nav-lives;me-freeForm;3;[8];200;20000;20000;1.47509e+04;20;1;1;1.00000e+00;1.00000e+00;1.00000e+00;90;9.99859e-01;1.00547e+00;4.46534e-04
nav-lives;me-freeForm;4;[8];182;18200;18200;1.32260e+04;12;1;1;1.00000e+00;1.00000e+00;1.00000e+00;57;3.13351e-01;3.19312e-01;2.41124e-01
nav-lives;me-freeForm;3;[8];201;20100;20100;1.48253e+04;20;1;1;1.00000e+00;1.00000e+00;1.00000e+00;90;9.99859e-01;1.00547e+00;4.46534e-04
nav-lives;me-freeForm;4;[8];183;18300;18300;1.32981e+04;12;1;1;1.00000e+00;1.00000e+00;1.00000e+00;57;3.13351e-01;3.19312e-01;2.41124e-01
nav-lives;me-freeForm;3;[8];202;20200;20200;1.48980e+04;20;1;1;1.00000e+00;1.00000e+00;1.00000e+00;90;9.99859e-01;1.00547e+00;4.46534e-04
nav-lives;me-freeForm;4;[8];184;18400;18400;1.33726e+04;12;1;1;1.00000e+00;1.00000e+00;1.00000e+00;57;3.13351e-01;3.19312e-01;2.41124e-01
nav-lives;me-freeForm;3;[8];203;20300;20300;1.49731e+04;20;1;1;1.00000e+00;1.00000e+00;1.00000e+00;90;9.99859e-01;1.00547e+00;4.46534e-04
nav-lives;me-freeForm;4;[8];185;18500;18500;1.34456e+04;12;1;1;1.00000e+00;1.00000e+00;1.00000e+00;57;3.13351e-01;3.19312e-01;2.41124e-01
nav-lives;me-freeForm;3;[8];204;20400;20400;1.50444e+04;20;1;1;1.00000e+00;1.00000e+00;1.00000e+00;90;9.99859e-01;1.00547e+00;4.46534e-04
nav-lives;me-freeForm;4;[8];186;18600;18600;1.35171e+04;12;1;1;1.00000e+00;1.00000e+00;1.00000e+00;57;3.13351e-01;3.19312e-01;2.41124e-01
nav-lives;me-freeForm;3;[8];205;20500;20500;1.51169e+04;20;1;1;1.00000e+00;1.00000e+00;1.00000e+00;90;9.99859e-01;1.00547e+00;4.46534e-04
nav-lives;me-freeForm;4;[8];187;18700;18700;1.35916e+04;12;1;1;1.00000e+00;1.00000e+00;1.00000e+00;57;3.13351e-01;3.19312e-01;2.41124e-01
nav-lives;me-freeForm;3;[8];206;20600;20600;1.51954e+04;20;1;1;1.00000e+00;1.00000e+00;1.00000e+00;90;9.99859e-01;1.00547e+00;4.46534e-04
nav-lives;me-freeForm;4;[8];188;18800;18800;1.36695e+04;12;1;1;1.00000e+00;1.00000e+00;1.00000e+00;57;3.13351e-01;3.19312e-01;2.41124e-01
nav-lives;me-freeForm;3;[8];207;20700;20700;1.52678e+04;20;1;1;1.00000e+00;1.00000e+00;1.00000e+00;90;9.99859e-01;1.00547e+00;4.46534e-04
nav-lives;me-freeForm;4;[8];189;18900;18900;1.37423e+04;12;1;1;1.00000e+00;1.00000e+00;1.00000e+00;57;3.13351e-01;3.19312e-01;2.41124e-01
nav-lives;me-freeForm;3;[8];208;20800;20800;1.53387e+04;20;1;1;1.00000e+00;1.00000e+00;1.00000e+00;90;9.99859e-01;1.00547e+00;4.46534e-04
nav-lives;me-freeForm;4;[8];190;19000;19000;1.38127e+04;12;1;1;1.00000e+00;1.00000e+00;1.00000e+00;57;3.13351e-01;3.19312e-01;2.41124e-01
nav-lives;me-freeForm;3;[8];209;20900;20900;1.54134e+04;20;1;1;1.00000e+00;1.00000e+00;1.00000e+00;90;9.99859e-01;1.00547e+00;4.46534e-04
nav-lives;me-freeForm;4;[8];191;19100;19100;1.38891e+04;12;1;1;1.00000e+00;1.00000e+00;1.00000e+00;57;3.13351e-01;3.19312e-01;2.41124e-01
nav-lives;me-freeForm;3;[8];210;21000;21000;1.54870e+04;20;1;1;1.00000e+00;1.00000e+00;1.00000e+00;90;9.99859e-01;1.00547e+00;4.46534e-04
nav-lives;me-freeForm;4;[8];192;19200;19200;1.39614e+04;12;1;1;1.00000e+00;1.00000e+00;1.00000e+00;57;3.13351e-01;3.19312e-01;2.41124e-01
nav-lives;me-freeForm;3;[8];211;21100;21100;1.55587e+04;20;1;1;1.00000e+00;1.00000e+00;1.00000e+00;90;9.99859e-01;1.00547e+00;4.46534e-04
nav-lives;me-freeForm;4;[8];193;19300;19300;1.40325e+04;13;1;1;1.00000e+00;1.00000e+00;1.00000e+00;57;3.13351e-01;3.19312e-01;2.41124e-01
nav-lives;me-freeForm;3;[8];212;21200;21200;1.56312e+04;20;1;1;1.00000e+00;1.00000e+00;1.00000e+00;90;9.99859e-01;1.00547e+00;4.46534e-04
nav-lives;me-freeForm;4;[8];194;19400;19400;1.41062e+04;13;1;1;1.00000e+00;1.00000e+00;1.00000e+00;57;3.13351e-01;3.19312e-01;2.41124e-01
nav-lives;me-freeForm;3;[8];213;21300;21300;1.57056e+04;20;1;1;1.00000e+00;1.00000e+00;1.00000e+00;90;9.99859e-01;1.00547e+00;4.46534e-04
nav-lives;me-freeForm;4;[8];195;19500;19500;1.41788e+04;14;1;1;1.00000e+00;1.00000e+00;1.00000e+00;57;3.13351e-01;3.19312e-01;2.41124e-01
nav-lives;me-freeForm;3;[8];214;21400;21400;1.57798e+04;20;1;1;1.00000e+00;1.00000e+00;1.00000e+00;90;9.99859e-01;1.00547e+00;4.46534e-04
nav-lives;me-freeForm;4;[8];196;19600;19600;1.42561e+04;14;1;1;1.00000e+00;1.00000e+00;1.00000e+00;57;3.13351e-01;3.19312e-01;2.41124e-01
nav-lives;me-freeForm;3;[8];215;21500;21500;1.58542e+04;20;1;1;1.00000e+00;1.00000e+00;1.00000e+00;90;9.99859e-01;1.00547e+00;4.46534e-04
nav-lives;me-freeForm;4;[8];197;19700;19700;1.43275e+04;14;1;1;1.00000e+00;1.00000e+00;1.00000e+00;57;3.13351e-01;3.19312e-01;2.41124e-01
nav-lives;me-freeForm;3;[8];216;21600;21600;1.59247e+04;20;1;1;1.00000e+00;1.00000e+00;1.00000e+00;90;9.99859e-01;1.00547e+00;4.46534e-04
nav-lives;me-freeForm;4;[8];198;19800;19800;1.43998e+04;14;1;1;1.00000e+00;1.00000e+00;1.00000e+00;57;3.13351e-01;3.19312e-01;2.41124e-01
nav-lives;me-freeForm;3;[8];217;21700;21700;1.60015e+04;20;1;1;1.00000e+00;1.00000e+00;1.00000e+00;90;9.99859e-01;1.00547e+00;4.46534e-04
nav-lives;me-freeForm;4;[8];199;19900;19900;1.44725e+04;14;1;1;1.00000e+00;1.00000e+00;1.00000e+00;57;3.13351e-01;3.19312e-01;2.41124e-01
nav-lives;me-freeForm;3;[8];218;21800;21800;1.60773e+04;20;1;1;1.00000e+00;1.00000e+00;1.00000e+00;90;9.99859e-01;1.00547e+00;4.46534e-04
nav-lives;me-freeForm;4;[8];200;20000;20000;1.45513e+04;14;1;1;1.00000e+00;1.00000e+00;1.00000e+00;57;3.13351e-01;3.19312e-01;2.41124e-01
nav-lives;me-freeForm;3;[8];219;21900;21900;1.61495e+04;20;1;1;1.00000e+00;1.00000e+00;1.00000e+00;90;9.99859e-01;1.00547e+00;4.46534e-04
nav-lives;me-freeForm;4;[8];201;20100;20100;1.46204e+04;14;1;1;1.00000e+00;1.00000e+00;1.00000e+00;57;3.13351e-01;3.19312e-01;2.41124e-01
nav-lives;me-freeForm;3;[8];220;22000;22000;1.62222e+04;20;1;1;1.00000e+00;1.00000e+00;1.00000e+00;90;9.99859e-01;1.00547e+00;4.46534e-04
nav-lives;me-freeForm;4;[8];202;20200;20200;1.46952e+04;14;1;1;1.00000e+00;1.00000e+00;1.00000e+00;57;3.13351e-01;3.19312e-01;2.41124e-01
nav-lives;me-freeForm;3;[8];221;22100;22100;1.62957e+04;20;1;1;1.00000e+00;1.00000e+00;1.00000e+00;90;9.99859e-01;1.00547e+00;4.46534e-04
nav-lives;me-freeForm;4;[8];203;20300;20300;1.47676e+04;14;1;1;1.00000e+00;1.00000e+00;1.00000e+00;57;3.13351e-01;3.19312e-01;2.41124e-01
nav-lives;me-freeForm;3;[8];222;22200;22200;1.63703e+04;20;1;1;1.00000e+00;1.00000e+00;1.00000e+00;90;9.99859e-01;1.00547e+00;4.46534e-04
nav-lives;me-freeForm;4;[8];204;20400;20400;1.48406e+04;14;1;1;1.00000e+00;1.00000e+00;1.00000e+00;57;3.13351e-01;3.19312e-01;2.41124e-01
nav-lives;me-freeForm;3;[8];223;22300;22300;1.64421e+04;20;1;1;1.00000e+00;1.00000e+00;1.00000e+00;90;9.99859e-01;1.00547e+00;4.46534e-04
nav-lives;me-freeForm;4;[8];205;20500;20500;1.49159e+04;14;1;1;1.00000e+00;1.00000e+00;1.00000e+00;57;3.13351e-01;3.19312e-01;2.41124e-01
nav-lives;me-freeForm;3;[8];224;22400;22400;1.65150e+04;20;1;1;1.00000e+00;1.00000e+00;1.00000e+00;90;9.99859e-01;1.00547e+00;4.46534e-04
nav-lives;me-freeForm;4;[8];206;20600;20600;1.49876e+04;14;1;1;1.00000e+00;1.00000e+00;1.00000e+00;57;3.13351e-01;3.19312e-01;2.41124e-01
nav-lives;me-freeForm;3;[8];225;22500;22500;1.65867e+04;20;1;1;1.00000e+00;1.00000e+00;1.00000e+00;90;9.99859e-01;1.00547e+00;4.46534e-04
nav-lives;me-freeForm;4;[8];207;20700;20700;1.50607e+04;14;1;1;1.00000e+00;1.00000e+00;1.00000e+00;57;3.13351e-01;3.19312e-01;2.41124e-01
nav-lives;me-freeForm;3;[8];226;22600;22600;1.66615e+04;20;1;1;1.00000e+00;1.00000e+00;1.00000e+00;90;9.99859e-01;1.00547e+00;4.46534e-04
nav-lives;me-freeForm;4;[8];208;20800;20800;1.51366e+04;14;1;1;1.00000e+00;1.00000e+00;1.00000e+00;57;3.13351e-01;3.19312e-01;2.41124e-01
nav-lives;me-freeForm;3;[8];227;22700;22700;1.67374e+04;20;1;1;1.00000e+00;1.00000e+00;1.00000e+00;90;9.99859e-01;1.00547e+00;4.46534e-04
nav-lives;me-freeForm;4;[8];209;20900;20900;1.52097e+04;14;1;1;1.00000e+00;1.00000e+00;1.00000e+00;57;3.13351e-01;3.19312e-01;2.41124e-01
nav-lives;me-freeForm;3;[8];228;22800;22800;1.68090e+04;20;1;1;1.00000e+00;1.00000e+00;1.00000e+00;90;9.99859e-01;1.00547e+00;4.46534e-04
nav-lives;me-freeForm;4;[8];210;21000;21000;1.52824e+04;14;1;1;1.00000e+00;1.00000e+00;1.00000e+00;57;3.13351e-01;3.19312e-01;2.41124e-01
nav-lives;me-freeForm;3;[8];229;22900;22900;1.68801e+04;20;1;1;1.00000e+00;1.00000e+00;1.00000e+00;90;9.99859e-01;1.00547e+00;4.46534e-04
nav-lives;me-freeForm;4;[8];211;21100;21100;1.53550e+04;14;1;1;1.00000e+00;1.00000e+00;1.00000e+00;57;3.13351e-01;3.19312e-01;2.41124e-01
nav-lives;me-freeForm;3;[8];230;23000;23000;1.69532e+04;20;1;1;1.00000e+00;1.00000e+00;1.00000e+00;90;9.99859e-01;1.00547e+00;4.46534e-04
nav-lives;me-freeForm;4;[8];212;21200;21200;1.54286e+04;14;1;1;1.00000e+00;1.00000e+00;1.00000e+00;57;3.13351e-01;3.19312e-01;2.41124e-01
nav-lives;me-freeForm;3;[8];231;23100;23100;1.70295e+04;20;1;1;1.00000e+00;1.00000e+00;1.00000e+00;90;9.99859e-01;1.00547e+00;4.46534e-04
nav-lives;me-freeForm;4;[8];213;21300;21300;1.55041e+04;14;1;1;1.00000e+00;1.00000e+00;1.00000e+00;57;3.13351e-01;3.19312e-01;2.41124e-01
nav-lives;me-freeForm;3;[8];232;23200;23200;1.71016e+04;20;1;1;1.00000e+00;1.00000e+00;1.00000e+00;90;9.99859e-01;1.00547e+00;4.46534e-04
nav-lives;me-freeForm;4;[8];214;21400;21400;1.55764e+04;14;1;1;1.00000e+00;1.00000e+00;1.00000e+00;57;3.13351e-01;3.19312e-01;2.41124e-01
nav-lives;me-freeForm;3;[8];233;23300;23300;1.71751e+04;20;1;1;1.00000e+00;1.00000e+00;1.00000e+00;90;9.99859e-01;1.00547e+00;4.46534e-04
nav-lives;me-freeForm;4;[8];215;21500;21500;1.56492e+04;14;1;1;1.00000e+00;1.00000e+00;1.00000e+00;57;3.13351e-01;3.19312e-01;2.41124e-01
nav-lives;me-freeForm;3;[8];234;23400;23400;1.72494e+04;20;1;1;1.00000e+00;1.00000e+00;1.00000e+00;90;9.99859e-01;1.00547e+00;4.46534e-04
nav-lives;me-freeForm;4;[8];216;21600;21600;1.57233e+04;14;1;1;1.00000e+00;1.00000e+00;1.00000e+00;57;3.13351e-01;3.19312e-01;2.41124e-01
nav-lives;me-freeForm;3;[8];235;23500;23500;1.73255e+04;20;1;1;1.00000e+00;1.00000e+00;1.00000e+00;90;9.99859e-01;1.00547e+00;4.46534e-04
nav-lives;me-freeForm;4;[8];217;21700;21700;1.57987e+04;15;1;1;1.00000e+00;1.00000e+00;1.00000e+00;59;4.94937e-01;5.01154e-01;2.59804e-03
nav-lives;me-freeForm;3;[8];236;23600;23600;1.73967e+04;20;1;1;1.00000e+00;1.00000e+00;1.00000e+00;90;9.99859e-01;1.00547e+00;4.46534e-04
nav-lives;me-freeForm;4;[8];218;21800;21800;1.58691e+04;15;1;1;1.00000e+00;1.00000e+00;1.00000e+00;59;4.94937e-01;5.01154e-01;2.59804e-03
nav-lives;me-freeForm;3;[8];237;23700;23700;1.74690e+04;20;1;1;1.00000e+00;1.00000e+00;1.00000e+00;90;9.99859e-01;1.00547e+00;4.46534e-04
nav-lives;me-freeForm;4;[8];219;21900;21900;1.59436e+04;15;1;1;1.00000e+00;1.00000e+00;1.00000e+00;59;4.94937e-01;5.01154e-01;2.59804e-03
nav-lives;me-freeForm;3;[8];238;23800;23800;1.75423e+04;20;1;1;1.00000e+00;1.00000e+00;1.00000e+00;90;9.99859e-01;1.00547e+00;4.46534e-04
nav-lives;me-freeForm;4;[8];220;22000;22000;1.60178e+04;15;1;1;1.00000e+00;1.00000e+00;1.00000e+00;59;4.94937e-01;5.01154e-01;2.59804e-03
nav-lives;me-freeForm;3;[8];239;23900;23900;1.76177e+04;20;1;1;1.00000e+00;1.00000e+00;1.00000e+00;90;9.99859e-01;1.00547e+00;4.46534e-04
nav-lives;me-freeForm;4;[8];221;22100;22100;1.60900e+04;15;1;1;1.00000e+00;1.00000e+00;1.00000e+00;59;4.94937e-01;5.01154e-01;2.59804e-03
nav-lives;me-freeForm;3;[8];240;24000;24000;1.76920e+04;20;1;1;1.00000e+00;1.00000e+00;1.00000e+00;94;9.99880e-01;1.00549e+00;3.04522e-04
nav-lives;me-freeForm;4;[8];222;22200;22200;1.61642e+04;15;1;1;1.00000e+00;1.00000e+00;1.00000e+00;59;4.94937e-01;5.01154e-01;2.59804e-03
nav-lives;me-freeForm;3;[8];241;24100;24100;1.77632e+04;20;1;1;1.00000e+00;1.00000e+00;1.00000e+00;94;9.99880e-01;1.00549e+00;3.04522e-04
nav-lives;me-freeForm;4;[8];223;22300;22300;1.62387e+04;15;1;1;1.00000e+00;1.00000e+00;1.00000e+00;59;4.94937e-01;5.01154e-01;2.59804e-03
nav-lives;me-freeForm;3;[8];242;24200;24200;1.78411e+04;20;1;1;1.00000e+00;1.00000e+00;1.00000e+00;94;9.99880e-01;1.00549e+00;3.04522e-04
nav-lives;me-freeForm;4;[8];224;22400;22400;1.63098e+04;15;1;1;1.00000e+00;1.00000e+00;1.00000e+00;59;4.94937e-01;5.01154e-01;2.59804e-03
nav-lives;me-freeForm;3;[8];243;24300;24300;1.79112e+04;20;1;1;1.00000e+00;1.00000e+00;1.00000e+00;94;9.99880e-01;1.00549e+00;3.04522e-04
nav-lives;me-freeForm;4;[8];225;22500;22500;1.63865e+04;15;1;1;1.00000e+00;1.00000e+00;1.00000e+00;59;4.94937e-01;5.01154e-01;2.59804e-03
nav-lives;me-freeForm;3;[8];244;24400;24400;1.79855e+04;20;1;1;1.00000e+00;1.00000e+00;1.00000e+00;94;9.99880e-01;1.00549e+00;3.04522e-04
nav-lives;me-freeForm;4;[8];226;22600;22600;1.64610e+04;15;1;1;1.00000e+00;1.00000e+00;1.00000e+00;59;4.94937e-01;5.01154e-01;2.59804e-03
nav-lives;me-freeForm;3;[8];245;24500;24500;1.80583e+04;20;1;1;1.00000e+00;1.00000e+00;1.00000e+00;94;9.99880e-01;1.00549e+00;3.04522e-04
nav-lives;me-freeForm;4;[8];227;22700;22700;1.65327e+04;15;1;1;1.00000e+00;1.00000e+00;1.00000e+00;59;4.94937e-01;5.01154e-01;2.59804e-03
nav-lives;me-freeForm;3;[8];246;24600;24600;1.81320e+04;20;1;1;1.00000e+00;1.00000e+00;1.00000e+00;94;9.99880e-01;1.00549e+00;3.04522e-04
nav-lives;me-freeForm;4;[8];228;22800;22800;1.66071e+04;15;1;1;1.00000e+00;1.00000e+00;1.00000e+00;59;4.94937e-01;5.01154e-01;2.59804e-03
nav-lives;me-freeForm;3;[8];247;24700;24700;1.82084e+04;20;1;1;1.00000e+00;1.00000e+00;1.00000e+00;94;9.99880e-01;1.00549e+00;3.04522e-04
nav-lives;me-freeForm;4;[8];229;22900;22900;1.66793e+04;15;1;1;1.00000e+00;1.00000e+00;1.00000e+00;59;4.94937e-01;5.01154e-01;2.59804e-03
nav-lives;me-freeForm;3;[8];248;24800;24800;1.82833e+04;20;1;1;1.00000e+00;1.00000e+00;1.00000e+00;94;9.99880e-01;1.00549e+00;3.04522e-04
nav-lives;me-freeForm;4;[8];230;23000;23000;1.67525e+04;15;1;1;1.00000e+00;1.00000e+00;1.00000e+00;59;4.94937e-01;5.01154e-01;2.59804e-03
nav-lives;me-freeForm;3;[8];249;24900;24900;1.83545e+04;20;1;1;1.00000e+00;1.00000e+00;1.00000e+00;94;9.99880e-01;1.00549e+00;3.04522e-04
nav-lives;me-freeForm;4;[8];231;23100;23100;1.68264e+04;15;1;1;1.00000e+00;1.00000e+00;1.00000e+00;59;4.94937e-01;5.01154e-01;2.59804e-03
nav-lives;me-freeForm;3;[8];250;25000;25000;1.84266e+04;20;1;1;1.00000e+00;1.00000e+00;1.00000e+00;94;9.99880e-01;1.00549e+00;3.04522e-04
nav-lives;me-freeForm;4;[8];232;23200;23200;1.69004e+04;15;1;1;1.00000e+00;1.00000e+00;1.00000e+00;59;4.94937e-01;5.01154e-01;2.59804e-03
nav-lives;me-freeForm;3;[8];251;25100;25100;1.85005e+04;20;1;1;1.00000e+00;1.00000e+00;1.00000e+00;94;9.99880e-01;1.00549e+00;3.04522e-04
nav-lives;me-freeForm;4;[8];233;23300;23300;1.69730e+04;15;1;1;1.00000e+00;1.00000e+00;1.00000e+00;59;4.94937e-01;5.01154e-01;2.59804e-03
nav-lives;me-freeForm;3;[8];252;25200;25200;1.85725e+04;20;1;1;1.00000e+00;1.00000e+00;1.00000e+00;94;9.99880e-01;1.00549e+00;3.04522e-04
nav-lives;me-freeForm;4;[8];234;23400;23400;1.70467e+04;15;1;1;1.00000e+00;1.00000e+00;1.00000e+00;59;4.94937e-01;5.01154e-01;2.59804e-03
nav-lives;me-freeForm;3;[8];253;25300;25300;1.86477e+04;20;1;1;1.00000e+00;1.00000e+00;1.00000e+00;94;9.99880e-01;1.00549e+00;3.04522e-04
nav-lives;me-freeForm;4;[8];235;23500;23500;1.71212e+04;15;1;1;1.00000e+00;1.00000e+00;1.00000e+00;59;4.94937e-01;5.01154e-01;2.59804e-03
nav-lives;me-freeForm;3;[8];254;25400;25400;1.87172e+04;20;1;1;1.00000e+00;1.00000e+00;1.00000e+00;94;9.99880e-01;1.00549e+00;3.04522e-04
nav-lives;me-freeForm;4;[8];236;23600;23600;1.71927e+04;16;1;1;1.00000e+00;1.00000e+00;1.00000e+00;64;4.99104e-01;5.05306e-01;9.81520e-04
nav-lives;me-freeForm;3;[8];255;25500;25500;1.87925e+04;20;1;1;1.00000e+00;1.00000e+00;1.00000e+00;94;9.99880e-01;1.00549e+00;3.04522e-04
nav-lives;me-freeForm;4;[8];237;23700;23700;1.72666e+04;17;1;1;1.00000e+00;1.00000e+00;1.00000e+00;64;4.99104e-01;5.05306e-01;9.81520e-04
nav-lives;me-freeForm;3;[8];256;25600;25600;1.88683e+04;20;1;1;1.00000e+00;1.00000e+00;1.00000e+00;94;9.99880e-01;1.00549e+00;3.04522e-04
nav-lives;me-freeForm;4;[8];238;23800;23800;1.73428e+04;17;1;1;1.00000e+00;1.00000e+00;1.00000e+00;64;4.99104e-01;5.05306e-01;9.81520e-04
nav-lives;me-freeForm;3;[8];257;25700;25700;1.89438e+04;20;1;1;1.00000e+00;1.00000e+00;1.00000e+00;94;9.99880e-01;1.00549e+00;3.04522e-04
nav-lives;me-freeForm;4;[8];239;23900;23900;1.74158e+04;17;1;1;1.00000e+00;1.00000e+00;1.00000e+00;64;4.99104e-01;5.05306e-01;9.81520e-04
nav-lives;me-freeForm;3;[8];258;25800;25800;1.90163e+04;20;1;1;1.00000e+00;1.00000e+00;1.00000e+00;94;9.99880e-01;1.00549e+00;3.04522e-04
nav-lives;me-freeForm;4;[8];240;24000;24000;1.74897e+04;17;1;1;1.00000e+00;1.00000e+00;1.00000e+00;64;4.99104e-01;5.05306e-01;9.81520e-04
nav-lives;me-freeForm;3;[8];259;25900;25900;1.90865e+04;20;1;1;1.00000e+00;1.00000e+00;1.00000e+00;94;9.99880e-01;1.00549e+00;3.04522e-04
nav-lives;me-freeForm;4;[8];241;24100;24100;1.75627e+04;17;1;1;1.00000e+00;1.00000e+00;1.00000e+00;64;4.99104e-01;5.05306e-01;9.81520e-04
nav-lives;me-freeForm;3;[8];260;26000;26000;1.91650e+04;20;1;1;1.00000e+00;1.00000e+00;1.00000e+00;94;9.99880e-01;1.00549e+00;3.04522e-04
nav-lives;me-freeForm;4;[8];242;24200;24200;1.76350e+04;17;1;1;1.00000e+00;1.00000e+00;1.00000e+00;64;4.99104e-01;5.05306e-01;9.81520e-04
nav-lives;me-freeForm;3;[8];261;26100;26100;1.92372e+04;20;1;1;1.00000e+00;1.00000e+00;1.00000e+00;94;9.99880e-01;1.00549e+00;3.04522e-04
nav-lives;me-freeForm;4;[8];243;24300;24300;1.77101e+04;17;1;1;1.00000e+00;1.00000e+00;1.00000e+00;64;4.99104e-01;5.05306e-01;9.81520e-04
nav-lives;me-freeForm;3;[8];262;26200;26200;1.93131e+04;20;1;1;1.00000e+00;1.00000e+00;1.00000e+00;94;9.99880e-01;1.00549e+00;3.04522e-04
nav-lives;me-freeForm;4;[8];244;24400;24400;1.77843e+04;17;1;1;1.00000e+00;1.00000e+00;1.00000e+00;64;4.99104e-01;5.05306e-01;9.81520e-04
nav-lives;me-freeForm;3;[8];263;26300;26300;1.93852e+04;20;1;1;1.00000e+00;1.00000e+00;1.00000e+00;94;9.99880e-01;1.00549e+00;3.04522e-04
nav-lives;me-freeForm;4;[8];245;24500;24500;1.78577e+04;17;1;1;1.00000e+00;1.00000e+00;1.00000e+00;64;4.99104e-01;5.05306e-01;9.81520e-04
nav-lives;me-freeForm;3;[8];264;26400;26400;1.94591e+04;20;1;1;1.00000e+00;1.00000e+00;1.00000e+00;94;9.99880e-01;1.00549e+00;3.04522e-04
nav-lives;me-freeForm;4;[8];246;24600;24600;1.79330e+04;17;1;1;1.00000e+00;1.00000e+00;1.00000e+00;64;4.99104e-01;5.05306e-01;9.81520e-04
nav-lives;me-freeForm;3;[8];265;26500;26500;1.95320e+04;20;1;1;1.00000e+00;1.00000e+00;1.00000e+00;94;9.99880e-01;1.00549e+00;3.04522e-04
nav-lives;me-freeForm;4;[8];247;24700;24700;1.80055e+04;17;1;1;1.00000e+00;1.00000e+00;1.00000e+00;64;4.99104e-01;5.05306e-01;9.81520e-04
nav-lives;me-freeForm;3;[8];266;26600;26600;1.96061e+04;20;1;1;1.00000e+00;1.00000e+00;1.00000e+00;94;9.99880e-01;1.00549e+00;3.04522e-04
nav-lives;me-freeForm;4;[8];248;24800;24800;1.80793e+04;17;1;1;1.00000e+00;1.00000e+00;1.00000e+00;64;4.99104e-01;5.05306e-01;9.81520e-04
nav-lives;me-freeForm;3;[8];267;26700;26700;1.96793e+04;20;1;1;1.00000e+00;1.00000e+00;1.00000e+00;94;9.99880e-01;1.00549e+00;3.04522e-04
nav-lives;me-freeForm;4;[8];249;24900;24900;1.81524e+04;17;1;1;1.00000e+00;1.00000e+00;1.00000e+00;64;4.99104e-01;5.05306e-01;9.81520e-04
nav-lives;me-freeForm;3;[8];268;26800;26800;1.97540e+04;20;1;1;1.00000e+00;1.00000e+00;1.00000e+00;94;9.99880e-01;1.00549e+00;3.04522e-04
nav-lives;me-freeForm;4;[8];250;25000;25000;1.82283e+04;17;1;1;1.00000e+00;1.00000e+00;1.00000e+00;64;4.99104e-01;5.05306e-01;9.81520e-04
nav-lives;me-freeForm;3;[8];269;26900;26900;1.98270e+04;20;1;1;1.00000e+00;1.00000e+00;1.00000e+00;94;9.99880e-01;1.00549e+00;3.04522e-04
nav-lives;me-freeForm;4;[8];251;25100;25100;1.83001e+04;17;1;1;1.00000e+00;1.00000e+00;1.00000e+00;64;4.99104e-01;5.05306e-01;9.81520e-04
nav-lives;me-freeForm;3;[8];270;27000;27000;1.99029e+04;20;1;1;1.00000e+00;1.00000e+00;1.00000e+00;94;9.99880e-01;1.00549e+00;3.04522e-04
nav-lives;me-freeForm;4;[8];252;25200;25200;1.83721e+04;17;1;1;1.00000e+00;1.00000e+00;1.00000e+00;64;4.99104e-01;5.05306e-01;9.81520e-04
nav-lives;me-freeForm;3;[8];271;27100;27100;1.99760e+04;20;1;1;1.00000e+00;1.00000e+00;1.00000e+00;94;9.99880e-01;1.00549e+00;3.04522e-04
nav-lives;me-freeForm;4;[8];253;25300;25300;1.84489e+04;17;1;1;1.00000e+00;1.00000e+00;1.00000e+00;64;4.99104e-01;5.05306e-01;9.81520e-04
nav-lives;me-freeForm;3;[8];272;27200;27200;2.00484e+04;20;1;1;1.00000e+00;1.00000e+00;1.00000e+00;94;9.99880e-01;1.00549e+00;3.04522e-04
nav-lives;me-freeForm;4;[8];254;25400;25400;1.85223e+04;17;1;1;1.00000e+00;1.00000e+00;1.00000e+00;64;4.99104e-01;5.05306e-01;9.81520e-04
nav-lives;me-freeForm;3;[8];273;27300;27300;2.01194e+04;20;1;1;1.00000e+00;1.00000e+00;1.00000e+00;94;9.99880e-01;1.00549e+00;3.04522e-04
nav-lives;me-freeForm;4;[8];255;25500;25500;1.85957e+04;17;1;1;1.00000e+00;1.00000e+00;1.00000e+00;64;4.99104e-01;5.05306e-01;9.81520e-04
nav-lives;me-freeForm;3;[8];274;27400;27400;2.01920e+04;20;1;1;1.00000e+00;1.00000e+00;1.00000e+00;94;9.99880e-01;1.00549e+00;3.04522e-04
nav-lives;me-freeForm;4;[8];256;25600;25600;1.86680e+04;17;1;1;1.00000e+00;1.00000e+00;1.00000e+00;64;4.99104e-01;5.05306e-01;9.81520e-04
nav-lives;me-freeForm;3;[8];275;27500;27500;2.02675e+04;20;1;1;1.00000e+00;1.00000e+00;1.00000e+00;94;9.99880e-01;1.00549e+00;3.04522e-04
nav-lives;me-freeForm;4;[8];257;25700;25700;1.87432e+04;17;1;1;1.00000e+00;1.00000e+00;1.00000e+00;64;4.99104e-01;5.05306e-01;9.81520e-04
nav-lives;me-freeForm;3;[8];276;27600;27600;2.03414e+04;20;1;1;1.00000e+00;1.00000e+00;1.00000e+00;94;9.99880e-01;1.00549e+00;3.04522e-04
nav-lives;me-freeForm;4;[8];258;25800;25800;1.88153e+04;17;1;1;1.00000e+00;1.00000e+00;1.00000e+00;64;4.99104e-01;5.05306e-01;9.81520e-04
nav-lives;me-freeForm;3;[8];277;27700;27700;2.04202e+04;20;1;1;1.00000e+00;1.00000e+00;1.00000e+00;94;9.99880e-01;1.00549e+00;3.04522e-04
nav-lives;me-freeForm;4;[8];259;25900;25900;1.88905e+04;17;1;1;1.00000e+00;1.00000e+00;1.00000e+00;64;4.99104e-01;5.05306e-01;9.81520e-04
nav-lives;me-freeForm;3;[8];278;27800;27800;2.04920e+04;20;1;1;1.00000e+00;1.00000e+00;1.00000e+00;94;9.99880e-01;1.00549e+00;3.04522e-04
nav-lives;me-freeForm;4;[8];260;26000;26000;1.89633e+04;17;1;1;1.00000e+00;1.00000e+00;1.00000e+00;64;4.99104e-01;5.05306e-01;9.81520e-04
nav-lives;me-freeForm;3;[8];279;27900;27900;2.05631e+04;20;1;1;1.00000e+00;1.00000e+00;1.00000e+00;94;9.99880e-01;1.00549e+00;3.04522e-04
nav-lives;me-freeForm;4;[8];261;26100;26100;1.90356e+04;17;1;1;1.00000e+00;1.00000e+00;1.00000e+00;64;4.99104e-01;5.05306e-01;9.81520e-04
nav-lives;me-freeForm;3;[8];280;28000;28000;2.06367e+04;20;1;1;1.00000e+00;1.00000e+00;1.00000e+00;94;9.99880e-01;1.00549e+00;3.04522e-04
nav-lives;me-freeForm;4;[8];262;26200;26200;1.91088e+04;17;1;1;1.00000e+00;1.00000e+00;1.00000e+00;64;4.99104e-01;5.05306e-01;9.81520e-04
nav-lives;me-freeForm;3;[8];281;28100;28100;2.07107e+04;20;1;1;1.00000e+00;1.00000e+00;1.00000e+00;94;9.99880e-01;1.00549e+00;3.04522e-04
nav-lives;me-freeForm;4;[8];263;26300;26300;1.91852e+04;17;1;1;1.00000e+00;1.00000e+00;1.00000e+00;64;4.99104e-01;5.05306e-01;9.81520e-04
nav-lives;me-freeForm;3;[8];282;28200;28200;2.07852e+04;20;1;1;1.00000e+00;1.00000e+00;1.00000e+00;94;9.99880e-01;1.00549e+00;3.04522e-04
nav-lives;me-freeForm;4;[8];264;26400;26400;1.92585e+04;17;1;1;1.00000e+00;1.00000e+00;1.00000e+00;64;4.99104e-01;5.05306e-01;9.81520e-04
nav-lives;me-freeForm;3;[8];283;28300;28300;2.08558e+04;20;1;1;1.00000e+00;1.00000e+00;1.00000e+00;94;9.99880e-01;1.00549e+00;3.04522e-04
nav-lives;me-freeForm;4;[8];265;26500;26500;1.93307e+04;17;1;1;1.00000e+00;1.00000e+00;1.00000e+00;64;4.99104e-01;5.05306e-01;9.81520e-04
nav-lives;me-freeForm;3;[8];284;28400;28400;2.09301e+04;20;1;1;1.00000e+00;1.00000e+00;1.00000e+00;94;9.99880e-01;1.00549e+00;3.04522e-04
nav-lives;me-freeForm;4;[8];266;26600;26600;1.94062e+04;17;1;1;1.00000e+00;1.00000e+00;1.00000e+00;64;4.99104e-01;5.05306e-01;9.81520e-04
nav-lives;me-freeForm;3;[8];285;28500;28500;2.10022e+04;20;1;1;1.00000e+00;1.00000e+00;1.00000e+00;94;9.99880e-01;1.00549e+00;3.04522e-04
nav-lives;me-freeForm;4;[8];267;26700;26700;1.94774e+04;17;1;1;1.00000e+00;1.00000e+00;1.00000e+00;64;4.99104e-01;5.05306e-01;9.81520e-04
nav-lives;me-freeForm;3;[8];286;28600;28600;2.10791e+04;20;1;1;1.00000e+00;1.00000e+00;1.00000e+00;94;9.99880e-01;1.00549e+00;3.04522e-04
nav-lives;me-freeForm;4;[8];268;26800;26800;1.95533e+04;18;1;1;1.00000e+00;1.00000e+00;1.00000e+00;64;4.99104e-01;5.05306e-01;9.81520e-04
nav-lives;me-freeForm;3;[8];287;28700;28700;2.11526e+04;20;1;1;1.00000e+00;1.00000e+00;1.00000e+00;94;9.99880e-01;1.00549e+00;3.04522e-04
nav-lives;me-freeForm;4;[8];269;26900;26900;1.96281e+04;18;1;1;1.00000e+00;1.00000e+00;1.00000e+00;64;4.99104e-01;5.05306e-01;9.81520e-04
nav-lives;me-freeForm;3;[8];288;28800;28800;2.12265e+04;20;1;1;1.00000e+00;1.00000e+00;1.00000e+00;94;9.99880e-01;1.00549e+00;3.04522e-04
nav-lives;me-freeForm;4;[8];270;27000;27000;1.96996e+04;18;1;1;1.00000e+00;1.00000e+00;1.00000e+00;64;4.99104e-01;5.05306e-01;9.81520e-04
nav-lives;me-freeForm;3;[8];289;28900;28900;2.12988e+04;20;1;1;1.00000e+00;1.00000e+00;1.00000e+00;94;9.99880e-01;1.00549e+00;3.04522e-04
nav-lives;me-freeForm;4;[8];271;27100;27100;1.97741e+04;18;1;1;1.00000e+00;1.00000e+00;1.00000e+00;64;4.99104e-01;5.05306e-01;9.81520e-04
nav-lives;me-freeForm;3;[8];290;29000;29000;2.13741e+04;20;1;1;1.00000e+00;1.00000e+00;1.00000e+00;94;9.99880e-01;1.00549e+00;3.04522e-04
nav-lives;me-freeForm;4;[8];272;27200;27200;1.98468e+04;18;1;1;1.00000e+00;1.00000e+00;1.00000e+00;64;4.99104e-01;5.05306e-01;9.81520e-04
nav-lives;me-freeForm;3;[8];291;29100;29100;2.14434e+04;20;1;1;1.00000e+00;1.00000e+00;1.00000e+00;94;9.99880e-01;1.00549e+00;3.04522e-04
nav-lives;me-freeForm;4;[8];273;27300;27300;1.99183e+04;18;1;1;1.00000e+00;1.00000e+00;1.00000e+00;64;4.99104e-01;5.05306e-01;9.81520e-04
nav-lives;me-freeForm;3;[8];292;29200;29200;2.15202e+04;20;1;1;1.00000e+00;1.00000e+00;1.00000e+00;94;9.99880e-01;1.00549e+00;3.04522e-04
nav-lives;me-freeForm;4;[8];274;27400;27400;1.99953e+04;18;1;1;1.00000e+00;1.00000e+00;1.00000e+00;64;4.99104e-01;5.05306e-01;9.81520e-04
nav-lives;me-freeForm;3;[8];293;29300;29300;2.15947e+04;20;1;1;1.00000e+00;1.00000e+00;1.00000e+00;94;9.99880e-01;1.00549e+00;3.04522e-04
nav-lives;me-freeForm;4;[8];275;27500;27500;2.00687e+04;18;1;1;1.00000e+00;1.00000e+00;1.00000e+00;64;4.99104e-01;5.05306e-01;9.81520e-04
nav-lives;me-freeForm;3;[8];294;29400;29400;2.16667e+04;20;1;1;1.00000e+00;1.00000e+00;1.00000e+00;94;9.99880e-01;1.00549e+00;3.04522e-04
nav-lives;me-freeForm;4;[8];276;27600;27600;2.01424e+04;18;1;1;1.00000e+00;1.00000e+00;1.00000e+00;64;4.99104e-01;5.05306e-01;9.81520e-04
nav-lives;me-freeForm;3;[8];295;29500;29500;2.17417e+04;20;1;1;1.00000e+00;1.00000e+00;1.00000e+00;94;9.99880e-01;1.00549e+00;3.04522e-04
nav-lives;me-freeForm;4;[8];277;27700;27700;2.02147e+04;18;1;1;1.00000e+00;1.00000e+00;1.00000e+00;64;4.99104e-01;5.05306e-01;9.81520e-04
nav-lives;me-freeForm;3;[8];296;29600;29600;2.18152e+04;20;1;1;1.00000e+00;1.00000e+00;1.00000e+00;94;9.99880e-01;1.00549e+00;3.04522e-04
nav-lives;me-freeForm;4;[8];278;27800;27800;2.02904e+04;18;1;1;1.00000e+00;1.00000e+00;1.00000e+00;64;4.99104e-01;5.05306e-01;9.81520e-04
nav-lives;me-freeForm;3;[8];297;29700;29700;2.18897e+04;20;1;1;1.00000e+00;1.00000e+00;1.00000e+00;94;9.99880e-01;1.00549e+00;3.04522e-04
nav-lives;me-freeForm;4;[8];279;27900;27900;2.03620e+04;18;1;1;1.00000e+00;1.00000e+00;1.00000e+00;64;4.99104e-01;5.05306e-01;9.81520e-04
nav-lives;me-freeForm;3;[8];298;29800;29800;2.19611e+04;20;1;1;1.00000e+00;1.00000e+00;1.00000e+00;94;9.99880e-01;1.00549e+00;3.04522e-04
nav-lives;me-freeForm;4;[8];280;28000;28000;2.04362e+04;18;1;1;1.00000e+00;1.00000e+00;1.00000e+00;64;4.99104e-01;5.05306e-01;9.81520e-04
nav-lives;me-freeForm;3;[8];299;29900;29900;2.20360e+04;20;1;1;1.00000e+00;1.00000e+00;1.00000e+00;94;9.99880e-01;1.00549e+00;3.04522e-04
nav-lives;me-freeForm;4;[8];281;28100;28100;2.05107e+04;18;1;1;1.00000e+00;1.00000e+00;1.00000e+00;64;4.99104e-01;5.05306e-01;9.81520e-04
nav-lives;me-freeForm;3;[8];300;30000;30000;2.21106e+04;20;1;1;1.00000e+00;1.00000e+00;1.00000e+00;94;9.99880e-01;1.00549e+00;3.04522e-04
nav-lives;me-freeForm;4;[8];282;28200;28200;2.05828e+04;18;1;1;1.00000e+00;1.00000e+00;1.00000e+00;64;4.99104e-01;5.05306e-01;9.81520e-04
nav-lives;me-freeForm;3;[8];301;30100;30100;2.21832e+04;20;1;1;1.00000e+00;1.00000e+00;1.00000e+00;94;9.99880e-01;1.00549e+00;3.04522e-04
nav-lives;me-freeForm;4;[8];283;28300;28300;2.06570e+04;18;1;1;1.00000e+00;1.00000e+00;1.00000e+00;64;4.99104e-01;5.05306e-01;9.81520e-04
nav-lives;me-freeForm;3;[8];302;30200;30200;2.22571e+04;20;1;1;1.00000e+00;1.00000e+00;1.00000e+00;94;9.99880e-01;1.00549e+00;3.04522e-04
nav-lives;me-freeForm;4;[8];284;28400;28400;2.07318e+04;18;1;1;1.00000e+00;1.00000e+00;1.00000e+00;64;4.99104e-01;5.05306e-01;9.81520e-04
nav-lives;me-freeForm;3;[8];303;30300;30300;2.23339e+04;20;1;1;1.00000e+00;1.00000e+00;1.00000e+00;94;9.99880e-01;1.00549e+00;3.04522e-04
nav-lives;me-freeForm;4;[8];285;28500;28500;2.08062e+04;18;1;1;1.00000e+00;1.00000e+00;1.00000e+00;64;4.99104e-01;5.05306e-01;9.81520e-04
nav-lives;me-freeForm;3;[8];304;30400;30400;2.24051e+04;20;1;1;1.00000e+00;1.00000e+00;1.00000e+00;94;9.99880e-01;1.00549e+00;3.04522e-04
nav-lives;me-freeForm;4;[8];286;28600;28600;2.08797e+04;18;1;1;1.00000e+00;1.00000e+00;1.00000e+00;64;4.99104e-01;5.05306e-01;9.81520e-04
nav-lives;me-freeForm;3;[8];305;30500;30500;2.24786e+04;20;1;1;1.00000e+00;1.00000e+00;1.00000e+00;94;9.99880e-01;1.00549e+00;3.04522e-04
nav-lives;me-freeForm;4;[8];287;28700;28700;2.09548e+04;18;1;1;1.00000e+00;1.00000e+00;1.00000e+00;64;4.99104e-01;5.05306e-01;9.81520e-04
nav-lives;me-freeForm;3;[8];306;30600;30600;2.25565e+04;20;1;1;1.00000e+00;1.00000e+00;1.00000e+00;94;9.99880e-01;1.00549e+00;3.04522e-04
nav-lives;me-freeForm;4;[8];288;28800;28800;2.10283e+04;18;1;1;1.00000e+00;1.00000e+00;1.00000e+00;64;4.99104e-01;5.05306e-01;9.81520e-04
nav-lives;me-freeForm;3;[8];307;30700;30700;2.26275e+04;20;1;1;1.00000e+00;1.00000e+00;1.00000e+00;94;9.99880e-01;1.00549e+00;3.04522e-04
nav-lives;me-freeForm;4;[8];289;28900;28900;2.11005e+04;18;1;1;1.00000e+00;1.00000e+00;1.00000e+00;64;9.99907e-01;1.00627e+00;8.07268e-04
nav-lives;me-freeForm;3;[8];308;30800;30800;2.27000e+04;20;1;1;1.00000e+00;1.00000e+00;1.00000e+00;94;9.99880e-01;1.00549e+00;3.04522e-04
nav-lives;me-freeForm;4;[8];290;29000;29000;2.11729e+04;18;1;1;1.00000e+00;1.00000e+00;1.00000e+00;64;9.99907e-01;1.00627e+00;8.07268e-04
nav-lives;me-freeForm;3;[8];309;30900;30900;2.27748e+04;20;1;1;1.00000e+00;1.00000e+00;1.00000e+00;94;9.99880e-01;1.00549e+00;3.04522e-04
nav-lives;me-freeForm;4;[8];291;29100;29100;2.12492e+04;18;1;1;1.00000e+00;1.00000e+00;1.00000e+00;64;9.99907e-01;1.00627e+00;8.07268e-04
nav-lives;me-freeForm;3;[8];310;31000;31000;2.28467e+04;20;1;1;1.00000e+00;1.00000e+00;1.00000e+00;94;9.99880e-01;1.00549e+00;3.04522e-04
nav-lives;me-freeForm;4;[8];292;29200;29200;2.13233e+04;18;1;1;1.00000e+00;1.00000e+00;1.00000e+00;64;9.99907e-01;1.00627e+00;8.07268e-04
nav-lives;me-freeForm;3;[8];311;31100;31100;2.29202e+04;20;1;1;1.00000e+00;1.00000e+00;1.00000e+00;94;9.99880e-01;1.00549e+00;3.04522e-04
nav-lives;me-freeForm;4;[8];293;29300;29300;2.13966e+04;18;1;1;1.00000e+00;1.00000e+00;1.00000e+00;64;9.99907e-01;1.00627e+00;8.07268e-04
nav-lives;me-freeForm;3;[8];312;31200;31200;2.29962e+04;20;1;1;1.00000e+00;1.00000e+00;1.00000e+00;94;9.99880e-01;1.00549e+00;3.04522e-04
nav-lives;me-freeForm;4;[8];294;29400;29400;2.14703e+04;18;1;1;1.00000e+00;1.00000e+00;1.00000e+00;64;9.99907e-01;1.00627e+00;8.07268e-04
nav-lives;me-freeForm;3;[8];313;31300;31300;2.30703e+04;20;1;1;1.00000e+00;1.00000e+00;1.00000e+00;94;9.99880e-01;1.00549e+00;3.04522e-04
nav-lives;me-freeForm;4;[8];295;29500;29500;2.15443e+04;18;1;1;1.00000e+00;1.00000e+00;1.00000e+00;64;9.99907e-01;1.00627e+00;8.07268e-04
nav-lives;me-freeForm;3;[8];314;31400;31400;2.31435e+04;20;1;1;1.00000e+00;1.00000e+00;1.00000e+00;94;9.99880e-01;1.00549e+00;3.04522e-04
nav-lives;me-freeForm;4;[8];296;29600;29600;2.16195e+04;18;1;1;1.00000e+00;1.00000e+00;1.00000e+00;64;9.99907e-01;1.00627e+00;8.07268e-04
nav-lives;me-freeForm;3;[8];315;31500;31500;2.32187e+04;20;1;1;1.00000e+00;1.00000e+00;1.00000e+00;94;9.99880e-01;1.00549e+00;3.04522e-04
nav-lives;me-freeForm;4;[8];297;29700;29700;2.16925e+04;18;1;1;1.00000e+00;1.00000e+00;1.00000e+00;64;9.99907e-01;1.00627e+00;8.07268e-04
nav-lives;me-freeForm;3;[8];316;31600;31600;2.32939e+04;20;1;1;1.00000e+00;1.00000e+00;1.00000e+00;94;9.99880e-01;1.00549e+00;3.04522e-04
nav-lives;me-freeForm;4;[8];298;29800;29800;2.17646e+04;18;1;1;1.00000e+00;1.00000e+00;1.00000e+00;64;9.99907e-01;1.00627e+00;8.07268e-04
nav-lives;me-freeForm;3;[8];317;31700;31700;2.33663e+04;20;1;1;1.00000e+00;1.00000e+00;1.00000e+00;94;9.99880e-01;1.00549e+00;3.04522e-04
nav-lives;me-freeForm;4;[8];299;29900;29900;2.18380e+04;18;1;1;1.00000e+00;1.00000e+00;1.00000e+00;64;9.99907e-01;1.00627e+00;8.07268e-04
nav-lives;me-freeForm;3;[8];318;31800;31800;2.34388e+04;20;1;1;1.00000e+00;1.00000e+00;1.00000e+00;94;9.99880e-01;1.00549e+00;3.04522e-04
nav-lives;me-freeForm;4;[8];300;30000;30000;2.19135e+04;18;1;1;1.00000e+00;1.00000e+00;1.00000e+00;64;9.99907e-01;1.00627e+00;8.07268e-04
nav-lives;me-freeForm;3;[8];319;31900;31900;2.35153e+04;20;1;1;1.00000e+00;1.00000e+00;1.00000e+00;94;9.99880e-01;1.00549e+00;3.04522e-04
nav-lives;me-freeForm;4;[8];301;30100;30100;2.19904e+04;18;1;1;1.00000e+00;1.00000e+00;1.00000e+00;64;9.99907e-01;1.00627e+00;8.07268e-04
nav-lives;me-freeForm;3;[8];320;32000;32000;2.35889e+04;20;1;1;1.00000e+00;1.00000e+00;1.00000e+00;94;9.99880e-01;1.00549e+00;3.04522e-04
nav-lives;me-freeForm;4;[8];302;30200;30200;2.20624e+04;18;1;1;1.00000e+00;1.00000e+00;1.00000e+00;64;9.99907e-01;1.00627e+00;8.07268e-04
nav-lives;me-freeForm;3;[8];321;32100;32100;2.36643e+04;20;1;1;1.00000e+00;1.00000e+00;1.00000e+00;94;9.99880e-01;1.00549e+00;3.04522e-04
nav-lives;me-freeForm;4;[8];303;30300;30300;2.21368e+04;18;1;1;1.00000e+00;1.00000e+00;1.00000e+00;64;9.99907e-01;1.00627e+00;8.07268e-04
nav-lives;me-freeForm;3;[8];322;32200;32200;2.37364e+04;20;1;1;1.00000e+00;1.00000e+00;1.00000e+00;94;9.99880e-01;1.00549e+00;3.04522e-04
nav-lives;me-freeForm;4;[8];304;30400;30400;2.22087e+04;18;1;1;1.00000e+00;1.00000e+00;1.00000e+00;64;9.99907e-01;1.00627e+00;8.07268e-04
nav-lives;me-freeForm;3;[8];323;32300;32300;2.38087e+04;20;1;1;1.00000e+00;1.00000e+00;1.00000e+00;94;9.99880e-01;1.00549e+00;3.04522e-04
nav-lives;me-freeForm;4;[8];305;30500;30500;2.22836e+04;18;1;1;1.00000e+00;1.00000e+00;1.00000e+00;64;9.99907e-01;1.00627e+00;8.07268e-04
nav-lives;me-freeForm;3;[8];324;32400;32400;2.38827e+04;20;1;1;1.00000e+00;1.00000e+00;1.00000e+00;94;9.99880e-01;1.00549e+00;3.04522e-04
nav-lives;me-freeForm;4;[8];306;30600;30600;2.23538e+04;19;1;1;1.00000e+00;1.00000e+00;1.00000e+00;64;9.99907e-01;1.00627e+00;8.07268e-04
nav-lives;me-freeForm;3;[8];325;32500;32500;2.39547e+04;20;1;1;1.00000e+00;1.00000e+00;1.00000e+00;94;9.99880e-01;1.00549e+00;3.04522e-04
nav-lives;me-freeForm;4;[8];307;30700;30700;2.24299e+04;19;1;1;1.00000e+00;1.00000e+00;1.00000e+00;64;9.99907e-01;1.00627e+00;8.07268e-04
nav-lives;me-freeForm;3;[8];326;32600;32600;2.40302e+04;20;1;1;1.00000e+00;1.00000e+00;1.00000e+00;94;9.99880e-01;1.00549e+00;3.04522e-04
nav-lives;me-freeForm;4;[8];308;30800;30800;2.25023e+04;19;1;1;1.00000e+00;1.00000e+00;1.00000e+00;64;9.99907e-01;1.00627e+00;8.07268e-04
nav-lives;me-freeForm;3;[8];327;32700;32700;2.41064e+04;20;1;1;1.00000e+00;1.00000e+00;1.00000e+00;94;9.99880e-01;1.00549e+00;3.04522e-04
nav-lives;me-freeForm;4;[8];309;30900;30900;2.25766e+04;19;1;1;1.00000e+00;1.00000e+00;1.00000e+00;64;9.99907e-01;1.00627e+00;8.07268e-04
nav-lives;me-freeForm;3;[8];328;32800;32800;2.41756e+04;20;1;1;1.00000e+00;1.00000e+00;1.00000e+00;94;9.99880e-01;1.00549e+00;3.04522e-04
nav-lives;me-freeForm;4;[8];310;31000;31000;2.26508e+04;19;1;1;1.00000e+00;1.00000e+00;1.00000e+00;64;9.99907e-01;1.00627e+00;8.07268e-04
nav-lives;me-freeForm;3;[8];329;32900;32900;2.42501e+04;20;1;1;1.00000e+00;1.00000e+00;1.00000e+00;94;9.99880e-01;1.00549e+00;3.04522e-04
nav-lives;me-freeForm;4;[8];311;31100;31100;2.27243e+04;19;1;1;1.00000e+00;1.00000e+00;1.00000e+00;64;9.99907e-01;1.00627e+00;8.07268e-04
nav-lives;me-freeForm;3;[8];330;33000;33000;2.43217e+04;20;1;1;1.00000e+00;1.00000e+00;1.00000e+00;94;9.99880e-01;1.00549e+00;3.04522e-04
nav-lives;me-freeForm;4;[8];312;31200;31200;2.27959e+04;19;1;1;1.00000e+00;1.00000e+00;1.00000e+00;64;9.99907e-01;1.00627e+00;8.07268e-04
nav-lives;me-freeForm;3;[8];331;33100;33100;2.43980e+04;20;1;1;1.00000e+00;1.00000e+00;1.00000e+00;94;9.99880e-01;1.00549e+00;3.04522e-04
nav-lives;me-freeForm;4;[8];313;31300;31300;2.28711e+04;19;1;1;1.00000e+00;1.00000e+00;1.00000e+00;64;9.99907e-01;1.00627e+00;8.07268e-04
nav-lives;me-freeForm;3;[8];332;33200;33200;2.44743e+04;20;1;1;1.00000e+00;1.00000e+00;1.00000e+00;94;9.99880e-01;1.00549e+00;3.04522e-04
nav-lives;me-freeForm;4;[8];314;31400;31400;2.29461e+04;19;1;1;1.00000e+00;1.00000e+00;1.00000e+00;64;9.99907e-01;1.00627e+00;8.07268e-04
nav-lives;me-freeForm;3;[8];333;33300;33300;2.45457e+04;20;1;1;1.00000e+00;1.00000e+00;1.00000e+00;94;9.99880e-01;1.00549e+00;3.04522e-04
nav-lives;me-freeForm;4;[8];315;31500;31500;2.30211e+04;19;1;1;1.00000e+00;1.00000e+00;1.00000e+00;64;9.99907e-01;1.00627e+00;8.07268e-04
nav-lives;me-freeForm;3;[8];334;33400;33400;2.46208e+04;20;1;1;1.00000e+00;1.00000e+00;1.00000e+00;94;9.99880e-01;1.00549e+00;3.04522e-04
nav-lives;me-freeForm;4;[8];316;31600;31600;2.30956e+04;19;1;1;1.00000e+00;1.00000e+00;1.00000e+00;64;9.99907e-01;1.00627e+00;8.07268e-04
nav-lives;me-freeForm;3;[8];335;33500;33500;2.46946e+04;20;1;1;1.00000e+00;1.00000e+00;1.00000e+00;94;9.99880e-01;1.00549e+00;3.04522e-04
nav-lives;me-freeForm;4;[8];317;31700;31700;2.31687e+04;19;1;1;1.00000e+00;1.00000e+00;1.00000e+00;64;9.99907e-01;1.00627e+00;8.07268e-04
nav-lives;me-freeForm;3;[8];336;33600;33600;2.47671e+04;20;1;1;1.00000e+00;1.00000e+00;1.00000e+00;94;9.99880e-01;1.00549e+00;3.04522e-04
nav-lives;me-freeForm;4;[8];318;31800;31800;2.32440e+04;19;1;1;1.00000e+00;1.00000e+00;1.00000e+00;64;9.99907e-01;1.00627e+00;8.07268e-04
nav-lives;me-freeForm;3;[8];337;33700;33700;2.48423e+04;20;1;1;1.00000e+00;1.00000e+00;1.00000e+00;94;9.99880e-01;1.00549e+00;3.04522e-04
nav-lives;me-freeForm;4;[8];319;31900;31900;2.33214e+04;19;1;1;1.00000e+00;1.00000e+00;1.00000e+00;64;9.99907e-01;1.00627e+00;8.07268e-04
nav-lives;me-freeForm;3;[8];338;33800;33800;2.49160e+04;20;1;1;1.00000e+00;1.00000e+00;1.00000e+00;94;9.99880e-01;1.00549e+00;3.04522e-04
nav-lives;me-freeForm;4;[8];320;32000;32000;2.33897e+04;19;1;1;1.00000e+00;1.00000e+00;1.00000e+00;64;9.99907e-01;1.00627e+00;8.07268e-04
nav-lives;me-freeForm;3;[8];339;33900;33900;2.49935e+04;20;1;1;1.00000e+00;1.00000e+00;1.00000e+00;94;9.99880e-01;1.00549e+00;3.04522e-04
nav-lives;me-freeForm;4;[8];321;32100;32100;2.34661e+04;19;1;1;1.00000e+00;1.00000e+00;1.00000e+00;64;9.99907e-01;1.00627e+00;8.07268e-04
nav-lives;me-freeForm;3;[8];340;34000;34000;2.50673e+04;20;1;1;1.00000e+00;1.00000e+00;1.00000e+00;94;9.99880e-01;1.00549e+00;3.04522e-04
nav-lives;me-freeForm;4;[8];322;32200;32200;2.35409e+04;19;1;1;1.00000e+00;1.00000e+00;1.00000e+00;64;9.99907e-01;1.00627e+00;8.07268e-04
nav-lives;me-freeForm;3;[8];341;34100;34100;2.51413e+04;20;1;1;1.00000e+00;1.00000e+00;1.00000e+00;94;9.99880e-01;1.00549e+00;3.04522e-04
nav-lives;me-freeForm;4;[8];323;32300;32300;2.36146e+04;19;1;1;1.00000e+00;1.00000e+00;1.00000e+00;64;9.99907e-01;1.00627e+00;8.07268e-04
nav-lives;me-freeForm;3;[8];342;34200;34200;2.52171e+04;20;1;1;1.00000e+00;1.00000e+00;1.00000e+00;94;9.99880e-01;1.00549e+00;3.04522e-04
nav-lives;me-freeForm;4;[8];324;32400;32400;2.36862e+04;19;1;1;1.00000e+00;1.00000e+00;1.00000e+00;64;9.99907e-01;1.00627e+00;8.07268e-04
nav-lives;me-freeForm;3;[8];343;34300;34300;2.52911e+04;20;1;1;1.00000e+00;1.00000e+00;1.00000e+00;94;9.99880e-01;1.00549e+00;3.04522e-04
nav-lives;me-freeForm;4;[8];325;32500;32500;2.37628e+04;19;1;1;1.00000e+00;1.00000e+00;1.00000e+00;64;9.99907e-01;1.00627e+00;8.07268e-04
nav-lives;me-freeForm;3;[8];344;34400;34400;2.53643e+04;20;1;1;1.00000e+00;1.00000e+00;1.00000e+00;94;9.99880e-01;1.00549e+00;3.04522e-04
nav-lives;me-freeForm;4;[8];326;32600;32600;2.38386e+04;19;1;1;1.00000e+00;1.00000e+00;1.00000e+00;64;9.99907e-01;1.00627e+00;8.07268e-04
nav-lives;me-freeForm;3;[8];345;34500;34500;2.54387e+04;20;1;1;1.00000e+00;1.00000e+00;1.00000e+00;94;9.99880e-01;1.00549e+00;3.04522e-04
nav-lives;me-freeForm;4;[8];327;32700;32700;2.39136e+04;19;1;1;1.00000e+00;1.00000e+00;1.00000e+00;64;9.99907e-01;1.00627e+00;8.07268e-04
nav-lives;me-freeForm;3;[8];346;34600;34600;2.55121e+04;20;1;1;1.00000e+00;1.00000e+00;1.00000e+00;94;9.99880e-01;1.00549e+00;3.04522e-04
nav-lives;me-freeForm;4;[8];328;32800;32800;2.39883e+04;19;1;1;1.00000e+00;1.00000e+00;1.00000e+00;64;9.99907e-01;1.00627e+00;8.07268e-04
nav-lives;me-freeForm;3;[8];347;34700;34700;2.55847e+04;20;1;1;1.00000e+00;1.00000e+00;1.00000e+00;94;9.99880e-01;1.00549e+00;3.04522e-04
nav-lives;me-freeForm;4;[8];329;32900;32900;2.40623e+04;19;1;1;1.00000e+00;1.00000e+00;1.00000e+00;64;9.99907e-01;1.00627e+00;8.07268e-04
nav-lives;me-freeForm;3;[8];348;34800;34800;2.56634e+04;20;1;1;1.00000e+00;1.00000e+00;1.00000e+00;94;9.99880e-01;1.00549e+00;3.04522e-04
nav-lives;me-freeForm;4;[8];330;33000;33000;2.41357e+04;19;1;1;1.00000e+00;1.00000e+00;1.00000e+00;64;9.99907e-01;1.00627e+00;8.07268e-04
nav-lives;me-freeForm;3;[8];349;34900;34900;2.57370e+04;20;1;1;1.00000e+00;1.00000e+00;1.00000e+00;94;9.99880e-01;1.00549e+00;3.04522e-04
nav-lives;me-freeForm;4;[8];331;33100;33100;2.42101e+04;19;1;1;1.00000e+00;1.00000e+00;1.00000e+00;64;9.99907e-01;1.00627e+00;8.07268e-04
nav-lives;me-freeForm;3;[8];350;35000;35000;2.58086e+04;20;1;1;1.00000e+00;1.00000e+00;1.00000e+00;94;9.99880e-01;1.00549e+00;3.04522e-04
nav-lives;me-freeForm;4;[8];332;33200;33200;2.42841e+04;19;1;1;1.00000e+00;1.00000e+00;1.00000e+00;64;9.99907e-01;1.00627e+00;8.07268e-04
nav-lives;me-freeForm;3;[8];351;35100;35100;2.58835e+04;20;1;1;1.00000e+00;1.00000e+00;1.00000e+00;94;9.99880e-01;1.00549e+00;3.04522e-04
nav-lives;me-freeForm;4;[8];333;33300;33300;2.43556e+04;19;1;1;1.00000e+00;1.00000e+00;1.00000e+00;64;9.99907e-01;1.00627e+00;8.07268e-04
nav-lives;me-freeForm;3;[8];352;35200;35200;2.59547e+04;20;1;1;1.00000e+00;1.00000e+00;1.00000e+00;94;9.99880e-01;1.00549e+00;3.04522e-04
nav-lives;me-freeForm;4;[8];334;33400;33400;2.44285e+04;19;1;1;1.00000e+00;1.00000e+00;1.00000e+00;64;9.99907e-01;1.00627e+00;8.07268e-04
nav-lives;me-freeForm;3;[8];353;35300;35300;2.60324e+04;20;1;1;1.00000e+00;1.00000e+00;1.00000e+00;94;9.99880e-01;1.00549e+00;3.04522e-04
nav-lives;me-freeForm;4;[8];335;33500;33500;2.45062e+04;19;1;1;1.00000e+00;1.00000e+00;1.00000e+00;64;9.99907e-01;1.00627e+00;8.07268e-04
nav-lives;me-freeForm;3;[8];354;35400;35400;2.61102e+04;20;1;1;1.00000e+00;1.00000e+00;1.00000e+00;94;9.99880e-01;1.00549e+00;3.04522e-04
nav-lives;me-freeForm;4;[8];336;33600;33600;2.45827e+04;19;1;1;1.00000e+00;1.00000e+00;1.00000e+00;64;9.99907e-01;1.00627e+00;8.07268e-04
nav-lives;me-freeForm;3;[8];355;35500;35500;2.61841e+04;20;1;1;1.00000e+00;1.00000e+00;1.00000e+00;94;9.99880e-01;1.00549e+00;3.04522e-04
nav-lives;me-freeForm;4;[8];337;33700;33700;2.46581e+04;19;1;1;1.00000e+00;1.00000e+00;1.00000e+00;64;9.99907e-01;1.00627e+00;8.07268e-04
nav-lives;me-freeForm;3;[8];356;35600;35600;2.62599e+04;20;1;1;1.00000e+00;1.00000e+00;1.00000e+00;94;9.99880e-01;1.00549e+00;3.04522e-04
nav-lives;me-freeForm;4;[8];338;33800;33800;2.47311e+04;19;1;1;1.00000e+00;1.00000e+00;1.00000e+00;64;9.99907e-01;1.00627e+00;8.07268e-04
nav-lives;me-freeForm;3;[8];357;35700;35700;2.63309e+04;20;1;1;1.00000e+00;1.00000e+00;1.00000e+00;94;9.99880e-01;1.00549e+00;3.04522e-04
nav-lives;me-freeForm;4;[8];339;33900;33900;2.48042e+04;19;1;1;1.00000e+00;1.00000e+00;1.00000e+00;64;9.99907e-01;1.00627e+00;8.07268e-04
nav-lives;me-freeForm;3;[8];358;35800;35800;2.64042e+04;20;1;1;1.00000e+00;1.00000e+00;1.00000e+00;94;9.99880e-01;1.00549e+00;3.04522e-04
nav-lives;me-freeForm;4;[8];340;34000;34000;2.48784e+04;19;1;1;1.00000e+00;1.00000e+00;1.00000e+00;64;9.99907e-01;1.00627e+00;8.07268e-04
nav-lives;me-freeForm;3;[8];359;35900;35900;2.64795e+04;20;1;1;1.00000e+00;1.00000e+00;1.00000e+00;94;9.99880e-01;1.00549e+00;3.04522e-04
nav-lives;me-freeForm;4;[8];341;34100;34100;2.49543e+04;19;1;1;1.00000e+00;1.00000e+00;1.00000e+00;64;9.99907e-01;1.00627e+00;8.07268e-04
nav-lives;me-freeForm;3;[8];360;36000;36000;2.65539e+04;20;1;1;1.00000e+00;1.00000e+00;1.00000e+00;94;9.99880e-01;1.00549e+00;3.04522e-04
nav-lives;me-freeForm;4;[8];342;34200;34200;2.50304e+04;19;1;1;1.00000e+00;1.00000e+00;1.00000e+00;64;9.99907e-01;1.00627e+00;8.07268e-04
nav-lives;me-freeForm;3;[8];361;36100;36100;2.66293e+04;20;1;1;1.00000e+00;1.00000e+00;1.00000e+00;94;9.99880e-01;1.00549e+00;3.04522e-04
nav-lives;me-freeForm;4;[8];343;34300;34300;2.51026e+04;19;1;1;1.00000e+00;1.00000e+00;1.00000e+00;64;9.99907e-01;1.00627e+00;8.07268e-04
nav-lives;me-freeForm;3;[8];362;36200;36200;2.67016e+04;20;1;1;1.00000e+00;1.00000e+00;1.00000e+00;94;9.99880e-01;1.00549e+00;3.04522e-04
nav-lives;me-freeForm;4;[8];344;34400;34400;2.51751e+04;19;1;1;1.00000e+00;1.00000e+00;1.00000e+00;64;9.99907e-01;1.00627e+00;8.07268e-04
nav-lives;me-freeForm;3;[8];363;36300;36300;2.67809e+04;20;1;1;1.00000e+00;1.00000e+00;1.00000e+00;94;9.99880e-01;1.00549e+00;3.04522e-04
nav-lives;me-freeForm;4;[8];345;34500;34500;2.52539e+04;19;1;1;1.00000e+00;1.00000e+00;1.00000e+00;64;9.99907e-01;1.00627e+00;8.07268e-04
nav-lives;me-freeForm;3;[8];364;36400;36400;2.68543e+04;20;1;1;1.00000e+00;1.00000e+00;1.00000e+00;94;9.99880e-01;1.00549e+00;3.04522e-04
nav-lives;me-freeForm;4;[8];346;34600;34600;2.53284e+04;19;1;1;1.00000e+00;1.00000e+00;1.00000e+00;64;9.99907e-01;1.00627e+00;8.07268e-04
nav-lives;me-freeForm;3;[8];365;36500;36500;2.69247e+04;20;1;1;1.00000e+00;1.00000e+00;1.00000e+00;94;9.99880e-01;1.00549e+00;3.04522e-04
nav-lives;me-freeForm;4;[8];347;34700;34700;2.54003e+04;19;1;1;1.00000e+00;1.00000e+00;1.00000e+00;64;9.99907e-01;1.00627e+00;8.07268e-04
nav-lives;me-freeForm;3;[8];366;36600;36600;2.70006e+04;20;1;1;1.00000e+00;1.00000e+00;1.00000e+00;94;9.99880e-01;1.00549e+00;3.04522e-04
nav-lives;me-freeForm;4;[8];348;34800;34800;2.54730e+04;19;1;1;1.00000e+00;1.00000e+00;1.00000e+00;64;9.99907e-01;1.00627e+00;8.07268e-04
nav-lives;me-freeForm;3;[8];367;36700;36700;2.70760e+04;20;1;1;1.00000e+00;1.00000e+00;1.00000e+00;94;9.99880e-01;1.00549e+00;3.04522e-04
nav-lives;me-freeForm;4;[8];349;34900;34900;2.55506e+04;19;1;1;1.00000e+00;1.00000e+00;1.00000e+00;64;9.99907e-01;1.00627e+00;8.07268e-04
nav-lives;me-freeForm;3;[8];368;36800;36800;2.71532e+04;20;1;1;1.00000e+00;1.00000e+00;1.00000e+00;94;9.99880e-01;1.00549e+00;3.04522e-04
nav-lives;me-freeForm;4;[8];350;35000;35000;2.56256e+04;19;1;1;1.00000e+00;1.00000e+00;1.00000e+00;64;9.99907e-01;1.00627e+00;8.07268e-04
nav-lives;me-freeForm;3;[8];369;36900;36900;2.72267e+04;20;1;1;1.00000e+00;1.00000e+00;1.00000e+00;94;9.99880e-01;1.00549e+00;3.04522e-04
nav-lives;me-freeForm;4;[8];351;35100;35100;2.56999e+04;19;1;1;1.00000e+00;1.00000e+00;1.00000e+00;64;9.99907e-01;1.00627e+00;8.07268e-04
nav-lives;me-freeForm;3;[8];370;37000;37000;2.73020e+04;20;1;1;1.00000e+00;1.00000e+00;1.00000e+00;94;9.99880e-01;1.00549e+00;3.04522e-04
nav-lives;me-freeForm;4;[8];352;35200;35200;2.57763e+04;19;1;1;1.00000e+00;1.00000e+00;1.00000e+00;64;9.99907e-01;1.00627e+00;8.07268e-04
nav-lives;me-freeForm;3;[8];371;37100;37100;2.73783e+04;20;1;1;1.00000e+00;1.00000e+00;1.00000e+00;94;9.99880e-01;1.00549e+00;3.04522e-04
nav-lives;me-freeForm;4;[8];353;35300;35300;2.58482e+04;19;1;1;1.00000e+00;1.00000e+00;1.00000e+00;64;9.99907e-01;1.00627e+00;8.07268e-04
nav-lives;me-freeForm;3;[8];372;37200;37200;2.74501e+04;20;1;1;1.00000e+00;1.00000e+00;1.00000e+00;94;9.99880e-01;1.00549e+00;3.04522e-04
nav-lives;me-freeForm;4;[8];354;35400;35400;2.59243e+04;19;1;1;1.00000e+00;1.00000e+00;1.00000e+00;64;9.99907e-01;1.00627e+00;8.07268e-04
nav-lives;me-freeForm;3;[8];373;37300;37300;2.75249e+04;20;1;1;1.00000e+00;1.00000e+00;1.00000e+00;94;9.99880e-01;1.00549e+00;3.04522e-04
nav-lives;me-freeForm;4;[8];355;35500;35500;2.59993e+04;19;1;1;1.00000e+00;1.00000e+00;1.00000e+00;64;9.99907e-01;1.00627e+00;8.07268e-04
nav-lives;me-freeForm;3;[8];374;37400;37400;2.76008e+04;20;1;1;1.00000e+00;1.00000e+00;1.00000e+00;94;9.99880e-01;1.00549e+00;3.04522e-04
nav-lives;me-freeForm;4;[8];356;35600;35600;2.60742e+04;19;1;1;1.00000e+00;1.00000e+00;1.00000e+00;64;9.99907e-01;1.00627e+00;8.07268e-04
nav-lives;me-freeForm;3;[8];375;37500;37500;2.76744e+04;20;1;1;1.00000e+00;1.00000e+00;1.00000e+00;94;9.99880e-01;1.00549e+00;3.04522e-04
nav-lives;me-freeForm;4;[8];357;35700;35700;2.61476e+04;19;1;1;1.00000e+00;1.00000e+00;1.00000e+00;64;9.99907e-01;1.00627e+00;8.07268e-04
nav-lives;me-freeForm;3;[8];376;37600;37600;2.77502e+04;20;1;1;1.00000e+00;1.00000e+00;1.00000e+00;94;9.99880e-01;1.00549e+00;3.04522e-04
nav-lives;me-freeForm;4;[8];358;35800;35800;2.62226e+04;19;1;1;1.00000e+00;1.00000e+00;1.00000e+00;64;9.99907e-01;1.00627e+00;8.07268e-04
nav-lives;me-freeForm;3;[8];377;37700;37700;2.78259e+04;20;1;1;1.00000e+00;1.00000e+00;1.00000e+00;94;9.99880e-01;1.00549e+00;3.04522e-04
nav-lives;me-freeForm;4;[8];359;35900;35900;2.62985e+04;19;1;1;1.00000e+00;1.00000e+00;1.00000e+00;64;9.99907e-01;1.00627e+00;8.07268e-04
nav-lives;me-freeForm;3;[8];378;37800;37800;2.79005e+04;20;1;1;1.00000e+00;1.00000e+00;1.00000e+00;94;9.99880e-01;1.00549e+00;3.04522e-04
nav-lives;me-freeForm;4;[8];360;36000;36000;2.63717e+04;19;1;1;1.00000e+00;1.00000e+00;1.00000e+00;64;9.99907e-01;1.00627e+00;8.07268e-04
nav-lives;me-freeForm;3;[8];379;37900;37900;2.79764e+04;20;1;1;1.00000e+00;1.00000e+00;1.00000e+00;94;9.99880e-01;1.00549e+00;3.04522e-04
nav-lives;me-freeForm;4;[8];361;36100;36100;2.64450e+04;19;1;1;1.00000e+00;1.00000e+00;1.00000e+00;64;9.99907e-01;1.00627e+00;8.07268e-04
nav-lives;me-freeForm;3;[8];380;38000;38000;2.80475e+04;20;1;1;1.00000e+00;1.00000e+00;1.00000e+00;94;9.99880e-01;1.00549e+00;3.04522e-04
nav-lives;me-freeForm;4;[8];362;36200;36200;2.65186e+04;19;1;1;1.00000e+00;1.00000e+00;1.00000e+00;64;9.99907e-01;1.00627e+00;8.07268e-04
nav-lives;me-freeForm;3;[8];381;38100;38100;2.81245e+04;20;1;1;1.00000e+00;1.00000e+00;1.00000e+00;94;9.99880e-01;1.00549e+00;3.04522e-04
nav-lives;me-freeForm;4;[8];363;36300;36300;2.65946e+04;19;1;1;1.00000e+00;1.00000e+00;1.00000e+00;64;9.99907e-01;1.00627e+00;8.07268e-04
nav-lives;me-freeForm;3;[8];382;38200;38200;2.81965e+04;20;1;1;1.00000e+00;1.00000e+00;1.00000e+00;94;9.99880e-01;1.00549e+00;3.04522e-04
nav-lives;me-freeForm;4;[8];364;36400;36400;2.66720e+04;19;1;1;1.00000e+00;1.00000e+00;1.00000e+00;64;9.99907e-01;1.00627e+00;8.07268e-04
nav-lives;me-freeForm;3;[8];383;38300;38300;2.82746e+04;20;1;1;1.00000e+00;1.00000e+00;1.00000e+00;94;9.99880e-01;1.00549e+00;3.04522e-04
nav-lives;me-freeForm;4;[8];365;36500;36500;2.67458e+04;19;1;1;1.00000e+00;1.00000e+00;1.00000e+00;64;9.99907e-01;1.00627e+00;8.07268e-04
nav-lives;me-freeForm;3;[8];384;38400;38400;2.83490e+04;20;1;1;1.00000e+00;1.00000e+00;1.00000e+00;94;9.99880e-01;1.00549e+00;3.04522e-04
nav-lives;me-freeForm;4;[8];366;36600;36600;2.68196e+04;19;1;1;1.00000e+00;1.00000e+00;1.00000e+00;64;9.99907e-01;1.00627e+00;8.07268e-04
nav-lives;me-freeForm;3;[8];385;38500;38500;2.84205e+04;20;1;1;1.00000e+00;1.00000e+00;1.00000e+00;94;9.99880e-01;1.00549e+00;3.04522e-04
nav-lives;me-freeForm;4;[8];367;36700;36700;2.68944e+04;19;1;1;1.00000e+00;1.00000e+00;1.00000e+00;64;9.99907e-01;1.00627e+00;8.07268e-04
nav-lives;me-freeForm;3;[8];386;38600;38600;2.84941e+04;20;1;1;1.00000e+00;1.00000e+00;1.00000e+00;94;9.99880e-01;1.00549e+00;3.04522e-04
nav-lives;me-freeForm;4;[8];368;36800;36800;2.69690e+04;19;1;1;1.00000e+00;1.00000e+00;1.00000e+00;64;9.99907e-01;1.00627e+00;8.07268e-04
nav-lives;me-freeForm;3;[8];387;38700;38700;2.85658e+04;20;1;1;1.00000e+00;1.00000e+00;1.00000e+00;94;9.99880e-01;1.00549e+00;3.04522e-04
nav-lives;me-freeForm;4;[8];369;36900;36900;2.70432e+04;19;1;1;1.00000e+00;1.00000e+00;1.00000e+00;64;9.99907e-01;1.00627e+00;8.07268e-04
nav-lives;me-freeForm;3;[8];388;38800;38800;2.86422e+04;20;1;1;1.00000e+00;1.00000e+00;1.00000e+00;94;9.99880e-01;1.00549e+00;3.04522e-04
nav-lives;me-freeForm;4;[8];370;37000;37000;2.71189e+04;19;1;1;1.00000e+00;1.00000e+00;1.00000e+00;64;9.99907e-01;1.00627e+00;8.07268e-04
nav-lives;me-freeForm;3;[8];389;38900;38900;2.87171e+04;20;1;1;1.00000e+00;1.00000e+00;1.00000e+00;94;9.99880e-01;1.00549e+00;3.04522e-04
nav-lives;me-freeForm;4;[8];371;37100;37100;2.71950e+04;19;1;1;1.00000e+00;1.00000e+00;1.00000e+00;64;9.99907e-01;1.00627e+00;8.07268e-04
nav-lives;me-freeForm;3;[8];390;39000;39000;2.87957e+04;20;1;1;1.00000e+00;1.00000e+00;1.00000e+00;94;9.99880e-01;1.00549e+00;3.04522e-04
nav-lives;me-freeForm;4;[8];372;37200;37200;2.72684e+04;19;1;1;1.00000e+00;1.00000e+00;1.00000e+00;64;9.99907e-01;1.00627e+00;8.07268e-04
nav-lives;me-freeForm;3;[8];391;39100;39100;2.88699e+04;20;1;1;1.00000e+00;1.00000e+00;1.00000e+00;94;9.99880e-01;1.00549e+00;3.04522e-04
nav-lives;me-freeForm;4;[8];373;37300;37300;2.73422e+04;19;1;1;1.00000e+00;1.00000e+00;1.00000e+00;64;9.99907e-01;1.00627e+00;8.07268e-04
nav-lives;me-freeForm;3;[8];392;39200;39200;2.89443e+04;20;1;1;1.00000e+00;1.00000e+00;1.00000e+00;94;9.99880e-01;1.00549e+00;3.04522e-04
nav-lives;me-freeForm;4;[8];374;37400;37400;2.74193e+04;19;1;1;1.00000e+00;1.00000e+00;1.00000e+00;64;9.99907e-01;1.00627e+00;8.07268e-04
nav-lives;me-freeForm;3;[8];393;39300;39300;2.90150e+04;20;1;1;1.00000e+00;1.00000e+00;1.00000e+00;94;9.99880e-01;1.00549e+00;3.04522e-04
nav-lives;me-freeForm;4;[8];375;37500;37500;2.74934e+04;19;1;1;1.00000e+00;1.00000e+00;1.00000e+00;64;9.99907e-01;1.00627e+00;8.07268e-04
nav-lives;me-freeForm;3;[8];394;39400;39400;2.90899e+04;20;1;1;1.00000e+00;1.00000e+00;1.00000e+00;94;9.99880e-01;1.00549e+00;3.04522e-04
nav-lives;me-freeForm;4;[8];376;37600;37600;2.75659e+04;19;1;1;1.00000e+00;1.00000e+00;1.00000e+00;64;9.99907e-01;1.00627e+00;8.07268e-04
nav-lives;me-freeForm;3;[8];395;39500;39500;2.91688e+04;20;1;1;1.00000e+00;1.00000e+00;1.00000e+00;94;9.99880e-01;1.00549e+00;3.04522e-04
nav-lives;me-freeForm;4;[8];377;37700;37700;2.76406e+04;19;1;1;1.00000e+00;1.00000e+00;1.00000e+00;64;9.99907e-01;1.00627e+00;8.07268e-04
nav-lives;me-freeForm;3;[8];396;39600;39600;2.92418e+04;20;1;1;1.00000e+00;1.00000e+00;1.00000e+00;94;9.99880e-01;1.00549e+00;3.04522e-04
nav-lives;me-freeForm;4;[8];378;37800;37800;2.77153e+04;19;1;1;1.00000e+00;1.00000e+00;1.00000e+00;64;9.99907e-01;1.00627e+00;8.07268e-04
nav-lives;me-freeForm;3;[8];397;39700;39700;2.93150e+04;20;1;1;1.00000e+00;1.00000e+00;1.00000e+00;94;9.99880e-01;1.00549e+00;3.04522e-04
nav-lives;me-freeForm;4;[8];379;37900;37900;2.77892e+04;19;1;1;1.00000e+00;1.00000e+00;1.00000e+00;64;9.99907e-01;1.00627e+00;8.07268e-04
nav-lives;me-freeForm;3;[8];398;39800;39800;2.93897e+04;20;1;1;1.00000e+00;1.00000e+00;1.00000e+00;94;9.99880e-01;1.00549e+00;3.04522e-04
nav-lives;me-freeForm;4;[8];380;38000;38000;2.78652e+04;19;1;1;1.00000e+00;1.00000e+00;1.00000e+00;64;9.99907e-01;1.00627e+00;8.07268e-04
nav-lives;me-freeForm;3;[8];399;39900;39900;2.94650e+04;20;1;1;1.00000e+00;1.00000e+00;1.00000e+00;94;9.99880e-01;1.00549e+00;3.04522e-04
nav-lives;me-freeForm;4;[8];381;38100;38100;2.79400e+04;19;1;1;1.00000e+00;1.00000e+00;1.00000e+00;64;9.99907e-01;1.00627e+00;8.07268e-04
nav-lives;me-freeForm;3;[8];400;40000;40000;2.95382e+04;20;1;1;1.00000e+00;1.00000e+00;1.00000e+00;94;9.99880e-01;1.00549e+00;3.04522e-04
nav-lives;me-freeForm;4;[8];382;38200;38200;2.80143e+04;19;1;1;1.00000e+00;1.00000e+00;1.00000e+00;64;9.99907e-01;1.00627e+00;8.07268e-04
nav-lives;me-freeForm;4;[8];383;38300;38300;2.80724e+04;19;1;1;1.00000e+00;1.00000e+00;1.00000e+00;64;9.99907e-01;1.00627e+00;8.07268e-04
nav-lives;me-freeForm;5;[8];1;100;100;1.04300e+02;4;1;1;1.00000e+00;1.00000e+00;1.00000e+00;14;-6.16533e-03;3.44989e-05;2.89043e-06
nav-lives;me-freeForm;4;[8];384;38400;38400;2.81360e+04;19;1;1;1.00000e+00;1.00000e+00;1.00000e+00;64;9.99907e-01;1.00627e+00;8.07268e-04
nav-lives;me-freeForm;5;[8];2;200;200;1.95119e+02;6;1;1;1.00000e+00;1.00000e+00;1.00000e+00;192;-4.80366e-03;2.28349e-03;5.83240e-04
nav-lives;me-freeForm;4;[8];385;38500;38500;2.81985e+04;19;1;1;1.00000e+00;1.00000e+00;1.00000e+00;64;9.99907e-01;1.00627e+00;8.07268e-04
nav-lives;me-freeForm;5;[8];3;300;300;2.71578e+02;6;1;1;1.00000e+00;1.00000e+00;1.00000e+00;190;-3.32584e-03;3.78880e-03;4.01086e-03
nav-lives;me-freeForm;4;[8];386;38600;38600;2.82766e+04;19;1;1;1.00000e+00;1.00000e+00;1.00000e+00;64;9.99907e-01;1.00627e+00;8.07268e-04
nav-lives;me-freeForm;5;[8];4;400;400;3.46804e+02;6;1;1;1.00000e+00;1.00000e+00;1.00000e+00;190;-9.09016e-04;6.21596e-03;6.32638e-04
nav-lives;me-freeForm;4;[8];387;38700;38700;2.83555e+04;19;1;1;1.00000e+00;1.00000e+00;1.00000e+00;64;9.99907e-01;1.00627e+00;8.07268e-04
nav-lives;me-freeForm;5;[8];5;500;500;4.28084e+02;6;1;1;1.00000e+00;1.00000e+00;1.00000e+00;190;-9.09016e-04;6.21596e-03;6.32638e-04
nav-lives;me-freeForm;4;[8];388;38800;38800;2.84339e+04;19;1;1;1.00000e+00;1.00000e+00;1.00000e+00;64;9.99907e-01;1.00627e+00;8.07268e-04
nav-lives;me-freeForm;5;[8];6;600;600;5.10873e+02;6;1;1;1.00000e+00;1.00000e+00;1.00000e+00;190;-9.09016e-04;6.21596e-03;6.32638e-04
nav-lives;me-freeForm;4;[8];389;38900;38900;2.85197e+04;19;1;1;1.00000e+00;1.00000e+00;1.00000e+00;64;9.99907e-01;1.00627e+00;8.07268e-04
nav-lives;me-freeForm;5;[8];7;700;700;5.92671e+02;6;1;1;1.00000e+00;1.00000e+00;1.00000e+00;190;-9.09016e-04;6.21596e-03;6.32638e-04
nav-lives;me-freeForm;4;[8];390;39000;39000;2.86009e+04;19;1;1;1.00000e+00;1.00000e+00;1.00000e+00;64;9.99907e-01;1.00627e+00;8.07268e-04
nav-lives;me-freeForm;5;[8];8;800;800;6.76514e+02;6;1;1;1.00000e+00;1.00000e+00;1.00000e+00;190;-9.09016e-04;6.21596e-03;6.32638e-04
nav-lives;me-freeForm;4;[8];391;39100;39100;2.86817e+04;19;1;1;1.00000e+00;1.00000e+00;1.00000e+00;64;9.99907e-01;1.00627e+00;8.07268e-04
nav-lives;me-freeForm;5;[8];9;900;900;7.59548e+02;7;1;1;1.00000e+00;1.00000e+00;1.00000e+00;194;5.06593e-03;1.21139e-02;6.46703e-02
nav-lives;me-freeForm;4;[8];392;39200;39200;2.87643e+04;19;1;1;1.00000e+00;1.00000e+00;1.00000e+00;64;9.99907e-01;1.00627e+00;8.07268e-04
nav-lives;me-freeForm;5;[8];10;1000;1000;8.42090e+02;9;1;1;1.00000e+00;1.00000e+00;1.00000e+00;190;1.49069e-01;1.56183e-01;3.57434e-01
nav-lives;me-freeForm;4;[8];393;39300;39300;2.88465e+04;19;1;1;1.00000e+00;1.00000e+00;1.00000e+00;64;9.99907e-01;1.00627e+00;8.07268e-04
nav-lives;me-freeForm;5;[8];11;1100;1100;9.24406e+02;10;1;1;1.00000e+00;1.00000e+00;1.00000e+00;190;1.49069e-01;1.56183e-01;3.57434e-01
nav-lives;me-freeForm;4;[8];394;39400;39400;2.89288e+04;19;1;1;1.00000e+00;1.00000e+00;1.00000e+00;64;9.99907e-01;1.00627e+00;8.07268e-04
nav-lives;me-freeForm;5;[8];12;1200;1200;1.00768e+03;10;1;1;1.00000e+00;1.00000e+00;1.00000e+00;195;8.16325e-01;8.23437e-01;3.87230e-01
nav-lives;me-freeForm;4;[8];395;39500;39500;2.90107e+04;19;1;1;1.00000e+00;1.00000e+00;1.00000e+00;64;9.99907e-01;1.00627e+00;8.07268e-04
nav-lives;me-freeForm;5;[8];13;1300;1300;1.09105e+03;11;1;1;1.00000e+00;1.00000e+00;1.00000e+00;195;8.16325e-01;8.23437e-01;3.87230e-01
nav-lives;me-freeForm;4;[8];396;39600;39600;2.90925e+04;19;1;1;1.00000e+00;1.00000e+00;1.00000e+00;64;9.99907e-01;1.00627e+00;8.07268e-04
nav-lives;me-freeForm;5;[8];14;1400;1400;1.17439e+03;11;1;1;1.00000e+00;1.00000e+00;1.00000e+00;195;8.16325e-01;8.23437e-01;3.87230e-01
nav-lives;me-freeForm;4;[8];397;39700;39700;2.91766e+04;19;1;1;1.00000e+00;1.00000e+00;1.00000e+00;64;9.99907e-01;1.00627e+00;8.07268e-04
nav-lives;me-freeForm;5;[8];15;1500;1500;1.25542e+03;11;1;1;1.00000e+00;1.00000e+00;1.00000e+00;195;8.16325e-01;8.23437e-01;3.87230e-01
nav-lives;me-freeForm;4;[8];398;39800;39800;2.92626e+04;19;1;1;1.00000e+00;1.00000e+00;1.00000e+00;64;9.99907e-01;1.00627e+00;8.07268e-04
nav-lives;me-freeForm;5;[8];16;1600;1600;1.33781e+03;12;1;1;1.00000e+00;1.00000e+00;1.00000e+00;195;8.16325e-01;8.23437e-01;3.87230e-01
nav-lives;me-freeForm;4;[8];399;39900;39900;2.93406e+04;19;1;1;1.00000e+00;1.00000e+00;1.00000e+00;64;9.99907e-01;1.00627e+00;8.07268e-04
nav-lives;me-freeForm;5;[8];17;1700;1700;1.41968e+03;12;1;1;1.00000e+00;1.00000e+00;1.00000e+00;195;8.16325e-01;8.23437e-01;3.87230e-01
nav-lives;me-freeForm;4;[8];400;40000;40000;2.94251e+04;19;1;1;1.00000e+00;1.00000e+00;1.00000e+00;64;9.99907e-01;1.00627e+00;8.07268e-04
nav-lives;me-freeForm;5;[8];18;1800;1800;1.47535e+03;12;1;1;1.00000e+00;1.00000e+00;1.00000e+00;195;8.16325e-01;8.23437e-01;3.87230e-01
nav-lives;me-freeForm;5;[8];19;1900;1900;1.52558e+03;12;1;1;1.00000e+00;1.00000e+00;1.00000e+00;195;8.16325e-01;8.23437e-01;3.87230e-01
nav-lives;me-freeForm;5;[8];20;2000;2000;1.57589e+03;12;1;1;1.00000e+00;1.00000e+00;1.00000e+00;195;8.16325e-01;8.23437e-01;3.87230e-01
nav-lives;me-freeForm;5;[8];21;2100;2100;1.62604e+03;12;1;1;1.00000e+00;1.00000e+00;1.00000e+00;195;8.16325e-01;8.23437e-01;3.87230e-01
nav-lives;me-freeForm;5;[8];22;2200;2200;1.67645e+03;12;1;1;1.00000e+00;1.00000e+00;1.00000e+00;195;8.16325e-01;8.23437e-01;3.87230e-01
nav-lives;me-freeForm;5;[8];23;2300;2300;1.72691e+03;12;1;1;1.00000e+00;1.00000e+00;1.00000e+00;195;8.16325e-01;8.23437e-01;3.87230e-01
nav-lives;me-freeForm;5;[8];24;2400;2400;1.77729e+03;12;1;1;1.00000e+00;1.00000e+00;1.00000e+00;195;8.16325e-01;8.23437e-01;3.87230e-01
nav-lives;me-freeForm;5;[8];25;2500;2500;1.82759e+03;12;1;1;1.00000e+00;1.00000e+00;1.00000e+00;195;8.16325e-01;8.23437e-01;3.87230e-01
nav-lives;me-freeForm;5;[8];26;2600;2600;1.87809e+03;12;1;1;1.00000e+00;1.00000e+00;1.00000e+00;195;8.16325e-01;8.23437e-01;3.87230e-01
nav-lives;me-freeForm;5;[8];27;2700;2700;1.92838e+03;12;1;1;1.00000e+00;1.00000e+00;1.00000e+00;195;8.16325e-01;8.23437e-01;3.87230e-01
nav-lives;me-freeForm;5;[8];28;2800;2800;1.97865e+03;12;1;1;1.00000e+00;1.00000e+00;1.00000e+00;195;8.16325e-01;8.23437e-01;3.87230e-01
nav-lives;me-freeForm;5;[8];29;2900;2900;2.02885e+03;12;1;1;1.00000e+00;1.00000e+00;1.00000e+00;195;8.16325e-01;8.23437e-01;3.87230e-01
nav-lives;me-freeForm;5;[8];30;3000;3000;2.07959e+03;12;1;1;1.00000e+00;1.00000e+00;1.00000e+00;195;8.16325e-01;8.23437e-01;3.87230e-01
nav-lives;me-freeForm;5;[8];31;3100;3100;2.13020e+03;13;1;1;1.00000e+00;1.00000e+00;1.00000e+00;195;8.16325e-01;8.23437e-01;3.87230e-01
nav-lives;me-freeForm;5;[8];32;3200;3200;2.18103e+03;14;1;1;1.00000e+00;1.00000e+00;1.00000e+00;195;8.16325e-01;8.23437e-01;3.87230e-01
nav-lives;me-freeForm;5;[8];33;3300;3300;2.23154e+03;15;1;1;1.00000e+00;1.00000e+00;1.00000e+00;195;8.16325e-01;8.23437e-01;3.87230e-01
nav-lives;me-freeForm;5;[8];34;3400;3400;2.28225e+03;15;1;1;1.00000e+00;1.00000e+00;1.00000e+00;195;8.16325e-01;8.23437e-01;3.87230e-01
nav-lives;me-freeForm;5;[8];35;3500;3500;2.33272e+03;15;1;1;1.00000e+00;1.00000e+00;1.00000e+00;195;8.16325e-01;8.23437e-01;3.87230e-01
nav-lives;me-freeForm;5;[8];36;3600;3600;2.38287e+03;15;1;1;1.00000e+00;1.00000e+00;1.00000e+00;195;8.16325e-01;8.23437e-01;3.87230e-01
nav-lives;me-freeForm;5;[8];37;3700;3700;2.43349e+03;15;1;1;1.00000e+00;1.00000e+00;1.00000e+00;195;8.16325e-01;8.23437e-01;3.87230e-01
nav-lives;me-freeForm;5;[8];38;3800;3800;2.48398e+03;15;1;1;1.00000e+00;1.00000e+00;1.00000e+00;195;8.16325e-01;8.23437e-01;3.87230e-01
nav-lives;me-freeForm;5;[8];39;3900;3900;2.53483e+03;15;1;1;1.00000e+00;1.00000e+00;1.00000e+00;195;8.16325e-01;8.23437e-01;3.87230e-01
nav-lives;me-freeForm;5;[8];40;4000;4000;2.58522e+03;15;1;1;1.00000e+00;1.00000e+00;1.00000e+00;195;8.16325e-01;8.23437e-01;3.87230e-01
nav-lives;me-freeForm;5;[8];41;4100;4100;2.63553e+03;15;1;1;1.00000e+00;1.00000e+00;1.00000e+00;195;8.16325e-01;8.23437e-01;3.87230e-01
nav-lives;me-freeForm;5;[8];42;4200;4200;2.68601e+03;15;1;1;1.00000e+00;1.00000e+00;1.00000e+00;195;8.16325e-01;8.23437e-01;3.87230e-01
nav-lives;me-freeForm;5;[8];43;4300;4300;2.73653e+03;15;1;1;1.00000e+00;1.00000e+00;1.00000e+00;195;8.16325e-01;8.23437e-01;3.87230e-01
nav-lives;me-freeForm;5;[8];44;4400;4400;2.78704e+03;15;1;1;1.00000e+00;1.00000e+00;1.00000e+00;195;8.16325e-01;8.23437e-01;3.87230e-01
nav-lives;me-freeForm;5;[8];45;4500;4500;2.83772e+03;15;1;1;1.00000e+00;1.00000e+00;1.00000e+00;195;8.16325e-01;8.23437e-01;3.87230e-01
nav-lives;me-freeForm;5;[8];46;4600;4600;2.88828e+03;15;1;1;1.00000e+00;1.00000e+00;1.00000e+00;195;8.16325e-01;8.23437e-01;3.87230e-01
nav-lives;me-freeForm;5;[8];47;4700;4700;2.93857e+03;15;1;1;1.00000e+00;1.00000e+00;1.00000e+00;195;8.16325e-01;8.23437e-01;3.87230e-01
nav-lives;me-freeForm;5;[8];48;4800;4800;2.98904e+03;15;1;1;1.00000e+00;1.00000e+00;1.00000e+00;195;8.16325e-01;8.23437e-01;3.87230e-01
nav-lives;me-freeForm;5;[8];49;4900;4900;3.03969e+03;15;1;1;1.00000e+00;1.00000e+00;1.00000e+00;195;8.16325e-01;8.23437e-01;3.87230e-01
nav-lives;me-freeForm;5;[8];50;5000;5000;3.09068e+03;15;1;1;1.00000e+00;1.00000e+00;1.00000e+00;195;8.16325e-01;8.23437e-01;3.87230e-01
nav-lives;me-freeForm;5;[8];51;5100;5100;3.14093e+03;15;1;1;1.00000e+00;1.00000e+00;1.00000e+00;195;8.16325e-01;8.23437e-01;3.87230e-01
nav-lives;me-freeForm;5;[8];52;5200;5200;3.19131e+03;15;1;1;1.00000e+00;1.00000e+00;1.00000e+00;195;8.16325e-01;8.23437e-01;3.87230e-01
nav-lives;me-freeForm;5;[8];53;5300;5300;3.24180e+03;15;1;1;1.00000e+00;1.00000e+00;1.00000e+00;195;8.16325e-01;8.23437e-01;3.87230e-01
nav-lives;me-freeForm;5;[8];54;5400;5400;3.29187e+03;15;1;1;1.00000e+00;1.00000e+00;1.00000e+00;195;8.16325e-01;8.23437e-01;3.87230e-01
nav-lives;me-freeForm;5;[8];55;5500;5500;3.34229e+03;15;1;1;1.00000e+00;1.00000e+00;1.00000e+00;195;8.16325e-01;8.23437e-01;3.87230e-01
nav-lives;me-freeForm;5;[8];56;5600;5600;3.39295e+03;15;1;1;1.00000e+00;1.00000e+00;1.00000e+00;195;8.16325e-01;8.23437e-01;3.87230e-01
nav-lives;me-freeForm;5;[8];57;5700;5700;3.44342e+03;16;1;1;1.00000e+00;1.00000e+00;1.00000e+00;195;8.16325e-01;8.23437e-01;3.87230e-01
nav-lives;me-freeForm;5;[8];58;5800;5800;3.49381e+03;16;1;1;1.00000e+00;1.00000e+00;1.00000e+00;195;8.16325e-01;8.23437e-01;3.87230e-01
nav-lives;me-freeForm;5;[8];59;5900;5900;3.54406e+03;16;1;1;1.00000e+00;1.00000e+00;1.00000e+00;195;8.16325e-01;8.23437e-01;3.87230e-01
nav-lives;me-freeForm;5;[8];60;6000;6000;3.59418e+03;16;1;1;1.00000e+00;1.00000e+00;1.00000e+00;195;8.16325e-01;8.23437e-01;3.87230e-01
nav-lives;me-freeForm;5;[8];61;6100;6100;3.64441e+03;16;1;1;1.00000e+00;1.00000e+00;1.00000e+00;195;8.16325e-01;8.23437e-01;3.87230e-01
nav-lives;me-freeForm;5;[8];62;6200;6200;3.69457e+03;16;1;1;1.00000e+00;1.00000e+00;1.00000e+00;195;8.16325e-01;8.23437e-01;3.87230e-01
nav-lives;me-freeForm;5;[8];63;6300;6300;3.74511e+03;16;1;1;1.00000e+00;1.00000e+00;1.00000e+00;195;8.16325e-01;8.23437e-01;3.87230e-01
nav-lives;me-freeForm;5;[8];64;6400;6400;3.79556e+03;16;1;1;1.00000e+00;1.00000e+00;1.00000e+00;195;8.16325e-01;8.23437e-01;3.87230e-01
nav-lives;me-freeForm;5;[8];65;6500;6500;3.84584e+03;16;1;1;1.00000e+00;1.00000e+00;1.00000e+00;195;8.16325e-01;8.23437e-01;3.87230e-01
nav-lives;me-freeForm;5;[8];66;6600;6600;3.89589e+03;16;1;1;1.00000e+00;1.00000e+00;1.00000e+00;195;8.16325e-01;8.23437e-01;3.87230e-01
nav-lives;me-freeForm;5;[8];67;6700;6700;3.94638e+03;16;1;1;1.00000e+00;1.00000e+00;1.00000e+00;195;8.16325e-01;8.23437e-01;3.87230e-01
nav-lives;me-freeForm;5;[8];68;6800;6800;3.99698e+03;16;1;1;1.00000e+00;1.00000e+00;1.00000e+00;195;8.16325e-01;8.23437e-01;3.87230e-01
nav-lives;me-freeForm;5;[8];69;6900;6900;4.04712e+03;16;1;1;1.00000e+00;1.00000e+00;1.00000e+00;195;8.16325e-01;8.23437e-01;3.87230e-01
nav-lives;me-freeForm;5;[8];70;7000;7000;4.09741e+03;16;1;1;1.00000e+00;1.00000e+00;1.00000e+00;195;8.16325e-01;8.23437e-01;3.87230e-01
nav-lives;me-freeForm;5;[8];71;7100;7100;4.14772e+03;16;1;1;1.00000e+00;1.00000e+00;1.00000e+00;195;8.16325e-01;8.23437e-01;3.87230e-01
nav-lives;me-freeForm;5;[8];72;7200;7200;4.19828e+03;16;1;1;1.00000e+00;1.00000e+00;1.00000e+00;195;8.16325e-01;8.23437e-01;3.87230e-01
nav-lives;me-freeForm;5;[8];73;7300;7300;4.24891e+03;16;1;1;1.00000e+00;1.00000e+00;1.00000e+00;195;8.16325e-01;8.23437e-01;3.87230e-01
nav-lives;me-freeForm;5;[8];74;7400;7400;4.29927e+03;16;1;1;1.00000e+00;1.00000e+00;1.00000e+00;195;8.16325e-01;8.23437e-01;3.87230e-01
nav-lives;me-freeForm;5;[8];75;7500;7500;4.34927e+03;16;1;1;1.00000e+00;1.00000e+00;1.00000e+00;195;8.16325e-01;8.23437e-01;3.87230e-01
nav-lives;me-freeForm;5;[8];76;7600;7600;4.39981e+03;16;1;1;1.00000e+00;1.00000e+00;1.00000e+00;195;8.16325e-01;8.23437e-01;3.87230e-01
nav-lives;me-freeForm;5;[8];77;7700;7700;4.45011e+03;16;1;1;1.00000e+00;1.00000e+00;1.00000e+00;195;8.16325e-01;8.23437e-01;3.87230e-01
nav-lives;me-freeForm;5;[8];78;7800;7800;4.50031e+03;16;1;1;1.00000e+00;1.00000e+00;1.00000e+00;195;8.16325e-01;8.23437e-01;3.87230e-01
nav-lives;me-freeForm;5;[8];79;7900;7900;4.55100e+03;16;1;1;1.00000e+00;1.00000e+00;1.00000e+00;195;8.16325e-01;8.23437e-01;3.87230e-01
nav-lives;me-freeForm;5;[8];80;8000;8000;4.60130e+03;16;1;1;1.00000e+00;1.00000e+00;1.00000e+00;195;8.16325e-01;8.23437e-01;3.87230e-01
nav-lives;me-freeForm;5;[8];81;8100;8100;4.65157e+03;16;1;1;1.00000e+00;1.00000e+00;1.00000e+00;195;8.16325e-01;8.23437e-01;3.87230e-01
nav-lives;me-freeForm;5;[8];82;8200;8200;4.70206e+03;16;1;1;1.00000e+00;1.00000e+00;1.00000e+00;195;8.16325e-01;8.23437e-01;3.87230e-01
nav-lives;me-freeForm;5;[8];83;8300;8300;4.75240e+03;16;1;1;1.00000e+00;1.00000e+00;1.00000e+00;195;8.16325e-01;8.23437e-01;3.87230e-01
nav-lives;me-freeForm;5;[8];84;8400;8400;4.80294e+03;16;1;1;1.00000e+00;1.00000e+00;1.00000e+00;195;8.16325e-01;8.23437e-01;3.87230e-01
nav-lives;me-freeForm;5;[8];85;8500;8500;4.85361e+03;16;1;1;1.00000e+00;1.00000e+00;1.00000e+00;195;8.16325e-01;8.23437e-01;3.87230e-01
nav-lives;me-freeForm;5;[8];86;8600;8600;4.90366e+03;16;1;1;1.00000e+00;1.00000e+00;1.00000e+00;195;8.16325e-01;8.23437e-01;3.87230e-01
nav-lives;me-freeForm;5;[8];87;8700;8700;4.95391e+03;16;1;1;1.00000e+00;1.00000e+00;1.00000e+00;195;8.16325e-01;8.23437e-01;3.87230e-01
nav-lives;me-freeForm;5;[8];88;8800;8800;5.00426e+03;16;1;1;1.00000e+00;1.00000e+00;1.00000e+00;195;8.16325e-01;8.23437e-01;3.87230e-01
nav-lives;me-freeForm;5;[8];89;8900;8900;5.05498e+03;16;1;1;1.00000e+00;1.00000e+00;1.00000e+00;195;8.16325e-01;8.23437e-01;3.87230e-01
nav-lives;me-freeForm;5;[8];90;9000;9000;5.10528e+03;16;1;1;1.00000e+00;1.00000e+00;1.00000e+00;195;8.16325e-01;8.23437e-01;3.87230e-01
nav-lives;me-freeForm;5;[8];91;9100;9100;5.15510e+03;16;1;1;1.00000e+00;1.00000e+00;1.00000e+00;195;8.16325e-01;8.23437e-01;3.87230e-01
nav-lives;me-freeForm;5;[8];92;9200;9200;5.20548e+03;16;1;1;1.00000e+00;1.00000e+00;1.00000e+00;195;8.16325e-01;8.23437e-01;3.87230e-01
nav-lives;me-freeForm;5;[8];93;9300;9300;5.25577e+03;16;1;1;1.00000e+00;1.00000e+00;1.00000e+00;195;8.16325e-01;8.23437e-01;3.87230e-01
nav-lives;me-freeForm;5;[8];94;9400;9400;5.30687e+03;16;1;1;1.00000e+00;1.00000e+00;1.00000e+00;195;8.16325e-01;8.23437e-01;3.87230e-01
nav-lives;me-freeForm;5;[8];95;9500;9500;5.35765e+03;16;1;1;1.00000e+00;1.00000e+00;1.00000e+00;195;8.16325e-01;8.23437e-01;3.87230e-01
nav-lives;me-freeForm;5;[8];96;9600;9600;5.40764e+03;16;1;1;1.00000e+00;1.00000e+00;1.00000e+00;195;8.16325e-01;8.23437e-01;3.87230e-01
nav-lives;me-freeForm;5;[8];97;9700;9700;5.45817e+03;16;1;1;1.00000e+00;1.00000e+00;1.00000e+00;195;8.16325e-01;8.23437e-01;3.87230e-01
nav-lives;me-freeForm;5;[8];98;9800;9800;5.50870e+03;16;1;1;1.00000e+00;1.00000e+00;1.00000e+00;195;8.16325e-01;8.23437e-01;3.87230e-01
nav-lives;me-freeForm;5;[8];99;9900;9900;5.55922e+03;16;1;1;1.00000e+00;1.00000e+00;1.00000e+00;195;8.16325e-01;8.23437e-01;3.87230e-01
nav-lives;me-freeForm;5;[8];100;10000;10000;5.60936e+03;16;1;1;1.00000e+00;1.00000e+00;1.00000e+00;195;8.16325e-01;8.23437e-01;3.87230e-01
nav-lives;me-freeForm;5;[8];101;10100;10100;5.65997e+03;16;1;1;1.00000e+00;1.00000e+00;1.00000e+00;195;8.16325e-01;8.23437e-01;3.87230e-01
nav-lives;me-freeForm;5;[8];102;10200;10200;5.71028e+03;16;1;1;1.00000e+00;1.00000e+00;1.00000e+00;195;8.16325e-01;8.23437e-01;3.87230e-01
nav-lives;me-freeForm;5;[8];103;10300;10300;5.76093e+03;16;1;1;1.00000e+00;1.00000e+00;1.00000e+00;195;8.16325e-01;8.23437e-01;3.87230e-01
nav-lives;me-freeForm;5;[8];104;10400;10400;5.81143e+03;16;1;1;1.00000e+00;1.00000e+00;1.00000e+00;195;8.16325e-01;8.23437e-01;3.87230e-01
nav-lives;me-freeForm;5;[8];105;10500;10500;5.86224e+03;16;1;1;1.00000e+00;1.00000e+00;1.00000e+00;195;8.16325e-01;8.23437e-01;3.87230e-01
nav-lives;me-freeForm;5;[8];106;10600;10600;5.91263e+03;16;1;1;1.00000e+00;1.00000e+00;1.00000e+00;195;8.16325e-01;8.23437e-01;3.87230e-01
nav-lives;me-freeForm;5;[8];107;10700;10700;5.96342e+03;16;1;1;1.00000e+00;1.00000e+00;1.00000e+00;195;8.16325e-01;8.23437e-01;3.87230e-01
nav-lives;me-freeForm;5;[8];108;10800;10800;6.01399e+03;16;1;1;1.00000e+00;1.00000e+00;1.00000e+00;195;8.16325e-01;8.23437e-01;3.87230e-01
nav-lives;me-freeForm;5;[8];109;10900;10900;6.06449e+03;16;1;1;1.00000e+00;1.00000e+00;1.00000e+00;195;8.16325e-01;8.23437e-01;3.87230e-01
nav-lives;me-freeForm;5;[8];110;11000;11000;6.11506e+03;16;1;1;1.00000e+00;1.00000e+00;1.00000e+00;195;8.16325e-01;8.23437e-01;3.87230e-01
nav-lives;me-freeForm;5;[8];111;11100;11100;6.16501e+03;16;1;1;1.00000e+00;1.00000e+00;1.00000e+00;195;8.16325e-01;8.23437e-01;3.87230e-01
nav-lives;me-freeForm;5;[8];112;11200;11200;6.21574e+03;16;1;1;1.00000e+00;1.00000e+00;1.00000e+00;195;8.16325e-01;8.23437e-01;3.87230e-01
nav-lives;me-freeForm;5;[8];113;11300;11300;6.26610e+03;16;1;1;1.00000e+00;1.00000e+00;1.00000e+00;195;8.16325e-01;8.23437e-01;3.87230e-01
nav-lives;me-freeForm;5;[8];114;11400;11400;6.31631e+03;16;1;1;1.00000e+00;1.00000e+00;1.00000e+00;195;8.16325e-01;8.23437e-01;3.87230e-01
nav-lives;me-freeForm;5;[8];115;11500;11500;6.36692e+03;16;1;1;1.00000e+00;1.00000e+00;1.00000e+00;195;8.16325e-01;8.23437e-01;3.87230e-01
nav-lives;me-freeForm;5;[8];116;11600;11600;6.41748e+03;16;1;1;1.00000e+00;1.00000e+00;1.00000e+00;195;8.16325e-01;8.23437e-01;3.87230e-01
nav-lives;me-freeForm;5;[8];117;11700;11700;6.46812e+03;16;1;1;1.00000e+00;1.00000e+00;1.00000e+00;195;8.16325e-01;8.23437e-01;3.87230e-01
nav-lives;me-freeForm;5;[8];118;11800;11800;6.51927e+03;16;1;1;1.00000e+00;1.00000e+00;1.00000e+00;195;8.16325e-01;8.23437e-01;3.87230e-01
nav-lives;me-freeForm;5;[8];119;11900;11900;6.57008e+03;16;1;1;1.00000e+00;1.00000e+00;1.00000e+00;195;8.16325e-01;8.23437e-01;3.87230e-01
nav-lives;me-freeForm;5;[8];120;12000;12000;6.62078e+03;16;1;1;1.00000e+00;1.00000e+00;1.00000e+00;195;8.16325e-01;8.23437e-01;3.87230e-01
nav-lives;me-freeForm;5;[8];121;12100;12100;6.67151e+03;16;1;1;1.00000e+00;1.00000e+00;1.00000e+00;195;8.16325e-01;8.23437e-01;3.87230e-01
nav-lives;me-freeForm;5;[8];122;12200;12200;6.72187e+03;16;1;1;1.00000e+00;1.00000e+00;1.00000e+00;195;8.16325e-01;8.23437e-01;3.87230e-01
nav-lives;me-freeForm;5;[8];123;12300;12300;6.77227e+03;16;1;1;1.00000e+00;1.00000e+00;1.00000e+00;195;8.16325e-01;8.23437e-01;3.87230e-01
nav-lives;me-freeForm;5;[8];124;12400;12400;6.82287e+03;16;1;1;1.00000e+00;1.00000e+00;1.00000e+00;195;8.16325e-01;8.23437e-01;3.87230e-01
nav-lives;me-freeForm;5;[8];125;12500;12500;6.87355e+03;16;1;1;1.00000e+00;1.00000e+00;1.00000e+00;195;8.16325e-01;8.23437e-01;3.87230e-01
nav-lives;me-freeForm;5;[8];126;12600;12600;6.92417e+03;16;1;1;1.00000e+00;1.00000e+00;1.00000e+00;195;8.16325e-01;8.23437e-01;3.87230e-01
nav-lives;me-freeForm;5;[8];127;12700;12700;6.97464e+03;16;1;1;1.00000e+00;1.00000e+00;1.00000e+00;195;8.16325e-01;8.23437e-01;3.87230e-01
nav-lives;me-freeForm;5;[8];128;12800;12800;7.02507e+03;16;1;1;1.00000e+00;1.00000e+00;1.00000e+00;195;8.16325e-01;8.23437e-01;3.87230e-01
nav-lives;me-freeForm;5;[8];129;12900;12900;7.07511e+03;16;1;1;1.00000e+00;1.00000e+00;1.00000e+00;195;8.16325e-01;8.23437e-01;3.87230e-01
nav-lives;me-freeForm;5;[8];130;13000;13000;7.12584e+03;16;1;1;1.00000e+00;1.00000e+00;1.00000e+00;195;8.16325e-01;8.23437e-01;3.87230e-01
nav-lives;me-freeForm;5;[8];131;13100;13100;7.17652e+03;16;1;1;1.00000e+00;1.00000e+00;1.00000e+00;195;8.16325e-01;8.23437e-01;3.87230e-01
nav-lives;me-freeForm;5;[8];132;13200;13200;7.22708e+03;16;1;1;1.00000e+00;1.00000e+00;1.00000e+00;195;8.16325e-01;8.23437e-01;3.87230e-01
nav-lives;me-freeForm;5;[8];133;13300;13300;7.27715e+03;16;1;1;1.00000e+00;1.00000e+00;1.00000e+00;195;8.16325e-01;8.23437e-01;3.87230e-01
nav-lives;me-freeForm;5;[8];134;13400;13400;7.32743e+03;16;1;1;1.00000e+00;1.00000e+00;1.00000e+00;195;8.16325e-01;8.23437e-01;3.87230e-01
nav-lives;me-freeForm;5;[8];135;13500;13500;7.37760e+03;16;1;1;1.00000e+00;1.00000e+00;1.00000e+00;195;8.16325e-01;8.23437e-01;3.87230e-01
nav-lives;me-freeForm;5;[8];136;13600;13600;7.42779e+03;16;1;1;1.00000e+00;1.00000e+00;1.00000e+00;195;8.16325e-01;8.23437e-01;3.87230e-01
nav-lives;me-freeForm;5;[8];137;13700;13700;7.47806e+03;16;1;1;1.00000e+00;1.00000e+00;1.00000e+00;195;8.16325e-01;8.23437e-01;3.87230e-01
nav-lives;me-freeForm;5;[8];138;13800;13800;7.52797e+03;16;1;1;1.00000e+00;1.00000e+00;1.00000e+00;195;8.16325e-01;8.23437e-01;3.87230e-01
nav-lives;me-freeForm;5;[8];139;13900;13900;7.57835e+03;16;1;1;1.00000e+00;1.00000e+00;1.00000e+00;195;8.16325e-01;8.23437e-01;3.87230e-01
nav-lives;me-freeForm;5;[8];140;14000;14000;7.62891e+03;16;1;1;1.00000e+00;1.00000e+00;1.00000e+00;195;8.16325e-01;8.23437e-01;3.87230e-01
nav-lives;me-freeForm;5;[8];141;14100;14100;7.67929e+03;16;1;1;1.00000e+00;1.00000e+00;1.00000e+00;195;8.16325e-01;8.23437e-01;3.87230e-01
nav-lives;me-freeForm;5;[8];142;14200;14200;7.72944e+03;16;1;1;1.00000e+00;1.00000e+00;1.00000e+00;195;8.16325e-01;8.23437e-01;3.87230e-01
nav-lives;me-freeForm;5;[8];143;14300;14300;7.78012e+03;16;1;1;1.00000e+00;1.00000e+00;1.00000e+00;195;8.16325e-01;8.23437e-01;3.87230e-01
nav-lives;me-freeForm;5;[8];144;14400;14400;7.83044e+03;16;1;1;1.00000e+00;1.00000e+00;1.00000e+00;195;8.16325e-01;8.23437e-01;3.87230e-01
nav-lives;me-freeForm;5;[8];145;14500;14500;7.88042e+03;16;1;1;1.00000e+00;1.00000e+00;1.00000e+00;195;8.16325e-01;8.23437e-01;3.87230e-01
nav-lives;me-freeForm;5;[8];146;14600;14600;7.93064e+03;16;1;1;1.00000e+00;1.00000e+00;1.00000e+00;195;8.16325e-01;8.23437e-01;3.87230e-01
nav-lives;me-freeForm;5;[8];147;14700;14700;7.98094e+03;16;1;1;1.00000e+00;1.00000e+00;1.00000e+00;195;8.16325e-01;8.23437e-01;3.87230e-01
nav-lives;me-freeForm;5;[8];148;14800;14800;8.03123e+03;16;1;1;1.00000e+00;1.00000e+00;1.00000e+00;195;8.16325e-01;8.23437e-01;3.87230e-01
nav-lives;me-freeForm;5;[8];149;14900;14900;8.08144e+03;16;1;1;1.00000e+00;1.00000e+00;1.00000e+00;195;8.16325e-01;8.23437e-01;3.87230e-01
nav-lives;me-freeForm;5;[8];150;15000;15000;8.13178e+03;16;1;1;1.00000e+00;1.00000e+00;1.00000e+00;195;8.16325e-01;8.23437e-01;3.87230e-01
nav-lives;me-freeForm;5;[8];151;15100;15100;8.18192e+03;16;1;1;1.00000e+00;1.00000e+00;1.00000e+00;195;8.16325e-01;8.23437e-01;3.87230e-01
nav-lives;me-freeForm;5;[8];152;15200;15200;8.23200e+03;16;1;1;1.00000e+00;1.00000e+00;1.00000e+00;195;8.16325e-01;8.23437e-01;3.87230e-01
nav-lives;me-freeForm;5;[8];153;15300;15300;8.28276e+03;16;1;1;1.00000e+00;1.00000e+00;1.00000e+00;195;8.16325e-01;8.23437e-01;3.87230e-01
nav-lives;me-freeForm;5;[8];154;15400;15400;8.33315e+03;16;1;1;1.00000e+00;1.00000e+00;1.00000e+00;195;8.16325e-01;8.23437e-01;3.87230e-01
nav-lives;me-freeForm;5;[8];155;15500;15500;8.38340e+03;16;1;1;1.00000e+00;1.00000e+00;1.00000e+00;195;8.16325e-01;8.23437e-01;3.87230e-01
nav-lives;me-freeForm;5;[8];156;15600;15600;8.43349e+03;16;1;1;1.00000e+00;1.00000e+00;1.00000e+00;195;8.16325e-01;8.23437e-01;3.87230e-01
nav-lives;me-freeForm;5;[8];157;15700;15700;8.48350e+03;16;1;1;1.00000e+00;1.00000e+00;1.00000e+00;195;8.16325e-01;8.23437e-01;3.87230e-01
nav-lives;me-freeForm;5;[8];158;15800;15800;8.53382e+03;16;1;1;1.00000e+00;1.00000e+00;1.00000e+00;195;8.16325e-01;8.23437e-01;3.87230e-01
nav-lives;me-freeForm;5;[8];159;15900;15900;8.58353e+03;16;1;1;1.00000e+00;1.00000e+00;1.00000e+00;195;8.16325e-01;8.23437e-01;3.87230e-01
nav-lives;me-freeForm;5;[8];160;16000;16000;8.63345e+03;16;1;1;1.00000e+00;1.00000e+00;1.00000e+00;195;8.16325e-01;8.23437e-01;3.87230e-01
nav-lives;me-freeForm;5;[8];161;16100;16100;8.68366e+03;16;1;1;1.00000e+00;1.00000e+00;1.00000e+00;195;8.16325e-01;8.23437e-01;3.87230e-01
nav-lives;me-freeForm;5;[8];162;16200;16200;8.73356e+03;16;1;1;1.00000e+00;1.00000e+00;1.00000e+00;195;8.16325e-01;8.23437e-01;3.87230e-01
nav-lives;me-freeForm;5;[8];163;16300;16300;8.78408e+03;16;1;1;1.00000e+00;1.00000e+00;1.00000e+00;195;8.16325e-01;8.23437e-01;3.87230e-01
nav-lives;me-freeForm;5;[8];164;16400;16400;8.83439e+03;16;1;1;1.00000e+00;1.00000e+00;1.00000e+00;195;8.16325e-01;8.23437e-01;3.87230e-01
nav-lives;me-freeForm;5;[8];165;16500;16500;8.88467e+03;16;1;1;1.00000e+00;1.00000e+00;1.00000e+00;195;8.16325e-01;8.23437e-01;3.87230e-01
nav-lives;me-freeForm;5;[8];166;16600;16600;8.93513e+03;16;1;1;1.00000e+00;1.00000e+00;1.00000e+00;195;8.16325e-01;8.23437e-01;3.87230e-01
nav-lives;me-freeForm;5;[8];167;16700;16700;8.98553e+03;16;1;1;1.00000e+00;1.00000e+00;1.00000e+00;195;8.16325e-01;8.23437e-01;3.87230e-01
nav-lives;me-freeForm;5;[8];168;16800;16800;9.03536e+03;16;1;1;1.00000e+00;1.00000e+00;1.00000e+00;195;8.16325e-01;8.23437e-01;3.87230e-01
nav-lives;me-freeForm;5;[8];169;16900;16900;9.08540e+03;16;1;1;1.00000e+00;1.00000e+00;1.00000e+00;195;8.16325e-01;8.23437e-01;3.87230e-01
nav-lives;me-freeForm;5;[8];170;17000;17000;9.13586e+03;16;1;1;1.00000e+00;1.00000e+00;1.00000e+00;195;8.16325e-01;8.23437e-01;3.87230e-01
nav-lives;me-freeForm;5;[8];171;17100;17100;9.18621e+03;17;1;1;1.00000e+00;1.00000e+00;1.00000e+00;198;9.99739e-01;1.00559e+00;0.00000e+00
nav-lives;me-freeForm;5;[8];172;17200;17200;9.23678e+03;17;1;1;1.00000e+00;1.00000e+00;1.00000e+00;198;9.99739e-01;1.00559e+00;0.00000e+00
nav-lives;me-freeForm;5;[8];173;17300;17300;9.28726e+03;17;1;1;1.00000e+00;1.00000e+00;1.00000e+00;198;9.99739e-01;1.00559e+00;0.00000e+00
nav-lives;me-freeForm;5;[8];174;17400;17400;9.33789e+03;18;1;1;1.00000e+00;1.00000e+00;1.00000e+00;198;9.99739e-01;1.00559e+00;0.00000e+00
nav-lives;me-freeForm;5;[8];175;17500;17500;9.38815e+03;18;1;1;1.00000e+00;1.00000e+00;1.00000e+00;203;9.99739e-01;1.00559e+00;0.00000e+00
nav-lives;me-freeForm;5;[8];176;17600;17600;9.43902e+03;18;1;1;1.00000e+00;1.00000e+00;1.00000e+00;203;9.99739e-01;1.00559e+00;0.00000e+00
nav-lives;me-freeForm;5;[8];177;17700;17700;9.48946e+03;18;1;1;1.00000e+00;1.00000e+00;1.00000e+00;203;9.99739e-01;1.00559e+00;0.00000e+00
nav-lives;me-freeForm;5;[8];178;17800;17800;9.54009e+03;18;1;1;1.00000e+00;1.00000e+00;1.00000e+00;203;9.99739e-01;1.00559e+00;0.00000e+00
nav-lives;me-freeForm;5;[8];179;17900;17900;9.59020e+03;18;1;1;1.00000e+00;1.00000e+00;1.00000e+00;203;9.99739e-01;1.00559e+00;0.00000e+00
nav-lives;me-freeForm;5;[8];180;18000;18000;9.64062e+03;18;1;1;1.00000e+00;1.00000e+00;1.00000e+00;203;9.99739e-01;1.00559e+00;0.00000e+00
nav-lives;me-freeForm;5;[8];181;18100;18100;9.69098e+03;18;1;1;1.00000e+00;1.00000e+00;1.00000e+00;203;9.99739e-01;1.00559e+00;0.00000e+00
nav-lives;me-freeForm;5;[8];182;18200;18200;9.74141e+03;18;1;1;1.00000e+00;1.00000e+00;1.00000e+00;203;9.99739e-01;1.00559e+00;0.00000e+00
nav-lives;me-freeForm;5;[8];183;18300;18300;9.79208e+03;18;1;1;1.00000e+00;1.00000e+00;1.00000e+00;203;9.99739e-01;1.00559e+00;0.00000e+00
nav-lives;me-freeForm;5;[8];184;18400;18400;9.84234e+03;18;1;1;1.00000e+00;1.00000e+00;1.00000e+00;203;9.99739e-01;1.00559e+00;0.00000e+00
nav-lives;me-freeForm;5;[8];185;18500;18500;9.89290e+03;18;1;1;1.00000e+00;1.00000e+00;1.00000e+00;203;9.99739e-01;1.00559e+00;0.00000e+00
nav-lives;me-freeForm;5;[8];186;18600;18600;9.94373e+03;18;1;1;1.00000e+00;1.00000e+00;1.00000e+00;203;9.99739e-01;1.00559e+00;0.00000e+00
nav-lives;me-freeForm;5;[8];187;18700;18700;9.99448e+03;18;1;1;1.00000e+00;1.00000e+00;1.00000e+00;203;9.99739e-01;1.00559e+00;0.00000e+00
nav-lives;me-freeForm;5;[8];188;18800;18800;1.00449e+04;18;1;1;1.00000e+00;1.00000e+00;1.00000e+00;203;9.99739e-01;1.00559e+00;0.00000e+00
nav-lives;me-freeForm;5;[8];189;18900;18900;1.00951e+04;18;1;1;1.00000e+00;1.00000e+00;1.00000e+00;203;9.99739e-01;1.00559e+00;0.00000e+00
nav-lives;me-freeForm;5;[8];190;19000;19000;1.01451e+04;18;1;1;1.00000e+00;1.00000e+00;1.00000e+00;203;9.99739e-01;1.00559e+00;0.00000e+00
nav-lives;me-freeForm;5;[8];191;19100;19100;1.01954e+04;18;1;1;1.00000e+00;1.00000e+00;1.00000e+00;203;9.99739e-01;1.00559e+00;0.00000e+00
nav-lives;me-freeForm;5;[8];192;19200;19200;1.02459e+04;18;1;1;1.00000e+00;1.00000e+00;1.00000e+00;203;9.99739e-01;1.00559e+00;0.00000e+00
nav-lives;me-freeForm;5;[8];193;19300;19300;1.02960e+04;18;1;1;1.00000e+00;1.00000e+00;1.00000e+00;203;9.99739e-01;1.00559e+00;0.00000e+00
nav-lives;me-freeForm;5;[8];194;19400;19400;1.03463e+04;18;1;1;1.00000e+00;1.00000e+00;1.00000e+00;203;9.99739e-01;1.00559e+00;0.00000e+00
nav-lives;me-freeForm;5;[8];195;19500;19500;1.03966e+04;18;1;1;1.00000e+00;1.00000e+00;1.00000e+00;203;9.99739e-01;1.00559e+00;0.00000e+00
nav-lives;me-freeForm;5;[8];196;19600;19600;1.04470e+04;18;1;1;1.00000e+00;1.00000e+00;1.00000e+00;203;9.99739e-01;1.00559e+00;0.00000e+00
nav-lives;me-freeForm;5;[8];197;19700;19700;1.04975e+04;18;1;1;1.00000e+00;1.00000e+00;1.00000e+00;203;9.99739e-01;1.00559e+00;0.00000e+00
nav-lives;me-freeForm;5;[8];198;19800;19800;1.05475e+04;18;1;1;1.00000e+00;1.00000e+00;1.00000e+00;152;9.99858e-01;1.00571e+00;0.00000e+00
nav-lives;me-freeForm;5;[8];199;19900;19900;1.05977e+04;18;1;1;1.00000e+00;1.00000e+00;1.00000e+00;152;9.99858e-01;1.00571e+00;0.00000e+00
nav-lives;me-freeForm;5;[8];200;20000;20000;1.06473e+04;18;1;1;1.00000e+00;1.00000e+00;1.00000e+00;152;9.99858e-01;1.00571e+00;0.00000e+00
nav-lives;me-freeForm;5;[8];201;20100;20100;1.06973e+04;18;1;1;1.00000e+00;1.00000e+00;1.00000e+00;152;9.99858e-01;1.00571e+00;0.00000e+00
nav-lives;me-freeForm;5;[8];202;20200;20200;1.07469e+04;18;1;1;1.00000e+00;1.00000e+00;1.00000e+00;152;9.99858e-01;1.00571e+00;0.00000e+00
nav-lives;me-freeForm;5;[8];203;20300;20300;1.07965e+04;18;1;1;1.00000e+00;1.00000e+00;1.00000e+00;152;9.99858e-01;1.00571e+00;0.00000e+00
nav-lives;me-freeForm;5;[8];204;20400;20400;1.08460e+04;18;1;1;1.00000e+00;1.00000e+00;1.00000e+00;152;9.99858e-01;1.00571e+00;0.00000e+00
nav-lives;me-freeForm;5;[8];205;20500;20500;1.08961e+04;18;1;1;1.00000e+00;1.00000e+00;1.00000e+00;152;9.99858e-01;1.00571e+00;0.00000e+00
nav-lives;me-freeForm;5;[8];206;20600;20600;1.09463e+04;18;1;1;1.00000e+00;1.00000e+00;1.00000e+00;152;9.99858e-01;1.00571e+00;0.00000e+00
nav-lives;me-freeForm;5;[8];207;20700;20700;1.09963e+04;18;1;1;1.00000e+00;1.00000e+00;1.00000e+00;152;9.99858e-01;1.00571e+00;0.00000e+00
nav-lives;me-freeForm;5;[8];208;20800;20800;1.10464e+04;18;1;1;1.00000e+00;1.00000e+00;1.00000e+00;152;9.99858e-01;1.00571e+00;0.00000e+00
nav-lives;me-freeForm;5;[8];209;20900;20900;1.10969e+04;18;1;1;1.00000e+00;1.00000e+00;1.00000e+00;152;9.99858e-01;1.00571e+00;0.00000e+00
nav-lives;me-freeForm;5;[8];210;21000;21000;1.11468e+04;18;1;1;1.00000e+00;1.00000e+00;1.00000e+00;152;9.99858e-01;1.00571e+00;0.00000e+00
nav-lives;me-freeForm;5;[8];211;21100;21100;1.11964e+04;18;1;1;1.00000e+00;1.00000e+00;1.00000e+00;152;9.99858e-01;1.00571e+00;0.00000e+00
nav-lives;me-freeForm;5;[8];212;21200;21200;1.12461e+04;18;1;1;1.00000e+00;1.00000e+00;1.00000e+00;152;9.99858e-01;1.00571e+00;0.00000e+00
nav-lives;me-freeForm;5;[8];213;21300;21300;1.12958e+04;18;1;1;1.00000e+00;1.00000e+00;1.00000e+00;152;9.99858e-01;1.00571e+00;0.00000e+00
nav-lives;me-freeForm;5;[8];214;21400;21400;1.13461e+04;18;1;1;1.00000e+00;1.00000e+00;1.00000e+00;152;9.99858e-01;1.00571e+00;0.00000e+00
nav-lives;me-freeForm;5;[8];215;21500;21500;1.13958e+04;18;1;1;1.00000e+00;1.00000e+00;1.00000e+00;152;9.99858e-01;1.00571e+00;0.00000e+00
nav-lives;me-freeForm;5;[8];216;21600;21600;1.14458e+04;18;1;1;1.00000e+00;1.00000e+00;1.00000e+00;152;9.99858e-01;1.00571e+00;0.00000e+00
nav-lives;me-freeForm;5;[8];217;21700;21700;1.14954e+04;18;1;1;1.00000e+00;1.00000e+00;1.00000e+00;152;9.99858e-01;1.00571e+00;0.00000e+00
nav-lives;me-freeForm;5;[8];218;21800;21800;1.15449e+04;18;1;1;1.00000e+00;1.00000e+00;1.00000e+00;152;9.99858e-01;1.00571e+00;0.00000e+00
nav-lives;me-freeForm;5;[8];219;21900;21900;1.15948e+04;18;1;1;1.00000e+00;1.00000e+00;1.00000e+00;152;9.99858e-01;1.00571e+00;0.00000e+00
nav-lives;me-freeForm;5;[8];220;22000;22000;1.16446e+04;18;1;1;1.00000e+00;1.00000e+00;1.00000e+00;152;9.99858e-01;1.00571e+00;0.00000e+00
nav-lives;me-freeForm;5;[8];221;22100;22100;1.16947e+04;18;1;1;1.00000e+00;1.00000e+00;1.00000e+00;152;9.99858e-01;1.00571e+00;0.00000e+00
nav-lives;me-freeForm;5;[8];222;22200;22200;1.17442e+04;18;1;1;1.00000e+00;1.00000e+00;1.00000e+00;152;9.99858e-01;1.00571e+00;0.00000e+00
nav-lives;me-freeForm;5;[8];223;22300;22300;1.17946e+04;18;1;1;1.00000e+00;1.00000e+00;1.00000e+00;152;9.99858e-01;1.00571e+00;0.00000e+00
nav-lives;me-freeForm;5;[8];224;22400;22400;1.18447e+04;18;1;1;1.00000e+00;1.00000e+00;1.00000e+00;152;9.99858e-01;1.00571e+00;0.00000e+00
nav-lives;me-freeForm;5;[8];225;22500;22500;1.18944e+04;18;1;1;1.00000e+00;1.00000e+00;1.00000e+00;152;9.99858e-01;1.00571e+00;0.00000e+00
nav-lives;me-freeForm;5;[8];226;22600;22600;1.19440e+04;18;1;1;1.00000e+00;1.00000e+00;1.00000e+00;152;9.99858e-01;1.00571e+00;0.00000e+00
nav-lives;me-freeForm;5;[8];227;22700;22700;1.19942e+04;18;1;1;1.00000e+00;1.00000e+00;1.00000e+00;152;9.99858e-01;1.00571e+00;0.00000e+00
nav-lives;me-freeForm;5;[8];228;22800;22800;1.20444e+04;18;1;1;1.00000e+00;1.00000e+00;1.00000e+00;152;9.99858e-01;1.00571e+00;0.00000e+00
nav-lives;me-freeForm;5;[8];229;22900;22900;1.20941e+04;18;1;1;1.00000e+00;1.00000e+00;1.00000e+00;152;9.99858e-01;1.00571e+00;0.00000e+00
nav-lives;me-freeForm;5;[8];230;23000;23000;1.21438e+04;18;1;1;1.00000e+00;1.00000e+00;1.00000e+00;152;9.99858e-01;1.00571e+00;0.00000e+00
nav-lives;me-freeForm;5;[8];231;23100;23100;1.21940e+04;18;1;1;1.00000e+00;1.00000e+00;1.00000e+00;152;9.99858e-01;1.00571e+00;0.00000e+00
nav-lives;me-freeForm;5;[8];232;23200;23200;1.22435e+04;18;1;1;1.00000e+00;1.00000e+00;1.00000e+00;152;9.99858e-01;1.00571e+00;0.00000e+00
nav-lives;me-freeForm;5;[8];233;23300;23300;1.22933e+04;18;1;1;1.00000e+00;1.00000e+00;1.00000e+00;152;9.99858e-01;1.00571e+00;0.00000e+00
nav-lives;me-freeForm;5;[8];234;23400;23400;1.23431e+04;18;1;1;1.00000e+00;1.00000e+00;1.00000e+00;152;9.99858e-01;1.00571e+00;0.00000e+00
nav-lives;me-freeForm;5;[8];235;23500;23500;1.23929e+04;18;1;1;1.00000e+00;1.00000e+00;1.00000e+00;152;9.99858e-01;1.00571e+00;0.00000e+00
nav-lives;me-freeForm;5;[8];236;23600;23600;1.24426e+04;18;1;1;1.00000e+00;1.00000e+00;1.00000e+00;152;9.99858e-01;1.00571e+00;0.00000e+00
nav-lives;me-freeForm;5;[8];237;23700;23700;1.24930e+04;18;1;1;1.00000e+00;1.00000e+00;1.00000e+00;152;9.99858e-01;1.00571e+00;0.00000e+00
nav-lives;me-freeForm;5;[8];238;23800;23800;1.25426e+04;18;1;1;1.00000e+00;1.00000e+00;1.00000e+00;152;9.99858e-01;1.00571e+00;0.00000e+00
nav-lives;me-freeForm;5;[8];239;23900;23900;1.25924e+04;18;1;1;1.00000e+00;1.00000e+00;1.00000e+00;152;9.99858e-01;1.00571e+00;0.00000e+00
nav-lives;me-freeForm;5;[8];240;24000;24000;1.26423e+04;18;1;1;1.00000e+00;1.00000e+00;1.00000e+00;152;9.99858e-01;1.00571e+00;0.00000e+00
nav-lives;me-freeForm;5;[8];241;24100;24100;1.26921e+04;18;1;1;1.00000e+00;1.00000e+00;1.00000e+00;152;9.99858e-01;1.00571e+00;0.00000e+00
nav-lives;me-freeForm;5;[8];242;24200;24200;1.27418e+04;18;1;1;1.00000e+00;1.00000e+00;1.00000e+00;152;9.99858e-01;1.00571e+00;0.00000e+00
nav-lives;me-freeForm;5;[8];243;24300;24300;1.27921e+04;18;1;1;1.00000e+00;1.00000e+00;1.00000e+00;152;9.99858e-01;1.00571e+00;0.00000e+00
nav-lives;me-freeForm;5;[8];244;24400;24400;1.28414e+04;18;1;1;1.00000e+00;1.00000e+00;1.00000e+00;152;9.99858e-01;1.00571e+00;0.00000e+00
nav-lives;me-freeForm;5;[8];245;24500;24500;1.28906e+04;18;1;1;1.00000e+00;1.00000e+00;1.00000e+00;152;9.99858e-01;1.00571e+00;0.00000e+00
nav-lives;me-freeForm;5;[8];246;24600;24600;1.29407e+04;18;1;1;1.00000e+00;1.00000e+00;1.00000e+00;152;9.99858e-01;1.00571e+00;0.00000e+00
nav-lives;me-freeForm;5;[8];247;24700;24700;1.29901e+04;18;1;1;1.00000e+00;1.00000e+00;1.00000e+00;152;9.99858e-01;1.00571e+00;0.00000e+00
nav-lives;me-freeForm;5;[8];248;24800;24800;1.30400e+04;18;1;1;1.00000e+00;1.00000e+00;1.00000e+00;152;9.99858e-01;1.00571e+00;0.00000e+00
nav-lives;me-freeForm;5;[8];249;24900;24900;1.30897e+04;18;1;1;1.00000e+00;1.00000e+00;1.00000e+00;152;9.99858e-01;1.00571e+00;0.00000e+00
nav-lives;me-freeForm;5;[8];250;25000;25000;1.31392e+04;18;1;1;1.00000e+00;1.00000e+00;1.00000e+00;152;9.99858e-01;1.00571e+00;0.00000e+00
nav-lives;me-freeForm;5;[8];251;25100;25100;1.31886e+04;18;1;1;1.00000e+00;1.00000e+00;1.00000e+00;152;9.99858e-01;1.00571e+00;0.00000e+00
nav-lives;me-freeForm;5;[8];252;25200;25200;1.32381e+04;18;1;1;1.00000e+00;1.00000e+00;1.00000e+00;152;9.99858e-01;1.00571e+00;0.00000e+00
nav-lives;me-freeForm;5;[8];253;25300;25300;1.32871e+04;18;1;1;1.00000e+00;1.00000e+00;1.00000e+00;152;9.99858e-01;1.00571e+00;0.00000e+00
nav-lives;me-freeForm;5;[8];254;25400;25400;1.33363e+04;18;1;1;1.00000e+00;1.00000e+00;1.00000e+00;152;9.99858e-01;1.00571e+00;0.00000e+00
nav-lives;me-freeForm;5;[8];255;25500;25500;1.33859e+04;18;1;1;1.00000e+00;1.00000e+00;1.00000e+00;152;9.99858e-01;1.00571e+00;0.00000e+00
nav-lives;me-freeForm;5;[8];256;25600;25600;1.34354e+04;18;1;1;1.00000e+00;1.00000e+00;1.00000e+00;152;9.99858e-01;1.00571e+00;0.00000e+00
nav-lives;me-freeForm;5;[8];257;25700;25700;1.34851e+04;18;1;1;1.00000e+00;1.00000e+00;1.00000e+00;152;9.99858e-01;1.00571e+00;0.00000e+00
nav-lives;me-freeForm;5;[8];258;25800;25800;1.35344e+04;18;1;1;1.00000e+00;1.00000e+00;1.00000e+00;152;9.99858e-01;1.00571e+00;0.00000e+00
nav-lives;me-freeForm;5;[8];259;25900;25900;1.35839e+04;18;1;1;1.00000e+00;1.00000e+00;1.00000e+00;152;9.99858e-01;1.00571e+00;0.00000e+00
nav-lives;me-freeForm;5;[8];260;26000;26000;1.36335e+04;18;1;1;1.00000e+00;1.00000e+00;1.00000e+00;152;9.99858e-01;1.00571e+00;0.00000e+00
nav-lives;me-freeForm;5;[8];261;26100;26100;1.36832e+04;18;1;1;1.00000e+00;1.00000e+00;1.00000e+00;152;9.99858e-01;1.00571e+00;0.00000e+00
nav-lives;me-freeForm;5;[8];262;26200;26200;1.37328e+04;18;1;1;1.00000e+00;1.00000e+00;1.00000e+00;152;9.99858e-01;1.00571e+00;0.00000e+00
nav-lives;me-freeForm;5;[8];263;26300;26300;1.37820e+04;18;1;1;1.00000e+00;1.00000e+00;1.00000e+00;152;9.99858e-01;1.00571e+00;0.00000e+00
nav-lives;me-freeForm;5;[8];264;26400;26400;1.38315e+04;18;1;1;1.00000e+00;1.00000e+00;1.00000e+00;152;9.99858e-01;1.00571e+00;0.00000e+00
nav-lives;me-freeForm;5;[8];265;26500;26500;1.38812e+04;18;1;1;1.00000e+00;1.00000e+00;1.00000e+00;152;9.99858e-01;1.00571e+00;0.00000e+00
nav-lives;me-freeForm;5;[8];266;26600;26600;1.39310e+04;18;1;1;1.00000e+00;1.00000e+00;1.00000e+00;152;9.99858e-01;1.00571e+00;0.00000e+00
nav-lives;me-freeForm;5;[8];267;26700;26700;1.39807e+04;18;1;1;1.00000e+00;1.00000e+00;1.00000e+00;152;9.99858e-01;1.00571e+00;0.00000e+00
nav-lives;me-freeForm;5;[8];268;26800;26800;1.40304e+04;18;1;1;1.00000e+00;1.00000e+00;1.00000e+00;152;9.99858e-01;1.00571e+00;0.00000e+00
nav-lives;me-freeForm;5;[8];269;26900;26900;1.40796e+04;18;1;1;1.00000e+00;1.00000e+00;1.00000e+00;152;9.99858e-01;1.00571e+00;0.00000e+00
nav-lives;me-freeForm;5;[8];270;27000;27000;1.41292e+04;18;1;1;1.00000e+00;1.00000e+00;1.00000e+00;152;9.99858e-01;1.00571e+00;0.00000e+00
nav-lives;me-freeForm;5;[8];271;27100;27100;1.41784e+04;18;1;1;1.00000e+00;1.00000e+00;1.00000e+00;152;9.99858e-01;1.00571e+00;0.00000e+00
nav-lives;me-freeForm;5;[8];272;27200;27200;1.42277e+04;18;1;1;1.00000e+00;1.00000e+00;1.00000e+00;152;9.99858e-01;1.00571e+00;0.00000e+00
nav-lives;me-freeForm;5;[8];273;27300;27300;1.42769e+04;18;1;1;1.00000e+00;1.00000e+00;1.00000e+00;152;9.99858e-01;1.00571e+00;0.00000e+00
nav-lives;me-freeForm;5;[8];274;27400;27400;1.43262e+04;18;1;1;1.00000e+00;1.00000e+00;1.00000e+00;152;9.99858e-01;1.00571e+00;0.00000e+00
nav-lives;me-freeForm;5;[8];275;27500;27500;1.43752e+04;18;1;1;1.00000e+00;1.00000e+00;1.00000e+00;152;9.99858e-01;1.00571e+00;0.00000e+00
nav-lives;me-freeForm;5;[8];276;27600;27600;1.44240e+04;18;1;1;1.00000e+00;1.00000e+00;1.00000e+00;152;9.99858e-01;1.00571e+00;0.00000e+00
nav-lives;me-freeForm;5;[8];277;27700;27700;1.44731e+04;18;1;1;1.00000e+00;1.00000e+00;1.00000e+00;152;9.99858e-01;1.00571e+00;0.00000e+00
nav-lives;me-freeForm;5;[8];278;27800;27800;1.45222e+04;18;1;1;1.00000e+00;1.00000e+00;1.00000e+00;152;9.99858e-01;1.00571e+00;0.00000e+00
nav-lives;me-freeForm;5;[8];279;27900;27900;1.45712e+04;18;1;1;1.00000e+00;1.00000e+00;1.00000e+00;152;9.99858e-01;1.00571e+00;0.00000e+00
nav-lives;me-freeForm;5;[8];280;28000;28000;1.46201e+04;18;1;1;1.00000e+00;1.00000e+00;1.00000e+00;152;9.99858e-01;1.00571e+00;0.00000e+00
nav-lives;me-freeForm;5;[8];281;28100;28100;1.46698e+04;18;1;1;1.00000e+00;1.00000e+00;1.00000e+00;152;9.99858e-01;1.00571e+00;0.00000e+00
nav-lives;me-freeForm;5;[8];282;28200;28200;1.47191e+04;18;1;1;1.00000e+00;1.00000e+00;1.00000e+00;152;9.99858e-01;1.00571e+00;0.00000e+00
nav-lives;me-freeForm;5;[8];283;28300;28300;1.47680e+04;18;1;1;1.00000e+00;1.00000e+00;1.00000e+00;152;9.99858e-01;1.00571e+00;0.00000e+00
nav-lives;me-freeForm;5;[8];284;28400;28400;1.48173e+04;18;1;1;1.00000e+00;1.00000e+00;1.00000e+00;152;9.99858e-01;1.00571e+00;0.00000e+00
nav-lives;me-freeForm;5;[8];285;28500;28500;1.48663e+04;18;1;1;1.00000e+00;1.00000e+00;1.00000e+00;152;9.99858e-01;1.00571e+00;0.00000e+00
nav-lives;me-freeForm;5;[8];286;28600;28600;1.49154e+04;18;1;1;1.00000e+00;1.00000e+00;1.00000e+00;152;9.99858e-01;1.00571e+00;0.00000e+00
nav-lives;me-freeForm;5;[8];287;28700;28700;1.49643e+04;18;1;1;1.00000e+00;1.00000e+00;1.00000e+00;152;9.99858e-01;1.00571e+00;0.00000e+00
nav-lives;me-freeForm;5;[8];288;28800;28800;1.50131e+04;18;1;1;1.00000e+00;1.00000e+00;1.00000e+00;152;9.99858e-01;1.00571e+00;0.00000e+00
nav-lives;me-freeForm;5;[8];289;28900;28900;1.50629e+04;18;1;1;1.00000e+00;1.00000e+00;1.00000e+00;152;9.99858e-01;1.00571e+00;0.00000e+00
nav-lives;me-freeForm;5;[8];290;29000;29000;1.51120e+04;18;1;1;1.00000e+00;1.00000e+00;1.00000e+00;152;9.99858e-01;1.00571e+00;0.00000e+00
nav-lives;me-freeForm;5;[8];291;29100;29100;1.51612e+04;18;1;1;1.00000e+00;1.00000e+00;1.00000e+00;152;9.99858e-01;1.00571e+00;0.00000e+00
nav-lives;me-freeForm;5;[8];292;29200;29200;1.52103e+04;18;1;1;1.00000e+00;1.00000e+00;1.00000e+00;152;9.99858e-01;1.00571e+00;0.00000e+00
nav-lives;me-freeForm;5;[8];293;29300;29300;1.52595e+04;18;1;1;1.00000e+00;1.00000e+00;1.00000e+00;152;9.99858e-01;1.00571e+00;0.00000e+00
nav-lives;me-freeForm;5;[8];294;29400;29400;1.53086e+04;18;1;1;1.00000e+00;1.00000e+00;1.00000e+00;152;9.99858e-01;1.00571e+00;0.00000e+00
nav-lives;me-freeForm;5;[8];295;29500;29500;1.53578e+04;19;1;1;1.00000e+00;1.00000e+00;1.00000e+00;152;9.99858e-01;1.00571e+00;0.00000e+00
nav-lives;me-freeForm;5;[8];296;29600;29600;1.54075e+04;19;1;1;1.00000e+00;1.00000e+00;1.00000e+00;152;9.99858e-01;1.00571e+00;0.00000e+00
nav-lives;me-freeForm;5;[8];297;29700;29700;1.54573e+04;19;1;1;1.00000e+00;1.00000e+00;1.00000e+00;152;9.99858e-01;1.00571e+00;0.00000e+00
nav-lives;me-freeForm;5;[8];298;29800;29800;1.55067e+04;19;1;1;1.00000e+00;1.00000e+00;1.00000e+00;152;9.99858e-01;1.00571e+00;0.00000e+00
nav-lives;me-freeForm;5;[8];299;29900;29900;1.55560e+04;19;1;1;1.00000e+00;1.00000e+00;1.00000e+00;152;9.99858e-01;1.00571e+00;0.00000e+00
nav-lives;me-freeForm;5;[8];300;30000;30000;1.56061e+04;19;1;1;1.00000e+00;1.00000e+00;1.00000e+00;152;9.99858e-01;1.00571e+00;0.00000e+00
nav-lives;me-freeForm;5;[8];301;30100;30100;1.56553e+04;19;1;1;1.00000e+00;1.00000e+00;1.00000e+00;152;9.99858e-01;1.00571e+00;0.00000e+00
nav-lives;me-freeForm;5;[8];302;30200;30200;1.57049e+04;19;1;1;1.00000e+00;1.00000e+00;1.00000e+00;152;9.99858e-01;1.00571e+00;0.00000e+00
nav-lives;me-freeForm;5;[8];303;30300;30300;1.57543e+04;19;1;1;1.00000e+00;1.00000e+00;1.00000e+00;152;9.99858e-01;1.00571e+00;0.00000e+00
nav-lives;me-freeForm;5;[8];304;30400;30400;1.58035e+04;19;1;1;1.00000e+00;1.00000e+00;1.00000e+00;152;9.99858e-01;1.00571e+00;0.00000e+00
nav-lives;me-freeForm;5;[8];305;30500;30500;1.58531e+04;19;1;1;1.00000e+00;1.00000e+00;1.00000e+00;152;9.99858e-01;1.00571e+00;0.00000e+00
nav-lives;me-freeForm;5;[8];306;30600;30600;1.59021e+04;19;1;1;1.00000e+00;1.00000e+00;1.00000e+00;152;9.99858e-01;1.00571e+00;0.00000e+00
nav-lives;me-freeForm;5;[8];307;30700;30700;1.59517e+04;19;1;1;1.00000e+00;1.00000e+00;1.00000e+00;152;9.99858e-01;1.00571e+00;0.00000e+00
nav-lives;me-freeForm;5;[8];308;30800;30800;1.60010e+04;19;1;1;1.00000e+00;1.00000e+00;1.00000e+00;152;9.99858e-01;1.00571e+00;0.00000e+00
nav-lives;me-freeForm;5;[8];309;30900;30900;1.60505e+04;20;1;1;1.00000e+00;1.00000e+00;1.00000e+00;152;9.99858e-01;1.00571e+00;0.00000e+00
nav-lives;me-freeForm;5;[8];310;31000;31000;1.61001e+04;20;1;1;1.00000e+00;1.00000e+00;1.00000e+00;152;9.99858e-01;1.00571e+00;0.00000e+00
nav-lives;me-freeForm;5;[8];311;31100;31100;1.61493e+04;20;1;1;1.00000e+00;1.00000e+00;1.00000e+00;152;9.99858e-01;1.00571e+00;0.00000e+00
nav-lives;me-freeForm;5;[8];312;31200;31200;1.61990e+04;20;1;1;1.00000e+00;1.00000e+00;1.00000e+00;152;9.99858e-01;1.00571e+00;0.00000e+00
nav-lives;me-freeForm;5;[8];313;31300;31300;1.62478e+04;20;1;1;1.00000e+00;1.00000e+00;1.00000e+00;152;9.99858e-01;1.00571e+00;0.00000e+00
nav-lives;me-freeForm;5;[8];314;31400;31400;1.62970e+04;20;1;1;1.00000e+00;1.00000e+00;1.00000e+00;152;9.99858e-01;1.00571e+00;0.00000e+00
nav-lives;me-freeForm;5;[8];315;31500;31500;1.63463e+04;20;1;1;1.00000e+00;1.00000e+00;1.00000e+00;152;9.99858e-01;1.00571e+00;0.00000e+00
nav-lives;me-freeForm;5;[8];316;31600;31600;1.63956e+04;20;1;1;1.00000e+00;1.00000e+00;1.00000e+00;152;9.99858e-01;1.00571e+00;0.00000e+00
nav-lives;me-freeForm;5;[8];317;31700;31700;1.64454e+04;20;1;1;1.00000e+00;1.00000e+00;1.00000e+00;152;9.99858e-01;1.00571e+00;0.00000e+00
nav-lives;me-freeForm;5;[8];318;31800;31800;1.64950e+04;20;1;1;1.00000e+00;1.00000e+00;1.00000e+00;152;9.99858e-01;1.00571e+00;0.00000e+00
nav-lives;me-freeForm;5;[8];319;31900;31900;1.65448e+04;20;1;1;1.00000e+00;1.00000e+00;1.00000e+00;205;9.99894e-01;1.00571e+00;1.04909e-03
nav-lives;me-freeForm;5;[8];320;32000;32000;1.65946e+04;20;1;1;1.00000e+00;1.00000e+00;1.00000e+00;205;9.99894e-01;1.00571e+00;1.04909e-03
nav-lives;me-freeForm;5;[8];321;32100;32100;1.66445e+04;20;1;1;1.00000e+00;1.00000e+00;1.00000e+00;205;9.99894e-01;1.00571e+00;1.04909e-03
nav-lives;me-freeForm;5;[8];322;32200;32200;1.66938e+04;20;1;1;1.00000e+00;1.00000e+00;1.00000e+00;205;9.99894e-01;1.00571e+00;1.04909e-03
nav-lives;me-freeForm;5;[8];323;32300;32300;1.67428e+04;20;1;1;1.00000e+00;1.00000e+00;1.00000e+00;205;9.99894e-01;1.00571e+00;1.04909e-03
nav-lives;me-freeForm;5;[8];324;32400;32400;1.67922e+04;20;1;1;1.00000e+00;1.00000e+00;1.00000e+00;205;9.99894e-01;1.00571e+00;1.04909e-03
nav-lives;me-freeForm;5;[8];325;32500;32500;1.68415e+04;20;1;1;1.00000e+00;1.00000e+00;1.00000e+00;205;9.99894e-01;1.00571e+00;1.04909e-03
nav-lives;me-freeForm;5;[8];326;32600;32600;1.68916e+04;20;1;1;1.00000e+00;1.00000e+00;1.00000e+00;205;9.99894e-01;1.00571e+00;1.04909e-03
nav-lives;me-freeForm;5;[8];327;32700;32700;1.69415e+04;20;1;1;1.00000e+00;1.00000e+00;1.00000e+00;205;9.99894e-01;1.00571e+00;1.04909e-03
nav-lives;me-freeForm;5;[8];328;32800;32800;1.69910e+04;20;1;1;1.00000e+00;1.00000e+00;1.00000e+00;205;9.99894e-01;1.00571e+00;1.04909e-03
nav-lives;me-freeForm;5;[8];329;32900;32900;1.70401e+04;20;1;1;1.00000e+00;1.00000e+00;1.00000e+00;205;9.99894e-01;1.00571e+00;1.04909e-03
nav-lives;me-freeForm;5;[8];330;33000;33000;1.70897e+04;20;1;1;1.00000e+00;1.00000e+00;1.00000e+00;205;9.99894e-01;1.00571e+00;1.04909e-03
nav-lives;me-freeForm;5;[8];331;33100;33100;1.71395e+04;20;1;1;1.00000e+00;1.00000e+00;1.00000e+00;205;9.99894e-01;1.00571e+00;1.04909e-03
nav-lives;me-freeForm;5;[8];332;33200;33200;1.71893e+04;20;1;1;1.00000e+00;1.00000e+00;1.00000e+00;205;9.99894e-01;1.00571e+00;1.04909e-03
nav-lives;me-freeForm;5;[8];333;33300;33300;1.72389e+04;20;1;1;1.00000e+00;1.00000e+00;1.00000e+00;205;9.99894e-01;1.00571e+00;1.04909e-03
nav-lives;me-freeForm;5;[8];334;33400;33400;1.72886e+04;20;1;1;1.00000e+00;1.00000e+00;1.00000e+00;205;9.99894e-01;1.00571e+00;1.04909e-03
nav-lives;me-freeForm;5;[8];335;33500;33500;1.73384e+04;20;1;1;1.00000e+00;1.00000e+00;1.00000e+00;205;9.99894e-01;1.00571e+00;1.04909e-03
nav-lives;me-freeForm;5;[8];336;33600;33600;1.73879e+04;20;1;1;1.00000e+00;1.00000e+00;1.00000e+00;205;9.99894e-01;1.00571e+00;1.04909e-03
nav-lives;me-freeForm;5;[8];337;33700;33700;1.74374e+04;20;1;1;1.00000e+00;1.00000e+00;1.00000e+00;205;9.99894e-01;1.00571e+00;1.04909e-03
nav-lives;me-freeForm;5;[8];338;33800;33800;1.74868e+04;20;1;1;1.00000e+00;1.00000e+00;1.00000e+00;205;9.99894e-01;1.00571e+00;1.04909e-03
nav-lives;me-freeForm;5;[8];339;33900;33900;1.75362e+04;20;1;1;1.00000e+00;1.00000e+00;1.00000e+00;205;9.99894e-01;1.00571e+00;1.04909e-03
nav-lives;me-freeForm;5;[8];340;34000;34000;1.75861e+04;20;1;1;1.00000e+00;1.00000e+00;1.00000e+00;205;9.99894e-01;1.00571e+00;1.04909e-03
nav-lives;me-freeForm;5;[8];341;34100;34100;1.76357e+04;20;1;1;1.00000e+00;1.00000e+00;1.00000e+00;205;9.99894e-01;1.00571e+00;1.04909e-03
nav-lives;me-freeForm;5;[8];342;34200;34200;1.76853e+04;20;1;1;1.00000e+00;1.00000e+00;1.00000e+00;205;9.99894e-01;1.00571e+00;1.04909e-03
nav-lives;me-freeForm;5;[8];343;34300;34300;1.77352e+04;20;1;1;1.00000e+00;1.00000e+00;1.00000e+00;205;9.99894e-01;1.00571e+00;1.04909e-03
nav-lives;me-freeForm;5;[8];344;34400;34400;1.77852e+04;20;1;1;1.00000e+00;1.00000e+00;1.00000e+00;205;9.99894e-01;1.00571e+00;1.04909e-03
nav-lives;me-freeForm;5;[8];345;34500;34500;1.78347e+04;20;1;1;1.00000e+00;1.00000e+00;1.00000e+00;205;9.99894e-01;1.00571e+00;1.04909e-03
nav-lives;me-freeForm;5;[8];346;34600;34600;1.78840e+04;20;1;1;1.00000e+00;1.00000e+00;1.00000e+00;205;9.99894e-01;1.00571e+00;1.04909e-03
nav-lives;me-freeForm;5;[8];347;34700;34700;1.79337e+04;20;1;1;1.00000e+00;1.00000e+00;1.00000e+00;205;9.99894e-01;1.00571e+00;1.04909e-03
nav-lives;me-freeForm;5;[8];348;34800;34800;1.79834e+04;20;1;1;1.00000e+00;1.00000e+00;1.00000e+00;205;9.99894e-01;1.00571e+00;1.04909e-03
nav-lives;me-freeForm;5;[8];349;34900;34900;1.80322e+04;20;1;1;1.00000e+00;1.00000e+00;1.00000e+00;205;9.99894e-01;1.00571e+00;1.04909e-03
nav-lives;me-freeForm;5;[8];350;35000;35000;1.80819e+04;20;1;1;1.00000e+00;1.00000e+00;1.00000e+00;205;9.99894e-01;1.00571e+00;1.04909e-03
nav-lives;me-freeForm;5;[8];351;35100;35100;1.81317e+04;20;1;1;1.00000e+00;1.00000e+00;1.00000e+00;205;9.99894e-01;1.00571e+00;1.04909e-03
nav-lives;me-freeForm;5;[8];352;35200;35200;1.81817e+04;20;1;1;1.00000e+00;1.00000e+00;1.00000e+00;205;9.99894e-01;1.00571e+00;1.04909e-03
nav-lives;me-freeForm;5;[8];353;35300;35300;1.82313e+04;20;1;1;1.00000e+00;1.00000e+00;1.00000e+00;205;9.99894e-01;1.00571e+00;1.04909e-03
nav-lives;me-freeForm;5;[8];354;35400;35400;1.82810e+04;20;1;1;1.00000e+00;1.00000e+00;1.00000e+00;205;9.99894e-01;1.00571e+00;1.04909e-03
nav-lives;me-freeForm;5;[8];355;35500;35500;1.83304e+04;20;1;1;1.00000e+00;1.00000e+00;1.00000e+00;205;9.99894e-01;1.00571e+00;1.04909e-03
nav-lives;me-freeForm;5;[8];356;35600;35600;1.83806e+04;20;1;1;1.00000e+00;1.00000e+00;1.00000e+00;205;9.99894e-01;1.00571e+00;1.04909e-03
nav-lives;me-freeForm;5;[8];357;35700;35700;1.84297e+04;20;1;1;1.00000e+00;1.00000e+00;1.00000e+00;205;9.99894e-01;1.00571e+00;1.04909e-03
nav-lives;me-freeForm;5;[8];358;35800;35800;1.84788e+04;20;1;1;1.00000e+00;1.00000e+00;1.00000e+00;205;9.99894e-01;1.00571e+00;1.04909e-03
nav-lives;me-freeForm;5;[8];359;35900;35900;1.85282e+04;20;1;1;1.00000e+00;1.00000e+00;1.00000e+00;205;9.99894e-01;1.00571e+00;1.04909e-03
nav-lives;me-freeForm;5;[8];360;36000;36000;1.85781e+04;20;1;1;1.00000e+00;1.00000e+00;1.00000e+00;205;9.99894e-01;1.00571e+00;1.04909e-03
nav-lives;me-freeForm;5;[8];361;36100;36100;1.86274e+04;20;1;1;1.00000e+00;1.00000e+00;1.00000e+00;205;9.99894e-01;1.00571e+00;1.04909e-03
nav-lives;me-freeForm;5;[8];362;36200;36200;1.86769e+04;20;1;1;1.00000e+00;1.00000e+00;1.00000e+00;205;9.99894e-01;1.00571e+00;1.04909e-03
nav-lives;me-freeForm;5;[8];363;36300;36300;1.87258e+04;20;1;1;1.00000e+00;1.00000e+00;1.00000e+00;205;9.99894e-01;1.00571e+00;1.04909e-03
nav-lives;me-freeForm;5;[8];364;36400;36400;1.87748e+04;20;1;1;1.00000e+00;1.00000e+00;1.00000e+00;205;9.99894e-01;1.00571e+00;1.04909e-03
nav-lives;me-freeForm;5;[8];365;36500;36500;1.88245e+04;20;1;1;1.00000e+00;1.00000e+00;1.00000e+00;205;9.99894e-01;1.00571e+00;1.04909e-03
nav-lives;me-freeForm;5;[8];366;36600;36600;1.88739e+04;20;1;1;1.00000e+00;1.00000e+00;1.00000e+00;205;9.99894e-01;1.00571e+00;1.04909e-03
nav-lives;me-freeForm;5;[8];367;36700;36700;1.89235e+04;20;1;1;1.00000e+00;1.00000e+00;1.00000e+00;205;9.99894e-01;1.00571e+00;1.04909e-03
nav-lives;me-freeForm;5;[8];368;36800;36800;1.89731e+04;20;1;1;1.00000e+00;1.00000e+00;1.00000e+00;205;9.99894e-01;1.00571e+00;1.04909e-03
nav-lives;me-freeForm;5;[8];369;36900;36900;1.90224e+04;20;1;1;1.00000e+00;1.00000e+00;1.00000e+00;205;9.99894e-01;1.00571e+00;1.04909e-03
nav-lives;me-freeForm;5;[8];370;37000;37000;1.90720e+04;20;1;1;1.00000e+00;1.00000e+00;1.00000e+00;205;9.99894e-01;1.00571e+00;1.04909e-03
nav-lives;me-freeForm;5;[8];371;37100;37100;1.91216e+04;20;1;1;1.00000e+00;1.00000e+00;1.00000e+00;205;9.99894e-01;1.00571e+00;1.04909e-03
nav-lives;me-freeForm;5;[8];372;37200;37200;1.91709e+04;20;1;1;1.00000e+00;1.00000e+00;1.00000e+00;205;9.99894e-01;1.00571e+00;1.04909e-03
nav-lives;me-freeForm;5;[8];373;37300;37300;1.92200e+04;20;1;1;1.00000e+00;1.00000e+00;1.00000e+00;205;9.99894e-01;1.00571e+00;1.04909e-03
nav-lives;me-freeForm;5;[8];374;37400;37400;1.92698e+04;20;1;1;1.00000e+00;1.00000e+00;1.00000e+00;205;9.99894e-01;1.00571e+00;1.04909e-03
nav-lives;me-freeForm;5;[8];375;37500;37500;1.93193e+04;20;1;1;1.00000e+00;1.00000e+00;1.00000e+00;205;9.99894e-01;1.00571e+00;1.04909e-03
nav-lives;me-freeForm;5;[8];376;37600;37600;1.93687e+04;20;1;1;1.00000e+00;1.00000e+00;1.00000e+00;205;9.99894e-01;1.00571e+00;1.04909e-03
nav-lives;me-freeForm;5;[8];377;37700;37700;1.94179e+04;20;1;1;1.00000e+00;1.00000e+00;1.00000e+00;205;9.99894e-01;1.00571e+00;1.04909e-03
nav-lives;me-freeForm;5;[8];378;37800;37800;1.94668e+04;20;1;1;1.00000e+00;1.00000e+00;1.00000e+00;205;9.99894e-01;1.00571e+00;1.04909e-03
nav-lives;me-freeForm;5;[8];379;37900;37900;1.95158e+04;20;1;1;1.00000e+00;1.00000e+00;1.00000e+00;205;9.99894e-01;1.00571e+00;1.04909e-03
nav-lives;me-freeForm;5;[8];380;38000;38000;1.95651e+04;20;1;1;1.00000e+00;1.00000e+00;1.00000e+00;205;9.99894e-01;1.00571e+00;1.04909e-03
nav-lives;me-freeForm;5;[8];381;38100;38100;1.96143e+04;20;1;1;1.00000e+00;1.00000e+00;1.00000e+00;205;9.99894e-01;1.00571e+00;1.04909e-03
nav-lives;me-freeForm;5;[8];382;38200;38200;1.96639e+04;20;1;1;1.00000e+00;1.00000e+00;1.00000e+00;205;9.99894e-01;1.00571e+00;1.04909e-03
nav-lives;me-freeForm;5;[8];383;38300;38300;1.97127e+04;20;1;1;1.00000e+00;1.00000e+00;1.00000e+00;205;9.99894e-01;1.00571e+00;1.04909e-03
nav-lives;me-freeForm;5;[8];384;38400;38400;1.97619e+04;20;1;1;1.00000e+00;1.00000e+00;1.00000e+00;205;9.99894e-01;1.00571e+00;1.04909e-03
nav-lives;me-freeForm;5;[8];385;38500;38500;1.98108e+04;20;1;1;1.00000e+00;1.00000e+00;1.00000e+00;205;9.99894e-01;1.00571e+00;1.04909e-03
nav-lives;me-freeForm;5;[8];386;38600;38600;1.98601e+04;20;1;1;1.00000e+00;1.00000e+00;1.00000e+00;205;9.99894e-01;1.00571e+00;1.04909e-03
nav-lives;me-freeForm;5;[8];387;38700;38700;1.99088e+04;20;1;1;1.00000e+00;1.00000e+00;1.00000e+00;205;9.99894e-01;1.00571e+00;1.04909e-03
nav-lives;me-freeForm;5;[8];388;38800;38800;1.99584e+04;20;1;1;1.00000e+00;1.00000e+00;1.00000e+00;205;9.99894e-01;1.00571e+00;1.04909e-03
nav-lives;me-freeForm;5;[8];389;38900;38900;2.00076e+04;20;1;1;1.00000e+00;1.00000e+00;1.00000e+00;205;9.99894e-01;1.00571e+00;1.04909e-03
nav-lives;me-freeForm;5;[8];390;39000;39000;2.00565e+04;20;1;1;1.00000e+00;1.00000e+00;1.00000e+00;205;9.99894e-01;1.00571e+00;1.04909e-03
nav-lives;me-freeForm;5;[8];391;39100;39100;2.01056e+04;20;1;1;1.00000e+00;1.00000e+00;1.00000e+00;205;9.99894e-01;1.00571e+00;1.04909e-03
nav-lives;me-freeForm;5;[8];392;39200;39200;2.01551e+04;20;1;1;1.00000e+00;1.00000e+00;1.00000e+00;205;9.99894e-01;1.00571e+00;1.04909e-03
nav-lives;me-freeForm;5;[8];393;39300;39300;2.02031e+04;20;1;1;1.00000e+00;1.00000e+00;1.00000e+00;205;9.99894e-01;1.00571e+00;1.04909e-03
nav-lives;me-freeForm;5;[8];394;39400;39400;2.02519e+04;20;1;1;1.00000e+00;1.00000e+00;1.00000e+00;205;9.99894e-01;1.00571e+00;1.04909e-03
nav-lives;me-freeForm;5;[8];395;39500;39500;2.03008e+04;20;1;1;1.00000e+00;1.00000e+00;1.00000e+00;205;9.99894e-01;1.00571e+00;1.04909e-03
nav-lives;me-freeForm;5;[8];396;39600;39600;2.03502e+04;20;1;1;1.00000e+00;1.00000e+00;1.00000e+00;205;9.99894e-01;1.00571e+00;1.04909e-03
nav-lives;me-freeForm;5;[8];397;39700;39700;2.03993e+04;20;1;1;1.00000e+00;1.00000e+00;1.00000e+00;205;9.99894e-01;1.00571e+00;1.04909e-03
nav-lives;me-freeForm;5;[8];398;39800;39800;2.04482e+04;20;1;1;1.00000e+00;1.00000e+00;1.00000e+00;205;9.99894e-01;1.00571e+00;1.04909e-03
nav-lives;me-freeForm;5;[8];399;39900;39900;2.04972e+04;20;1;1;1.00000e+00;1.00000e+00;1.00000e+00;205;9.99894e-01;1.00571e+00;1.04909e-03
nav-lives;me-freeForm;5;[8];400;40000;40000;2.05454e+04;20;1;1;1.00000e+00;1.00000e+00;1.00000e+00;205;9.99894e-01;1.00571e+00;1.04909e-03
