problem.name;solver.name;randomGenerator.seed;numberOfInnerLayers→replace.all;n.iterations;n.evals;n.births;elapsed.secs;all→size;firsts→size;lasts→size;all→each[genotype]→uniqueness;all→each[solution]→uniqueness;all→each[quality]→uniqueness;best→genotype→size;best→quality→maturePerformance;best→quality→increase;best→quality→inconsistency
nav-lives;me-mlp;1;[8];1;100;100;1.36300e+00;1;1;1;1.00000e+00;1.00000e+00;1.00000e+00;82;-1.76493e-03;4.28232e-03;3.05678e-03
nav-lives;me-mlp;1;[8];2;200;200;2.18400e+00;4;1;1;1.00000e+00;1.00000e+00;1.00000e+00;82;9.99599e-01;1.00699e+00;2.80591e-05
nav-lives;me-mlp;1;[8];3;300;300;2.93200e+00;7;1;1;1.00000e+00;1.00000e+00;1.00000e+00;82;9.99599e-01;1.00699e+00;2.80591e-05
nav-lives;me-mlp;1;[8];4;400;400;3.58500e+00;8;1;1;1.00000e+00;1.00000e+00;1.00000e+00;82;9.99599e-01;1.00699e+00;2.80591e-05
nav-lives;me-mlp;1;[8];5;500;500;4.20800e+00;10;1;1;1.00000e+00;1.00000e+00;1.00000e+00;82;9.99964e-01;1.00621e+00;0.00000e+00
nav-lives;me-mlp;1;[8];6;600;600;4.81400e+00;11;1;1;1.00000e+00;1.00000e+00;1.00000e+00;82;9.99964e-01;1.00621e+00;0.00000e+00
nav-lives;me-mlp;1;[8];7;700;700;5.43300e+00;12;1;1;1.00000e+00;1.00000e+00;1.00000e+00;82;9.99964e-01;1.00621e+00;0.00000e+00
nav-lives;me-mlp;1;[8];8;800;800;6.06400e+00;16;1;1;1.00000e+00;1.00000e+00;1.00000e+00;82;9.99964e-01;1.00621e+00;0.00000e+00
nav-lives;me-mlp;1;[8];9;900;900;6.78600e+00;16;1;1;1.00000e+00;1.00000e+00;1.00000e+00;82;9.99992e-01;1.00452e+00;0.00000e+00
nav-lives;me-mlp;1;[8];10;1000;1000;7.44400e+00;17;1;1;1.00000e+00;1.00000e+00;1.00000e+00;82;9.99992e-01;1.00452e+00;0.00000e+00
nav-lives;me-mlp;1;[8];11;1100;1100;8.16000e+00;17;1;1;1.00000e+00;1.00000e+00;1.00000e+00;82;9.99992e-01;1.00452e+00;0.00000e+00
nav-lives;me-mlp;1;[8];12;1200;1200;8.81900e+00;17;1;1;1.00000e+00;1.00000e+00;1.00000e+00;82;9.99992e-01;1.00452e+00;0.00000e+00
nav-lives;me-mlp;1;[8];13;1300;1300;9.47900e+00;18;1;1;1.00000e+00;1.00000e+00;1.00000e+00;82;9.99992e-01;1.00452e+00;0.00000e+00
nav-lives;me-mlp;1;[8];14;1400;1400;1.02470e+01;18;1;1;1.00000e+00;1.00000e+00;1.00000e+00;82;9.99992e-01;1.00452e+00;0.00000e+00
nav-lives;me-mlp;1;[8];15;1500;1500;1.09420e+01;19;1;1;1.00000e+00;1.00000e+00;1.00000e+00;82;9.99992e-01;1.00452e+00;0.00000e+00
nav-lives;me-mlp;1;[8];16;1600;1600;1.16330e+01;20;1;1;1.00000e+00;1.00000e+00;1.00000e+00;82;9.99992e-01;1.00452e+00;0.00000e+00
nav-lives;me-mlp;1;[8];17;1700;1700;1.22920e+01;20;1;1;1.00000e+00;1.00000e+00;1.00000e+00;82;9.99992e-01;1.00452e+00;0.00000e+00
nav-lives;me-mlp;1;[8];18;1800;1800;1.29800e+01;20;1;1;1.00000e+00;1.00000e+00;1.00000e+00;82;9.99992e-01;1.00452e+00;0.00000e+00
nav-lives;me-mlp;1;[8];19;1900;1900;1.36650e+01;20;1;1;1.00000e+00;1.00000e+00;1.00000e+00;82;9.99992e-01;1.00452e+00;0.00000e+00
nav-lives;me-mlp;1;[8];20;2000;2000;1.43360e+01;20;1;1;1.00000e+00;1.00000e+00;1.00000e+00;82;9.99992e-01;1.00452e+00;0.00000e+00
nav-lives;me-mlp;1;[8];21;2100;2100;1.50190e+01;20;1;1;1.00000e+00;1.00000e+00;1.00000e+00;82;9.99992e-01;1.00452e+00;0.00000e+00
nav-lives;me-mlp;1;[8];22;2200;2200;1.57050e+01;20;1;1;1.00000e+00;1.00000e+00;1.00000e+00;82;9.99992e-01;1.00452e+00;0.00000e+00
nav-lives;me-mlp;1;[8];23;2300;2300;1.63920e+01;20;1;1;1.00000e+00;1.00000e+00;1.00000e+00;82;9.99992e-01;1.00452e+00;0.00000e+00
nav-lives;me-mlp;1;[8];24;2400;2400;1.70660e+01;21;1;1;1.00000e+00;1.00000e+00;1.00000e+00;82;9.99992e-01;1.00452e+00;0.00000e+00
nav-lives;me-mlp;1;[8];25;2500;2500;1.77490e+01;21;1;1;1.00000e+00;1.00000e+00;1.00000e+00;82;9.99992e-01;1.00452e+00;0.00000e+00
nav-lives;me-mlp;1;[8];26;2600;2600;1.84310e+01;21;1;1;1.00000e+00;1.00000e+00;1.00000e+00;82;9.99992e-01;1.00452e+00;0.00000e+00
nav-lives;me-mlp;1;[8];27;2700;2700;1.91280e+01;21;1;1;1.00000e+00;1.00000e+00;1.00000e+00;82;9.99992e-01;1.00452e+00;0.00000e+00
nav-lives;me-mlp;1;[8];28;2800;2800;1.98440e+01;21;1;1;1.00000e+00;1.00000e+00;1.00000e+00;82;9.99992e-01;1.00452e+00;0.00000e+00
nav-lives;me-mlp;1;[8];29;2900;2900;2.08330e+01;21;1;1;1.00000e+00;1.00000e+00;1.00000e+00;82;9.99992e-01;1.00452e+00;0.00000e+00
nav-lives;me-mlp;1;[8];30;3000;3000;2.15500e+01;21;1;1;1.00000e+00;1.00000e+00;1.00000e+00;82;9.99992e-01;1.00452e+00;0.00000e+00
nav-lives;me-mlp;1;[8];31;3100;3100;2.22620e+01;21;1;1;1.00000e+00;1.00000e+00;1.00000e+00;82;9.99992e-01;1.00452e+00;0.00000e+00
nav-lives;me-mlp;1;[8];32;3200;3200;2.29580e+01;21;1;1;1.00000e+00;1.00000e+00;1.00000e+00;82;9.99992e-01;1.00452e+00;0.00000e+00
nav-lives;me-mlp;1;[8];33;3300;3300;2.36660e+01;21;1;1;1.00000e+00;1.00000e+00;1.00000e+00;82;9.99992e-01;1.00452e+00;0.00000e+00
nav-lives;me-mlp;1;[8];34;3400;3400;2.43720e+01;21;1;1;1.00000e+00;1.00000e+00;1.00000e+00;82;9.99992e-01;1.00452e+00;0.00000e+00
nav-lives;me-mlp;1;[8];35;3500;3500;2.50650e+01;21;1;1;1.00000e+00;1.00000e+00;1.00000e+00;82;9.99992e-01;1.00452e+00;0.00000e+00
nav-lives;me-mlp;1;[8];36;3600;3600;2.57910e+01;21;1;1;1.00000e+00;1.00000e+00;1.00000e+00;82;9.99992e-01;1.00452e+00;0.00000e+00
nav-lives;me-mlp;1;[8];37;3700;3700;2.65770e+01;21;1;1;1.00000e+00;1.00000e+00;1.00000e+00;82;9.99992e-01;1.00452e+00;0.00000e+00
nav-lives;me-mlp;1;[8];38;3800;3800;2.73210e+01;21;1;1;1.00000e+00;1.00000e+00;1.00000e+00;82;9.99992e-01;1.00452e+00;0.00000e+00
nav-lives;me-mlp;1;[8];39;3900;3900;2.80240e+01;21;1;1;1.00000e+00;1.00000e+00;1.00000e+00;82;9.99992e-01;1.00452e+00;0.00000e+00
nav-lives;me-mlp;1;[8];40;4000;4000;2.87290e+01;21;1;1;1.00000e+00;1.00000e+00;1.00000e+00;82;9.99992e-01;1.00452e+00;0.00000e+00
nav-lives;me-mlp;1;[8];41;4100;4100;2.94300e+01;21;1;1;1.00000e+00;1.00000e+00;1.00000e+00;82;9.99992e-01;1.00452e+00;0.00000e+00
nav-lives;me-mlp;1;[8];42;4200;4200;3.01350e+01;21;1;1;1.00000e+00;1.00000e+00;1.00000e+00;82;9.99992e-01;1.00452e+00;0.00000e+00
nav-lives;me-mlp;1;[8];43;4300;4300;3.08550e+01;21;1;1;1.00000e+00;1.00000e+00;1.00000e+00;82;9.99992e-01;1.00452e+00;0.00000e+00
nav-lives;me-mlp;1;[8];44;4400;4400;3.16230e+01;21;1;1;1.00000e+00;1.00000e+00;1.00000e+00;82;9.99992e-01;1.00452e+00;0.00000e+00
nav-lives;me-mlp;1;[8];45;4500;4500;3.23310e+01;21;1;1;1.00000e+00;1.00000e+00;1.00000e+00;82;9.99992e-01;1.00452e+00;0.00000e+00
nav-lives;me-mlp;1;[8];46;4600;4600;3.30330e+01;21;1;1;1.00000e+00;1.00000e+00;1.00000e+00;82;9.99992e-01;1.00452e+00;0.00000e+00
nav-lives;me-mlp;1;[8];47;4700;4700;3.37310e+01;21;1;1;1.00000e+00;1.00000e+00;1.00000e+00;82;9.99992e-01;1.00452e+00;0.00000e+00
nav-lives;me-mlp;1;[8];48;4800;4800;3.44360e+01;21;1;1;1.00000e+00;1.00000e+00;1.00000e+00;82;9.99992e-01;1.00452e+00;0.00000e+00
nav-lives;me-mlp;1;[8];49;4900;4900;3.51360e+01;22;1;1;1.00000e+00;1.00000e+00;1.00000e+00;82;9.99992e-01;1.00452e+00;0.00000e+00
nav-lives;me-mlp;1;[8];50;5000;5000;3.58480e+01;22;1;1;1.00000e+00;1.00000e+00;1.00000e+00;82;9.99992e-01;1.00452e+00;0.00000e+00
nav-lives;me-mlp;1;[8];51;5100;5100;3.65670e+01;22;1;1;1.00000e+00;1.00000e+00;1.00000e+00;82;9.99992e-01;1.00452e+00;0.00000e+00
nav-lives;me-mlp;1;[8];52;5200;5200;3.72790e+01;22;1;1;1.00000e+00;1.00000e+00;1.00000e+00;82;9.99992e-01;1.00452e+00;0.00000e+00
nav-lives;me-mlp;1;[8];53;5300;5300;3.80140e+01;22;1;1;1.00000e+00;1.00000e+00;1.00000e+00;82;9.99992e-01;1.00452e+00;0.00000e+00
nav-lives;me-mlp;1;[8];54;5400;5400;3.87290e+01;23;1;1;1.00000e+00;1.00000e+00;1.00000e+00;82;9.99992e-01;1.00452e+00;0.00000e+00
nav-lives;me-mlp;1;[8];55;5500;5500;3.94800e+01;23;1;1;1.00000e+00;1.00000e+00;1.00000e+00;82;9.99992e-01;1.00452e+00;0.00000e+00
nav-lives;me-mlp;1;[8];56;5600;5600;4.02130e+01;23;1;1;1.00000e+00;1.00000e+00;1.00000e+00;82;9.99992e-01;1.00452e+00;0.00000e+00
nav-lives;me-mlp;1;[8];57;5700;5700;4.09660e+01;23;1;1;1.00000e+00;1.00000e+00;1.00000e+00;82;9.99992e-01;1.00452e+00;0.00000e+00
nav-lives;me-mlp;1;[8];58;5800;5800;4.16990e+01;23;1;1;1.00000e+00;1.00000e+00;1.00000e+00;82;9.99992e-01;1.00452e+00;0.00000e+00
nav-lives;me-mlp;1;[8];59;5900;5900;4.24250e+01;23;1;1;1.00000e+00;1.00000e+00;1.00000e+00;82;9.99992e-01;1.00452e+00;0.00000e+00
nav-lives;me-mlp;1;[8];60;6000;6000;4.31630e+01;23;1;1;1.00000e+00;1.00000e+00;1.00000e+00;82;9.99992e-01;1.00452e+00;0.00000e+00
nav-lives;me-mlp;1;[8];61;6100;6100;4.38760e+01;23;1;1;1.00000e+00;1.00000e+00;1.00000e+00;82;9.99992e-01;1.00452e+00;0.00000e+00
nav-lives;me-mlp;1;[8];62;6200;6200;4.45900e+01;23;1;1;1.00000e+00;1.00000e+00;1.00000e+00;82;9.99992e-01;1.00452e+00;0.00000e+00
nav-lives;me-mlp;1;[8];63;6300;6300;4.53010e+01;23;1;1;1.00000e+00;1.00000e+00;1.00000e+00;82;9.99993e-01;1.00490e+00;0.00000e+00
nav-lives;me-mlp;1;[8];64;6400;6400;4.60100e+01;23;1;1;1.00000e+00;1.00000e+00;1.00000e+00;82;9.99993e-01;1.00490e+00;0.00000e+00
nav-lives;me-mlp;1;[8];65;6500;6500;4.67290e+01;23;1;1;1.00000e+00;1.00000e+00;1.00000e+00;82;9.99993e-01;1.00490e+00;0.00000e+00
nav-lives;me-mlp;1;[8];66;6600;6600;4.74580e+01;23;1;1;1.00000e+00;1.00000e+00;1.00000e+00;82;9.99993e-01;1.00490e+00;0.00000e+00
nav-lives;me-mlp;1;[8];67;6700;6700;4.81810e+01;23;1;1;1.00000e+00;1.00000e+00;1.00000e+00;82;9.99993e-01;1.00490e+00;0.00000e+00
nav-lives;me-mlp;1;[8];68;6800;6800;4.88960e+01;23;1;1;1.00000e+00;1.00000e+00;1.00000e+00;82;9.99993e-01;1.00490e+00;0.00000e+00
nav-lives;me-mlp;1;[8];69;6900;6900;4.96130e+01;23;1;1;1.00000e+00;1.00000e+00;1.00000e+00;82;9.99993e-01;1.00490e+00;0.00000e+00
nav-lives;me-mlp;1;[8];70;7000;7000;5.03500e+01;23;1;1;1.00000e+00;1.00000e+00;1.00000e+00;82;9.99993e-01;1.00490e+00;0.00000e+00
nav-lives;me-mlp;1;[8];71;7100;7100;5.10740e+01;23;1;1;1.00000e+00;1.00000e+00;1.00000e+00;82;9.99993e-01;1.00490e+00;0.00000e+00
nav-lives;me-mlp;1;[8];72;7200;7200;5.18020e+01;23;1;1;1.00000e+00;1.00000e+00;1.00000e+00;82;9.99993e-01;1.00490e+00;0.00000e+00
nav-lives;me-mlp;1;[8];73;7300;7300;5.25230e+01;23;1;1;1.00000e+00;1.00000e+00;1.00000e+00;82;9.99993e-01;1.00490e+00;0.00000e+00
nav-lives;me-mlp;1;[8];74;7400;7400;5.32330e+01;23;1;1;1.00000e+00;1.00000e+00;1.00000e+00;82;9.99993e-01;1.00490e+00;0.00000e+00
nav-lives;me-mlp;1;[8];75;7500;7500;5.39500e+01;23;1;1;1.00000e+00;1.00000e+00;1.00000e+00;82;9.99993e-01;1.00490e+00;0.00000e+00
nav-lives;me-mlp;1;[8];76;7600;7600;5.46670e+01;23;1;1;1.00000e+00;1.00000e+00;1.00000e+00;82;9.99993e-01;1.00490e+00;0.00000e+00
nav-lives;me-mlp;1;[8];77;7700;7700;5.53980e+01;23;1;1;1.00000e+00;1.00000e+00;1.00000e+00;82;9.99993e-01;1.00490e+00;0.00000e+00
nav-lives;me-mlp;1;[8];78;7800;7800;5.61400e+01;23;1;1;1.00000e+00;1.00000e+00;1.00000e+00;82;9.99993e-01;1.00490e+00;0.00000e+00
nav-lives;me-mlp;1;[8];79;7900;7900;5.68680e+01;23;1;1;1.00000e+00;1.00000e+00;1.00000e+00;82;9.99993e-01;1.00490e+00;0.00000e+00
nav-lives;me-mlp;1;[8];80;8000;8000;5.76020e+01;23;1;1;1.00000e+00;1.00000e+00;1.00000e+00;82;9.99993e-01;1.00490e+00;0.00000e+00
nav-lives;me-mlp;1;[8];81;8100;8100;5.83290e+01;23;1;1;1.00000e+00;1.00000e+00;1.00000e+00;82;9.99993e-01;1.00490e+00;0.00000e+00
nav-lives;me-mlp;1;[8];82;8200;8200;5.90540e+01;23;1;1;1.00000e+00;1.00000e+00;1.00000e+00;82;9.99993e-01;1.00490e+00;0.00000e+00
nav-lives;me-mlp;1;[8];83;8300;8300;5.97930e+01;23;1;1;1.00000e+00;1.00000e+00;1.00000e+00;82;9.99993e-01;1.00490e+00;0.00000e+00
nav-lives;me-mlp;1;[8];84;8400;8400;6.05140e+01;23;1;1;1.00000e+00;1.00000e+00;1.00000e+00;82;9.99993e-01;1.00490e+00;0.00000e+00
nav-lives;me-mlp;1;[8];85;8500;8500;6.12440e+01;23;1;1;1.00000e+00;1.00000e+00;1.00000e+00;82;9.99993e-01;1.00490e+00;0.00000e+00
nav-lives;me-mlp;1;[8];86;8600;8600;6.19710e+01;23;1;1;1.00000e+00;1.00000e+00;1.00000e+00;82;9.99993e-01;1.00490e+00;0.00000e+00
nav-lives;me-mlp;1;[8];87;8700;8700;6.26970e+01;23;1;1;1.00000e+00;1.00000e+00;1.00000e+00;82;9.99993e-01;1.00490e+00;0.00000e+00
nav-lives;me-mlp;1;[8];88;8800;8800;6.34360e+01;23;1;1;1.00000e+00;1.00000e+00;1.00000e+00;82;9.99993e-01;1.00490e+00;0.00000e+00
nav-lives;me-mlp;1;[8];89;8900;8900;6.41660e+01;23;1;1;1.00000e+00;1.00000e+00;1.00000e+00;82;9.99993e-01;1.00490e+00;0.00000e+00
nav-lives;me-mlp;1;[8];90;9000;9000;6.48840e+01;23;1;1;1.00000e+00;1.00000e+00;1.00000e+00;82;9.99993e-01;1.00490e+00;0.00000e+00
nav-lives;me-mlp;1;[8];91;9100;9100;6.56180e+01;23;1;1;1.00000e+00;1.00000e+00;1.00000e+00;82;9.99993e-01;1.00490e+00;0.00000e+00
nav-lives;me-mlp;1;[8];92;9200;9200;6.63500e+01;23;1;1;1.00000e+00;1.00000e+00;1.00000e+00;82;9.99993e-01;1.00490e+00;0.00000e+00
nav-lives;me-mlp;1;[8];93;9300;9300;6.70800e+01;23;1;1;1.00000e+00;1.00000e+00;1.00000e+00;82;9.99993e-01;1.00490e+00;0.00000e+00
nav-lives;me-mlp;1;[8];94;9400;9400;6.78180e+01;23;1;1;1.00000e+00;1.00000e+00;1.00000e+00;82;9.99993e-01;1.00490e+00;0.00000e+00
nav-lives;me-mlp;1;[8];95;9500;9500;6.85430e+01;23;1;1;1.00000e+00;1.00000e+00;1.00000e+00;82;9.99993e-01;1.00490e+00;0.00000e+00
nav-lives;me-mlp;1;[8];96;9600;9600;6.92740e+01;23;1;1;1.00000e+00;1.00000e+00;1.00000e+00;82;9.99993e-01;1.00490e+00;0.00000e+00
nav-lives;me-mlp;1;[8];97;9700;9700;7.00030e+01;23;1;1;1.00000e+00;1.00000e+00;1.00000e+00;82;9.99993e-01;1.00490e+00;0.00000e+00
nav-lives;me-mlp;1;[8];98;9800;9800;7.07280e+01;23;1;1;1.00000e+00;1.00000e+00;1.00000e+00;82;9.99993e-01;1.00490e+00;0.00000e+00
nav-lives;me-mlp;1;[8];99;9900;9900;7.14590e+01;23;1;1;1.00000e+00;1.00000e+00;1.00000e+00;82;9.99993e-01;1.00490e+00;0.00000e+00
nav-lives;me-mlp;1;[8];100;10000;10000;7.21970e+01;23;1;1;1.00000e+00;1.00000e+00;1.00000e+00;82;9.99993e-01;1.00490e+00;0.00000e+00
nav-lives;me-mlp;1;[8];101;10100;10100;7.29660e+01;23;1;1;1.00000e+00;1.00000e+00;1.00000e+00;82;9.99993e-01;1.00490e+00;0.00000e+00
nav-lives;me-mlp;1;[8];102;10200;10200;7.37620e+01;23;1;1;1.00000e+00;1.00000e+00;1.00000e+00;82;9.99993e-01;1.00490e+00;0.00000e+00
nav-lives;me-mlp;1;[8];103;10300;10300;7.45730e+01;23;1;1;1.00000e+00;1.00000e+00;1.00000e+00;82;9.99993e-01;1.00490e+00;0.00000e+00
nav-lives;me-mlp;1;[8];104;10400;10400;7.53590e+01;23;1;1;1.00000e+00;1.00000e+00;1.00000e+00;82;9.99993e-01;1.00490e+00;0.00000e+00
nav-lives;me-mlp;1;[8];105;10500;10500;7.61310e+01;23;1;1;1.00000e+00;1.00000e+00;1.00000e+00;82;9.99993e-01;1.00490e+00;0.00000e+00
nav-lives;me-mlp;1;[8];106;10600;10600;7.69140e+01;23;1;1;1.00000e+00;1.00000e+00;1.00000e+00;82;9.99993e-01;1.00490e+00;0.00000e+00
nav-lives;me-mlp;1;[8];107;10700;10700;7.76820e+01;23;1;1;1.00000e+00;1.00000e+00;1.00000e+00;82;9.99993e-01;1.00490e+00;0.00000e+00
nav-lives;me-mlp;1;[8];108;10800;10800;7.84410e+01;23;1;1;1.00000e+00;1.00000e+00;1.00000e+00;82;9.99993e-01;1.00490e+00;0.00000e+00
nav-lives;me-mlp;1;[8];109;10900;10900;7.92070e+01;23;1;1;1.00000e+00;1.00000e+00;1.00000e+00;82;9.99993e-01;1.00490e+00;0.00000e+00
nav-lives;me-mlp;1;[8];110;11000;11000;7.99770e+01;23;1;1;1.00000e+00;1.00000e+00;1.00000e+00;82;9.99993e-01;1.00490e+00;0.00000e+00
nav-lives;me-mlp;1;[8];111;11100;11100;8.07360e+01;23;1;1;1.00000e+00;1.00000e+00;1.00000e+00;82;9.99993e-01;1.00490e+00;0.00000e+00
nav-lives;me-mlp;1;[8];112;11200;11200;8.15000e+01;23;1;1;1.00000e+00;1.00000e+00;1.00000e+00;82;9.99993e-01;1.00490e+00;0.00000e+00
nav-lives;me-mlp;1;[8];113;11300;11300;8.22760e+01;23;1;1;1.00000e+00;1.00000e+00;1.00000e+00;82;9.99993e-01;1.00490e+00;0.00000e+00
nav-lives;me-mlp;1;[8];114;11400;11400;8.30250e+01;23;1;1;1.00000e+00;1.00000e+00;1.00000e+00;82;9.99993e-01;1.00490e+00;0.00000e+00
nav-lives;me-mlp;1;[8];115;11500;11500;8.37970e+01;23;1;1;1.00000e+00;1.00000e+00;1.00000e+00;82;9.99993e-01;1.00490e+00;0.00000e+00
nav-lives;me-mlp;1;[8];116;11600;11600;8.45720e+01;23;1;1;1.00000e+00;1.00000e+00;1.00000e+00;82;9.99993e-01;1.00490e+00;0.00000e+00
nav-lives;me-mlp;1;[8];117;11700;11700;8.53310e+01;23;1;1;1.00000e+00;1.00000e+00;1.00000e+00;82;9.99993e-01;1.00490e+00;0.00000e+00
nav-lives;me-mlp;1;[8];118;11800;11800;8.61020e+01;23;1;1;1.00000e+00;1.00000e+00;1.00000e+00;82;9.99993e-01;1.00490e+00;0.00000e+00
nav-lives;me-mlp;1;[8];119;11900;11900;8.68700e+01;23;1;1;1.00000e+00;1.00000e+00;1.00000e+00;82;9.99993e-01;1.00490e+00;0.00000e+00
nav-lives;me-mlp;1;[8];120;12000;12000;8.76190e+01;23;1;1;1.00000e+00;1.00000e+00;1.00000e+00;82;9.99993e-01;1.00490e+00;0.00000e+00
nav-lives;me-mlp;1;[8];121;12100;12100;8.83770e+01;23;1;1;1.00000e+00;1.00000e+00;1.00000e+00;82;9.99993e-01;1.00490e+00;0.00000e+00
nav-lives;me-mlp;1;[8];122;12200;12200;8.91370e+01;23;1;1;1.00000e+00;1.00000e+00;1.00000e+00;82;9.99993e-01;1.00490e+00;0.00000e+00
nav-lives;me-mlp;1;[8];123;12300;12300;8.98990e+01;23;1;1;1.00000e+00;1.00000e+00;1.00000e+00;82;9.99993e-01;1.00490e+00;0.00000e+00
nav-lives;me-mlp;1;[8];124;12400;12400;9.06500e+01;23;1;1;1.00000e+00;1.00000e+00;1.00000e+00;82;9.99993e-01;1.00490e+00;0.00000e+00
nav-lives;me-mlp;1;[8];125;12500;12500;9.14120e+01;23;1;1;1.00000e+00;1.00000e+00;1.00000e+00;82;9.99993e-01;1.00490e+00;0.00000e+00
nav-lives;me-mlp;1;[8];126;12600;12600;9.21660e+01;23;1;1;1.00000e+00;1.00000e+00;1.00000e+00;82;9.99993e-01;1.00490e+00;0.00000e+00
nav-lives;me-mlp;1;[8];127;12700;12700;9.29360e+01;23;1;1;1.00000e+00;1.00000e+00;1.00000e+00;82;9.99993e-01;1.00490e+00;0.00000e+00
nav-lives;me-mlp;1;[8];128;12800;12800;9.36960e+01;23;1;1;1.00000e+00;1.00000e+00;1.00000e+00;82;9.99993e-01;1.00490e+00;0.00000e+00
nav-lives;me-mlp;1;[8];129;12900;12900;9.44600e+01;23;1;1;1.00000e+00;1.00000e+00;1.00000e+00;82;9.99993e-01;1.00490e+00;0.00000e+00
nav-lives;me-mlp;1;[8];130;13000;13000;9.52110e+01;23;1;1;1.00000e+00;1.00000e+00;1.00000e+00;82;9.99993e-01;1.00490e+00;0.00000e+00
nav-lives;me-mlp;1;[8];131;13100;13100;9.59720e+01;23;1;1;1.00000e+00;1.00000e+00;1.00000e+00;82;9.99993e-01;1.00490e+00;0.00000e+00
nav-lives;me-mlp;1;[8];132;13200;13200;9.67470e+01;23;1;1;1.00000e+00;1.00000e+00;1.00000e+00;82;9.99993e-01;1.00490e+00;0.00000e+00
nav-lives;me-mlp;1;[8];133;13300;13300;9.75000e+01;23;1;1;1.00000e+00;1.00000e+00;1.00000e+00;82;9.99993e-01;1.00490e+00;0.00000e+00
nav-lives;me-mlp;1;[8];134;13400;13400;9.82820e+01;23;1;1;1.00000e+00;1.00000e+00;1.00000e+00;82;9.99993e-01;1.00490e+00;0.00000e+00
nav-lives;me-mlp;1;[8];135;13500;13500;9.90330e+01;23;1;1;1.00000e+00;1.00000e+00;1.00000e+00;82;9.99993e-01;1.00490e+00;0.00000e+00
nav-lives;me-mlp;1;[8];136;13600;13600;9.97920e+01;23;1;1;1.00000e+00;1.00000e+00;1.00000e+00;82;9.99993e-01;1.00490e+00;0.00000e+00
nav-lives;me-mlp;1;[8];137;13700;13700;1.00547e+02;23;1;1;1.00000e+00;1.00000e+00;1.00000e+00;82;9.99993e-01;1.00490e+00;0.00000e+00
nav-lives;me-mlp;1;[8];138;13800;13800;1.01306e+02;23;1;1;1.00000e+00;1.00000e+00;1.00000e+00;82;9.99993e-01;1.00490e+00;0.00000e+00
nav-lives;me-mlp;1;[8];139;13900;13900;1.02073e+02;23;1;1;1.00000e+00;1.00000e+00;1.00000e+00;82;9.99993e-01;1.00490e+00;0.00000e+00
nav-lives;me-mlp;1;[8];140;14000;14000;1.02839e+02;23;1;1;1.00000e+00;1.00000e+00;1.00000e+00;82;9.99993e-01;1.00490e+00;0.00000e+00
nav-lives;me-mlp;1;[8];141;14100;14100;1.03595e+02;23;1;1;1.00000e+00;1.00000e+00;1.00000e+00;82;9.99993e-01;1.00490e+00;0.00000e+00
nav-lives;me-mlp;1;[8];142;14200;14200;1.04349e+02;23;1;1;1.00000e+00;1.00000e+00;1.00000e+00;82;9.99993e-01;1.00490e+00;0.00000e+00
nav-lives;me-mlp;1;[8];143;14300;14300;1.05118e+02;23;1;1;1.00000e+00;1.00000e+00;1.00000e+00;82;9.99993e-01;1.00490e+00;0.00000e+00
nav-lives;me-mlp;1;[8];144;14400;14400;1.05869e+02;23;1;1;1.00000e+00;1.00000e+00;1.00000e+00;82;9.99993e-01;1.00490e+00;0.00000e+00
nav-lives;me-mlp;1;[8];145;14500;14500;1.06635e+02;23;1;1;1.00000e+00;1.00000e+00;1.00000e+00;82;9.99993e-01;1.00490e+00;0.00000e+00
nav-lives;me-mlp;1;[8];146;14600;14600;1.07400e+02;23;1;1;1.00000e+00;1.00000e+00;1.00000e+00;82;9.99993e-01;1.00490e+00;0.00000e+00
nav-lives;me-mlp;1;[8];147;14700;14700;1.08176e+02;23;1;1;1.00000e+00;1.00000e+00;1.00000e+00;82;9.99993e-01;1.00490e+00;0.00000e+00
nav-lives;me-mlp;1;[8];148;14800;14800;1.08930e+02;23;1;1;1.00000e+00;1.00000e+00;1.00000e+00;82;9.99993e-01;1.00490e+00;0.00000e+00
nav-lives;me-mlp;1;[8];149;14900;14900;1.09695e+02;23;1;1;1.00000e+00;1.00000e+00;1.00000e+00;82;9.99993e-01;1.00490e+00;0.00000e+00
nav-lives;me-mlp;1;[8];150;15000;15000;1.10453e+02;23;1;1;1.00000e+00;1.00000e+00;1.00000e+00;82;9.99993e-01;1.00490e+00;0.00000e+00
nav-lives;me-mlp;1;[8];151;15100;15100;1.11226e+02;23;1;1;1.00000e+00;1.00000e+00;1.00000e+00;82;9.99993e-01;1.00490e+00;0.00000e+00
nav-lives;me-mlp;1;[8];152;15200;15200;1.11988e+02;23;1;1;1.00000e+00;1.00000e+00;1.00000e+00;82;9.99993e-01;1.00490e+00;0.00000e+00
nav-lives;me-mlp;1;[8];153;15300;15300;1.12752e+02;23;1;1;1.00000e+00;1.00000e+00;1.00000e+00;82;9.99993e-01;1.00490e+00;0.00000e+00
nav-lives;me-mlp;1;[8];154;15400;15400;1.13519e+02;23;1;1;1.00000e+00;1.00000e+00;1.00000e+00;82;9.99993e-01;1.00490e+00;0.00000e+00
nav-lives;me-mlp;1;[8];155;15500;15500;1.14283e+02;23;1;1;1.00000e+00;1.00000e+00;1.00000e+00;82;9.99993e-01;1.00490e+00;0.00000e+00
nav-lives;me-mlp;1;[8];156;15600;15600;1.15038e+02;23;1;1;1.00000e+00;1.00000e+00;1.00000e+00;82;9.99993e-01;1.00490e+00;0.00000e+00
nav-lives;me-mlp;1;[8];157;15700;15700;1.15805e+02;23;1;1;1.00000e+00;1.00000e+00;1.00000e+00;82;9.99993e-01;1.00490e+00;0.00000e+00
nav-lives;me-mlp;1;[8];158;15800;15800;1.16573e+02;23;1;1;1.00000e+00;1.00000e+00;1.00000e+00;82;9.99993e-01;1.00490e+00;0.00000e+00
nav-lives;me-mlp;1;[8];159;15900;15900;1.17337e+02;23;1;1;1.00000e+00;1.00000e+00;1.00000e+00;82;9.99993e-01;1.00490e+00;0.00000e+00
nav-lives;me-mlp;1;[8];160;16000;16000;1.18108e+02;23;1;1;1.00000e+00;1.00000e+00;1.00000e+00;82;9.99993e-01;1.00490e+00;0.00000e+00
nav-lives;me-mlp;1;[8];161;16100;16100;1.18875e+02;23;1;1;1.00000e+00;1.00000e+00;1.00000e+00;82;9.99993e-01;1.00490e+00;0.00000e+00
nav-lives;me-mlp;1;[8];162;16200;16200;1.19651e+02;23;1;1;1.00000e+00;1.00000e+00;1.00000e+00;82;9.99993e-01;1.00490e+00;0.00000e+00
nav-lives;me-mlp;1;[8];163;16300;16300;1.20419e+02;23;1;1;1.00000e+00;1.00000e+00;1.00000e+00;82;9.99993e-01;1.00490e+00;0.00000e+00
nav-lives;me-mlp;1;[8];164;16400;16400;1.21193e+02;23;1;1;1.00000e+00;1.00000e+00;1.00000e+00;82;9.99993e-01;1.00490e+00;0.00000e+00
nav-lives;me-mlp;1;[8];165;16500;16500;1.21961e+02;23;1;1;1.00000e+00;1.00000e+00;1.00000e+00;82;9.99993e-01;1.00490e+00;0.00000e+00
nav-lives;me-mlp;1;[8];166;16600;16600;1.22718e+02;23;1;1;1.00000e+00;1.00000e+00;1.00000e+00;82;9.99993e-01;1.00490e+00;0.00000e+00
nav-lives;me-mlp;1;[8];167;16700;16700;1.23486e+02;23;1;1;1.00000e+00;1.00000e+00;1.00000e+00;82;9.99993e-01;1.00490e+00;0.00000e+00
nav-lives;me-mlp;1;[8];168;16800;16800;1.24258e+02;23;1;1;1.00000e+00;1.00000e+00;1.00000e+00;82;9.99993e-01;1.00490e+00;0.00000e+00
nav-lives;me-mlp;1;[8];169;16900;16900;1.25020e+02;23;1;1;1.00000e+00;1.00000e+00;1.00000e+00;82;9.99993e-01;1.00490e+00;0.00000e+00
nav-lives;me-mlp;1;[8];170;17000;17000;1.25780e+02;23;1;1;1.00000e+00;1.00000e+00;1.00000e+00;82;9.99993e-01;1.00490e+00;0.00000e+00
nav-lives;me-mlp;1;[8];171;17100;17100;1.26548e+02;23;1;1;1.00000e+00;1.00000e+00;1.00000e+00;82;9.99993e-01;1.00490e+00;0.00000e+00
nav-lives;me-mlp;1;[8];172;17200;17200;1.27318e+02;23;1;1;1.00000e+00;1.00000e+00;1.00000e+00;82;9.99993e-01;1.00490e+00;0.00000e+00
nav-lives;me-mlp;1;[8];173;17300;17300;1.28084e+02;23;1;1;1.00000e+00;1.00000e+00;1.00000e+00;82;9.99993e-01;1.00490e+00;0.00000e+00
nav-lives;me-mlp;1;[8];174;17400;17400;1.28848e+02;23;1;1;1.00000e+00;1.00000e+00;1.00000e+00;82;9.99993e-01;1.00490e+00;0.00000e+00
nav-lives;me-mlp;1;[8];175;17500;17500;1.29619e+02;23;1;1;1.00000e+00;1.00000e+00;1.00000e+00;82;9.99993e-01;1.00490e+00;0.00000e+00
nav-lives;me-mlp;1;[8];176;17600;17600;1.30378e+02;23;1;1;1.00000e+00;1.00000e+00;1.00000e+00;82;9.99993e-01;1.00490e+00;0.00000e+00
nav-lives;me-mlp;1;[8];177;17700;17700;1.31141e+02;23;1;1;1.00000e+00;1.00000e+00;1.00000e+00;82;9.99993e-01;1.00490e+00;0.00000e+00
nav-lives;me-mlp;1;[8];178;17800;17800;1.31912e+02;23;1;1;1.00000e+00;1.00000e+00;1.00000e+00;82;9.99993e-01;1.00490e+00;0.00000e+00
nav-lives;me-mlp;1;[8];179;17900;17900;1.32686e+02;23;1;1;1.00000e+00;1.00000e+00;1.00000e+00;82;9.99993e-01;1.00490e+00;0.00000e+00
nav-lives;me-mlp;1;[8];180;18000;18000;1.33446e+02;23;1;1;1.00000e+00;1.00000e+00;1.00000e+00;82;9.99993e-01;1.00490e+00;0.00000e+00
nav-lives;me-mlp;1;[8];181;18100;18100;1.34213e+02;23;1;1;1.00000e+00;1.00000e+00;1.00000e+00;82;9.99993e-01;1.00490e+00;0.00000e+00
nav-lives;me-mlp;1;[8];182;18200;18200;1.34988e+02;23;1;1;1.00000e+00;1.00000e+00;1.00000e+00;82;9.99993e-01;1.00490e+00;0.00000e+00
nav-lives;me-mlp;1;[8];183;18300;18300;1.35763e+02;23;1;1;1.00000e+00;1.00000e+00;1.00000e+00;82;9.99993e-01;1.00490e+00;0.00000e+00
nav-lives;me-mlp;1;[8];184;18400;18400;1.36535e+02;23;1;1;1.00000e+00;1.00000e+00;1.00000e+00;82;9.99993e-01;1.00490e+00;0.00000e+00
nav-lives;me-mlp;1;[8];185;18500;18500;1.37305e+02;23;1;1;1.00000e+00;1.00000e+00;1.00000e+00;82;9.99993e-01;1.00490e+00;0.00000e+00
nav-lives;me-mlp;1;[8];186;18600;18600;1.38076e+02;23;1;1;1.00000e+00;1.00000e+00;1.00000e+00;82;9.99993e-01;1.00490e+00;0.00000e+00
nav-lives;me-mlp;1;[8];187;18700;18700;1.38848e+02;23;1;1;1.00000e+00;1.00000e+00;1.00000e+00;82;9.99993e-01;1.00490e+00;0.00000e+00
nav-lives;me-mlp;1;[8];188;18800;18800;1.39618e+02;23;1;1;1.00000e+00;1.00000e+00;1.00000e+00;82;9.99993e-01;1.00490e+00;0.00000e+00
nav-lives;me-mlp;1;[8];189;18900;18900;1.40380e+02;23;1;1;1.00000e+00;1.00000e+00;1.00000e+00;82;9.99993e-01;1.00490e+00;0.00000e+00
nav-lives;me-mlp;1;[8];190;19000;19000;1.41158e+02;23;1;1;1.00000e+00;1.00000e+00;1.00000e+00;82;9.99993e-01;1.00490e+00;0.00000e+00
nav-lives;me-mlp;1;[8];191;19100;19100;1.41920e+02;23;1;1;1.00000e+00;1.00000e+00;1.00000e+00;82;9.99993e-01;1.00490e+00;0.00000e+00
nav-lives;me-mlp;1;[8];192;19200;19200;1.42695e+02;23;1;1;1.00000e+00;1.00000e+00;1.00000e+00;82;9.99993e-01;1.00490e+00;0.00000e+00
nav-lives;me-mlp;1;[8];193;19300;19300;1.43462e+02;23;1;1;1.00000e+00;1.00000e+00;1.00000e+00;82;9.99993e-01;1.00490e+00;0.00000e+00
nav-lives;me-mlp;1;[8];194;19400;19400;1.44228e+02;23;1;1;1.00000e+00;1.00000e+00;1.00000e+00;82;9.99993e-01;1.00490e+00;0.00000e+00
nav-lives;me-mlp;1;[8];195;19500;19500;1.45000e+02;23;1;1;1.00000e+00;1.00000e+00;1.00000e+00;82;9.99993e-01;1.00490e+00;0.00000e+00
nav-lives;me-mlp;1;[8];196;19600;19600;1.45783e+02;23;1;1;1.00000e+00;1.00000e+00;1.00000e+00;82;9.99993e-01;1.00490e+00;0.00000e+00
nav-lives;me-mlp;1;[8];197;19700;19700;1.46552e+02;23;1;1;1.00000e+00;1.00000e+00;1.00000e+00;82;9.99993e-01;1.00490e+00;0.00000e+00
nav-lives;me-mlp;1;[8];198;19800;19800;1.47321e+02;23;1;1;1.00000e+00;1.00000e+00;1.00000e+00;82;9.99993e-01;1.00490e+00;0.00000e+00
nav-lives;me-mlp;1;[8];199;19900;19900;1.48098e+02;23;1;1;1.00000e+00;1.00000e+00;1.00000e+00;82;9.99993e-01;1.00490e+00;0.00000e+00
nav-lives;me-mlp;1;[8];200;20000;20000;1.48881e+02;23;1;1;1.00000e+00;1.00000e+00;1.00000e+00;82;9.99993e-01;1.00490e+00;0.00000e+00
nav-lives;me-mlp;1;[8];201;20100;20100;1.49650e+02;23;1;1;1.00000e+00;1.00000e+00;1.00000e+00;82;9.99993e-01;1.00490e+00;0.00000e+00
nav-lives;me-mlp;1;[8];202;20200;20200;1.50414e+02;23;1;1;1.00000e+00;1.00000e+00;1.00000e+00;82;9.99993e-01;1.00490e+00;0.00000e+00
nav-lives;me-mlp;1;[8];203;20300;20300;1.51189e+02;23;1;1;1.00000e+00;1.00000e+00;1.00000e+00;82;9.99993e-01;1.00490e+00;0.00000e+00
nav-lives;me-mlp;1;[8];204;20400;20400;1.51967e+02;23;1;1;1.00000e+00;1.00000e+00;1.00000e+00;82;9.99993e-01;1.00490e+00;0.00000e+00
nav-lives;me-mlp;1;[8];205;20500;20500;1.52736e+02;23;1;1;1.00000e+00;1.00000e+00;1.00000e+00;82;9.99993e-01;1.00490e+00;0.00000e+00
nav-lives;me-mlp;1;[8];206;20600;20600;1.53514e+02;23;1;1;1.00000e+00;1.00000e+00;1.00000e+00;82;9.99993e-01;1.00490e+00;0.00000e+00
nav-lives;me-mlp;1;[8];207;20700;20700;1.54279e+02;23;1;1;1.00000e+00;1.00000e+00;1.00000e+00;82;9.99993e-01;1.00490e+00;0.00000e+00
nav-lives;me-mlp;1;[8];208;20800;20800;1.55042e+02;23;1;1;1.00000e+00;1.00000e+00;1.00000e+00;82;9.99993e-01;1.00490e+00;0.00000e+00
nav-lives;me-mlp;1;[8];209;20900;20900;1.55807e+02;23;1;1;1.00000e+00;1.00000e+00;1.00000e+00;82;9.99993e-01;1.00490e+00;0.00000e+00
nav-lives;me-mlp;1;[8];210;21000;21000;1.56574e+02;23;1;1;1.00000e+00;1.00000e+00;1.00000e+00;82;9.99993e-01;1.00490e+00;0.00000e+00
nav-lives;me-mlp;1;[8];211;21100;21100;1.57340e+02;23;1;1;1.00000e+00;1.00000e+00;1.00000e+00;82;9.99993e-01;1.00490e+00;0.00000e+00
nav-lives;me-mlp;1;[8];212;21200;21200;1.58127e+02;23;1;1;1.00000e+00;1.00000e+00;1.00000e+00;82;9.99993e-01;1.00490e+00;0.00000e+00
nav-lives;me-mlp;1;[8];213;21300;21300;1.58904e+02;23;1;1;1.00000e+00;1.00000e+00;1.00000e+00;82;9.99993e-01;1.00490e+00;0.00000e+00
nav-lives;me-mlp;1;[8];214;21400;21400;1.59688e+02;23;1;1;1.00000e+00;1.00000e+00;1.00000e+00;82;9.99993e-01;1.00490e+00;0.00000e+00
nav-lives;me-mlp;1;[8];215;21500;21500;1.60475e+02;23;1;1;1.00000e+00;1.00000e+00;1.00000e+00;82;9.99993e-01;1.00490e+00;0.00000e+00
nav-lives;me-mlp;1;[8];216;21600;21600;1.61243e+02;23;1;1;1.00000e+00;1.00000e+00;1.00000e+00;82;9.99993e-01;1.00490e+00;0.00000e+00
nav-lives;me-mlp;1;[8];217;21700;21700;1.62012e+02;23;1;1;1.00000e+00;1.00000e+00;1.00000e+00;82;9.99993e-01;1.00490e+00;0.00000e+00
nav-lives;me-mlp;1;[8];218;21800;21800;1.62790e+02;23;1;1;1.00000e+00;1.00000e+00;1.00000e+00;82;9.99993e-01;1.00490e+00;0.00000e+00
nav-lives;me-mlp;1;[8];219;21900;21900;1.63568e+02;23;1;1;1.00000e+00;1.00000e+00;1.00000e+00;82;9.99993e-01;1.00490e+00;0.00000e+00
nav-lives;me-mlp;1;[8];220;22000;22000;1.64351e+02;23;1;1;1.00000e+00;1.00000e+00;1.00000e+00;82;9.99993e-01;1.00490e+00;0.00000e+00
nav-lives;me-mlp;1;[8];221;22100;22100;1.65126e+02;23;1;1;1.00000e+00;1.00000e+00;1.00000e+00;82;9.99993e-01;1.00490e+00;0.00000e+00
nav-lives;me-mlp;1;[8];222;22200;22200;1.65894e+02;23;1;1;1.00000e+00;1.00000e+00;1.00000e+00;82;9.99993e-01;1.00490e+00;0.00000e+00
nav-lives;me-mlp;1;[8];223;22300;22300;1.66661e+02;23;1;1;1.00000e+00;1.00000e+00;1.00000e+00;82;9.99993e-01;1.00490e+00;0.00000e+00
nav-lives;me-mlp;1;[8];224;22400;22400;1.67441e+02;23;1;1;1.00000e+00;1.00000e+00;1.00000e+00;82;9.99993e-01;1.00490e+00;0.00000e+00
nav-lives;me-mlp;1;[8];225;22500;22500;1.68214e+02;23;1;1;1.00000e+00;1.00000e+00;1.00000e+00;82;9.99993e-01;1.00490e+00;0.00000e+00
nav-lives;me-mlp;1;[8];226;22600;22600;1.68983e+02;23;1;1;1.00000e+00;1.00000e+00;1.00000e+00;82;9.99993e-01;1.00490e+00;0.00000e+00
nav-lives;me-mlp;1;[8];227;22700;22700;1.69747e+02;23;1;1;1.00000e+00;1.00000e+00;1.00000e+00;82;9.99993e-01;1.00490e+00;0.00000e+00
nav-lives;me-mlp;1;[8];228;22800;22800;1.70522e+02;23;1;1;1.00000e+00;1.00000e+00;1.00000e+00;82;9.99993e-01;1.00490e+00;0.00000e+00
nav-lives;me-mlp;1;[8];229;22900;22900;1.71314e+02;23;1;1;1.00000e+00;1.00000e+00;1.00000e+00;82;9.99993e-01;1.00490e+00;0.00000e+00
nav-lives;me-mlp;1;[8];230;23000;23000;1.72085e+02;23;1;1;1.00000e+00;1.00000e+00;1.00000e+00;82;9.99993e-01;1.00490e+00;0.00000e+00
nav-lives;me-mlp;1;[8];231;23100;23100;1.72861e+02;23;1;1;1.00000e+00;1.00000e+00;1.00000e+00;82;9.99993e-01;1.00490e+00;0.00000e+00
nav-lives;me-mlp;1;[8];232;23200;23200;1.73637e+02;23;1;1;1.00000e+00;1.00000e+00;1.00000e+00;82;9.99993e-01;1.00490e+00;0.00000e+00
nav-lives;me-mlp;1;[8];233;23300;23300;1.74397e+02;23;1;1;1.00000e+00;1.00000e+00;1.00000e+00;82;9.99993e-01;1.00490e+00;0.00000e+00
nav-lives;me-mlp;1;[8];234;23400;23400;1.75174e+02;23;1;1;1.00000e+00;1.00000e+00;1.00000e+00;82;9.99993e-01;1.00490e+00;0.00000e+00
nav-lives;me-mlp;1;[8];235;23500;23500;1.75961e+02;23;1;1;1.00000e+00;1.00000e+00;1.00000e+00;82;9.99993e-01;1.00490e+00;0.00000e+00
nav-lives;me-mlp;1;[8];236;23600;23600;1.76755e+02;23;1;1;1.00000e+00;1.00000e+00;1.00000e+00;82;9.99993e-01;1.00490e+00;0.00000e+00
nav-lives;me-mlp;1;[8];237;23700;23700;1.77542e+02;23;1;1;1.00000e+00;1.00000e+00;1.00000e+00;82;9.99993e-01;1.00490e+00;0.00000e+00
nav-lives;me-mlp;1;[8];238;23800;23800;1.78332e+02;23;1;1;1.00000e+00;1.00000e+00;1.00000e+00;82;9.99993e-01;1.00490e+00;0.00000e+00
nav-lives;me-mlp;1;[8];239;23900;23900;1.79121e+02;23;1;1;1.00000e+00;1.00000e+00;1.00000e+00;82;9.99993e-01;1.00490e+00;0.00000e+00
nav-lives;me-mlp;1;[8];240;24000;24000;1.79920e+02;23;1;1;1.00000e+00;1.00000e+00;1.00000e+00;82;9.99993e-01;1.00490e+00;0.00000e+00
nav-lives;me-mlp;1;[8];241;24100;24100;1.80713e+02;23;1;1;1.00000e+00;1.00000e+00;1.00000e+00;82;9.99993e-01;1.00490e+00;0.00000e+00
nav-lives;me-mlp;1;[8];242;24200;24200;1.81499e+02;23;1;1;1.00000e+00;1.00000e+00;1.00000e+00;82;9.99993e-01;1.00490e+00;0.00000e+00
nav-lives;me-mlp;1;[8];243;24300;24300;1.82294e+02;23;1;1;1.00000e+00;1.00000e+00;1.00000e+00;82;9.99993e-01;1.00490e+00;0.00000e+00
nav-lives;me-mlp;1;[8];244;24400;24400;1.83098e+02;23;1;1;1.00000e+00;1.00000e+00;1.00000e+00;82;9.99993e-01;1.00490e+00;0.00000e+00
nav-lives;me-mlp;1;[8];245;24500;24500;1.83891e+02;23;1;1;1.00000e+00;1.00000e+00;1.00000e+00;82;9.99993e-01;1.00490e+00;0.00000e+00
nav-lives;me-mlp;1;[8];246;24600;24600;1.84705e+02;23;1;1;1.00000e+00;1.00000e+00;1.00000e+00;82;9.99993e-01;1.00490e+00;0.00000e+00
nav-lives;me-mlp;1;[8];247;24700;24700;1.85494e+02;23;1;1;1.00000e+00;1.00000e+00;1.00000e+00;82;9.99993e-01;1.00490e+00;0.00000e+00
nav-lives;me-mlp;1;[8];248;24800;24800;1.86285e+02;23;1;1;1.00000e+00;1.00000e+00;1.00000e+00;82;9.99993e-01;1.00490e+00;0.00000e+00
nav-lives;me-mlp;1;[8];249;24900;24900;1.87084e+02;23;1;1;1.00000e+00;1.00000e+00;1.00000e+00;82;9.99993e-01;1.00490e+00;0.00000e+00
nav-lives;me-mlp;1;[8];250;25000;25000;1.87897e+02;23;1;1;1.00000e+00;1.00000e+00;1.00000e+00;82;9.99993e-01;1.00490e+00;0.00000e+00
nav-lives;me-mlp;1;[8];251;25100;25100;1.88707e+02;23;1;1;1.00000e+00;1.00000e+00;1.00000e+00;82;9.99993e-01;1.00490e+00;0.00000e+00
nav-lives;me-mlp;1;[8];252;25200;25200;1.89506e+02;23;1;1;1.00000e+00;1.00000e+00;1.00000e+00;82;9.99993e-01;1.00490e+00;0.00000e+00
nav-lives;me-mlp;1;[8];253;25300;25300;1.90323e+02;23;1;1;1.00000e+00;1.00000e+00;1.00000e+00;82;9.99993e-01;1.00490e+00;0.00000e+00
nav-lives;me-mlp;1;[8];254;25400;25400;1.91134e+02;23;1;1;1.00000e+00;1.00000e+00;1.00000e+00;82;9.99993e-01;1.00490e+00;0.00000e+00
nav-lives;me-mlp;1;[8];255;25500;25500;1.91947e+02;23;1;1;1.00000e+00;1.00000e+00;1.00000e+00;82;9.99993e-01;1.00490e+00;0.00000e+00
nav-lives;me-mlp;1;[8];256;25600;25600;1.92752e+02;23;1;1;1.00000e+00;1.00000e+00;1.00000e+00;82;9.99993e-01;1.00490e+00;0.00000e+00
nav-lives;me-mlp;1;[8];257;25700;25700;1.93563e+02;23;1;1;1.00000e+00;1.00000e+00;1.00000e+00;82;9.99993e-01;1.00490e+00;0.00000e+00
nav-lives;me-mlp;1;[8];258;25800;25800;1.94385e+02;23;1;1;1.00000e+00;1.00000e+00;1.00000e+00;82;9.99993e-01;1.00490e+00;0.00000e+00
nav-lives;me-mlp;1;[8];259;25900;25900;1.95207e+02;23;1;1;1.00000e+00;1.00000e+00;1.00000e+00;82;9.99993e-01;1.00490e+00;0.00000e+00
nav-lives;me-mlp;1;[8];260;26000;26000;1.96031e+02;23;1;1;1.00000e+00;1.00000e+00;1.00000e+00;82;9.99993e-01;1.00490e+00;0.00000e+00
nav-lives;me-mlp;1;[8];261;26100;26100;1.96846e+02;23;1;1;1.00000e+00;1.00000e+00;1.00000e+00;82;9.99993e-01;1.00490e+00;0.00000e+00
nav-lives;me-mlp;1;[8];262;26200;26200;1.97676e+02;23;1;1;1.00000e+00;1.00000e+00;1.00000e+00;82;9.99993e-01;1.00490e+00;0.00000e+00
nav-lives;me-mlp;1;[8];263;26300;26300;1.98506e+02;23;1;1;1.00000e+00;1.00000e+00;1.00000e+00;82;9.99993e-01;1.00490e+00;0.00000e+00
nav-lives;me-mlp;1;[8];264;26400;26400;1.99344e+02;23;1;1;1.00000e+00;1.00000e+00;1.00000e+00;82;9.99993e-01;1.00490e+00;0.00000e+00
nav-lives;me-mlp;1;[8];265;26500;26500;2.00174e+02;23;1;1;1.00000e+00;1.00000e+00;1.00000e+00;82;9.99993e-01;1.00490e+00;0.00000e+00
nav-lives;me-mlp;1;[8];266;26600;26600;2.01014e+02;23;1;1;1.00000e+00;1.00000e+00;1.00000e+00;82;9.99993e-01;1.00490e+00;0.00000e+00
nav-lives;me-mlp;1;[8];267;26700;26700;2.01851e+02;23;1;1;1.00000e+00;1.00000e+00;1.00000e+00;82;9.99993e-01;1.00490e+00;0.00000e+00
nav-lives;me-mlp;1;[8];268;26800;26800;2.02697e+02;23;1;1;1.00000e+00;1.00000e+00;1.00000e+00;82;9.99993e-01;1.00490e+00;0.00000e+00
nav-lives;me-mlp;1;[8];269;26900;26900;2.03537e+02;23;1;1;1.00000e+00;1.00000e+00;1.00000e+00;82;9.99993e-01;1.00490e+00;0.00000e+00
nav-lives;me-mlp;1;[8];270;27000;27000;2.04388e+02;23;1;1;1.00000e+00;1.00000e+00;1.00000e+00;82;9.99993e-01;1.00490e+00;0.00000e+00
nav-lives;me-mlp;1;[8];271;27100;27100;2.05231e+02;23;1;1;1.00000e+00;1.00000e+00;1.00000e+00;82;9.99993e-01;1.00490e+00;0.00000e+00
nav-lives;me-mlp;1;[8];272;27200;27200;2.06093e+02;23;1;1;1.00000e+00;1.00000e+00;1.00000e+00;82;9.99993e-01;1.00490e+00;0.00000e+00
nav-lives;me-mlp;1;[8];273;27300;27300;2.06947e+02;23;1;1;1.00000e+00;1.00000e+00;1.00000e+00;82;9.99993e-01;1.00490e+00;0.00000e+00
nav-lives;me-mlp;1;[8];274;27400;27400;2.07802e+02;23;1;1;1.00000e+00;1.00000e+00;1.00000e+00;82;9.99993e-01;1.00490e+00;0.00000e+00
nav-lives;me-mlp;1;[8];275;27500;27500;2.08653e+02;23;1;1;1.00000e+00;1.00000e+00;1.00000e+00;82;9.99993e-01;1.00490e+00;0.00000e+00
nav-lives;me-mlp;1;[8];276;27600;27600;2.09515e+02;23;1;1;1.00000e+00;1.00000e+00;1.00000e+00;82;9.99993e-01;1.00490e+00;0.00000e+00
nav-lives;me-mlp;1;[8];277;27700;27700;2.10362e+02;23;1;1;1.00000e+00;1.00000e+00;1.00000e+00;82;9.99993e-01;1.00490e+00;0.00000e+00
nav-lives;me-mlp;1;[8];278;27800;27800;2.11229e+02;23;1;1;1.00000e+00;1.00000e+00;1.00000e+00;82;9.99993e-01;1.00490e+00;0.00000e+00
nav-lives;me-mlp;1;[8];279;27900;27900;2.12086e+02;23;1;1;1.00000e+00;1.00000e+00;1.00000e+00;82;9.99993e-01;1.00490e+00;0.00000e+00
nav-lives;me-mlp;1;[8];280;28000;28000;2.12966e+02;23;1;1;1.00000e+00;1.00000e+00;1.00000e+00;82;9.99993e-01;1.00490e+00;0.00000e+00
nav-lives;me-mlp;1;[8];281;28100;28100;2.13832e+02;23;1;1;1.00000e+00;1.00000e+00;1.00000e+00;82;9.99993e-01;1.00490e+00;0.00000e+00
nav-lives;me-mlp;1;[8];282;28200;28200;2.14704e+02;23;1;1;1.00000e+00;1.00000e+00;1.00000e+00;82;9.99993e-01;1.00490e+00;0.00000e+00
nav-lives;me-mlp;1;[8];283;28300;28300;2.15561e+02;23;1;1;1.00000e+00;1.00000e+00;1.00000e+00;82;9.99993e-01;1.00490e+00;0.00000e+00
nav-lives;me-mlp;1;[8];284;28400;28400;2.16422e+02;23;1;1;1.00000e+00;1.00000e+00;1.00000e+00;82;9.99993e-01;1.00490e+00;0.00000e+00
nav-lives;me-mlp;1;[8];285;28500;28500;2.17280e+02;23;1;1;1.00000e+00;1.00000e+00;1.00000e+00;82;9.99993e-01;1.00490e+00;0.00000e+00
nav-lives;me-mlp;1;[8];286;28600;28600;2.18184e+02;23;1;1;1.00000e+00;1.00000e+00;1.00000e+00;82;9.99993e-01;1.00490e+00;0.00000e+00
nav-lives;me-mlp;1;[8];287;28700;28700;2.19050e+02;23;1;1;1.00000e+00;1.00000e+00;1.00000e+00;82;9.99993e-01;1.00490e+00;0.00000e+00
nav-lives;me-mlp;1;[8];288;28800;28800;2.19921e+02;23;1;1;1.00000e+00;1.00000e+00;1.00000e+00;82;9.99993e-01;1.00490e+00;0.00000e+00
nav-lives;me-mlp;1;[8];289;28900;28900;2.20789e+02;23;1;1;1.00000e+00;1.00000e+00;1.00000e+00;82;9.99993e-01;1.00490e+00;0.00000e+00
nav-lives;me-mlp;1;[8];290;29000;29000;2.21669e+02;23;1;1;1.00000e+00;1.00000e+00;1.00000e+00;82;9.99993e-01;1.00490e+00;0.00000e+00
nav-lives;me-mlp;1;[8];291;29100;29100;2.22545e+02;23;1;1;1.00000e+00;1.00000e+00;1.00000e+00;82;9.99993e-01;1.00490e+00;0.00000e+00
nav-lives;me-mlp;1;[8];292;29200;29200;2.23419e+02;23;1;1;1.00000e+00;1.00000e+00;1.00000e+00;82;9.99993e-01;1.00490e+00;0.00000e+00
nav-lives;me-mlp;1;[8];293;29300;29300;2.24297e+02;23;1;1;1.00000e+00;1.00000e+00;1.00000e+00;82;9.99993e-01;1.00490e+00;0.00000e+00
nav-lives;me-mlp;1;[8];294;29400;29400;2.25165e+02;23;1;1;1.00000e+00;1.00000e+00;1.00000e+00;82;9.99993e-01;1.00490e+00;0.00000e+00
nav-lives;me-mlp;1;[8];295;29500;29500;2.26045e+02;23;1;1;1.00000e+00;1.00000e+00;1.00000e+00;82;9.99993e-01;1.00490e+00;0.00000e+00
nav-lives;me-mlp;1;[8];296;29600;29600;2.26928e+02;23;1;1;1.00000e+00;1.00000e+00;1.00000e+00;82;9.99993e-01;1.00490e+00;0.00000e+00
nav-lives;me-mlp;1;[8];297;29700;29700;2.27811e+02;23;1;1;1.00000e+00;1.00000e+00;1.00000e+00;82;9.99993e-01;1.00490e+00;0.00000e+00
nav-lives;me-mlp;1;[8];298;29800;29800;2.28705e+02;23;1;1;1.00000e+00;1.00000e+00;1.00000e+00;82;9.99993e-01;1.00490e+00;0.00000e+00
nav-lives;me-mlp;1;[8];299;29900;29900;2.29578e+02;23;1;1;1.00000e+00;1.00000e+00;1.00000e+00;82;9.99993e-01;1.00490e+00;0.00000e+00
nav-lives;me-mlp;1;[8];300;30000;30000;2.30479e+02;23;1;1;1.00000e+00;1.00000e+00;1.00000e+00;82;9.99993e-01;1.00490e+00;0.00000e+00
nav-lives;me-mlp;1;[8];301;30100;30100;2.31367e+02;23;1;1;1.00000e+00;1.00000e+00;1.00000e+00;82;9.99993e-01;1.00490e+00;0.00000e+00
nav-lives;me-mlp;1;[8];302;30200;30200;2.32261e+02;23;1;1;1.00000e+00;1.00000e+00;1.00000e+00;82;9.99993e-01;1.00490e+00;0.00000e+00
nav-lives;me-mlp;1;[8];303;30300;30300;2.33150e+02;23;1;1;1.00000e+00;1.00000e+00;1.00000e+00;82;9.99993e-01;1.00490e+00;0.00000e+00
nav-lives;me-mlp;1;[8];304;30400;30400;2.34030e+02;23;1;1;1.00000e+00;1.00000e+00;1.00000e+00;82;9.99993e-01;1.00490e+00;0.00000e+00
nav-lives;me-mlp;1;[8];305;30500;30500;2.34925e+02;23;1;1;1.00000e+00;1.00000e+00;1.00000e+00;82;9.99993e-01;1.00490e+00;0.00000e+00
nav-lives;me-mlp;1;[8];306;30600;30600;2.35816e+02;23;1;1;1.00000e+00;1.00000e+00;1.00000e+00;82;9.99993e-01;1.00490e+00;0.00000e+00
nav-lives;me-mlp;1;[8];307;30700;30700;2.36717e+02;23;1;1;1.00000e+00;1.00000e+00;1.00000e+00;82;9.99993e-01;1.00490e+00;0.00000e+00
nav-lives;me-mlp;1;[8];308;30800;30800;2.37617e+02;23;1;1;1.00000e+00;1.00000e+00;1.00000e+00;82;9.99993e-01;1.00490e+00;0.00000e+00
nav-lives;me-mlp;1;[8];309;30900;30900;2.38517e+02;23;1;1;1.00000e+00;1.00000e+00;1.00000e+00;82;9.99993e-01;1.00490e+00;0.00000e+00
nav-lives;me-mlp;1;[8];310;31000;31000;2.39415e+02;23;1;1;1.00000e+00;1.00000e+00;1.00000e+00;82;9.99993e-01;1.00490e+00;0.00000e+00
nav-lives;me-mlp;1;[8];311;31100;31100;2.40304e+02;23;1;1;1.00000e+00;1.00000e+00;1.00000e+00;82;9.99993e-01;1.00490e+00;0.00000e+00
nav-lives;me-mlp;1;[8];312;31200;31200;2.41178e+02;23;1;1;1.00000e+00;1.00000e+00;1.00000e+00;82;9.99993e-01;1.00490e+00;0.00000e+00
nav-lives;me-mlp;1;[8];313;31300;31300;2.42058e+02;23;1;1;1.00000e+00;1.00000e+00;1.00000e+00;82;9.99993e-01;1.00490e+00;0.00000e+00
nav-lives;me-mlp;1;[8];314;31400;31400;2.42938e+02;23;1;1;1.00000e+00;1.00000e+00;1.00000e+00;82;9.99993e-01;1.00490e+00;0.00000e+00
nav-lives;me-mlp;1;[8];315;31500;31500;2.43816e+02;23;1;1;1.00000e+00;1.00000e+00;1.00000e+00;82;9.99993e-01;1.00490e+00;0.00000e+00
nav-lives;me-mlp;1;[8];316;31600;31600;2.44678e+02;23;1;1;1.00000e+00;1.00000e+00;1.00000e+00;82;9.99993e-01;1.00490e+00;0.00000e+00
nav-lives;me-mlp;1;[8];317;31700;31700;2.45553e+02;23;1;1;1.00000e+00;1.00000e+00;1.00000e+00;82;9.99993e-01;1.00490e+00;0.00000e+00
nav-lives;me-mlp;1;[8];318;31800;31800;2.46418e+02;23;1;1;1.00000e+00;1.00000e+00;1.00000e+00;82;9.99993e-01;1.00490e+00;0.00000e+00
nav-lives;me-mlp;1;[8];319;31900;31900;2.47284e+02;23;1;1;1.00000e+00;1.00000e+00;1.00000e+00;82;9.99993e-01;1.00490e+00;0.00000e+00
nav-lives;me-mlp;1;[8];320;32000;32000;2.48151e+02;23;1;1;1.00000e+00;1.00000e+00;1.00000e+00;82;9.99993e-01;1.00490e+00;0.00000e+00
nav-lives;me-mlp;1;[8];321;32100;32100;2.49026e+02;23;1;1;1.00000e+00;1.00000e+00;1.00000e+00;82;9.99993e-01;1.00490e+00;0.00000e+00
nav-lives;me-mlp;1;[8];322;32200;32200;2.49899e+02;23;1;1;1.00000e+00;1.00000e+00;1.00000e+00;82;9.99993e-01;1.00490e+00;0.00000e+00
nav-lives;me-mlp;1;[8];323;32300;32300;2.50777e+02;23;1;1;1.00000e+00;1.00000e+00;1.00000e+00;82;9.99993e-01;1.00490e+00;0.00000e+00
nav-lives;me-mlp;1;[8];324;32400;32400;2.51643e+02;23;1;1;1.00000e+00;1.00000e+00;1.00000e+00;82;9.99993e-01;1.00490e+00;0.00000e+00
nav-lives;me-mlp;1;[8];325;32500;32500;2.52514e+02;23;1;1;1.00000e+00;1.00000e+00;1.00000e+00;82;9.99993e-01;1.00490e+00;0.00000e+00
nav-lives;me-mlp;1;[8];326;32600;32600;2.53396e+02;23;1;1;1.00000e+00;1.00000e+00;1.00000e+00;82;9.99993e-01;1.00490e+00;0.00000e+00
nav-lives;me-mlp;1;[8];327;32700;32700;2.54269e+02;23;1;1;1.00000e+00;1.00000e+00;1.00000e+00;82;9.99993e-01;1.00490e+00;0.00000e+00
nav-lives;me-mlp;1;[8];328;32800;32800;2.55138e+02;23;1;1;1.00000e+00;1.00000e+00;1.00000e+00;82;9.99993e-01;1.00490e+00;0.00000e+00
nav-lives;me-mlp;1;[8];329;32900;32900;2.56005e+02;23;1;1;1.00000e+00;1.00000e+00;1.00000e+00;82;9.99993e-01;1.00490e+00;0.00000e+00
nav-lives;me-mlp;1;[8];330;33000;33000;2.56869e+02;23;1;1;1.00000e+00;1.00000e+00;1.00000e+00;82;9.99993e-01;1.00490e+00;0.00000e+00
nav-lives;me-mlp;1;[8];331;33100;33100;2.57727e+02;23;1;1;1.00000e+00;1.00000e+00;1.00000e+00;82;9.99993e-01;1.00490e+00;0.00000e+00
nav-lives;me-mlp;1;[8];332;33200;33200;2.58594e+02;23;1;1;1.00000e+00;1.00000e+00;1.00000e+00;82;9.99993e-01;1.00490e+00;0.00000e+00
nav-lives;me-mlp;1;[8];333;33300;33300;2.59457e+02;23;1;1;1.00000e+00;1.00000e+00;1.00000e+00;82;9.99993e-01;1.00490e+00;0.00000e+00
nav-lives;me-mlp;1;[8];334;33400;33400;2.60335e+02;23;1;1;1.00000e+00;1.00000e+00;1.00000e+00;82;9.99993e-01;1.00490e+00;0.00000e+00
nav-lives;me-mlp;1;[8];335;33500;33500;2.61228e+02;23;1;1;1.00000e+00;1.00000e+00;1.00000e+00;82;9.99993e-01;1.00490e+00;0.00000e+00
nav-lives;me-mlp;1;[8];336;33600;33600;2.62102e+02;23;1;1;1.00000e+00;1.00000e+00;1.00000e+00;82;9.99993e-01;1.00490e+00;0.00000e+00
nav-lives;me-mlp;1;[8];337;33700;33700;2.62973e+02;23;1;1;1.00000e+00;1.00000e+00;1.00000e+00;82;9.99993e-01;1.00490e+00;0.00000e+00
nav-lives;me-mlp;1;[8];338;33800;33800;2.63844e+02;23;1;1;1.00000e+00;1.00000e+00;1.00000e+00;82;9.99993e-01;1.00490e+00;0.00000e+00
nav-lives;me-mlp;1;[8];339;33900;33900;2.64717e+02;23;1;1;1.00000e+00;1.00000e+00;1.00000e+00;82;9.99993e-01;1.00490e+00;0.00000e+00
nav-lives;me-mlp;1;[8];340;34000;34000;2.65592e+02;23;1;1;1.00000e+00;1.00000e+00;1.00000e+00;82;9.99993e-01;1.00490e+00;0.00000e+00
nav-lives;me-mlp;1;[8];341;34100;34100;2.66469e+02;23;1;1;1.00000e+00;1.00000e+00;1.00000e+00;82;9.99993e-01;1.00490e+00;0.00000e+00
nav-lives;me-mlp;1;[8];342;34200;34200;2.67335e+02;23;1;1;1.00000e+00;1.00000e+00;1.00000e+00;82;9.99993e-01;1.00490e+00;0.00000e+00
nav-lives;me-mlp;1;[8];343;34300;34300;2.68204e+02;23;1;1;1.00000e+00;1.00000e+00;1.00000e+00;82;9.99993e-01;1.00490e+00;0.00000e+00
nav-lives;me-mlp;1;[8];344;34400;34400;2.69060e+02;23;1;1;1.00000e+00;1.00000e+00;1.00000e+00;82;9.99993e-01;1.00490e+00;0.00000e+00
nav-lives;me-mlp;1;[8];345;34500;34500;2.69926e+02;23;1;1;1.00000e+00;1.00000e+00;1.00000e+00;82;9.99993e-01;1.00490e+00;0.00000e+00
nav-lives;me-mlp;1;[8];346;34600;34600;2.70796e+02;23;1;1;1.00000e+00;1.00000e+00;1.00000e+00;82;9.99993e-01;1.00490e+00;0.00000e+00
nav-lives;me-mlp;1;[8];347;34700;34700;2.71665e+02;23;1;1;1.00000e+00;1.00000e+00;1.00000e+00;82;9.99993e-01;1.00490e+00;0.00000e+00
nav-lives;me-mlp;1;[8];348;34800;34800;2.72532e+02;23;1;1;1.00000e+00;1.00000e+00;1.00000e+00;82;9.99993e-01;1.00490e+00;0.00000e+00
nav-lives;me-mlp;1;[8];349;34900;34900;2.73398e+02;23;1;1;1.00000e+00;1.00000e+00;1.00000e+00;82;9.99993e-01;1.00490e+00;0.00000e+00
nav-lives;me-mlp;1;[8];350;35000;35000;2.74263e+02;23;1;1;1.00000e+00;1.00000e+00;1.00000e+00;82;9.99993e-01;1.00490e+00;0.00000e+00
nav-lives;me-mlp;1;[8];351;35100;35100;2.75120e+02;23;1;1;1.00000e+00;1.00000e+00;1.00000e+00;82;9.99993e-01;1.00490e+00;0.00000e+00
nav-lives;me-mlp;1;[8];352;35200;35200;2.75979e+02;23;1;1;1.00000e+00;1.00000e+00;1.00000e+00;82;9.99993e-01;1.00490e+00;0.00000e+00
nav-lives;me-mlp;1;[8];353;35300;35300;2.76844e+02;23;1;1;1.00000e+00;1.00000e+00;1.00000e+00;82;9.99993e-01;1.00490e+00;0.00000e+00
nav-lives;me-mlp;1;[8];354;35400;35400;2.77715e+02;23;1;1;1.00000e+00;1.00000e+00;1.00000e+00;82;9.99993e-01;1.00490e+00;0.00000e+00
nav-lives;me-mlp;1;[8];355;35500;35500;2.78604e+02;23;1;1;1.00000e+00;1.00000e+00;1.00000e+00;82;9.99993e-01;1.00490e+00;0.00000e+00
nav-lives;me-mlp;1;[8];356;35600;35600;2.79492e+02;23;1;1;1.00000e+00;1.00000e+00;1.00000e+00;82;9.99993e-01;1.00490e+00;0.00000e+00
nav-lives;me-mlp;1;[8];357;35700;35700;2.80356e+02;23;1;1;1.00000e+00;1.00000e+00;1.00000e+00;82;9.99993e-01;1.00490e+00;0.00000e+00
nav-lives;me-mlp;1;[8];358;35800;35800;2.81222e+02;23;1;1;1.00000e+00;1.00000e+00;1.00000e+00;82;9.99993e-01;1.00490e+00;0.00000e+00
nav-lives;me-mlp;1;[8];359;35900;35900;2.82081e+02;23;1;1;1.00000e+00;1.00000e+00;1.00000e+00;82;9.99993e-01;1.00490e+00;0.00000e+00
nav-lives;me-mlp;1;[8];360;36000;36000;2.82939e+02;23;1;1;1.00000e+00;1.00000e+00;1.00000e+00;82;9.99993e-01;1.00490e+00;0.00000e+00
nav-lives;me-mlp;1;[8];361;36100;36100;2.83803e+02;23;1;1;1.00000e+00;1.00000e+00;1.00000e+00;82;9.99993e-01;1.00490e+00;0.00000e+00
nav-lives;me-mlp;1;[8];362;36200;36200;2.84671e+02;23;1;1;1.00000e+00;1.00000e+00;1.00000e+00;82;9.99993e-01;1.00490e+00;0.00000e+00
nav-lives;me-mlp;1;[8];363;36300;36300;2.85534e+02;23;1;1;1.00000e+00;1.00000e+00;1.00000e+00;82;9.99993e-01;1.00490e+00;0.00000e+00
nav-lives;me-mlp;1;[8];364;36400;36400;2.86392e+02;23;1;1;1.00000e+00;1.00000e+00;1.00000e+00;82;9.99993e-01;1.00490e+00;0.00000e+00
nav-lives;me-mlp;1;[8];365;36500;36500;2.87256e+02;23;1;1;1.00000e+00;1.00000e+00;1.00000e+00;82;9.99993e-01;1.00490e+00;0.00000e+00
nav-lives;me-mlp;1;[8];366;36600;36600;2.88122e+02;23;1;1;1.00000e+00;1.00000e+00;1.00000e+00;82;9.99993e-01;1.00490e+00;0.00000e+00
nav-lives;me-mlp;1;[8];367;36700;36700;2.88990e+02;23;1;1;1.00000e+00;1.00000e+00;1.00000e+00;82;9.99993e-01;1.00490e+00;0.00000e+00
nav-lives;me-mlp;1;[8];368;36800;36800;2.89873e+02;23;1;1;1.00000e+00;1.00000e+00;1.00000e+00;82;9.99993e-01;1.00490e+00;0.00000e+00
nav-lives;me-mlp;1;[8];369;36900;36900;2.90742e+02;23;1;1;1.00000e+00;1.00000e+00;1.00000e+00;82;9.99993e-01;1.00490e+00;0.00000e+00
nav-lives;me-mlp;1;[8];370;37000;37000;2.91611e+02;23;1;1;1.00000e+00;1.00000e+00;1.00000e+00;82;9.99993e-01;1.00490e+00;0.00000e+00
nav-lives;me-mlp;1;[8];371;37100;37100;2.92468e+02;23;1;1;1.00000e+00;1.00000e+00;1.00000e+00;82;9.99993e-01;1.00490e+00;0.00000e+00
nav-lives;me-mlp;1;[8];372;37200;37200;2.93335e+02;23;1;1;1.00000e+00;1.00000e+00;1.00000e+00;82;9.99993e-01;1.00490e+00;0.00000e+00
nav-lives;me-mlp;1;[8];373;37300;37300;2.94192e+02;23;1;1;1.00000e+00;1.00000e+00;1.00000e+00;82;9.99993e-01;1.00490e+00;0.00000e+00
nav-lives;me-mlp;1;[8];374;37400;37400;2.95038e+02;23;1;1;1.00000e+00;1.00000e+00;1.00000e+00;82;9.99993e-01;1.00490e+00;0.00000e+00
nav-lives;me-mlp;1;[8];375;37500;37500;2.95903e+02;23;1;1;1.00000e+00;1.00000e+00;1.00000e+00;82;9.99993e-01;1.00490e+00;0.00000e+00
nav-lives;me-mlp;1;[8];376;37600;37600;2.96770e+02;23;1;1;1.00000e+00;1.00000e+00;1.00000e+00;82;9.99993e-01;1.00490e+00;0.00000e+00
nav-lives;me-mlp;1;[8];377;37700;37700;2.97622e+02;23;1;1;1.00000e+00;1.00000e+00;1.00000e+00;82;9.99993e-01;1.00490e+00;0.00000e+00
nav-lives;me-mlp;1;[8];378;37800;37800;2.98488e+02;23;1;1;1.00000e+00;1.00000e+00;1.00000e+00;82;9.99993e-01;1.00490e+00;0.00000e+00
nav-lives;me-mlp;1;[8];379;37900;37900;2.99348e+02;23;1;1;1.00000e+00;1.00000e+00;1.00000e+00;82;9.99993e-01;1.00490e+00;0.00000e+00
nav-lives;me-mlp;1;[8];380;38000;38000;3.00216e+02;23;1;1;1.00000e+00;1.00000e+00;1.00000e+00;82;9.99993e-01;1.00490e+00;0.00000e+00
nav-lives;me-mlp;1;[8];381;38100;38100;3.01066e+02;23;1;1;1.00000e+00;1.00000e+00;1.00000e+00;82;9.99993e-01;1.00490e+00;0.00000e+00
nav-lives;me-mlp;1;[8];382;38200;38200;3.01920e+02;23;1;1;1.00000e+00;1.00000e+00;1.00000e+00;82;9.99993e-01;1.00490e+00;0.00000e+00
nav-lives;me-mlp;1;[8];383;38300;38300;3.02783e+02;23;1;1;1.00000e+00;1.00000e+00;1.00000e+00;82;9.99993e-01;1.00490e+00;0.00000e+00
nav-lives;me-mlp;1;[8];384;38400;38400;3.03646e+02;23;1;1;1.00000e+00;1.00000e+00;1.00000e+00;82;9.99993e-01;1.00490e+00;0.00000e+00
nav-lives;me-mlp;1;[8];385;38500;38500;3.04497e+02;23;1;1;1.00000e+00;1.00000e+00;1.00000e+00;82;9.99993e-01;1.00490e+00;0.00000e+00
nav-lives;me-mlp;1;[8];386;38600;38600;3.05397e+02;23;1;1;1.00000e+00;1.00000e+00;1.00000e+00;82;9.99993e-01;1.00490e+00;0.00000e+00
nav-lives;me-mlp;1;[8];387;38700;38700;3.06254e+02;23;1;1;1.00000e+00;1.00000e+00;1.00000e+00;82;9.99993e-01;1.00490e+00;0.00000e+00
nav-lives;me-mlp;1;[8];388;38800;38800;3.07115e+02;23;1;1;1.00000e+00;1.00000e+00;1.00000e+00;82;9.99993e-01;1.00490e+00;0.00000e+00
nav-lives;me-mlp;1;[8];389;38900;38900;3.07977e+02;23;1;1;1.00000e+00;1.00000e+00;1.00000e+00;82;9.99993e-01;1.00490e+00;0.00000e+00
nav-lives;me-mlp;1;[8];390;39000;39000;3.08826e+02;23;1;1;1.00000e+00;1.00000e+00;1.00000e+00;82;9.99993e-01;1.00490e+00;0.00000e+00
nav-lives;me-mlp;1;[8];391;39100;39100;3.09677e+02;23;1;1;1.00000e+00;1.00000e+00;1.00000e+00;82;9.99993e-01;1.00490e+00;0.00000e+00
nav-lives;me-mlp;1;[8];392;39200;39200;3.10562e+02;23;1;1;1.00000e+00;1.00000e+00;1.00000e+00;82;9.99993e-01;1.00490e+00;0.00000e+00
nav-lives;me-mlp;1;[8];393;39300;39300;3.11422e+02;23;1;1;1.00000e+00;1.00000e+00;1.00000e+00;82;9.99993e-01;1.00490e+00;0.00000e+00
nav-lives;me-mlp;1;[8];394;39400;39400;3.12287e+02;23;1;1;1.00000e+00;1.00000e+00;1.00000e+00;82;9.99993e-01;1.00490e+00;0.00000e+00
nav-lives;me-mlp;1;[8];395;39500;39500;3.13304e+02;23;1;1;1.00000e+00;1.00000e+00;1.00000e+00;82;9.99993e-01;1.00490e+00;0.00000e+00
nav-lives;me-mlp;1;[8];396;39600;39600;3.14167e+02;23;1;1;1.00000e+00;1.00000e+00;1.00000e+00;82;9.99993e-01;1.00490e+00;0.00000e+00
nav-lives;me-mlp;1;[8];397;39700;39700;3.15019e+02;23;1;1;1.00000e+00;1.00000e+00;1.00000e+00;82;9.99993e-01;1.00490e+00;0.00000e+00
nav-lives;me-mlp;1;[8];398;39800;39800;3.15879e+02;23;1;1;1.00000e+00;1.00000e+00;1.00000e+00;82;9.99993e-01;1.00490e+00;0.00000e+00
nav-lives;me-mlp;1;[8];399;39900;39900;3.16742e+02;23;1;1;1.00000e+00;1.00000e+00;1.00000e+00;82;9.99993e-01;1.00490e+00;0.00000e+00
nav-lives;me-mlp;1;[8];400;40000;40000;3.17600e+02;23;1;1;1.00000e+00;1.00000e+00;1.00000e+00;82;9.99993e-01;1.00490e+00;0.00000e+00
nav-lives;me-mlp;2;[8];1;100;100;1.01900e+00;2;1;1;1.00000e+00;1.00000e+00;1.00000e+00;82;1.28884e-01;1.34864e-01;3.41706e-01
nav-lives;me-mlp;2;[8];2;200;200;1.93500e+00;5;1;1;1.00000e+00;1.00000e+00;1.00000e+00;82;8.16261e-01;8.20679e-01;3.86997e-01
nav-lives;me-mlp;2;[8];3;300;300;2.79900e+00;8;1;1;1.00000e+00;1.00000e+00;1.00000e+00;82;9.99850e-01;1.00429e+00;2.87406e-04
nav-lives;me-mlp;2;[8];4;400;400;3.68300e+00;10;1;1;1.00000e+00;1.00000e+00;1.00000e+00;82;9.99850e-01;1.00429e+00;2.87406e-04
nav-lives;me-mlp;2;[8];5;500;500;4.56900e+00;11;1;1;1.00000e+00;1.00000e+00;1.00000e+00;82;9.99850e-01;1.00429e+00;2.87406e-04
nav-lives;me-mlp;2;[8];6;600;600;5.45600e+00;13;1;1;1.00000e+00;1.00000e+00;1.00000e+00;82;9.99850e-01;1.00429e+00;2.87406e-04
nav-lives;me-mlp;2;[8];7;700;700;6.32100e+00;13;1;1;1.00000e+00;1.00000e+00;1.00000e+00;82;9.99850e-01;1.00429e+00;2.87406e-04
nav-lives;me-mlp;2;[8];8;800;800;7.19600e+00;14;1;1;1.00000e+00;1.00000e+00;1.00000e+00;82;9.99850e-01;1.00429e+00;2.87406e-04
nav-lives;me-mlp;2;[8];9;900;900;8.06900e+00;15;1;1;1.00000e+00;1.00000e+00;1.00000e+00;82;9.99850e-01;1.00429e+00;2.87406e-04
nav-lives;me-mlp;2;[8];10;1000;1000;9.21900e+00;15;1;1;1.00000e+00;1.00000e+00;1.00000e+00;82;9.99850e-01;1.00429e+00;2.87406e-04
nav-lives;me-mlp;2;[8];11;1100;1100;1.01530e+01;15;1;1;1.00000e+00;1.00000e+00;1.00000e+00;82;9.99850e-01;1.00429e+00;2.87406e-04
nav-lives;me-mlp;2;[8];12;1200;1200;1.11080e+01;15;1;1;1.00000e+00;1.00000e+00;1.00000e+00;82;9.99850e-01;1.00429e+00;2.87406e-04
nav-lives;me-mlp;2;[8];13;1300;1300;1.20560e+01;15;1;1;1.00000e+00;1.00000e+00;1.00000e+00;82;9.99850e-01;1.00429e+00;2.87406e-04
nav-lives;me-mlp;2;[8];14;1400;1400;1.29890e+01;15;1;1;1.00000e+00;1.00000e+00;1.00000e+00;82;9.99850e-01;1.00429e+00;2.87406e-04
nav-lives;me-mlp;2;[8];15;1500;1500;1.39170e+01;15;1;1;1.00000e+00;1.00000e+00;1.00000e+00;82;9.99850e-01;1.00429e+00;2.87406e-04
nav-lives;me-mlp;2;[8];16;1600;1600;1.48480e+01;15;1;1;1.00000e+00;1.00000e+00;1.00000e+00;82;9.99850e-01;1.00429e+00;2.87406e-04
nav-lives;me-mlp;2;[8];17;1700;1700;1.57770e+01;15;1;1;1.00000e+00;1.00000e+00;1.00000e+00;82;9.99850e-01;1.00429e+00;2.87406e-04
nav-lives;me-mlp;2;[8];18;1800;1800;1.67020e+01;16;1;1;1.00000e+00;1.00000e+00;1.00000e+00;82;9.99850e-01;1.00429e+00;2.87406e-04
nav-lives;me-mlp;2;[8];19;1900;1900;1.76530e+01;16;1;1;1.00000e+00;1.00000e+00;1.00000e+00;82;9.99850e-01;1.00429e+00;2.87406e-04
nav-lives;me-mlp;2;[8];20;2000;2000;1.86100e+01;16;1;1;1.00000e+00;1.00000e+00;1.00000e+00;82;9.99850e-01;1.00429e+00;2.87406e-04
nav-lives;me-mlp;2;[8];21;2100;2100;1.97320e+01;16;1;1;1.00000e+00;1.00000e+00;1.00000e+00;82;9.99850e-01;1.00429e+00;2.87406e-04
nav-lives;me-mlp;2;[8];22;2200;2200;2.06530e+01;16;1;1;1.00000e+00;1.00000e+00;1.00000e+00;82;9.99850e-01;1.00429e+00;2.87406e-04
nav-lives;me-mlp;2;[8];23;2300;2300;2.15750e+01;16;1;1;1.00000e+00;1.00000e+00;1.00000e+00;82;9.99850e-01;1.00429e+00;2.87406e-04
nav-lives;me-mlp;2;[8];24;2400;2400;2.24840e+01;16;1;1;1.00000e+00;1.00000e+00;1.00000e+00;82;9.99850e-01;1.00429e+00;2.87406e-04
nav-lives;me-mlp;2;[8];25;2500;2500;2.34210e+01;16;1;1;1.00000e+00;1.00000e+00;1.00000e+00;82;9.99850e-01;1.00429e+00;2.87406e-04
nav-lives;me-mlp;2;[8];26;2600;2600;2.43330e+01;18;1;1;1.00000e+00;1.00000e+00;1.00000e+00;82;9.99850e-01;1.00429e+00;2.87406e-04
nav-lives;me-mlp;2;[8];27;2700;2700;2.52690e+01;19;1;1;1.00000e+00;1.00000e+00;1.00000e+00;82;9.99850e-01;1.00429e+00;2.87406e-04
nav-lives;me-mlp;2;[8];28;2800;2800;2.62100e+01;19;1;1;1.00000e+00;1.00000e+00;1.00000e+00;82;9.99850e-01;1.00429e+00;2.87406e-04
nav-lives;me-mlp;2;[8];29;2900;2900;2.71460e+01;19;1;1;1.00000e+00;1.00000e+00;1.00000e+00;82;9.99850e-01;1.00429e+00;2.87406e-04
nav-lives;me-mlp;2;[8];30;3000;3000;2.80540e+01;19;1;1;1.00000e+00;1.00000e+00;1.00000e+00;82;9.99980e-01;1.00516e+00;4.02811e-10
nav-lives;me-mlp;2;[8];31;3100;3100;2.89570e+01;19;1;1;1.00000e+00;1.00000e+00;1.00000e+00;82;9.99980e-01;1.00516e+00;4.02811e-10
nav-lives;me-mlp;2;[8];32;3200;3200;2.98930e+01;19;1;1;1.00000e+00;1.00000e+00;1.00000e+00;82;9.99980e-01;1.00516e+00;4.02811e-10
nav-lives;me-mlp;2;[8];33;3300;3300;3.08260e+01;19;1;1;1.00000e+00;1.00000e+00;1.00000e+00;82;9.99980e-01;1.00516e+00;4.02811e-10
nav-lives;me-mlp;2;[8];34;3400;3400;3.17340e+01;20;1;1;1.00000e+00;1.00000e+00;1.00000e+00;82;9.99980e-01;1.00516e+00;4.02811e-10
nav-lives;me-mlp;2;[8];35;3500;3500;3.26590e+01;20;1;1;1.00000e+00;1.00000e+00;1.00000e+00;82;9.99980e-01;1.00516e+00;4.02811e-10
nav-lives;me-mlp;2;[8];36;3600;3600;3.35690e+01;20;1;1;1.00000e+00;1.00000e+00;1.00000e+00;82;9.99990e-01;1.00558e+00;1.42634e-05
nav-lives;me-mlp;2;[8];37;3700;3700;3.44870e+01;20;1;1;1.00000e+00;1.00000e+00;1.00000e+00;82;9.99990e-01;1.00558e+00;1.42634e-05
nav-lives;me-mlp;2;[8];38;3800;3800;3.54220e+01;20;1;1;1.00000e+00;1.00000e+00;1.00000e+00;82;9.99990e-01;1.00558e+00;1.42634e-05
nav-lives;me-mlp;2;[8];39;3900;3900;3.63420e+01;20;1;1;1.00000e+00;1.00000e+00;1.00000e+00;82;9.99990e-01;1.00558e+00;1.42634e-05
nav-lives;me-mlp;2;[8];40;4000;4000;3.72620e+01;20;1;1;1.00000e+00;1.00000e+00;1.00000e+00;82;9.99990e-01;1.00558e+00;1.42634e-05
nav-lives;me-mlp;2;[8];41;4100;4100;3.81950e+01;20;1;1;1.00000e+00;1.00000e+00;1.00000e+00;82;9.99990e-01;1.00558e+00;1.42634e-05
nav-lives;me-mlp;2;[8];42;4200;4200;3.91250e+01;20;1;1;1.00000e+00;1.00000e+00;1.00000e+00;82;9.99990e-01;1.00558e+00;1.42634e-05
nav-lives;me-mlp;2;[8];43;4300;4300;4.00510e+01;20;1;1;1.00000e+00;1.00000e+00;1.00000e+00;82;9.99990e-01;1.00558e+00;1.42634e-05
nav-lives;me-mlp;2;[8];44;4400;4400;4.09880e+01;20;1;1;1.00000e+00;1.00000e+00;1.00000e+00;82;9.99990e-01;1.00558e+00;1.42634e-05
nav-lives;me-mlp;2;[8];45;4500;4500;4.19170e+01;20;1;1;1.00000e+00;1.00000e+00;1.00000e+00;82;9.99990e-01;1.00558e+00;1.42634e-05
nav-lives;me-mlp;2;[8];46;4600;4600;4.28350e+01;21;1;1;1.00000e+00;1.00000e+00;1.00000e+00;82;9.99990e-01;1.00558e+00;1.42634e-05
nav-lives;me-mlp;2;[8];47;4700;4700;4.37610e+01;21;1;1;1.00000e+00;1.00000e+00;1.00000e+00;82;9.99990e-01;1.00558e+00;1.42634e-05
nav-lives;me-mlp;2;[8];48;4800;4800;4.46900e+01;21;1;1;1.00000e+00;1.00000e+00;1.00000e+00;82;9.99990e-01;1.00558e+00;1.42634e-05
nav-lives;me-mlp;2;[8];49;4900;4900;4.56140e+01;21;1;1;1.00000e+00;1.00000e+00;1.00000e+00;82;9.99990e-01;1.00558e+00;1.42634e-05
nav-lives;me-mlp;2;[8];50;5000;5000;4.65270e+01;21;1;1;1.00000e+00;1.00000e+00;1.00000e+00;82;9.99990e-01;1.00558e+00;1.42634e-05
nav-lives;me-mlp;2;[8];51;5100;5100;4.74500e+01;21;1;1;1.00000e+00;1.00000e+00;1.00000e+00;82;9.99990e-01;1.00558e+00;1.42634e-05
nav-lives;me-mlp;2;[8];52;5200;5200;4.83630e+01;21;1;1;1.00000e+00;1.00000e+00;1.00000e+00;82;9.99990e-01;1.00558e+00;1.42634e-05
nav-lives;me-mlp;2;[8];53;5300;5300;4.92850e+01;21;1;1;1.00000e+00;1.00000e+00;1.00000e+00;82;9.99990e-01;1.00558e+00;1.42634e-05
nav-lives;me-mlp;2;[8];54;5400;5400;5.01900e+01;21;1;1;1.00000e+00;1.00000e+00;1.00000e+00;82;9.99990e-01;1.00558e+00;1.42634e-05
nav-lives;me-mlp;2;[8];55;5500;5500;5.11130e+01;21;1;1;1.00000e+00;1.00000e+00;1.00000e+00;82;9.99990e-01;1.00558e+00;1.42634e-05
nav-lives;me-mlp;2;[8];56;5600;5600;5.20390e+01;21;1;1;1.00000e+00;1.00000e+00;1.00000e+00;82;9.99990e-01;1.00558e+00;1.42634e-05
nav-lives;me-mlp;2;[8];57;5700;5700;5.29600e+01;21;1;1;1.00000e+00;1.00000e+00;1.00000e+00;82;9.99990e-01;1.00558e+00;1.42634e-05
nav-lives;me-mlp;2;[8];58;5800;5800;5.38860e+01;21;1;1;1.00000e+00;1.00000e+00;1.00000e+00;82;9.99990e-01;1.00558e+00;1.42634e-05
nav-lives;me-mlp;2;[8];59;5900;5900;5.48060e+01;21;1;1;1.00000e+00;1.00000e+00;1.00000e+00;82;9.99990e-01;1.00558e+00;1.42634e-05
nav-lives;me-mlp;2;[8];60;6000;6000;5.57410e+01;21;1;1;1.00000e+00;1.00000e+00;1.00000e+00;82;9.99990e-01;1.00558e+00;1.42634e-05
nav-lives;me-mlp;2;[8];61;6100;6100;5.66600e+01;21;1;1;1.00000e+00;1.00000e+00;1.00000e+00;82;9.99990e-01;1.00558e+00;1.42634e-05
nav-lives;me-mlp;2;[8];62;6200;6200;5.75880e+01;21;1;1;1.00000e+00;1.00000e+00;1.00000e+00;82;9.99990e-01;1.00558e+00;1.42634e-05
nav-lives;me-mlp;2;[8];63;6300;6300;5.85100e+01;21;1;1;1.00000e+00;1.00000e+00;1.00000e+00;82;9.99990e-01;1.00558e+00;1.42634e-05
nav-lives;me-mlp;2;[8];64;6400;6400;5.94400e+01;21;1;1;1.00000e+00;1.00000e+00;1.00000e+00;82;9.99990e-01;1.00558e+00;1.42634e-05
nav-lives;me-mlp;2;[8];65;6500;6500;6.03650e+01;21;1;1;1.00000e+00;1.00000e+00;1.00000e+00;82;9.99990e-01;1.00558e+00;1.42634e-05
nav-lives;me-mlp;2;[8];66;6600;6600;6.12780e+01;21;1;1;1.00000e+00;1.00000e+00;1.00000e+00;82;9.99990e-01;1.00558e+00;1.42634e-05
nav-lives;me-mlp;2;[8];67;6700;6700;6.21950e+01;21;1;1;1.00000e+00;1.00000e+00;1.00000e+00;82;9.99990e-01;1.00558e+00;1.42634e-05
nav-lives;me-mlp;2;[8];68;6800;6800;6.31390e+01;21;1;1;1.00000e+00;1.00000e+00;1.00000e+00;82;9.99990e-01;1.00558e+00;1.42634e-05
nav-lives;me-mlp;2;[8];69;6900;6900;6.40650e+01;21;1;1;1.00000e+00;1.00000e+00;1.00000e+00;82;9.99990e-01;1.00558e+00;1.42634e-05
nav-lives;me-mlp;2;[8];70;7000;7000;6.49860e+01;21;1;1;1.00000e+00;1.00000e+00;1.00000e+00;82;9.99990e-01;1.00558e+00;1.42634e-05
nav-lives;me-mlp;2;[8];71;7100;7100;6.58940e+01;21;1;1;1.00000e+00;1.00000e+00;1.00000e+00;82;9.99990e-01;1.00558e+00;1.42634e-05
nav-lives;me-mlp;2;[8];72;7200;7200;6.68140e+01;21;1;1;1.00000e+00;1.00000e+00;1.00000e+00;82;9.99990e-01;1.00558e+00;1.42634e-05
nav-lives;me-mlp;2;[8];73;7300;7300;6.77460e+01;21;1;1;1.00000e+00;1.00000e+00;1.00000e+00;82;9.99990e-01;1.00558e+00;1.42634e-05
nav-lives;me-mlp;2;[8];74;7400;7400;6.86690e+01;21;1;1;1.00000e+00;1.00000e+00;1.00000e+00;82;9.99990e-01;1.00558e+00;1.42634e-05
nav-lives;me-mlp;2;[8];75;7500;7500;6.95910e+01;21;1;1;1.00000e+00;1.00000e+00;1.00000e+00;82;9.99990e-01;1.00558e+00;1.42634e-05
nav-lives;me-mlp;2;[8];76;7600;7600;7.05090e+01;21;1;1;1.00000e+00;1.00000e+00;1.00000e+00;82;9.99990e-01;1.00558e+00;1.42634e-05
nav-lives;me-mlp;2;[8];77;7700;7700;7.14420e+01;21;1;1;1.00000e+00;1.00000e+00;1.00000e+00;82;9.99990e-01;1.00558e+00;1.42634e-05
nav-lives;me-mlp;2;[8];78;7800;7800;7.23620e+01;21;1;1;1.00000e+00;1.00000e+00;1.00000e+00;82;9.99990e-01;1.00558e+00;1.42634e-05
nav-lives;me-mlp;2;[8];79;7900;7900;7.32960e+01;21;1;1;1.00000e+00;1.00000e+00;1.00000e+00;82;9.99990e-01;1.00558e+00;1.42634e-05
nav-lives;me-mlp;2;[8];80;8000;8000;7.42180e+01;22;1;1;1.00000e+00;1.00000e+00;1.00000e+00;82;9.99990e-01;1.00558e+00;1.42634e-05
nav-lives;me-mlp;2;[8];81;8100;8100;7.51480e+01;22;1;1;1.00000e+00;1.00000e+00;1.00000e+00;82;9.99990e-01;1.00558e+00;1.42634e-05
nav-lives;me-mlp;2;[8];82;8200;8200;7.60660e+01;22;1;1;1.00000e+00;1.00000e+00;1.00000e+00;82;9.99990e-01;1.00558e+00;1.42634e-05
nav-lives;me-mlp;2;[8];83;8300;8300;7.70000e+01;22;1;1;1.00000e+00;1.00000e+00;1.00000e+00;82;9.99990e-01;1.00558e+00;1.42634e-05
nav-lives;me-mlp;2;[8];84;8400;8400;7.79330e+01;22;1;1;1.00000e+00;1.00000e+00;1.00000e+00;82;9.99990e-01;1.00558e+00;1.42634e-05
nav-lives;me-mlp;2;[8];85;8500;8500;7.88550e+01;22;1;1;1.00000e+00;1.00000e+00;1.00000e+00;82;9.99990e-01;1.00558e+00;1.42634e-05
nav-lives;me-mlp;2;[8];86;8600;8600;7.98090e+01;22;1;1;1.00000e+00;1.00000e+00;1.00000e+00;82;9.99990e-01;1.00558e+00;1.42634e-05
nav-lives;me-mlp;2;[8];87;8700;8700;8.07510e+01;22;1;1;1.00000e+00;1.00000e+00;1.00000e+00;82;9.99990e-01;1.00558e+00;1.42634e-05
nav-lives;me-mlp;2;[8];88;8800;8800;8.16830e+01;22;1;1;1.00000e+00;1.00000e+00;1.00000e+00;82;9.99990e-01;1.00558e+00;1.42634e-05
nav-lives;me-mlp;2;[8];89;8900;8900;8.26090e+01;22;1;1;1.00000e+00;1.00000e+00;1.00000e+00;82;9.99990e-01;1.00558e+00;1.42634e-05
nav-lives;me-mlp;2;[8];90;9000;9000;8.35370e+01;22;1;1;1.00000e+00;1.00000e+00;1.00000e+00;82;9.99990e-01;1.00558e+00;1.42634e-05
nav-lives;me-mlp;2;[8];91;9100;9100;8.44830e+01;22;1;1;1.00000e+00;1.00000e+00;1.00000e+00;82;9.99990e-01;1.00558e+00;1.42634e-05
nav-lives;me-mlp;2;[8];92;9200;9200;8.54480e+01;22;1;1;1.00000e+00;1.00000e+00;1.00000e+00;82;9.99990e-01;1.00558e+00;1.42634e-05
nav-lives;me-mlp;2;[8];93;9300;9300;8.63870e+01;22;1;1;1.00000e+00;1.00000e+00;1.00000e+00;82;9.99990e-01;1.00558e+00;1.42634e-05
nav-lives;me-mlp;2;[8];94;9400;9400;8.73220e+01;22;1;1;1.00000e+00;1.00000e+00;1.00000e+00;82;9.99990e-01;1.00558e+00;1.42634e-05
nav-lives;me-mlp;2;[8];95;9500;9500;8.82470e+01;23;1;1;1.00000e+00;1.00000e+00;1.00000e+00;82;9.99990e-01;1.00558e+00;1.42634e-05
nav-lives;me-mlp;2;[8];96;9600;9600;8.91810e+01;23;1;1;1.00000e+00;1.00000e+00;1.00000e+00;82;9.99990e-01;1.00558e+00;1.42634e-05
nav-lives;me-mlp;2;[8];97;9700;9700;9.01130e+01;23;1;1;1.00000e+00;1.00000e+00;1.00000e+00;82;9.99990e-01;1.00558e+00;1.42634e-05
nav-lives;me-mlp;2;[8];98;9800;9800;9.10500e+01;23;1;1;1.00000e+00;1.00000e+00;1.00000e+00;82;9.99990e-01;1.00558e+00;1.42634e-05
nav-lives;me-mlp;2;[8];99;9900;9900;9.19930e+01;23;1;1;1.00000e+00;1.00000e+00;1.00000e+00;82;9.99990e-01;1.00558e+00;1.42634e-05
nav-lives;me-mlp;2;[8];100;10000;10000;9.29300e+01;23;1;1;1.00000e+00;1.00000e+00;1.00000e+00;82;9.99990e-01;1.00558e+00;1.42634e-05
nav-lives;me-mlp;2;[8];101;10100;10100;9.38610e+01;23;1;1;1.00000e+00;1.00000e+00;1.00000e+00;82;9.99990e-01;1.00558e+00;1.42634e-05
nav-lives;me-mlp;2;[8];102;10200;10200;9.47840e+01;23;1;1;1.00000e+00;1.00000e+00;1.00000e+00;82;9.99990e-01;1.00558e+00;1.42634e-05
nav-lives;me-mlp;2;[8];103;10300;10300;9.57190e+01;23;1;1;1.00000e+00;1.00000e+00;1.00000e+00;82;9.99990e-01;1.00558e+00;1.42634e-05
nav-lives;me-mlp;2;[8];104;10400;10400;9.66510e+01;23;1;1;1.00000e+00;1.00000e+00;1.00000e+00;82;9.99990e-01;1.00558e+00;1.42634e-05
nav-lives;me-mlp;2;[8];105;10500;10500;9.75980e+01;23;1;1;1.00000e+00;1.00000e+00;1.00000e+00;82;9.99990e-01;1.00558e+00;1.42634e-05
nav-lives;me-mlp;2;[8];106;10600;10600;9.85330e+01;23;1;1;1.00000e+00;1.00000e+00;1.00000e+00;82;9.99990e-01;1.00558e+00;1.42634e-05
nav-lives;me-mlp;2;[8];107;10700;10700;9.94650e+01;23;1;1;1.00000e+00;1.00000e+00;1.00000e+00;82;9.99994e-01;1.00472e+00;1.82593e-05
nav-lives;me-mlp;2;[8];108;10800;10800;1.00394e+02;23;1;1;1.00000e+00;1.00000e+00;1.00000e+00;82;9.99994e-01;1.00472e+00;1.82593e-05
nav-lives;me-mlp;2;[8];109;10900;10900;1.01319e+02;23;1;1;1.00000e+00;1.00000e+00;1.00000e+00;82;9.99994e-01;1.00472e+00;1.82593e-05
nav-lives;me-mlp;2;[8];110;11000;11000;1.02242e+02;23;1;1;1.00000e+00;1.00000e+00;1.00000e+00;82;9.99994e-01;1.00472e+00;1.82593e-05
nav-lives;me-mlp;2;[8];111;11100;11100;1.03170e+02;23;1;1;1.00000e+00;1.00000e+00;1.00000e+00;82;9.99994e-01;1.00472e+00;1.82593e-05
nav-lives;me-mlp;2;[8];112;11200;11200;1.04105e+02;23;1;1;1.00000e+00;1.00000e+00;1.00000e+00;82;9.99994e-01;1.00472e+00;1.82593e-05
nav-lives;me-mlp;2;[8];113;11300;11300;1.05029e+02;23;1;1;1.00000e+00;1.00000e+00;1.00000e+00;82;9.99994e-01;1.00472e+00;1.82593e-05
nav-lives;me-mlp;2;[8];114;11400;11400;1.05958e+02;23;1;1;1.00000e+00;1.00000e+00;1.00000e+00;82;9.99994e-01;1.00472e+00;1.82593e-05
nav-lives;me-mlp;2;[8];115;11500;11500;1.06895e+02;23;1;1;1.00000e+00;1.00000e+00;1.00000e+00;82;9.99994e-01;1.00472e+00;1.82593e-05
nav-lives;me-mlp;2;[8];116;11600;11600;1.07831e+02;23;1;1;1.00000e+00;1.00000e+00;1.00000e+00;82;9.99994e-01;1.00472e+00;1.82593e-05
nav-lives;me-mlp;2;[8];117;11700;11700;1.08775e+02;23;1;1;1.00000e+00;1.00000e+00;1.00000e+00;82;9.99994e-01;1.00472e+00;1.82593e-05
nav-lives;me-mlp;2;[8];118;11800;11800;1.09719e+02;23;1;1;1.00000e+00;1.00000e+00;1.00000e+00;82;9.99994e-01;1.00472e+00;1.82593e-05
nav-lives;me-mlp;2;[8];119;11900;11900;1.10664e+02;23;1;1;1.00000e+00;1.00000e+00;1.00000e+00;82;9.99994e-01;1.00472e+00;1.82593e-05
nav-lives;me-mlp;2;[8];120;12000;12000;1.11606e+02;23;1;1;1.00000e+00;1.00000e+00;1.00000e+00;82;9.99994e-01;1.00472e+00;1.82593e-05
nav-lives;me-mlp;2;[8];121;12100;12100;1.12534e+02;23;1;1;1.00000e+00;1.00000e+00;1.00000e+00;82;9.99994e-01;1.00472e+00;1.82593e-05
nav-lives;me-mlp;2;[8];122;12200;12200;1.13483e+02;23;1;1;1.00000e+00;1.00000e+00;1.00000e+00;82;9.99994e-01;1.00472e+00;1.82593e-05
nav-lives;me-mlp;2;[8];123;12300;12300;1.14416e+02;23;1;1;1.00000e+00;1.00000e+00;1.00000e+00;82;9.99994e-01;1.00472e+00;1.82593e-05
nav-lives;me-mlp;2;[8];124;12400;12400;1.15349e+02;23;1;1;1.00000e+00;1.00000e+00;1.00000e+00;82;9.99994e-01;1.00472e+00;1.82593e-05
nav-lives;me-mlp;2;[8];125;12500;12500;1.16271e+02;23;1;1;1.00000e+00;1.00000e+00;1.00000e+00;82;9.99994e-01;1.00472e+00;1.82593e-05
nav-lives;me-mlp;2;[8];126;12600;12600;1.17207e+02;23;1;1;1.00000e+00;1.00000e+00;1.00000e+00;82;9.99994e-01;1.00472e+00;1.82593e-05
nav-lives;me-mlp;2;[8];127;12700;12700;1.18143e+02;23;1;1;1.00000e+00;1.00000e+00;1.00000e+00;82;9.99994e-01;1.00472e+00;1.82593e-05
nav-lives;me-mlp;2;[8];128;12800;12800;1.19075e+02;23;1;1;1.00000e+00;1.00000e+00;1.00000e+00;82;9.99994e-01;1.00472e+00;1.82593e-05
nav-lives;me-mlp;2;[8];129;12900;12900;1.20010e+02;23;1;1;1.00000e+00;1.00000e+00;1.00000e+00;82;9.99994e-01;1.00472e+00;1.82593e-05
nav-lives;me-mlp;2;[8];130;13000;13000;1.20943e+02;23;1;1;1.00000e+00;1.00000e+00;1.00000e+00;82;9.99994e-01;1.00472e+00;1.82593e-05
nav-lives;me-mlp;2;[8];131;13100;13100;1.21874e+02;23;1;1;1.00000e+00;1.00000e+00;1.00000e+00;82;9.99994e-01;1.00472e+00;1.82593e-05
nav-lives;me-mlp;2;[8];132;13200;13200;1.22812e+02;23;1;1;1.00000e+00;1.00000e+00;1.00000e+00;82;9.99994e-01;1.00472e+00;1.82593e-05
nav-lives;me-mlp;2;[8];133;13300;13300;1.23751e+02;23;1;1;1.00000e+00;1.00000e+00;1.00000e+00;82;9.99994e-01;1.00472e+00;1.82593e-05
nav-lives;me-mlp;2;[8];134;13400;13400;1.24671e+02;23;1;1;1.00000e+00;1.00000e+00;1.00000e+00;82;9.99994e-01;1.00472e+00;1.82593e-05
nav-lives;me-mlp;2;[8];135;13500;13500;1.25609e+02;23;1;1;1.00000e+00;1.00000e+00;1.00000e+00;82;9.99994e-01;1.00472e+00;1.82593e-05
nav-lives;me-mlp;2;[8];136;13600;13600;1.26550e+02;23;1;1;1.00000e+00;1.00000e+00;1.00000e+00;82;9.99994e-01;1.00472e+00;1.82593e-05
nav-lives;me-mlp;2;[8];137;13700;13700;1.27496e+02;23;1;1;1.00000e+00;1.00000e+00;1.00000e+00;82;9.99994e-01;1.00472e+00;1.82593e-05
nav-lives;me-mlp;2;[8];138;13800;13800;1.28440e+02;23;1;1;1.00000e+00;1.00000e+00;1.00000e+00;82;9.99994e-01;1.00472e+00;1.82593e-05
nav-lives;me-mlp;2;[8];139;13900;13900;1.29389e+02;23;1;1;1.00000e+00;1.00000e+00;1.00000e+00;82;9.99994e-01;1.00472e+00;1.82593e-05
nav-lives;me-mlp;2;[8];140;14000;14000;1.30331e+02;23;1;1;1.00000e+00;1.00000e+00;1.00000e+00;82;9.99994e-01;1.00472e+00;1.82593e-05
nav-lives;me-mlp;2;[8];141;14100;14100;1.31262e+02;23;1;1;1.00000e+00;1.00000e+00;1.00000e+00;82;9.99994e-01;1.00472e+00;1.82593e-05
nav-lives;me-mlp;2;[8];142;14200;14200;1.32189e+02;23;1;1;1.00000e+00;1.00000e+00;1.00000e+00;82;9.99994e-01;1.00472e+00;1.82593e-05
nav-lives;me-mlp;2;[8];143;14300;14300;1.33108e+02;23;1;1;1.00000e+00;1.00000e+00;1.00000e+00;82;9.99994e-01;1.00472e+00;1.82593e-05
nav-lives;me-mlp;2;[8];144;14400;14400;1.34038e+02;23;1;1;1.00000e+00;1.00000e+00;1.00000e+00;82;9.99994e-01;1.00472e+00;1.82593e-05
nav-lives;me-mlp;2;[8];145;14500;14500;1.34975e+02;23;1;1;1.00000e+00;1.00000e+00;1.00000e+00;82;9.99994e-01;1.00472e+00;1.82593e-05
nav-lives;me-mlp;2;[8];146;14600;14600;1.35914e+02;23;1;1;1.00000e+00;1.00000e+00;1.00000e+00;82;9.99994e-01;1.00472e+00;1.82593e-05
nav-lives;me-mlp;2;[8];147;14700;14700;1.36850e+02;23;1;1;1.00000e+00;1.00000e+00;1.00000e+00;82;9.99994e-01;1.00472e+00;1.82593e-05
nav-lives;me-mlp;2;[8];148;14800;14800;1.37782e+02;23;1;1;1.00000e+00;1.00000e+00;1.00000e+00;82;9.99994e-01;1.00472e+00;1.82593e-05
nav-lives;me-mlp;2;[8];149;14900;14900;1.38720e+02;23;1;1;1.00000e+00;1.00000e+00;1.00000e+00;82;9.99994e-01;1.00472e+00;1.82593e-05
nav-lives;me-mlp;2;[8];150;15000;15000;1.39645e+02;23;1;1;1.00000e+00;1.00000e+00;1.00000e+00;82;9.99994e-01;1.00472e+00;1.82593e-05
nav-lives;me-mlp;2;[8];151;15100;15100;1.40588e+02;23;1;1;1.00000e+00;1.00000e+00;1.00000e+00;82;9.99994e-01;1.00472e+00;1.82593e-05
nav-lives;me-mlp;2;[8];152;15200;15200;1.41523e+02;23;1;1;1.00000e+00;1.00000e+00;1.00000e+00;82;9.99994e-01;1.00472e+00;1.82593e-05
nav-lives;me-mlp;2;[8];153;15300;15300;1.42458e+02;23;1;1;1.00000e+00;1.00000e+00;1.00000e+00;82;9.99994e-01;1.00472e+00;1.82593e-05
nav-lives;me-mlp;2;[8];154;15400;15400;1.43396e+02;23;1;1;1.00000e+00;1.00000e+00;1.00000e+00;82;9.99994e-01;1.00472e+00;1.82593e-05
nav-lives;me-mlp;2;[8];155;15500;15500;1.44332e+02;23;1;1;1.00000e+00;1.00000e+00;1.00000e+00;82;9.99994e-01;1.00472e+00;1.82593e-05
nav-lives;me-mlp;2;[8];156;15600;15600;1.45276e+02;23;1;1;1.00000e+00;1.00000e+00;1.00000e+00;82;9.99994e-01;1.00472e+00;1.82593e-05
nav-lives;me-mlp;2;[8];157;15700;15700;1.46206e+02;23;1;1;1.00000e+00;1.00000e+00;1.00000e+00;82;9.99994e-01;1.00472e+00;1.82593e-05
nav-lives;me-mlp;2;[8];158;15800;15800;1.47143e+02;23;1;1;1.00000e+00;1.00000e+00;1.00000e+00;82;9.99994e-01;1.00472e+00;1.82593e-05
nav-lives;me-mlp;2;[8];159;15900;15900;1.48084e+02;23;1;1;1.00000e+00;1.00000e+00;1.00000e+00;82;9.99994e-01;1.00472e+00;1.82593e-05
nav-lives;me-mlp;2;[8];160;16000;16000;1.49014e+02;23;1;1;1.00000e+00;1.00000e+00;1.00000e+00;82;9.99994e-01;1.00472e+00;1.82593e-05
nav-lives;me-mlp;2;[8];161;16100;16100;1.49960e+02;23;1;1;1.00000e+00;1.00000e+00;1.00000e+00;82;9.99994e-01;1.00472e+00;1.82593e-05
nav-lives;me-mlp;2;[8];162;16200;16200;1.50922e+02;23;1;1;1.00000e+00;1.00000e+00;1.00000e+00;82;9.99994e-01;1.00472e+00;1.82593e-05
nav-lives;me-mlp;2;[8];163;16300;16300;1.51879e+02;23;1;1;1.00000e+00;1.00000e+00;1.00000e+00;82;9.99994e-01;1.00472e+00;1.82593e-05
nav-lives;me-mlp;2;[8];164;16400;16400;1.52839e+02;23;1;1;1.00000e+00;1.00000e+00;1.00000e+00;82;9.99994e-01;1.00472e+00;1.82593e-05
nav-lives;me-mlp;2;[8];165;16500;16500;1.53784e+02;23;1;1;1.00000e+00;1.00000e+00;1.00000e+00;82;9.99994e-01;1.00472e+00;1.82593e-05
nav-lives;me-mlp;2;[8];166;16600;16600;1.54728e+02;23;1;1;1.00000e+00;1.00000e+00;1.00000e+00;82;9.99994e-01;1.00472e+00;1.82593e-05
nav-lives;me-mlp;2;[8];167;16700;16700;1.55672e+02;23;1;1;1.00000e+00;1.00000e+00;1.00000e+00;82;9.99994e-01;1.00472e+00;1.82593e-05
nav-lives;me-mlp;2;[8];168;16800;16800;1.56614e+02;23;1;1;1.00000e+00;1.00000e+00;1.00000e+00;82;9.99994e-01;1.00472e+00;1.82593e-05
nav-lives;me-mlp;2;[8];169;16900;16900;1.57576e+02;23;1;1;1.00000e+00;1.00000e+00;1.00000e+00;82;9.99994e-01;1.00472e+00;1.82593e-05
nav-lives;me-mlp;2;[8];170;17000;17000;1.58503e+02;23;1;1;1.00000e+00;1.00000e+00;1.00000e+00;82;9.99994e-01;1.00472e+00;1.82593e-05
nav-lives;me-mlp;2;[8];171;17100;17100;1.59441e+02;23;1;1;1.00000e+00;1.00000e+00;1.00000e+00;82;9.99994e-01;1.00472e+00;1.82593e-05
nav-lives;me-mlp;2;[8];172;17200;17200;1.60381e+02;23;1;1;1.00000e+00;1.00000e+00;1.00000e+00;82;9.99994e-01;1.00472e+00;1.82593e-05
nav-lives;me-mlp;2;[8];173;17300;17300;1.61328e+02;23;1;1;1.00000e+00;1.00000e+00;1.00000e+00;82;9.99994e-01;1.00472e+00;1.82593e-05
nav-lives;me-mlp;2;[8];174;17400;17400;1.62251e+02;23;1;1;1.00000e+00;1.00000e+00;1.00000e+00;82;9.99994e-01;1.00472e+00;1.82593e-05
nav-lives;me-mlp;2;[8];175;17500;17500;1.63183e+02;23;1;1;1.00000e+00;1.00000e+00;1.00000e+00;82;9.99994e-01;1.00472e+00;1.82593e-05
nav-lives;me-mlp;2;[8];176;17600;17600;1.64122e+02;23;1;1;1.00000e+00;1.00000e+00;1.00000e+00;82;9.99994e-01;1.00472e+00;1.82593e-05
nav-lives;me-mlp;2;[8];177;17700;17700;1.65059e+02;23;1;1;1.00000e+00;1.00000e+00;1.00000e+00;82;9.99994e-01;1.00472e+00;1.82593e-05
nav-lives;me-mlp;2;[8];178;17800;17800;1.65987e+02;23;1;1;1.00000e+00;1.00000e+00;1.00000e+00;82;9.99994e-01;1.00472e+00;1.82593e-05
nav-lives;me-mlp;2;[8];179;17900;17900;1.66925e+02;23;1;1;1.00000e+00;1.00000e+00;1.00000e+00;82;9.99994e-01;1.00472e+00;1.82593e-05
nav-lives;me-mlp;2;[8];180;18000;18000;1.67864e+02;23;1;1;1.00000e+00;1.00000e+00;1.00000e+00;82;9.99994e-01;1.00472e+00;1.82593e-05
nav-lives;me-mlp;2;[8];181;18100;18100;1.68803e+02;23;1;1;1.00000e+00;1.00000e+00;1.00000e+00;82;9.99994e-01;1.00472e+00;1.82593e-05
nav-lives;me-mlp;2;[8];182;18200;18200;1.69748e+02;23;1;1;1.00000e+00;1.00000e+00;1.00000e+00;82;9.99994e-01;1.00472e+00;1.82593e-05
nav-lives;me-mlp;2;[8];183;18300;18300;1.70691e+02;23;1;1;1.00000e+00;1.00000e+00;1.00000e+00;82;9.99994e-01;1.00472e+00;1.82593e-05
nav-lives;me-mlp;2;[8];184;18400;18400;1.71636e+02;23;1;1;1.00000e+00;1.00000e+00;1.00000e+00;82;9.99994e-01;1.00472e+00;1.82593e-05
nav-lives;me-mlp;2;[8];185;18500;18500;1.72587e+02;23;1;1;1.00000e+00;1.00000e+00;1.00000e+00;82;9.99994e-01;1.00472e+00;1.82593e-05
nav-lives;me-mlp;2;[8];186;18600;18600;1.73526e+02;23;1;1;1.00000e+00;1.00000e+00;1.00000e+00;82;9.99994e-01;1.00472e+00;1.82593e-05
nav-lives;me-mlp;2;[8];187;18700;18700;1.74471e+02;23;1;1;1.00000e+00;1.00000e+00;1.00000e+00;82;9.99994e-01;1.00472e+00;1.82593e-05
nav-lives;me-mlp;2;[8];188;18800;18800;1.75411e+02;23;1;1;1.00000e+00;1.00000e+00;1.00000e+00;82;9.99994e-01;1.00472e+00;1.82593e-05
nav-lives;me-mlp;2;[8];189;18900;18900;1.76340e+02;23;1;1;1.00000e+00;1.00000e+00;1.00000e+00;82;9.99994e-01;1.00472e+00;1.82593e-05
nav-lives;me-mlp;2;[8];190;19000;19000;1.77279e+02;23;1;1;1.00000e+00;1.00000e+00;1.00000e+00;82;9.99994e-01;1.00472e+00;1.82593e-05
nav-lives;me-mlp;2;[8];191;19100;19100;1.78230e+02;23;1;1;1.00000e+00;1.00000e+00;1.00000e+00;82;9.99994e-01;1.00472e+00;1.82593e-05
nav-lives;me-mlp;2;[8];192;19200;19200;1.79168e+02;23;1;1;1.00000e+00;1.00000e+00;1.00000e+00;82;9.99994e-01;1.00472e+00;1.82593e-05
nav-lives;me-mlp;2;[8];193;19300;19300;1.80102e+02;23;1;1;1.00000e+00;1.00000e+00;1.00000e+00;82;9.99994e-01;1.00472e+00;1.82593e-05
nav-lives;me-mlp;2;[8];194;19400;19400;1.81056e+02;23;1;1;1.00000e+00;1.00000e+00;1.00000e+00;82;9.99994e-01;1.00472e+00;1.82593e-05
nav-lives;me-mlp;2;[8];195;19500;19500;1.82006e+02;23;1;1;1.00000e+00;1.00000e+00;1.00000e+00;82;9.99994e-01;1.00472e+00;1.82593e-05
nav-lives;me-mlp;2;[8];196;19600;19600;1.82965e+02;23;1;1;1.00000e+00;1.00000e+00;1.00000e+00;82;9.99994e-01;1.00472e+00;1.82593e-05
nav-lives;me-mlp;2;[8];197;19700;19700;1.83905e+02;23;1;1;1.00000e+00;1.00000e+00;1.00000e+00;82;9.99994e-01;1.00472e+00;1.82593e-05
nav-lives;me-mlp;2;[8];198;19800;19800;1.84851e+02;23;1;1;1.00000e+00;1.00000e+00;1.00000e+00;82;9.99994e-01;1.00472e+00;1.82593e-05
nav-lives;me-mlp;2;[8];199;19900;19900;1.85778e+02;23;1;1;1.00000e+00;1.00000e+00;1.00000e+00;82;9.99994e-01;1.00472e+00;1.82593e-05
nav-lives;me-mlp;2;[8];200;20000;20000;1.86736e+02;23;1;1;1.00000e+00;1.00000e+00;1.00000e+00;82;9.99994e-01;1.00472e+00;1.82593e-05
nav-lives;me-mlp;2;[8];201;20100;20100;1.87675e+02;23;1;1;1.00000e+00;1.00000e+00;1.00000e+00;82;9.99994e-01;1.00472e+00;1.82593e-05
nav-lives;me-mlp;2;[8];202;20200;20200;1.88609e+02;23;1;1;1.00000e+00;1.00000e+00;1.00000e+00;82;9.99994e-01;1.00472e+00;1.82593e-05
nav-lives;me-mlp;2;[8];203;20300;20300;1.89545e+02;23;1;1;1.00000e+00;1.00000e+00;1.00000e+00;82;9.99994e-01;1.00472e+00;1.82593e-05
nav-lives;me-mlp;2;[8];204;20400;20400;1.90490e+02;23;1;1;1.00000e+00;1.00000e+00;1.00000e+00;82;9.99994e-01;1.00472e+00;1.82593e-05
nav-lives;me-mlp;2;[8];205;20500;20500;1.91436e+02;23;1;1;1.00000e+00;1.00000e+00;1.00000e+00;82;9.99994e-01;1.00472e+00;1.82593e-05
nav-lives;me-mlp;2;[8];206;20600;20600;1.92407e+02;23;1;1;1.00000e+00;1.00000e+00;1.00000e+00;82;9.99994e-01;1.00472e+00;1.82593e-05
nav-lives;me-mlp;2;[8];207;20700;20700;1.93352e+02;23;1;1;1.00000e+00;1.00000e+00;1.00000e+00;82;9.99994e-01;1.00472e+00;1.82593e-05
nav-lives;me-mlp;2;[8];208;20800;20800;1.94289e+02;23;1;1;1.00000e+00;1.00000e+00;1.00000e+00;82;9.99994e-01;1.00472e+00;1.82593e-05
nav-lives;me-mlp;2;[8];209;20900;20900;1.95235e+02;23;1;1;1.00000e+00;1.00000e+00;1.00000e+00;82;9.99994e-01;1.00472e+00;1.82593e-05
nav-lives;me-mlp;2;[8];210;21000;21000;1.96178e+02;23;1;1;1.00000e+00;1.00000e+00;1.00000e+00;82;9.99994e-01;1.00472e+00;1.82593e-05
nav-lives;me-mlp;2;[8];211;21100;21100;1.97125e+02;23;1;1;1.00000e+00;1.00000e+00;1.00000e+00;82;9.99994e-01;1.00472e+00;1.82593e-05
nav-lives;me-mlp;2;[8];212;21200;21200;1.98066e+02;23;1;1;1.00000e+00;1.00000e+00;1.00000e+00;82;9.99994e-01;1.00472e+00;1.82593e-05
nav-lives;me-mlp;2;[8];213;21300;21300;1.99004e+02;23;1;1;1.00000e+00;1.00000e+00;1.00000e+00;82;9.99994e-01;1.00472e+00;1.82593e-05
nav-lives;me-mlp;2;[8];214;21400;21400;1.99970e+02;23;1;1;1.00000e+00;1.00000e+00;1.00000e+00;82;9.99994e-01;1.00472e+00;1.82593e-05
nav-lives;me-mlp;2;[8];215;21500;21500;2.00924e+02;23;1;1;1.00000e+00;1.00000e+00;1.00000e+00;82;9.99994e-01;1.00472e+00;1.82593e-05
nav-lives;me-mlp;2;[8];216;21600;21600;2.01890e+02;23;1;1;1.00000e+00;1.00000e+00;1.00000e+00;82;9.99994e-01;1.00472e+00;1.82593e-05
nav-lives;me-mlp;2;[8];217;21700;21700;2.02838e+02;23;1;1;1.00000e+00;1.00000e+00;1.00000e+00;82;9.99994e-01;1.00472e+00;1.82593e-05
nav-lives;me-mlp;2;[8];218;21800;21800;2.03780e+02;23;1;1;1.00000e+00;1.00000e+00;1.00000e+00;82;9.99994e-01;1.00472e+00;1.82593e-05
nav-lives;me-mlp;2;[8];219;21900;21900;2.04726e+02;23;1;1;1.00000e+00;1.00000e+00;1.00000e+00;82;9.99994e-01;1.00472e+00;1.82593e-05
nav-lives;me-mlp;2;[8];220;22000;22000;2.05675e+02;23;1;1;1.00000e+00;1.00000e+00;1.00000e+00;82;9.99994e-01;1.00472e+00;1.82593e-05
nav-lives;me-mlp;2;[8];221;22100;22100;2.06616e+02;23;1;1;1.00000e+00;1.00000e+00;1.00000e+00;82;9.99994e-01;1.00472e+00;1.82593e-05
nav-lives;me-mlp;2;[8];222;22200;22200;2.07563e+02;23;1;1;1.00000e+00;1.00000e+00;1.00000e+00;82;9.99994e-01;1.00472e+00;1.82593e-05
nav-lives;me-mlp;2;[8];223;22300;22300;2.08491e+02;23;1;1;1.00000e+00;1.00000e+00;1.00000e+00;82;9.99994e-01;1.00472e+00;1.82593e-05
nav-lives;me-mlp;2;[8];224;22400;22400;2.09436e+02;23;1;1;1.00000e+00;1.00000e+00;1.00000e+00;82;9.99994e-01;1.00472e+00;1.82593e-05
nav-lives;me-mlp;2;[8];225;22500;22500;2.10383e+02;23;1;1;1.00000e+00;1.00000e+00;1.00000e+00;82;9.99994e-01;1.00472e+00;1.82593e-05
nav-lives;me-mlp;2;[8];226;22600;22600;2.11337e+02;23;1;1;1.00000e+00;1.00000e+00;1.00000e+00;82;9.99994e-01;1.00472e+00;1.82593e-05
nav-lives;me-mlp;2;[8];227;22700;22700;2.12293e+02;23;1;1;1.00000e+00;1.00000e+00;1.00000e+00;82;9.99994e-01;1.00472e+00;1.82593e-05
nav-lives;me-mlp;2;[8];228;22800;22800;2.13234e+02;23;1;1;1.00000e+00;1.00000e+00;1.00000e+00;82;9.99994e-01;1.00472e+00;1.82593e-05
nav-lives;me-mlp;2;[8];229;22900;22900;2.14176e+02;23;1;1;1.00000e+00;1.00000e+00;1.00000e+00;82;9.99994e-01;1.00472e+00;1.82593e-05
nav-lives;me-mlp;2;[8];230;23000;23000;2.15119e+02;23;1;1;1.00000e+00;1.00000e+00;1.00000e+00;82;9.99994e-01;1.00472e+00;1.82593e-05
nav-lives;me-mlp;2;[8];231;23100;23100;2.16073e+02;23;1;1;1.00000e+00;1.00000e+00;1.00000e+00;82;9.99994e-01;1.00472e+00;1.82593e-05
nav-lives;me-mlp;2;[8];232;23200;23200;2.17033e+02;23;1;1;1.00000e+00;1.00000e+00;1.00000e+00;82;9.99994e-01;1.00472e+00;1.82593e-05
nav-lives;me-mlp;2;[8];233;23300;23300;2.17997e+02;23;1;1;1.00000e+00;1.00000e+00;1.00000e+00;82;9.99994e-01;1.00472e+00;1.82593e-05
nav-lives;me-mlp;2;[8];234;23400;23400;2.18953e+02;23;1;1;1.00000e+00;1.00000e+00;1.00000e+00;82;9.99994e-01;1.00472e+00;1.82593e-05
nav-lives;me-mlp;2;[8];235;23500;23500;2.19913e+02;23;1;1;1.00000e+00;1.00000e+00;1.00000e+00;82;9.99994e-01;1.00472e+00;1.82593e-05
nav-lives;me-mlp;2;[8];236;23600;23600;2.20873e+02;23;1;1;1.00000e+00;1.00000e+00;1.00000e+00;82;9.99994e-01;1.00472e+00;1.82593e-05
nav-lives;me-mlp;2;[8];237;23700;23700;2.21823e+02;23;1;1;1.00000e+00;1.00000e+00;1.00000e+00;82;9.99994e-01;1.00472e+00;1.82593e-05
nav-lives;me-mlp;2;[8];238;23800;23800;2.22777e+02;23;1;1;1.00000e+00;1.00000e+00;1.00000e+00;82;9.99994e-01;1.00472e+00;1.82593e-05
nav-lives;me-mlp;2;[8];239;23900;23900;2.23736e+02;23;1;1;1.00000e+00;1.00000e+00;1.00000e+00;82;9.99994e-01;1.00472e+00;1.82593e-05
nav-lives;me-mlp;2;[8];240;24000;24000;2.24683e+02;23;1;1;1.00000e+00;1.00000e+00;1.00000e+00;82;9.99994e-01;1.00472e+00;1.82593e-05
nav-lives;me-mlp;2;[8];241;24100;24100;2.25635e+02;23;1;1;1.00000e+00;1.00000e+00;1.00000e+00;82;9.99994e-01;1.00472e+00;1.82593e-05
nav-lives;me-mlp;2;[8];242;24200;24200;2.26581e+02;23;1;1;1.00000e+00;1.00000e+00;1.00000e+00;82;9.99994e-01;1.00472e+00;1.82593e-05
nav-lives;me-mlp;2;[8];243;24300;24300;2.27527e+02;23;1;1;1.00000e+00;1.00000e+00;1.00000e+00;82;9.99994e-01;1.00472e+00;1.82593e-05
nav-lives;me-mlp;2;[8];244;24400;24400;2.28483e+02;23;1;1;1.00000e+00;1.00000e+00;1.00000e+00;82;9.99994e-01;1.00472e+00;1.82593e-05
nav-lives;me-mlp;2;[8];245;24500;24500;2.29438e+02;23;1;1;1.00000e+00;1.00000e+00;1.00000e+00;82;9.99994e-01;1.00472e+00;1.82593e-05
nav-lives;me-mlp;2;[8];246;24600;24600;2.30397e+02;23;1;1;1.00000e+00;1.00000e+00;1.00000e+00;82;9.99994e-01;1.00472e+00;1.82593e-05
nav-lives;me-mlp;2;[8];247;24700;24700;2.31367e+02;23;1;1;1.00000e+00;1.00000e+00;1.00000e+00;82;9.99994e-01;1.00472e+00;1.82593e-05
nav-lives;me-mlp;2;[8];248;24800;24800;2.32323e+02;23;1;1;1.00000e+00;1.00000e+00;1.00000e+00;82;9.99994e-01;1.00472e+00;1.82593e-05
nav-lives;me-mlp;2;[8];249;24900;24900;2.33275e+02;23;1;1;1.00000e+00;1.00000e+00;1.00000e+00;82;9.99994e-01;1.00472e+00;1.82593e-05
nav-lives;me-mlp;2;[8];250;25000;25000;2.34234e+02;23;1;1;1.00000e+00;1.00000e+00;1.00000e+00;82;9.99994e-01;1.00472e+00;1.82593e-05
nav-lives;me-mlp;2;[8];251;25100;25100;2.35181e+02;23;1;1;1.00000e+00;1.00000e+00;1.00000e+00;82;9.99994e-01;1.00472e+00;1.82593e-05
nav-lives;me-mlp;2;[8];252;25200;25200;2.36134e+02;23;1;1;1.00000e+00;1.00000e+00;1.00000e+00;82;9.99994e-01;1.00472e+00;1.82593e-05
nav-lives;me-mlp;2;[8];253;25300;25300;2.37093e+02;23;1;1;1.00000e+00;1.00000e+00;1.00000e+00;82;9.99994e-01;1.00472e+00;1.82593e-05
nav-lives;me-mlp;2;[8];254;25400;25400;2.38050e+02;23;1;1;1.00000e+00;1.00000e+00;1.00000e+00;82;9.99994e-01;1.00472e+00;1.82593e-05
nav-lives;me-mlp;2;[8];255;25500;25500;2.38991e+02;23;1;1;1.00000e+00;1.00000e+00;1.00000e+00;82;9.99994e-01;1.00472e+00;1.82593e-05
nav-lives;me-mlp;2;[8];256;25600;25600;2.39950e+02;23;1;1;1.00000e+00;1.00000e+00;1.00000e+00;82;9.99994e-01;1.00472e+00;1.82593e-05
nav-lives;me-mlp;2;[8];257;25700;25700;2.40920e+02;23;1;1;1.00000e+00;1.00000e+00;1.00000e+00;82;9.99994e-01;1.00472e+00;1.82593e-05
nav-lives;me-mlp;2;[8];258;25800;25800;2.41874e+02;23;1;1;1.00000e+00;1.00000e+00;1.00000e+00;82;9.99994e-01;1.00472e+00;1.82593e-05
nav-lives;me-mlp;2;[8];259;25900;25900;2.42847e+02;23;1;1;1.00000e+00;1.00000e+00;1.00000e+00;82;9.99994e-01;1.00472e+00;1.82593e-05
nav-lives;me-mlp;2;[8];260;26000;26000;2.43806e+02;23;1;1;1.00000e+00;1.00000e+00;1.00000e+00;82;9.99994e-01;1.00472e+00;1.82593e-05
nav-lives;me-mlp;2;[8];261;26100;26100;2.44763e+02;23;1;1;1.00000e+00;1.00000e+00;1.00000e+00;82;9.99994e-01;1.00472e+00;1.82593e-05
nav-lives;me-mlp;2;[8];262;26200;26200;2.45707e+02;23;1;1;1.00000e+00;1.00000e+00;1.00000e+00;82;9.99994e-01;1.00472e+00;1.82593e-05
nav-lives;me-mlp;2;[8];263;26300;26300;2.46661e+02;23;1;1;1.00000e+00;1.00000e+00;1.00000e+00;82;9.99994e-01;1.00472e+00;1.82593e-05
nav-lives;me-mlp;2;[8];264;26400;26400;2.47609e+02;23;1;1;1.00000e+00;1.00000e+00;1.00000e+00;82;9.99994e-01;1.00472e+00;1.82593e-05
nav-lives;me-mlp;2;[8];265;26500;26500;2.48578e+02;23;1;1;1.00000e+00;1.00000e+00;1.00000e+00;82;9.99994e-01;1.00472e+00;1.82593e-05
nav-lives;me-mlp;2;[8];266;26600;26600;2.49531e+02;23;1;1;1.00000e+00;1.00000e+00;1.00000e+00;82;9.99994e-01;1.00472e+00;1.82593e-05
nav-lives;me-mlp;2;[8];267;26700;26700;2.50481e+02;23;1;1;1.00000e+00;1.00000e+00;1.00000e+00;82;9.99994e-01;1.00472e+00;1.82593e-05
nav-lives;me-mlp;2;[8];268;26800;26800;2.51429e+02;23;1;1;1.00000e+00;1.00000e+00;1.00000e+00;82;9.99994e-01;1.00472e+00;1.82593e-05
nav-lives;me-mlp;2;[8];269;26900;26900;2.52375e+02;23;1;1;1.00000e+00;1.00000e+00;1.00000e+00;82;9.99994e-01;1.00472e+00;1.82593e-05
nav-lives;me-mlp;2;[8];270;27000;27000;2.53316e+02;23;1;1;1.00000e+00;1.00000e+00;1.00000e+00;82;9.99994e-01;1.00472e+00;1.82593e-05
nav-lives;me-mlp;2;[8];271;27100;27100;2.54274e+02;23;1;1;1.00000e+00;1.00000e+00;1.00000e+00;82;9.99994e-01;1.00472e+00;1.82593e-05
nav-lives;me-mlp;2;[8];272;27200;27200;2.55230e+02;23;1;1;1.00000e+00;1.00000e+00;1.00000e+00;82;9.99994e-01;1.00472e+00;1.82593e-05
nav-lives;me-mlp;2;[8];273;27300;27300;2.56176e+02;23;1;1;1.00000e+00;1.00000e+00;1.00000e+00;82;9.99994e-01;1.00472e+00;1.82593e-05
nav-lives;me-mlp;2;[8];274;27400;27400;2.57125e+02;23;1;1;1.00000e+00;1.00000e+00;1.00000e+00;82;9.99994e-01;1.00472e+00;1.82593e-05
nav-lives;me-mlp;2;[8];275;27500;27500;2.58083e+02;23;1;1;1.00000e+00;1.00000e+00;1.00000e+00;82;9.99994e-01;1.00472e+00;1.82593e-05
nav-lives;me-mlp;2;[8];276;27600;27600;2.59042e+02;23;1;1;1.00000e+00;1.00000e+00;1.00000e+00;82;9.99994e-01;1.00472e+00;1.82593e-05
nav-lives;me-mlp;2;[8];277;27700;27700;2.60011e+02;23;1;1;1.00000e+00;1.00000e+00;1.00000e+00;82;9.99994e-01;1.00472e+00;1.82593e-05
nav-lives;me-mlp;2;[8];278;27800;27800;2.60972e+02;23;1;1;1.00000e+00;1.00000e+00;1.00000e+00;82;9.99994e-01;1.00472e+00;1.82593e-05
nav-lives;me-mlp;2;[8];279;27900;27900;2.61930e+02;23;1;1;1.00000e+00;1.00000e+00;1.00000e+00;82;9.99994e-01;1.00472e+00;1.82593e-05
nav-lives;me-mlp;2;[8];280;28000;28000;2.62883e+02;23;1;1;1.00000e+00;1.00000e+00;1.00000e+00;82;9.99994e-01;1.00472e+00;1.82593e-05
nav-lives;me-mlp;2;[8];281;28100;28100;2.63844e+02;23;1;1;1.00000e+00;1.00000e+00;1.00000e+00;82;9.99994e-01;1.00472e+00;1.82593e-05
nav-lives;me-mlp;2;[8];282;28200;28200;2.64820e+02;23;1;1;1.00000e+00;1.00000e+00;1.00000e+00;82;9.99994e-01;1.00472e+00;1.82593e-05
nav-lives;me-mlp;2;[8];283;28300;28300;2.65768e+02;23;1;1;1.00000e+00;1.00000e+00;1.00000e+00;82;9.99994e-01;1.00472e+00;1.82593e-05
nav-lives;me-mlp;2;[8];284;28400;28400;2.66722e+02;23;1;1;1.00000e+00;1.00000e+00;1.00000e+00;82;9.99994e-01;1.00472e+00;1.82593e-05
nav-lives;me-mlp;2;[8];285;28500;28500;2.67683e+02;23;1;1;1.00000e+00;1.00000e+00;1.00000e+00;82;9.99994e-01;1.00472e+00;1.82593e-05
nav-lives;me-mlp;2;[8];286;28600;28600;2.68626e+02;23;1;1;1.00000e+00;1.00000e+00;1.00000e+00;82;9.99994e-01;1.00472e+00;1.82593e-05
nav-lives;me-mlp;2;[8];287;28700;28700;2.69580e+02;23;1;1;1.00000e+00;1.00000e+00;1.00000e+00;82;9.99994e-01;1.00472e+00;1.82593e-05
nav-lives;me-mlp;2;[8];288;28800;28800;2.70566e+02;23;1;1;1.00000e+00;1.00000e+00;1.00000e+00;82;9.99994e-01;1.00472e+00;1.82593e-05
nav-lives;me-mlp;2;[8];289;28900;28900;2.71526e+02;23;1;1;1.00000e+00;1.00000e+00;1.00000e+00;82;9.99994e-01;1.00472e+00;1.82593e-05
nav-lives;me-mlp;2;[8];290;29000;29000;2.72502e+02;23;1;1;1.00000e+00;1.00000e+00;1.00000e+00;82;9.99994e-01;1.00472e+00;1.82593e-05
nav-lives;me-mlp;2;[8];291;29100;29100;2.73457e+02;23;1;1;1.00000e+00;1.00000e+00;1.00000e+00;82;9.99994e-01;1.00472e+00;1.82593e-05
nav-lives;me-mlp;2;[8];292;29200;29200;2.74428e+02;23;1;1;1.00000e+00;1.00000e+00;1.00000e+00;82;9.99994e-01;1.00472e+00;1.82593e-05
nav-lives;me-mlp;2;[8];293;29300;29300;2.75388e+02;23;1;1;1.00000e+00;1.00000e+00;1.00000e+00;82;9.99994e-01;1.00472e+00;1.82593e-05
nav-lives;me-mlp;2;[8];294;29400;29400;2.76364e+02;23;1;1;1.00000e+00;1.00000e+00;1.00000e+00;82;9.99994e-01;1.00472e+00;1.82593e-05
nav-lives;me-mlp;2;[8];295;29500;29500;2.77339e+02;23;1;1;1.00000e+00;1.00000e+00;1.00000e+00;82;9.99994e-01;1.00472e+00;1.82593e-05
nav-lives;me-mlp;2;[8];296;29600;29600;2.78307e+02;23;1;1;1.00000e+00;1.00000e+00;1.00000e+00;82;9.99994e-01;1.00472e+00;1.82593e-05
nav-lives;me-mlp;2;[8];297;29700;29700;2.79259e+02;23;1;1;1.00000e+00;1.00000e+00;1.00000e+00;82;9.99994e-01;1.00472e+00;1.82593e-05
nav-lives;me-mlp;2;[8];298;29800;29800;2.80236e+02;23;1;1;1.00000e+00;1.00000e+00;1.00000e+00;82;9.99994e-01;1.00472e+00;1.82593e-05
nav-lives;me-mlp;2;[8];299;29900;29900;2.81189e+02;23;1;1;1.00000e+00;1.00000e+00;1.00000e+00;82;9.99994e-01;1.00472e+00;1.82593e-05
nav-lives;me-mlp;2;[8];300;30000;30000;2.82167e+02;23;1;1;1.00000e+00;1.00000e+00;1.00000e+00;82;9.99994e-01;1.00472e+00;1.82593e-05
nav-lives;me-mlp;2;[8];301;30100;30100;2.83156e+02;23;1;1;1.00000e+00;1.00000e+00;1.00000e+00;82;9.99994e-01;1.00472e+00;1.82593e-05
nav-lives;me-mlp;2;[8];302;30200;30200;2.84119e+02;23;1;1;1.00000e+00;1.00000e+00;1.00000e+00;82;9.99994e-01;1.00472e+00;1.82593e-05
nav-lives;me-mlp;2;[8];303;30300;30300;2.85107e+02;23;1;1;1.00000e+00;1.00000e+00;1.00000e+00;82;9.99994e-01;1.00472e+00;1.82593e-05
nav-lives;me-mlp;2;[8];304;30400;30400;2.86086e+02;23;1;1;1.00000e+00;1.00000e+00;1.00000e+00;82;9.99994e-01;1.00472e+00;1.82593e-05
nav-lives;me-mlp;2;[8];305;30500;30500;2.87048e+02;23;1;1;1.00000e+00;1.00000e+00;1.00000e+00;82;9.99994e-01;1.00472e+00;1.82593e-05
nav-lives;me-mlp;2;[8];306;30600;30600;2.88018e+02;23;1;1;1.00000e+00;1.00000e+00;1.00000e+00;82;9.99994e-01;1.00472e+00;1.82593e-05
nav-lives;me-mlp;2;[8];307;30700;30700;2.88991e+02;23;1;1;1.00000e+00;1.00000e+00;1.00000e+00;82;9.99994e-01;1.00472e+00;1.82593e-05
nav-lives;me-mlp;2;[8];308;30800;30800;2.89948e+02;23;1;1;1.00000e+00;1.00000e+00;1.00000e+00;82;9.99994e-01;1.00472e+00;1.82593e-05
nav-lives;me-mlp;2;[8];309;30900;30900;2.90913e+02;23;1;1;1.00000e+00;1.00000e+00;1.00000e+00;82;9.99994e-01;1.00472e+00;1.82593e-05
nav-lives;me-mlp;2;[8];310;31000;31000;2.91874e+02;23;1;1;1.00000e+00;1.00000e+00;1.00000e+00;82;9.99994e-01;1.00472e+00;1.82593e-05
nav-lives;me-mlp;2;[8];311;31100;31100;2.92830e+02;23;1;1;1.00000e+00;1.00000e+00;1.00000e+00;82;9.99994e-01;1.00472e+00;1.82593e-05
nav-lives;me-mlp;2;[8];312;31200;31200;2.93798e+02;23;1;1;1.00000e+00;1.00000e+00;1.00000e+00;82;9.99994e-01;1.00472e+00;1.82593e-05
nav-lives;me-mlp;2;[8];313;31300;31300;2.94768e+02;23;1;1;1.00000e+00;1.00000e+00;1.00000e+00;82;9.99994e-01;1.00472e+00;1.82593e-05
nav-lives;me-mlp;2;[8];314;31400;31400;2.95726e+02;23;1;1;1.00000e+00;1.00000e+00;1.00000e+00;82;9.99994e-01;1.00472e+00;1.82593e-05
nav-lives;me-mlp;2;[8];315;31500;31500;2.96691e+02;23;1;1;1.00000e+00;1.00000e+00;1.00000e+00;82;9.99994e-01;1.00472e+00;1.82593e-05
nav-lives;me-mlp;2;[8];316;31600;31600;2.97666e+02;23;1;1;1.00000e+00;1.00000e+00;1.00000e+00;82;9.99994e-01;1.00472e+00;1.82593e-05
nav-lives;me-mlp;2;[8];317;31700;31700;2.98622e+02;23;1;1;1.00000e+00;1.00000e+00;1.00000e+00;82;9.99994e-01;1.00472e+00;1.82593e-05
nav-lives;me-mlp;2;[8];318;31800;31800;2.99585e+02;23;1;1;1.00000e+00;1.00000e+00;1.00000e+00;82;9.99994e-01;1.00472e+00;1.82593e-05
nav-lives;me-mlp;2;[8];319;31900;31900;3.00553e+02;23;1;1;1.00000e+00;1.00000e+00;1.00000e+00;82;9.99994e-01;1.00472e+00;1.82593e-05
nav-lives;me-mlp;2;[8];320;32000;32000;3.01513e+02;23;1;1;1.00000e+00;1.00000e+00;1.00000e+00;82;9.99994e-01;1.00472e+00;1.82593e-05
nav-lives;me-mlp;2;[8];321;32100;32100;3.02481e+02;23;1;1;1.00000e+00;1.00000e+00;1.00000e+00;82;9.99994e-01;1.00472e+00;1.82593e-05
nav-lives;me-mlp;2;[8];322;32200;32200;3.03484e+02;23;1;1;1.00000e+00;1.00000e+00;1.00000e+00;82;9.99994e-01;1.00472e+00;1.82593e-05
nav-lives;me-mlp;2;[8];323;32300;32300;3.04441e+02;23;1;1;1.00000e+00;1.00000e+00;1.00000e+00;82;9.99994e-01;1.00472e+00;1.82593e-05
nav-lives;me-mlp;2;[8];324;32400;32400;3.05395e+02;23;1;1;1.00000e+00;1.00000e+00;1.00000e+00;82;9.99994e-01;1.00472e+00;1.82593e-05
nav-lives;me-mlp;2;[8];325;32500;32500;3.06364e+02;23;1;1;1.00000e+00;1.00000e+00;1.00000e+00;82;9.99994e-01;1.00472e+00;1.82593e-05
nav-lives;me-mlp;2;[8];326;32600;32600;3.07342e+02;23;1;1;1.00000e+00;1.00000e+00;1.00000e+00;82;9.99994e-01;1.00472e+00;1.82593e-05
nav-lives;me-mlp;2;[8];327;32700;32700;3.08325e+02;23;1;1;1.00000e+00;1.00000e+00;1.00000e+00;82;9.99994e-01;1.00472e+00;1.82593e-05
nav-lives;me-mlp;2;[8];328;32800;32800;3.09303e+02;23;1;1;1.00000e+00;1.00000e+00;1.00000e+00;82;9.99994e-01;1.00472e+00;1.82593e-05
nav-lives;me-mlp;2;[8];329;32900;32900;3.10270e+02;23;1;1;1.00000e+00;1.00000e+00;1.00000e+00;82;9.99994e-01;1.00472e+00;1.82593e-05
nav-lives;me-mlp;2;[8];330;33000;33000;3.11254e+02;23;1;1;1.00000e+00;1.00000e+00;1.00000e+00;82;9.99994e-01;1.00472e+00;1.82593e-05
nav-lives;me-mlp;2;[8];331;33100;33100;3.12237e+02;23;1;1;1.00000e+00;1.00000e+00;1.00000e+00;82;9.99994e-01;1.00472e+00;1.82593e-05
nav-lives;me-mlp;2;[8];332;33200;33200;3.13213e+02;23;1;1;1.00000e+00;1.00000e+00;1.00000e+00;82;9.99994e-01;1.00472e+00;1.82593e-05
nav-lives;me-mlp;2;[8];333;33300;33300;3.14173e+02;23;1;1;1.00000e+00;1.00000e+00;1.00000e+00;82;9.99994e-01;1.00472e+00;1.82593e-05
nav-lives;me-mlp;2;[8];334;33400;33400;3.15141e+02;23;1;1;1.00000e+00;1.00000e+00;1.00000e+00;82;9.99994e-01;1.00472e+00;1.82593e-05
nav-lives;me-mlp;2;[8];335;33500;33500;3.16114e+02;23;1;1;1.00000e+00;1.00000e+00;1.00000e+00;82;9.99994e-01;1.00472e+00;1.82593e-05
nav-lives;me-mlp;2;[8];336;33600;33600;3.17075e+02;23;1;1;1.00000e+00;1.00000e+00;1.00000e+00;82;9.99994e-01;1.00472e+00;1.82593e-05
nav-lives;me-mlp;2;[8];337;33700;33700;3.18032e+02;23;1;1;1.00000e+00;1.00000e+00;1.00000e+00;82;9.99994e-01;1.00472e+00;1.82593e-05
nav-lives;me-mlp;2;[8];338;33800;33800;3.19054e+02;23;1;1;1.00000e+00;1.00000e+00;1.00000e+00;82;9.99994e-01;1.00472e+00;1.82593e-05
nav-lives;me-mlp;2;[8];339;33900;33900;3.20028e+02;23;1;1;1.00000e+00;1.00000e+00;1.00000e+00;82;9.99994e-01;1.00472e+00;1.82593e-05
nav-lives;me-mlp;2;[8];340;34000;34000;3.20985e+02;23;1;1;1.00000e+00;1.00000e+00;1.00000e+00;82;9.99994e-01;1.00472e+00;1.82593e-05
nav-lives;me-mlp;2;[8];341;34100;34100;3.21925e+02;23;1;1;1.00000e+00;1.00000e+00;1.00000e+00;82;9.99994e-01;1.00472e+00;1.82593e-05
nav-lives;me-mlp;2;[8];342;34200;34200;3.22824e+02;23;1;1;1.00000e+00;1.00000e+00;1.00000e+00;82;9.99994e-01;1.00472e+00;1.82593e-05
nav-lives;me-mlp;2;[8];343;34300;34300;3.23733e+02;23;1;1;1.00000e+00;1.00000e+00;1.00000e+00;82;9.99994e-01;1.00472e+00;1.82593e-05
nav-lives;me-mlp;2;[8];344;34400;34400;3.24649e+02;23;1;1;1.00000e+00;1.00000e+00;1.00000e+00;82;9.99994e-01;1.00472e+00;1.82593e-05
nav-lives;me-mlp;2;[8];345;34500;34500;3.25573e+02;23;1;1;1.00000e+00;1.00000e+00;1.00000e+00;82;9.99994e-01;1.00472e+00;1.82593e-05
nav-lives;me-mlp;2;[8];346;34600;34600;3.26466e+02;23;1;1;1.00000e+00;1.00000e+00;1.00000e+00;82;9.99994e-01;1.00472e+00;1.82593e-05
nav-lives;me-mlp;2;[8];347;34700;34700;3.27390e+02;23;1;1;1.00000e+00;1.00000e+00;1.00000e+00;82;9.99994e-01;1.00472e+00;1.82593e-05
nav-lives;me-mlp;2;[8];348;34800;34800;3.28309e+02;23;1;1;1.00000e+00;1.00000e+00;1.00000e+00;82;9.99994e-01;1.00472e+00;1.82593e-05
nav-lives;me-mlp;2;[8];349;34900;34900;3.29232e+02;23;1;1;1.00000e+00;1.00000e+00;1.00000e+00;82;9.99994e-01;1.00472e+00;1.82593e-05
nav-lives;me-mlp;2;[8];350;35000;35000;3.30144e+02;23;1;1;1.00000e+00;1.00000e+00;1.00000e+00;82;9.99994e-01;1.00472e+00;1.82593e-05
nav-lives;me-mlp;2;[8];351;35100;35100;3.31051e+02;23;1;1;1.00000e+00;1.00000e+00;1.00000e+00;82;9.99994e-01;1.00472e+00;1.82593e-05
nav-lives;me-mlp;2;[8];352;35200;35200;3.31978e+02;23;1;1;1.00000e+00;1.00000e+00;1.00000e+00;82;9.99994e-01;1.00472e+00;1.82593e-05
nav-lives;me-mlp;2;[8];353;35300;35300;3.32954e+02;23;1;1;1.00000e+00;1.00000e+00;1.00000e+00;82;9.99994e-01;1.00472e+00;1.82593e-05
nav-lives;me-mlp;2;[8];354;35400;35400;3.33861e+02;23;1;1;1.00000e+00;1.00000e+00;1.00000e+00;82;9.99994e-01;1.00472e+00;1.82593e-05
nav-lives;me-mlp;2;[8];355;35500;35500;3.34763e+02;23;1;1;1.00000e+00;1.00000e+00;1.00000e+00;82;9.99994e-01;1.00472e+00;1.82593e-05
nav-lives;me-mlp;2;[8];356;35600;35600;3.35661e+02;23;1;1;1.00000e+00;1.00000e+00;1.00000e+00;82;9.99994e-01;1.00472e+00;1.82593e-05
nav-lives;me-mlp;2;[8];357;35700;35700;3.36573e+02;23;1;1;1.00000e+00;1.00000e+00;1.00000e+00;82;9.99994e-01;1.00472e+00;1.82593e-05
nav-lives;me-mlp;2;[8];358;35800;35800;3.37469e+02;23;1;1;1.00000e+00;1.00000e+00;1.00000e+00;82;9.99994e-01;1.00472e+00;1.82593e-05
nav-lives;me-mlp;2;[8];359;35900;35900;3.38392e+02;23;1;1;1.00000e+00;1.00000e+00;1.00000e+00;82;9.99994e-01;1.00472e+00;1.82593e-05
nav-lives;me-mlp;2;[8];360;36000;36000;3.39300e+02;23;1;1;1.00000e+00;1.00000e+00;1.00000e+00;82;9.99994e-01;1.00472e+00;1.82593e-05
nav-lives;me-mlp;2;[8];361;36100;36100;3.40194e+02;23;1;1;1.00000e+00;1.00000e+00;1.00000e+00;82;9.99994e-01;1.00472e+00;1.82593e-05
nav-lives;me-mlp;2;[8];362;36200;36200;3.41089e+02;23;1;1;1.00000e+00;1.00000e+00;1.00000e+00;82;9.99994e-01;1.00472e+00;1.82593e-05
nav-lives;me-mlp;2;[8];363;36300;36300;3.41989e+02;23;1;1;1.00000e+00;1.00000e+00;1.00000e+00;82;9.99994e-01;1.00472e+00;1.82593e-05
nav-lives;me-mlp;2;[8];364;36400;36400;3.42910e+02;23;1;1;1.00000e+00;1.00000e+00;1.00000e+00;82;9.99994e-01;1.00472e+00;1.82593e-05
nav-lives;me-mlp;2;[8];365;36500;36500;3.43810e+02;23;1;1;1.00000e+00;1.00000e+00;1.00000e+00;82;9.99994e-01;1.00472e+00;1.82593e-05
nav-lives;me-mlp;2;[8];366;36600;36600;3.44707e+02;23;1;1;1.00000e+00;1.00000e+00;1.00000e+00;82;9.99994e-01;1.00472e+00;1.82593e-05
nav-lives;me-mlp;2;[8];367;36700;36700;3.45598e+02;23;1;1;1.00000e+00;1.00000e+00;1.00000e+00;82;9.99994e-01;1.00472e+00;1.82593e-05
nav-lives;me-mlp;2;[8];368;36800;36800;3.46495e+02;23;1;1;1.00000e+00;1.00000e+00;1.00000e+00;82;9.99994e-01;1.00472e+00;1.82593e-05
nav-lives;me-mlp;2;[8];369;36900;36900;3.47409e+02;23;1;1;1.00000e+00;1.00000e+00;1.00000e+00;82;9.99994e-01;1.00472e+00;1.82593e-05
nav-lives;me-mlp;2;[8];370;37000;37000;3.48317e+02;23;1;1;1.00000e+00;1.00000e+00;1.00000e+00;82;9.99994e-01;1.00472e+00;1.82593e-05
nav-lives;me-mlp;2;[8];371;37100;37100;3.49208e+02;23;1;1;1.00000e+00;1.00000e+00;1.00000e+00;82;9.99994e-01;1.00472e+00;1.82593e-05
nav-lives;me-mlp;2;[8];372;37200;37200;3.50098e+02;23;1;1;1.00000e+00;1.00000e+00;1.00000e+00;82;9.99994e-01;1.00472e+00;1.82593e-05
nav-lives;me-mlp;2;[8];373;37300;37300;3.50993e+02;23;1;1;1.00000e+00;1.00000e+00;1.00000e+00;82;9.99994e-01;1.00472e+00;1.82593e-05
nav-lives;me-mlp;2;[8];374;37400;37400;3.51873e+02;23;1;1;1.00000e+00;1.00000e+00;1.00000e+00;82;9.99994e-01;1.00472e+00;1.82593e-05
nav-lives;me-mlp;2;[8];375;37500;37500;3.52739e+02;23;1;1;1.00000e+00;1.00000e+00;1.00000e+00;82;9.99994e-01;1.00472e+00;1.82593e-05
nav-lives;me-mlp;2;[8];376;37600;37600;3.53618e+02;23;1;1;1.00000e+00;1.00000e+00;1.00000e+00;82;9.99994e-01;1.00472e+00;1.82593e-05
nav-lives;me-mlp;2;[8];377;37700;37700;3.54506e+02;23;1;1;1.00000e+00;1.00000e+00;1.00000e+00;82;9.99994e-01;1.00472e+00;1.82593e-05
nav-lives;me-mlp;2;[8];378;37800;37800;3.55384e+02;23;1;1;1.00000e+00;1.00000e+00;1.00000e+00;82;9.99994e-01;1.00472e+00;1.82593e-05
nav-lives;me-mlp;2;[8];379;37900;37900;3.56257e+02;23;1;1;1.00000e+00;1.00000e+00;1.00000e+00;82;9.99994e-01;1.00472e+00;1.82593e-05
nav-lives;me-mlp;2;[8];380;38000;38000;3.57145e+02;23;1;1;1.00000e+00;1.00000e+00;1.00000e+00;82;9.99994e-01;1.00472e+00;1.82593e-05
nav-lives;me-mlp;2;[8];381;38100;38100;3.58023e+02;23;1;1;1.00000e+00;1.00000e+00;1.00000e+00;82;9.99994e-01;1.00472e+00;1.82593e-05
nav-lives;me-mlp;2;[8];382;38200;38200;3.58900e+02;23;1;1;1.00000e+00;1.00000e+00;1.00000e+00;82;9.99994e-01;1.00472e+00;1.82593e-05
nav-lives;me-mlp;2;[8];383;38300;38300;3.59770e+02;23;1;1;1.00000e+00;1.00000e+00;1.00000e+00;82;9.99994e-01;1.00472e+00;1.82593e-05
nav-lives;me-mlp;2;[8];384;38400;38400;3.60635e+02;23;1;1;1.00000e+00;1.00000e+00;1.00000e+00;82;9.99994e-01;1.00472e+00;1.82593e-05
nav-lives;me-mlp;2;[8];385;38500;38500;3.61502e+02;23;1;1;1.00000e+00;1.00000e+00;1.00000e+00;82;9.99994e-01;1.00472e+00;1.82593e-05
nav-lives;me-mlp;2;[8];386;38600;38600;3.62391e+02;23;1;1;1.00000e+00;1.00000e+00;1.00000e+00;82;9.99994e-01;1.00472e+00;1.82593e-05
nav-lives;me-mlp;2;[8];387;38700;38700;3.63256e+02;23;1;1;1.00000e+00;1.00000e+00;1.00000e+00;82;9.99994e-01;1.00472e+00;1.82593e-05
nav-lives;me-mlp;2;[8];388;38800;38800;3.64130e+02;23;1;1;1.00000e+00;1.00000e+00;1.00000e+00;82;9.99994e-01;1.00472e+00;1.82593e-05
nav-lives;me-mlp;2;[8];389;38900;38900;3.64991e+02;23;1;1;1.00000e+00;1.00000e+00;1.00000e+00;82;9.99994e-01;1.00472e+00;1.82593e-05
nav-lives;me-mlp;2;[8];390;39000;39000;3.65865e+02;23;1;1;1.00000e+00;1.00000e+00;1.00000e+00;82;9.99994e-01;1.00472e+00;1.82593e-05
nav-lives;me-mlp;2;[8];391;39100;39100;3.66739e+02;23;1;1;1.00000e+00;1.00000e+00;1.00000e+00;82;9.99994e-01;1.00472e+00;1.82593e-05
nav-lives;me-mlp;2;[8];392;39200;39200;3.67616e+02;23;1;1;1.00000e+00;1.00000e+00;1.00000e+00;82;9.99994e-01;1.00472e+00;1.82593e-05
nav-lives;me-mlp;2;[8];393;39300;39300;3.68497e+02;23;1;1;1.00000e+00;1.00000e+00;1.00000e+00;82;9.99994e-01;1.00472e+00;1.82593e-05
nav-lives;me-mlp;2;[8];394;39400;39400;3.69350e+02;23;1;1;1.00000e+00;1.00000e+00;1.00000e+00;82;9.99994e-01;1.00472e+00;1.82593e-05
nav-lives;me-mlp;2;[8];395;39500;39500;3.70212e+02;23;1;1;1.00000e+00;1.00000e+00;1.00000e+00;82;9.99994e-01;1.00472e+00;1.82593e-05
nav-lives;me-mlp;2;[8];396;39600;39600;3.71095e+02;23;1;1;1.00000e+00;1.00000e+00;1.00000e+00;82;9.99994e-01;1.00472e+00;1.82593e-05
nav-lives;me-mlp;2;[8];397;39700;39700;3.71952e+02;23;1;1;1.00000e+00;1.00000e+00;1.00000e+00;82;9.99994e-01;1.00472e+00;1.82593e-05
nav-lives;me-mlp;2;[8];398;39800;39800;3.72827e+02;23;1;1;1.00000e+00;1.00000e+00;1.00000e+00;82;9.99994e-01;1.00472e+00;1.82593e-05
nav-lives;me-mlp;2;[8];399;39900;39900;3.73706e+02;23;1;1;1.00000e+00;1.00000e+00;1.00000e+00;82;9.99994e-01;1.00472e+00;1.82593e-05
nav-lives;me-mlp;2;[8];400;40000;40000;3.74579e+02;23;1;1;1.00000e+00;1.00000e+00;1.00000e+00;82;9.99994e-01;1.00472e+00;1.82593e-05
nav-lives;me-mlp;3;[8];1;100;100;8.90000e-01;2;1;1;1.00000e+00;1.00000e+00;1.00000e+00;82;2.65066e-01;2.71878e-01;4.43124e-01
nav-lives;me-mlp;3;[8];2;200;200;1.78600e+00;5;1;1;1.00000e+00;1.00000e+00;1.00000e+00;82;3.16062e-01;3.19957e-01;4.65293e-01
nav-lives;me-mlp;3;[8];3;300;300;2.65000e+00;7;1;1;1.00000e+00;1.00000e+00;1.00000e+00;82;9.99890e-01;1.00701e+00;2.22412e-04
nav-lives;me-mlp;3;[8];4;400;400;3.49600e+00;7;1;1;1.00000e+00;1.00000e+00;1.00000e+00;82;9.99890e-01;1.00701e+00;2.22412e-04
nav-lives;me-mlp;3;[8];5;500;500;4.34400e+00;9;1;1;1.00000e+00;1.00000e+00;1.00000e+00;82;9.99890e-01;1.00701e+00;2.22412e-04
nav-lives;me-mlp;3;[8];6;600;600;5.19100e+00;10;1;1;1.00000e+00;1.00000e+00;1.00000e+00;82;9.99890e-01;1.00701e+00;2.22412e-04
nav-lives;me-mlp;3;[8];7;700;700;6.05400e+00;12;1;1;1.00000e+00;1.00000e+00;1.00000e+00;82;9.99890e-01;1.00701e+00;2.22412e-04
nav-lives;me-mlp;3;[8];8;800;800;6.91400e+00;12;1;1;1.00000e+00;1.00000e+00;1.00000e+00;82;9.99890e-01;1.00701e+00;2.22412e-04
nav-lives;me-mlp;3;[8];9;900;900;7.75100e+00;13;1;1;1.00000e+00;1.00000e+00;1.00000e+00;82;9.99890e-01;1.00701e+00;2.22412e-04
nav-lives;me-mlp;3;[8];10;1000;1000;8.59500e+00;13;1;1;1.00000e+00;1.00000e+00;1.00000e+00;82;9.99890e-01;1.00701e+00;2.22412e-04
nav-lives;me-mlp;3;[8];11;1100;1100;9.43400e+00;13;1;1;1.00000e+00;1.00000e+00;1.00000e+00;82;9.99915e-01;1.00626e+00;1.05479e-04
nav-lives;me-mlp;3;[8];12;1200;1200;1.02700e+01;13;1;1;1.00000e+00;1.00000e+00;1.00000e+00;82;9.99915e-01;1.00626e+00;1.05479e-04
nav-lives;me-mlp;3;[8];13;1300;1300;1.11070e+01;14;1;1;1.00000e+00;1.00000e+00;1.00000e+00;82;9.99915e-01;1.00626e+00;1.05479e-04
nav-lives;me-mlp;3;[8];14;1400;1400;1.19440e+01;16;1;1;1.00000e+00;1.00000e+00;1.00000e+00;82;9.99915e-01;1.00626e+00;1.05479e-04
nav-lives;me-mlp;3;[8];15;1500;1500;1.27800e+01;16;1;1;1.00000e+00;1.00000e+00;1.00000e+00;82;9.99915e-01;1.00626e+00;1.05479e-04
nav-lives;me-mlp;3;[8];16;1600;1600;1.36240e+01;17;1;1;1.00000e+00;1.00000e+00;1.00000e+00;82;9.99915e-01;1.00626e+00;1.05479e-04
nav-lives;me-mlp;3;[8];17;1700;1700;1.44760e+01;17;1;1;1.00000e+00;1.00000e+00;1.00000e+00;82;9.99915e-01;1.00626e+00;1.05479e-04
nav-lives;me-mlp;3;[8];18;1800;1800;1.53150e+01;17;1;1;1.00000e+00;1.00000e+00;1.00000e+00;82;9.99915e-01;1.00626e+00;1.05479e-04
nav-lives;me-mlp;3;[8];19;1900;1900;1.61510e+01;17;1;1;1.00000e+00;1.00000e+00;1.00000e+00;82;9.99958e-01;1.00591e+00;1.76965e-04
nav-lives;me-mlp;3;[8];20;2000;2000;1.69950e+01;17;1;1;1.00000e+00;1.00000e+00;1.00000e+00;82;9.99958e-01;1.00591e+00;1.76965e-04
nav-lives;me-mlp;3;[8];21;2100;2100;1.78580e+01;17;1;1;1.00000e+00;1.00000e+00;1.00000e+00;82;9.99958e-01;1.00591e+00;1.76965e-04
nav-lives;me-mlp;3;[8];22;2200;2200;1.86940e+01;17;1;1;1.00000e+00;1.00000e+00;1.00000e+00;82;9.99958e-01;1.00591e+00;1.76965e-04
nav-lives;me-mlp;3;[8];23;2300;2300;1.95340e+01;17;1;1;1.00000e+00;1.00000e+00;1.00000e+00;82;9.99958e-01;1.00591e+00;1.76965e-04
nav-lives;me-mlp;3;[8];24;2400;2400;2.03710e+01;17;1;1;1.00000e+00;1.00000e+00;1.00000e+00;82;9.99958e-01;1.00591e+00;1.76965e-04
nav-lives;me-mlp;3;[8];25;2500;2500;2.12170e+01;18;1;1;1.00000e+00;1.00000e+00;1.00000e+00;82;9.99958e-01;1.00591e+00;1.76965e-04
nav-lives;me-mlp;3;[8];26;2600;2600;2.20570e+01;18;1;1;1.00000e+00;1.00000e+00;1.00000e+00;82;9.99958e-01;1.00591e+00;1.76965e-04
nav-lives;me-mlp;3;[8];27;2700;2700;2.29110e+01;19;1;1;1.00000e+00;1.00000e+00;1.00000e+00;82;9.99958e-01;1.00591e+00;1.76965e-04
nav-lives;me-mlp;3;[8];28;2800;2800;2.37890e+01;20;1;1;1.00000e+00;1.00000e+00;1.00000e+00;82;9.99958e-01;1.00591e+00;1.76965e-04
nav-lives;me-mlp;3;[8];29;2900;2900;2.46470e+01;20;1;1;1.00000e+00;1.00000e+00;1.00000e+00;82;9.99958e-01;1.00591e+00;1.76965e-04
nav-lives;me-mlp;3;[8];30;3000;3000;2.54900e+01;20;1;1;1.00000e+00;1.00000e+00;1.00000e+00;82;9.99958e-01;1.00591e+00;1.76965e-04
nav-lives;me-mlp;3;[8];31;3100;3100;2.63340e+01;20;1;1;1.00000e+00;1.00000e+00;1.00000e+00;82;9.99958e-01;1.00591e+00;1.76965e-04
nav-lives;me-mlp;3;[8];32;3200;3200;2.71820e+01;20;1;1;1.00000e+00;1.00000e+00;1.00000e+00;82;9.99958e-01;1.00591e+00;1.76965e-04
nav-lives;me-mlp;3;[8];33;3300;3300;2.80270e+01;20;1;1;1.00000e+00;1.00000e+00;1.00000e+00;82;9.99958e-01;1.00591e+00;1.76965e-04
nav-lives;me-mlp;3;[8];34;3400;3400;2.88650e+01;20;1;1;1.00000e+00;1.00000e+00;1.00000e+00;82;9.99958e-01;1.00591e+00;1.76965e-04
nav-lives;me-mlp;3;[8];35;3500;3500;2.97040e+01;20;1;1;1.00000e+00;1.00000e+00;1.00000e+00;82;9.99958e-01;1.00591e+00;1.76965e-04
nav-lives;me-mlp;3;[8];36;3600;3600;3.05440e+01;20;1;1;1.00000e+00;1.00000e+00;1.00000e+00;82;9.99958e-01;1.00591e+00;1.76965e-04
nav-lives;me-mlp;3;[8];37;3700;3700;3.13820e+01;20;1;1;1.00000e+00;1.00000e+00;1.00000e+00;82;9.99958e-01;1.00591e+00;1.76965e-04
nav-lives;me-mlp;3;[8];38;3800;3800;3.22250e+01;20;1;1;1.00000e+00;1.00000e+00;1.00000e+00;82;9.99994e-01;1.00529e+00;4.15665e-05
nav-lives;me-mlp;3;[8];39;3900;3900;3.30740e+01;20;1;1;1.00000e+00;1.00000e+00;1.00000e+00;82;9.99994e-01;1.00529e+00;4.15665e-05
nav-lives;me-mlp;3;[8];40;4000;4000;3.39200e+01;20;1;1;1.00000e+00;1.00000e+00;1.00000e+00;82;9.99994e-01;1.00529e+00;4.15665e-05
nav-lives;me-mlp;3;[8];41;4100;4100;3.47700e+01;21;1;1;1.00000e+00;1.00000e+00;1.00000e+00;82;9.99994e-01;1.00529e+00;4.15665e-05
nav-lives;me-mlp;3;[8];42;4200;4200;3.56130e+01;22;1;1;1.00000e+00;1.00000e+00;1.00000e+00;82;9.99994e-01;1.00529e+00;4.15665e-05
nav-lives;me-mlp;3;[8];43;4300;4300;3.64640e+01;22;1;1;1.00000e+00;1.00000e+00;1.00000e+00;82;9.99994e-01;1.00529e+00;4.15665e-05
nav-lives;me-mlp;3;[8];44;4400;4400;3.73020e+01;22;1;1;1.00000e+00;1.00000e+00;1.00000e+00;82;9.99994e-01;1.00529e+00;4.15665e-05
nav-lives;me-mlp;3;[8];45;4500;4500;3.81630e+01;22;1;1;1.00000e+00;1.00000e+00;1.00000e+00;82;9.99994e-01;1.00529e+00;4.15665e-05
nav-lives;me-mlp;3;[8];46;4600;4600;3.90120e+01;22;1;1;1.00000e+00;1.00000e+00;1.00000e+00;82;9.99994e-01;1.00529e+00;4.15665e-05
nav-lives;me-mlp;3;[8];47;4700;4700;3.98550e+01;22;1;1;1.00000e+00;1.00000e+00;1.00000e+00;82;9.99994e-01;1.00529e+00;4.15665e-05
nav-lives;me-mlp;3;[8];48;4800;4800;4.06890e+01;22;1;1;1.00000e+00;1.00000e+00;1.00000e+00;82;9.99994e-01;1.00529e+00;4.15665e-05
nav-lives;me-mlp;3;[8];49;4900;4900;4.15390e+01;22;1;1;1.00000e+00;1.00000e+00;1.00000e+00;82;9.99994e-01;1.00529e+00;4.15665e-05
nav-lives;me-mlp;3;[8];50;5000;5000;4.23900e+01;22;1;1;1.00000e+00;1.00000e+00;1.00000e+00;82;9.99994e-01;1.00529e+00;4.15665e-05
nav-lives;me-mlp;3;[8];51;5100;5100;4.32520e+01;22;1;1;1.00000e+00;1.00000e+00;1.00000e+00;82;9.99994e-01;1.00529e+00;4.15665e-05
nav-lives;me-mlp;3;[8];52;5200;5200;4.41080e+01;22;1;1;1.00000e+00;1.00000e+00;1.00000e+00;82;9.99994e-01;1.00529e+00;4.15665e-05
nav-lives;me-mlp;3;[8];53;5300;5300;4.49560e+01;22;1;1;1.00000e+00;1.00000e+00;1.00000e+00;82;9.99994e-01;1.00529e+00;4.15665e-05
nav-lives;me-mlp;3;[8];54;5400;5400;4.57960e+01;22;1;1;1.00000e+00;1.00000e+00;1.00000e+00;82;9.99994e-01;1.00529e+00;4.15665e-05
nav-lives;me-mlp;3;[8];55;5500;5500;4.66600e+01;22;1;1;1.00000e+00;1.00000e+00;1.00000e+00;82;9.99994e-01;1.00529e+00;4.15665e-05
nav-lives;me-mlp;3;[8];56;5600;5600;4.75190e+01;22;1;1;1.00000e+00;1.00000e+00;1.00000e+00;82;9.99994e-01;1.00529e+00;4.15665e-05
nav-lives;me-mlp;3;[8];57;5700;5700;4.83820e+01;22;1;1;1.00000e+00;1.00000e+00;1.00000e+00;82;9.99994e-01;1.00529e+00;4.15665e-05
nav-lives;me-mlp;3;[8];58;5800;5800;4.92320e+01;22;1;1;1.00000e+00;1.00000e+00;1.00000e+00;82;9.99994e-01;1.00529e+00;4.15665e-05
nav-lives;me-mlp;3;[8];59;5900;5900;5.00790e+01;22;1;1;1.00000e+00;1.00000e+00;1.00000e+00;82;9.99994e-01;1.00529e+00;4.15665e-05
nav-lives;me-mlp;3;[8];60;6000;6000;5.09280e+01;22;1;1;1.00000e+00;1.00000e+00;1.00000e+00;82;9.99994e-01;1.00529e+00;4.15665e-05
nav-lives;me-mlp;3;[8];61;6100;6100;5.17850e+01;22;1;1;1.00000e+00;1.00000e+00;1.00000e+00;82;9.99994e-01;1.00529e+00;4.15665e-05
nav-lives;me-mlp;3;[8];62;6200;6200;5.26480e+01;22;1;1;1.00000e+00;1.00000e+00;1.00000e+00;82;9.99994e-01;1.00529e+00;4.15665e-05
nav-lives;me-mlp;3;[8];63;6300;6300;5.35020e+01;22;1;1;1.00000e+00;1.00000e+00;1.00000e+00;82;9.99994e-01;1.00529e+00;4.15665e-05
nav-lives;me-mlp;3;[8];64;6400;6400;5.43570e+01;22;1;1;1.00000e+00;1.00000e+00;1.00000e+00;82;9.99994e-01;1.00529e+00;4.15665e-05
nav-lives;me-mlp;3;[8];65;6500;6500;5.52120e+01;22;1;1;1.00000e+00;1.00000e+00;1.00000e+00;82;9.99994e-01;1.00529e+00;4.15665e-05
nav-lives;me-mlp;3;[8];66;6600;6600;5.60650e+01;22;1;1;1.00000e+00;1.00000e+00;1.00000e+00;82;9.99994e-01;1.00529e+00;4.15665e-05
nav-lives;me-mlp;3;[8];67;6700;6700;5.69240e+01;22;1;1;1.00000e+00;1.00000e+00;1.00000e+00;82;9.99994e-01;1.00529e+00;4.15665e-05
nav-lives;me-mlp;3;[8];68;6800;6800;5.77830e+01;22;1;1;1.00000e+00;1.00000e+00;1.00000e+00;82;9.99994e-01;1.00529e+00;4.15665e-05
nav-lives;me-mlp;3;[8];69;6900;6900;5.86470e+01;22;1;1;1.00000e+00;1.00000e+00;1.00000e+00;82;9.99994e-01;1.00529e+00;4.15665e-05
nav-lives;me-mlp;3;[8];70;7000;7000;5.94950e+01;22;1;1;1.00000e+00;1.00000e+00;1.00000e+00;82;9.99994e-01;1.00529e+00;4.15665e-05
nav-lives;me-mlp;3;[8];71;7100;7100;6.03440e+01;22;1;1;1.00000e+00;1.00000e+00;1.00000e+00;82;9.99994e-01;1.00529e+00;4.15665e-05
nav-lives;me-mlp;3;[8];72;7200;7200;6.12000e+01;22;1;1;1.00000e+00;1.00000e+00;1.00000e+00;82;9.99994e-01;1.00529e+00;4.15665e-05
nav-lives;me-mlp;3;[8];73;7300;7300;6.20520e+01;22;1;1;1.00000e+00;1.00000e+00;1.00000e+00;82;9.99994e-01;1.00529e+00;4.15665e-05
nav-lives;me-mlp;3;[8];74;7400;7400;6.29200e+01;22;1;1;1.00000e+00;1.00000e+00;1.00000e+00;82;9.99994e-01;1.00529e+00;4.15665e-05
nav-lives;me-mlp;3;[8];75;7500;7500;6.37770e+01;22;1;1;1.00000e+00;1.00000e+00;1.00000e+00;82;9.99994e-01;1.00529e+00;4.15665e-05
nav-lives;me-mlp;3;[8];76;7600;7600;6.46340e+01;22;1;1;1.00000e+00;1.00000e+00;1.00000e+00;82;9.99994e-01;1.00529e+00;4.15665e-05
nav-lives;me-mlp;3;[8];77;7700;7700;6.54890e+01;22;1;1;1.00000e+00;1.00000e+00;1.00000e+00;82;9.99994e-01;1.00529e+00;4.15665e-05
nav-lives;me-mlp;3;[8];78;7800;7800;6.63770e+01;22;1;1;1.00000e+00;1.00000e+00;1.00000e+00;82;9.99994e-01;1.00529e+00;4.15665e-05
nav-lives;me-mlp;3;[8];79;7900;7900;6.72420e+01;22;1;1;1.00000e+00;1.00000e+00;1.00000e+00;82;9.99994e-01;1.00529e+00;4.15665e-05
nav-lives;me-mlp;3;[8];80;8000;8000;6.81150e+01;22;1;1;1.00000e+00;1.00000e+00;1.00000e+00;82;9.99994e-01;1.00529e+00;4.15665e-05
nav-lives;me-mlp;3;[8];81;8100;8100;6.89770e+01;22;1;1;1.00000e+00;1.00000e+00;1.00000e+00;82;9.99994e-01;1.00529e+00;4.15665e-05
nav-lives;me-mlp;3;[8];82;8200;8200;6.98470e+01;22;1;1;1.00000e+00;1.00000e+00;1.00000e+00;82;9.99994e-01;1.00529e+00;4.15665e-05
nav-lives;me-mlp;3;[8];83;8300;8300;7.07050e+01;22;1;1;1.00000e+00;1.00000e+00;1.00000e+00;82;9.99994e-01;1.00529e+00;4.15665e-05
nav-lives;me-mlp;3;[8];84;8400;8400;7.15620e+01;22;1;1;1.00000e+00;1.00000e+00;1.00000e+00;82;9.99994e-01;1.00529e+00;4.15665e-05
nav-lives;me-mlp;3;[8];85;8500;8500;7.24540e+01;22;1;1;1.00000e+00;1.00000e+00;1.00000e+00;82;9.99994e-01;1.00529e+00;4.15665e-05
nav-lives;me-mlp;3;[8];86;8600;8600;7.33240e+01;22;1;1;1.00000e+00;1.00000e+00;1.00000e+00;82;9.99994e-01;1.00529e+00;4.15665e-05
nav-lives;me-mlp;3;[8];87;8700;8700;7.41840e+01;22;1;1;1.00000e+00;1.00000e+00;1.00000e+00;82;9.99994e-01;1.00529e+00;4.15665e-05
nav-lives;me-mlp;3;[8];88;8800;8800;7.50320e+01;22;1;1;1.00000e+00;1.00000e+00;1.00000e+00;82;9.99994e-01;1.00529e+00;4.15665e-05
nav-lives;me-mlp;3;[8];89;8900;8900;7.58940e+01;22;1;1;1.00000e+00;1.00000e+00;1.00000e+00;82;9.99994e-01;1.00529e+00;4.15665e-05
nav-lives;me-mlp;3;[8];90;9000;9000;7.67470e+01;22;1;1;1.00000e+00;1.00000e+00;1.00000e+00;82;9.99994e-01;1.00529e+00;4.15665e-05
nav-lives;me-mlp;3;[8];91;9100;9100;7.75980e+01;22;1;1;1.00000e+00;1.00000e+00;1.00000e+00;82;9.99994e-01;1.00529e+00;4.15665e-05
nav-lives;me-mlp;3;[8];92;9200;9200;7.84670e+01;22;1;1;1.00000e+00;1.00000e+00;1.00000e+00;82;9.99994e-01;1.00529e+00;4.15665e-05
nav-lives;me-mlp;3;[8];93;9300;9300;7.93240e+01;22;1;1;1.00000e+00;1.00000e+00;1.00000e+00;82;9.99994e-01;1.00529e+00;4.15665e-05
nav-lives;me-mlp;3;[8];94;9400;9400;8.01800e+01;22;1;1;1.00000e+00;1.00000e+00;1.00000e+00;82;9.99994e-01;1.00529e+00;4.15665e-05
nav-lives;me-mlp;3;[8];95;9500;9500;8.10380e+01;22;1;1;1.00000e+00;1.00000e+00;1.00000e+00;82;9.99994e-01;1.00529e+00;4.15665e-05
nav-lives;me-mlp;3;[8];96;9600;9600;8.18920e+01;22;1;1;1.00000e+00;1.00000e+00;1.00000e+00;82;9.99994e-01;1.00529e+00;4.15665e-05
nav-lives;me-mlp;3;[8];97;9700;9700;8.27530e+01;22;1;1;1.00000e+00;1.00000e+00;1.00000e+00;82;9.99994e-01;1.00529e+00;4.15665e-05
nav-lives;me-mlp;3;[8];98;9800;9800;8.36250e+01;22;1;1;1.00000e+00;1.00000e+00;1.00000e+00;82;9.99994e-01;1.00529e+00;4.15665e-05
nav-lives;me-mlp;3;[8];99;9900;9900;8.44830e+01;22;1;1;1.00000e+00;1.00000e+00;1.00000e+00;82;9.99994e-01;1.00529e+00;4.15665e-05
nav-lives;me-mlp;3;[8];100;10000;10000;8.53180e+01;22;1;1;1.00000e+00;1.00000e+00;1.00000e+00;82;9.99994e-01;1.00529e+00;4.15665e-05
nav-lives;me-mlp;3;[8];101;10100;10100;8.61800e+01;22;1;1;1.00000e+00;1.00000e+00;1.00000e+00;82;9.99994e-01;1.00529e+00;4.15665e-05
nav-lives;me-mlp;3;[8];102;10200;10200;8.70280e+01;22;1;1;1.00000e+00;1.00000e+00;1.00000e+00;82;9.99994e-01;1.00529e+00;4.15665e-05
nav-lives;me-mlp;3;[8];103;10300;10300;8.78910e+01;22;1;1;1.00000e+00;1.00000e+00;1.00000e+00;82;9.99994e-01;1.00529e+00;4.15665e-05
nav-lives;me-mlp;3;[8];104;10400;10400;8.87460e+01;22;1;1;1.00000e+00;1.00000e+00;1.00000e+00;82;9.99994e-01;1.00529e+00;4.15665e-05
nav-lives;me-mlp;3;[8];105;10500;10500;8.96010e+01;22;1;1;1.00000e+00;1.00000e+00;1.00000e+00;82;9.99994e-01;1.00529e+00;4.15665e-05
nav-lives;me-mlp;3;[8];106;10600;10600;9.04490e+01;23;1;1;1.00000e+00;1.00000e+00;1.00000e+00;82;9.99994e-01;1.00529e+00;4.15665e-05
nav-lives;me-mlp;3;[8];107;10700;10700;9.13170e+01;23;1;1;1.00000e+00;1.00000e+00;1.00000e+00;82;9.99994e-01;1.00529e+00;4.15665e-05
nav-lives;me-mlp;3;[8];108;10800;10800;9.21890e+01;23;1;1;1.00000e+00;1.00000e+00;1.00000e+00;82;9.99994e-01;1.00529e+00;4.15665e-05
nav-lives;me-mlp;3;[8];109;10900;10900;9.30480e+01;23;1;1;1.00000e+00;1.00000e+00;1.00000e+00;82;9.99994e-01;1.00529e+00;4.15665e-05
nav-lives;me-mlp;3;[8];110;11000;11000;9.39120e+01;23;1;1;1.00000e+00;1.00000e+00;1.00000e+00;82;9.99994e-01;1.00529e+00;4.15665e-05
nav-lives;me-mlp;3;[8];111;11100;11100;9.47640e+01;23;1;1;1.00000e+00;1.00000e+00;1.00000e+00;82;9.99994e-01;1.00529e+00;4.15665e-05
nav-lives;me-mlp;3;[8];112;11200;11200;9.56140e+01;23;1;1;1.00000e+00;1.00000e+00;1.00000e+00;82;9.99994e-01;1.00529e+00;4.15665e-05
nav-lives;me-mlp;3;[8];113;11300;11300;9.64720e+01;23;1;1;1.00000e+00;1.00000e+00;1.00000e+00;82;9.99994e-01;1.00529e+00;4.15665e-05
nav-lives;me-mlp;3;[8];114;11400;11400;9.73430e+01;23;1;1;1.00000e+00;1.00000e+00;1.00000e+00;82;9.99994e-01;1.00529e+00;4.15665e-05
nav-lives;me-mlp;3;[8];115;11500;11500;9.82070e+01;23;1;1;1.00000e+00;1.00000e+00;1.00000e+00;82;9.99994e-01;1.00529e+00;4.15665e-05
nav-lives;me-mlp;3;[8];116;11600;11600;9.90610e+01;23;1;1;1.00000e+00;1.00000e+00;1.00000e+00;82;9.99994e-01;1.00529e+00;4.15665e-05
nav-lives;me-mlp;3;[8];117;11700;11700;9.99210e+01;23;1;1;1.00000e+00;1.00000e+00;1.00000e+00;82;9.99994e-01;1.00529e+00;4.15665e-05
nav-lives;me-mlp;3;[8];118;11800;11800;1.00776e+02;23;1;1;1.00000e+00;1.00000e+00;1.00000e+00;82;9.99994e-01;1.00529e+00;4.15665e-05
nav-lives;me-mlp;3;[8];119;11900;11900;1.01630e+02;23;1;1;1.00000e+00;1.00000e+00;1.00000e+00;82;9.99994e-01;1.00529e+00;4.15665e-05
nav-lives;me-mlp;3;[8];120;12000;12000;1.02485e+02;23;1;1;1.00000e+00;1.00000e+00;1.00000e+00;82;9.99994e-01;1.00529e+00;4.15665e-05
nav-lives;me-mlp;3;[8];121;12100;12100;1.03359e+02;23;1;1;1.00000e+00;1.00000e+00;1.00000e+00;82;9.99994e-01;1.00529e+00;4.15665e-05
nav-lives;me-mlp;3;[8];122;12200;12200;1.04215e+02;23;1;1;1.00000e+00;1.00000e+00;1.00000e+00;82;9.99994e-01;1.00529e+00;4.15665e-05
nav-lives;me-mlp;3;[8];123;12300;12300;1.05075e+02;23;1;1;1.00000e+00;1.00000e+00;1.00000e+00;82;9.99994e-01;1.00529e+00;4.15665e-05
nav-lives;me-mlp;3;[8];124;12400;12400;1.05929e+02;23;1;1;1.00000e+00;1.00000e+00;1.00000e+00;82;9.99994e-01;1.00529e+00;4.15665e-05
nav-lives;me-mlp;3;[8];125;12500;12500;1.06784e+02;23;1;1;1.00000e+00;1.00000e+00;1.00000e+00;82;9.99994e-01;1.00529e+00;4.15665e-05
nav-lives;me-mlp;3;[8];126;12600;12600;1.07641e+02;23;1;1;1.00000e+00;1.00000e+00;1.00000e+00;82;9.99994e-01;1.00529e+00;4.15665e-05
nav-lives;me-mlp;3;[8];127;12700;12700;1.08502e+02;23;1;1;1.00000e+00;1.00000e+00;1.00000e+00;82;9.99994e-01;1.00529e+00;4.15665e-05
nav-lives;me-mlp;3;[8];128;12800;12800;1.09358e+02;23;1;1;1.00000e+00;1.00000e+00;1.00000e+00;82;9.99994e-01;1.00529e+00;4.15665e-05
nav-lives;me-mlp;3;[8];129;12900;12900;1.10226e+02;23;1;1;1.00000e+00;1.00000e+00;1.00000e+00;82;9.99994e-01;1.00529e+00;4.15665e-05
nav-lives;me-mlp;3;[8];130;13000;13000;1.11085e+02;23;1;1;1.00000e+00;1.00000e+00;1.00000e+00;82;9.99994e-01;1.00529e+00;4.15665e-05
nav-lives;me-mlp;3;[8];131;13100;13100;1.11944e+02;23;1;1;1.00000e+00;1.00000e+00;1.00000e+00;82;9.99994e-01;1.00529e+00;4.15665e-05
nav-lives;me-mlp;3;[8];132;13200;13200;1.12796e+02;23;1;1;1.00000e+00;1.00000e+00;1.00000e+00;82;9.99994e-01;1.00529e+00;4.15665e-05
nav-lives;me-mlp;3;[8];133;13300;13300;1.13662e+02;23;1;1;1.00000e+00;1.00000e+00;1.00000e+00;82;9.99994e-01;1.00529e+00;4.15665e-05
nav-lives;me-mlp;3;[8];134;13400;13400;1.14523e+02;23;1;1;1.00000e+00;1.00000e+00;1.00000e+00;82;9.99994e-01;1.00529e+00;4.15665e-05
nav-lives;me-mlp;3;[8];135;13500;13500;1.15376e+02;23;1;1;1.00000e+00;1.00000e+00;1.00000e+00;82;9.99994e-01;1.00529e+00;4.15665e-05
nav-lives;me-mlp;3;[8];136;13600;13600;1.16234e+02;23;1;1;1.00000e+00;1.00000e+00;1.00000e+00;82;9.99994e-01;1.00529e+00;4.15665e-05
nav-lives;me-mlp;3;[8];137;13700;13700;1.17098e+02;23;1;1;1.00000e+00;1.00000e+00;1.00000e+00;82;9.99994e-01;1.00529e+00;4.15665e-05
nav-lives;me-mlp;3;[8];138;13800;13800;1.17952e+02;23;1;1;1.00000e+00;1.00000e+00;1.00000e+00;82;9.99994e-01;1.00529e+00;4.15665e-05
nav-lives;me-mlp;3;[8];139;13900;13900;1.18817e+02;23;1;1;1.00000e+00;1.00000e+00;1.00000e+00;82;9.99994e-01;1.00529e+00;4.15665e-05
nav-lives;me-mlp;3;[8];140;14000;14000;1.19700e+02;23;1;1;1.00000e+00;1.00000e+00;1.00000e+00;82;9.99994e-01;1.00529e+00;4.15665e-05
nav-lives;me-mlp;3;[8];141;14100;14100;1.20542e+02;23;1;1;1.00000e+00;1.00000e+00;1.00000e+00;82;9.99994e-01;1.00529e+00;4.15665e-05
nav-lives;me-mlp;3;[8];142;14200;14200;1.21404e+02;23;1;1;1.00000e+00;1.00000e+00;1.00000e+00;82;9.99994e-01;1.00529e+00;4.15665e-05
nav-lives;me-mlp;3;[8];143;14300;14300;1.22274e+02;23;1;1;1.00000e+00;1.00000e+00;1.00000e+00;82;9.99994e-01;1.00529e+00;4.15665e-05
nav-lives;me-mlp;3;[8];144;14400;14400;1.23134e+02;23;1;1;1.00000e+00;1.00000e+00;1.00000e+00;82;9.99994e-01;1.00529e+00;4.15665e-05
nav-lives;me-mlp;3;[8];145;14500;14500;1.23999e+02;23;1;1;1.00000e+00;1.00000e+00;1.00000e+00;82;9.99994e-01;1.00529e+00;4.15665e-05
nav-lives;me-mlp;3;[8];146;14600;14600;1.24865e+02;23;1;1;1.00000e+00;1.00000e+00;1.00000e+00;82;9.99994e-01;1.00529e+00;4.15665e-05
nav-lives;me-mlp;3;[8];147;14700;14700;1.25717e+02;23;1;1;1.00000e+00;1.00000e+00;1.00000e+00;82;9.99994e-01;1.00529e+00;4.15665e-05
nav-lives;me-mlp;3;[8];148;14800;14800;1.26596e+02;23;1;1;1.00000e+00;1.00000e+00;1.00000e+00;82;9.99994e-01;1.00529e+00;4.15665e-05
nav-lives;me-mlp;3;[8];149;14900;14900;1.27455e+02;23;1;1;1.00000e+00;1.00000e+00;1.00000e+00;82;9.99994e-01;1.00529e+00;4.15665e-05
nav-lives;me-mlp;3;[8];150;15000;15000;1.28311e+02;23;1;1;1.00000e+00;1.00000e+00;1.00000e+00;82;9.99994e-01;1.00529e+00;4.15665e-05
nav-lives;me-mlp;3;[8];151;15100;15100;1.29181e+02;23;1;1;1.00000e+00;1.00000e+00;1.00000e+00;82;9.99994e-01;1.00529e+00;4.15665e-05
nav-lives;me-mlp;3;[8];152;15200;15200;1.30044e+02;23;1;1;1.00000e+00;1.00000e+00;1.00000e+00;82;9.99994e-01;1.00529e+00;4.15665e-05
nav-lives;me-mlp;3;[8];153;15300;15300;1.30913e+02;23;1;1;1.00000e+00;1.00000e+00;1.00000e+00;82;9.99994e-01;1.00529e+00;4.15665e-05
nav-lives;me-mlp;3;[8];154;15400;15400;1.31771e+02;23;1;1;1.00000e+00;1.00000e+00;1.00000e+00;82;9.99994e-01;1.00529e+00;4.15665e-05
nav-lives;me-mlp;3;[8];155;15500;15500;1.32635e+02;23;1;1;1.00000e+00;1.00000e+00;1.00000e+00;82;9.99994e-01;1.00529e+00;4.15665e-05
nav-lives;me-mlp;3;[8];156;15600;15600;1.33490e+02;23;1;1;1.00000e+00;1.00000e+00;1.00000e+00;82;9.99994e-01;1.00529e+00;4.15665e-05
nav-lives;me-mlp;3;[8];157;15700;15700;1.34349e+02;23;1;1;1.00000e+00;1.00000e+00;1.00000e+00;82;9.99994e-01;1.00529e+00;4.15665e-05
nav-lives;me-mlp;3;[8];158;15800;15800;1.35204e+02;23;1;1;1.00000e+00;1.00000e+00;1.00000e+00;82;9.99994e-01;1.00529e+00;4.15665e-05
nav-lives;me-mlp;3;[8];159;15900;15900;1.36084e+02;23;1;1;1.00000e+00;1.00000e+00;1.00000e+00;82;9.99994e-01;1.00529e+00;4.15665e-05
nav-lives;me-mlp;3;[8];160;16000;16000;1.36951e+02;23;1;1;1.00000e+00;1.00000e+00;1.00000e+00;82;9.99994e-01;1.00529e+00;4.15665e-05
nav-lives;me-mlp;3;[8];161;16100;16100;1.37817e+02;23;1;1;1.00000e+00;1.00000e+00;1.00000e+00;82;9.99994e-01;1.00529e+00;4.15665e-05
nav-lives;me-mlp;3;[8];162;16200;16200;1.38680e+02;23;1;1;1.00000e+00;1.00000e+00;1.00000e+00;82;9.99994e-01;1.00529e+00;4.15665e-05
nav-lives;me-mlp;3;[8];163;16300;16300;1.39532e+02;23;1;1;1.00000e+00;1.00000e+00;1.00000e+00;82;9.99994e-01;1.00529e+00;4.15665e-05
nav-lives;me-mlp;3;[8];164;16400;16400;1.40396e+02;23;1;1;1.00000e+00;1.00000e+00;1.00000e+00;82;9.99994e-01;1.00529e+00;4.15665e-05
nav-lives;me-mlp;3;[8];165;16500;16500;1.41251e+02;23;1;1;1.00000e+00;1.00000e+00;1.00000e+00;82;9.99994e-01;1.00529e+00;4.15665e-05
nav-lives;me-mlp;3;[8];166;16600;16600;1.42119e+02;23;1;1;1.00000e+00;1.00000e+00;1.00000e+00;82;9.99994e-01;1.00529e+00;4.15665e-05
nav-lives;me-mlp;3;[8];167;16700;16700;1.42967e+02;23;1;1;1.00000e+00;1.00000e+00;1.00000e+00;82;9.99994e-01;1.00529e+00;4.15665e-05
nav-lives;me-mlp;3;[8];168;16800;16800;1.43822e+02;23;1;1;1.00000e+00;1.00000e+00;1.00000e+00;82;9.99994e-01;1.00529e+00;4.15665e-05
nav-lives;me-mlp;3;[8];169;16900;16900;1.44678e+02;23;1;1;1.00000e+00;1.00000e+00;1.00000e+00;82;9.99994e-01;1.00529e+00;4.15665e-05
nav-lives;me-mlp;3;[8];170;17000;17000;1.45523e+02;23;1;1;1.00000e+00;1.00000e+00;1.00000e+00;82;9.99994e-01;1.00529e+00;4.15665e-05
nav-lives;me-mlp;3;[8];171;17100;17100;1.46379e+02;23;1;1;1.00000e+00;1.00000e+00;1.00000e+00;82;9.99994e-01;1.00529e+00;4.15665e-05
nav-lives;me-mlp;3;[8];172;17200;17200;1.47242e+02;23;1;1;1.00000e+00;1.00000e+00;1.00000e+00;82;9.99994e-01;1.00529e+00;4.15665e-05
nav-lives;me-mlp;3;[8];173;17300;17300;1.48105e+02;23;1;1;1.00000e+00;1.00000e+00;1.00000e+00;82;9.99994e-01;1.00529e+00;4.15665e-05
nav-lives;me-mlp;3;[8];174;17400;17400;1.48969e+02;23;1;1;1.00000e+00;1.00000e+00;1.00000e+00;82;9.99994e-01;1.00529e+00;4.15665e-05
nav-lives;me-mlp;3;[8];175;17500;17500;1.49821e+02;23;1;1;1.00000e+00;1.00000e+00;1.00000e+00;82;9.99994e-01;1.00529e+00;4.15665e-05
nav-lives;me-mlp;3;[8];176;17600;17600;1.50677e+02;23;1;1;1.00000e+00;1.00000e+00;1.00000e+00;82;9.99994e-01;1.00529e+00;4.15665e-05
nav-lives;me-mlp;3;[8];177;17700;17700;1.51534e+02;23;1;1;1.00000e+00;1.00000e+00;1.00000e+00;82;9.99994e-01;1.00529e+00;4.15665e-05
nav-lives;me-mlp;3;[8];178;17800;17800;1.52393e+02;23;1;1;1.00000e+00;1.00000e+00;1.00000e+00;82;9.99994e-01;1.00529e+00;4.15665e-05
nav-lives;me-mlp;3;[8];179;17900;17900;1.53251e+02;23;1;1;1.00000e+00;1.00000e+00;1.00000e+00;82;9.99994e-01;1.00529e+00;4.15665e-05
nav-lives;me-mlp;3;[8];180;18000;18000;1.54115e+02;23;1;1;1.00000e+00;1.00000e+00;1.00000e+00;82;9.99994e-01;1.00529e+00;4.15665e-05
nav-lives;me-mlp;3;[8];181;18100;18100;1.54966e+02;23;1;1;1.00000e+00;1.00000e+00;1.00000e+00;82;9.99994e-01;1.00529e+00;4.15665e-05
nav-lives;me-mlp;3;[8];182;18200;18200;1.55824e+02;23;1;1;1.00000e+00;1.00000e+00;1.00000e+00;82;9.99994e-01;1.00529e+00;4.15665e-05
nav-lives;me-mlp;3;[8];183;18300;18300;1.56690e+02;23;1;1;1.00000e+00;1.00000e+00;1.00000e+00;82;9.99994e-01;1.00529e+00;4.15665e-05
nav-lives;me-mlp;3;[8];184;18400;18400;1.57546e+02;23;1;1;1.00000e+00;1.00000e+00;1.00000e+00;82;9.99994e-01;1.00529e+00;4.15665e-05
nav-lives;me-mlp;3;[8];185;18500;18500;1.58411e+02;23;1;1;1.00000e+00;1.00000e+00;1.00000e+00;82;9.99994e-01;1.00529e+00;4.15665e-05
nav-lives;me-mlp;3;[8];186;18600;18600;1.59272e+02;23;1;1;1.00000e+00;1.00000e+00;1.00000e+00;82;9.99994e-01;1.00529e+00;4.15665e-05
nav-lives;me-mlp;3;[8];187;18700;18700;1.60129e+02;23;1;1;1.00000e+00;1.00000e+00;1.00000e+00;82;9.99994e-01;1.00529e+00;4.15665e-05
nav-lives;me-mlp;3;[8];188;18800;18800;1.60989e+02;23;1;1;1.00000e+00;1.00000e+00;1.00000e+00;82;9.99994e-01;1.00529e+00;4.15665e-05
nav-lives;me-mlp;3;[8];189;18900;18900;1.61847e+02;23;1;1;1.00000e+00;1.00000e+00;1.00000e+00;82;9.99994e-01;1.00529e+00;4.15665e-05
nav-lives;me-mlp;3;[8];190;19000;19000;1.62703e+02;23;1;1;1.00000e+00;1.00000e+00;1.00000e+00;82;9.99994e-01;1.00529e+00;4.15665e-05
nav-lives;me-mlp;3;[8];191;19100;19100;1.63556e+02;23;1;1;1.00000e+00;1.00000e+00;1.00000e+00;82;9.99994e-01;1.00529e+00;4.15665e-05
nav-lives;me-mlp;3;[8];192;19200;19200;1.64429e+02;23;1;1;1.00000e+00;1.00000e+00;1.00000e+00;82;9.99994e-01;1.00529e+00;4.15665e-05
nav-lives;me-mlp;3;[8];193;19300;19300;1.65285e+02;23;1;1;1.00000e+00;1.00000e+00;1.00000e+00;82;9.99994e-01;1.00529e+00;4.15665e-05
nav-lives;me-mlp;3;[8];194;19400;19400;1.66130e+02;23;1;1;1.00000e+00;1.00000e+00;1.00000e+00;82;9.99994e-01;1.00529e+00;4.15665e-05
nav-lives;me-mlp;3;[8];195;19500;19500;1.66991e+02;23;1;1;1.00000e+00;1.00000e+00;1.00000e+00;82;9.99994e-01;1.00529e+00;4.15665e-05
nav-lives;me-mlp;3;[8];196;19600;19600;1.67855e+02;23;1;1;1.00000e+00;1.00000e+00;1.00000e+00;82;9.99994e-01;1.00529e+00;4.15665e-05
nav-lives;me-mlp;3;[8];197;19700;19700;1.68717e+02;23;1;1;1.00000e+00;1.00000e+00;1.00000e+00;82;9.99994e-01;1.00529e+00;4.15665e-05
nav-lives;me-mlp;3;[8];198;19800;19800;1.69569e+02;23;1;1;1.00000e+00;1.00000e+00;1.00000e+00;82;9.99994e-01;1.00529e+00;4.15665e-05
nav-lives;me-mlp;3;[8];199;19900;19900;1.70430e+02;23;1;1;1.00000e+00;1.00000e+00;1.00000e+00;82;9.99994e-01;1.00529e+00;4.15665e-05
nav-lives;me-mlp;3;[8];200;20000;20000;1.71286e+02;23;1;1;1.00000e+00;1.00000e+00;1.00000e+00;82;9.99994e-01;1.00529e+00;4.15665e-05
nav-lives;me-mlp;3;[8];201;20100;20100;1.72147e+02;23;1;1;1.00000e+00;1.00000e+00;1.00000e+00;82;9.99994e-01;1.00529e+00;4.15665e-05
nav-lives;me-mlp;3;[8];202;20200;20200;1.73030e+02;23;1;1;1.00000e+00;1.00000e+00;1.00000e+00;82;9.99994e-01;1.00529e+00;4.15665e-05
nav-lives;me-mlp;3;[8];203;20300;20300;1.73879e+02;23;1;1;1.00000e+00;1.00000e+00;1.00000e+00;82;9.99994e-01;1.00529e+00;4.15665e-05
nav-lives;me-mlp;3;[8];204;20400;20400;1.74748e+02;23;1;1;1.00000e+00;1.00000e+00;1.00000e+00;82;9.99994e-01;1.00529e+00;4.15665e-05
nav-lives;me-mlp;3;[8];205;20500;20500;1.75599e+02;23;1;1;1.00000e+00;1.00000e+00;1.00000e+00;82;9.99994e-01;1.00529e+00;4.15665e-05
nav-lives;me-mlp;3;[8];206;20600;20600;1.76455e+02;23;1;1;1.00000e+00;1.00000e+00;1.00000e+00;82;9.99994e-01;1.00529e+00;4.15665e-05
nav-lives;me-mlp;3;[8];207;20700;20700;1.77303e+02;23;1;1;1.00000e+00;1.00000e+00;1.00000e+00;82;9.99994e-01;1.00529e+00;4.15665e-05
nav-lives;me-mlp;3;[8];208;20800;20800;1.78157e+02;23;1;1;1.00000e+00;1.00000e+00;1.00000e+00;82;9.99994e-01;1.00529e+00;4.15665e-05
nav-lives;me-mlp;3;[8];209;20900;20900;1.79014e+02;23;1;1;1.00000e+00;1.00000e+00;1.00000e+00;82;9.99994e-01;1.00529e+00;4.15665e-05
nav-lives;me-mlp;3;[8];210;21000;21000;1.79869e+02;23;1;1;1.00000e+00;1.00000e+00;1.00000e+00;82;9.99994e-01;1.00529e+00;4.15665e-05
nav-lives;me-mlp;3;[8];211;21100;21100;1.80718e+02;23;1;1;1.00000e+00;1.00000e+00;1.00000e+00;82;9.99994e-01;1.00529e+00;4.15665e-05
nav-lives;me-mlp;3;[8];212;21200;21200;1.81575e+02;23;1;1;1.00000e+00;1.00000e+00;1.00000e+00;82;9.99994e-01;1.00529e+00;4.15665e-05
nav-lives;me-mlp;3;[8];213;21300;21300;1.82434e+02;23;1;1;1.00000e+00;1.00000e+00;1.00000e+00;82;9.99994e-01;1.00529e+00;4.15665e-05
nav-lives;me-mlp;3;[8];214;21400;21400;1.83292e+02;23;1;1;1.00000e+00;1.00000e+00;1.00000e+00;82;9.99994e-01;1.00529e+00;4.15665e-05
nav-lives;me-mlp;3;[8];215;21500;21500;1.84150e+02;23;1;1;1.00000e+00;1.00000e+00;1.00000e+00;82;9.99994e-01;1.00529e+00;4.15665e-05
nav-lives;me-mlp;3;[8];216;21600;21600;1.85014e+02;23;1;1;1.00000e+00;1.00000e+00;1.00000e+00;82;9.99994e-01;1.00529e+00;4.15665e-05
nav-lives;me-mlp;3;[8];217;21700;21700;1.85867e+02;23;1;1;1.00000e+00;1.00000e+00;1.00000e+00;82;9.99994e-01;1.00529e+00;4.15665e-05
nav-lives;me-mlp;3;[8];218;21800;21800;1.86747e+02;23;1;1;1.00000e+00;1.00000e+00;1.00000e+00;82;9.99994e-01;1.00529e+00;4.15665e-05
nav-lives;me-mlp;3;[8];219;21900;21900;1.87612e+02;23;1;1;1.00000e+00;1.00000e+00;1.00000e+00;82;9.99994e-01;1.00529e+00;4.15665e-05
nav-lives;me-mlp;3;[8];220;22000;22000;1.88477e+02;23;1;1;1.00000e+00;1.00000e+00;1.00000e+00;82;9.99994e-01;1.00529e+00;4.15665e-05
nav-lives;me-mlp;3;[8];221;22100;22100;1.89336e+02;23;1;1;1.00000e+00;1.00000e+00;1.00000e+00;82;9.99994e-01;1.00529e+00;4.15665e-05
nav-lives;me-mlp;3;[8];222;22200;22200;1.90187e+02;23;1;1;1.00000e+00;1.00000e+00;1.00000e+00;82;9.99994e-01;1.00529e+00;4.15665e-05
nav-lives;me-mlp;3;[8];223;22300;22300;1.91042e+02;23;1;1;1.00000e+00;1.00000e+00;1.00000e+00;82;9.99994e-01;1.00529e+00;4.15665e-05
nav-lives;me-mlp;3;[8];224;22400;22400;1.91897e+02;23;1;1;1.00000e+00;1.00000e+00;1.00000e+00;82;9.99994e-01;1.00529e+00;4.15665e-05
nav-lives;me-mlp;3;[8];225;22500;22500;1.92764e+02;23;1;1;1.00000e+00;1.00000e+00;1.00000e+00;82;9.99994e-01;1.00529e+00;4.15665e-05
nav-lives;me-mlp;3;[8];226;22600;22600;1.93623e+02;23;1;1;1.00000e+00;1.00000e+00;1.00000e+00;82;9.99994e-01;1.00529e+00;4.15665e-05
nav-lives;me-mlp;3;[8];227;22700;22700;1.94488e+02;23;1;1;1.00000e+00;1.00000e+00;1.00000e+00;82;9.99994e-01;1.00529e+00;4.15665e-05
nav-lives;me-mlp;3;[8];228;22800;22800;1.95346e+02;23;1;1;1.00000e+00;1.00000e+00;1.00000e+00;82;9.99994e-01;1.00529e+00;4.15665e-05
nav-lives;me-mlp;3;[8];229;22900;22900;1.96193e+02;23;1;1;1.00000e+00;1.00000e+00;1.00000e+00;82;9.99994e-01;1.00529e+00;4.15665e-05
nav-lives;me-mlp;3;[8];230;23000;23000;1.97048e+02;23;1;1;1.00000e+00;1.00000e+00;1.00000e+00;82;9.99994e-01;1.00529e+00;4.15665e-05
nav-lives;me-mlp;3;[8];231;23100;23100;1.97920e+02;23;1;1;1.00000e+00;1.00000e+00;1.00000e+00;82;9.99994e-01;1.00529e+00;4.15665e-05
nav-lives;me-mlp;3;[8];232;23200;23200;1.98775e+02;23;1;1;1.00000e+00;1.00000e+00;1.00000e+00;82;9.99994e-01;1.00529e+00;4.15665e-05
nav-lives;me-mlp;3;[8];233;23300;23300;1.99655e+02;23;1;1;1.00000e+00;1.00000e+00;1.00000e+00;82;9.99994e-01;1.00529e+00;4.15665e-05
nav-lives;me-mlp;3;[8];234;23400;23400;2.00513e+02;23;1;1;1.00000e+00;1.00000e+00;1.00000e+00;82;9.99994e-01;1.00529e+00;4.15665e-05
nav-lives;me-mlp;3;[8];235;23500;23500;2.01369e+02;23;1;1;1.00000e+00;1.00000e+00;1.00000e+00;82;9.99994e-01;1.00529e+00;4.15665e-05
nav-lives;me-mlp;3;[8];236;23600;23600;2.02228e+02;23;1;1;1.00000e+00;1.00000e+00;1.00000e+00;82;9.99994e-01;1.00529e+00;4.15665e-05
nav-lives;me-mlp;3;[8];237;23700;23700;2.03112e+02;23;1;1;1.00000e+00;1.00000e+00;1.00000e+00;82;9.99994e-01;1.00529e+00;4.15665e-05
nav-lives;me-mlp;3;[8];238;23800;23800;2.03972e+02;23;1;1;1.00000e+00;1.00000e+00;1.00000e+00;82;9.99994e-01;1.00529e+00;4.15665e-05
nav-lives;me-mlp;3;[8];239;23900;23900;2.04828e+02;23;1;1;1.00000e+00;1.00000e+00;1.00000e+00;82;9.99994e-01;1.00529e+00;4.15665e-05
nav-lives;me-mlp;3;[8];240;24000;24000;2.05680e+02;23;1;1;1.00000e+00;1.00000e+00;1.00000e+00;82;9.99994e-01;1.00529e+00;4.15665e-05
nav-lives;me-mlp;3;[8];241;24100;24100;2.06530e+02;23;1;1;1.00000e+00;1.00000e+00;1.00000e+00;82;9.99994e-01;1.00529e+00;4.15665e-05
nav-lives;me-mlp;3;[8];242;24200;24200;2.07388e+02;23;1;1;1.00000e+00;1.00000e+00;1.00000e+00;82;9.99994e-01;1.00529e+00;4.15665e-05
nav-lives;me-mlp;3;[8];243;24300;24300;2.08240e+02;23;1;1;1.00000e+00;1.00000e+00;1.00000e+00;82;9.99994e-01;1.00529e+00;4.15665e-05
nav-lives;me-mlp;3;[8];244;24400;24400;2.09106e+02;23;1;1;1.00000e+00;1.00000e+00;1.00000e+00;82;9.99994e-01;1.00529e+00;4.15665e-05
nav-lives;me-mlp;3;[8];245;24500;24500;2.09954e+02;23;1;1;1.00000e+00;1.00000e+00;1.00000e+00;82;9.99994e-01;1.00529e+00;4.15665e-05
nav-lives;me-mlp;3;[8];246;24600;24600;2.10815e+02;23;1;1;1.00000e+00;1.00000e+00;1.00000e+00;82;9.99994e-01;1.00529e+00;4.15665e-05
nav-lives;me-mlp;3;[8];247;24700;24700;2.11658e+02;23;1;1;1.00000e+00;1.00000e+00;1.00000e+00;82;9.99994e-01;1.00529e+00;4.15665e-05
nav-lives;me-mlp;3;[8];248;24800;24800;2.12514e+02;23;1;1;1.00000e+00;1.00000e+00;1.00000e+00;82;9.99994e-01;1.00529e+00;4.15665e-05
nav-lives;me-mlp;3;[8];249;24900;24900;2.13365e+02;23;1;1;1.00000e+00;1.00000e+00;1.00000e+00;82;9.99994e-01;1.00529e+00;4.15665e-05
nav-lives;me-mlp;3;[8];250;25000;25000;2.14223e+02;23;1;1;1.00000e+00;1.00000e+00;1.00000e+00;82;9.99994e-01;1.00529e+00;4.15665e-05
nav-lives;me-mlp;3;[8];251;25100;25100;2.15074e+02;23;1;1;1.00000e+00;1.00000e+00;1.00000e+00;82;9.99994e-01;1.00529e+00;4.15665e-05
nav-lives;me-mlp;3;[8];252;25200;25200;2.15928e+02;23;1;1;1.00000e+00;1.00000e+00;1.00000e+00;82;9.99994e-01;1.00529e+00;4.15665e-05
nav-lives;me-mlp;3;[8];253;25300;25300;2.16777e+02;23;1;1;1.00000e+00;1.00000e+00;1.00000e+00;82;9.99994e-01;1.00529e+00;4.15665e-05
nav-lives;me-mlp;3;[8];254;25400;25400;2.17632e+02;23;1;1;1.00000e+00;1.00000e+00;1.00000e+00;82;9.99994e-01;1.00529e+00;4.15665e-05
nav-lives;me-mlp;3;[8];255;25500;25500;2.18485e+02;23;1;1;1.00000e+00;1.00000e+00;1.00000e+00;82;9.99994e-01;1.00529e+00;4.15665e-05
nav-lives;me-mlp;3;[8];256;25600;25600;2.19348e+02;23;1;1;1.00000e+00;1.00000e+00;1.00000e+00;82;9.99994e-01;1.00529e+00;4.15665e-05
nav-lives;me-mlp;3;[8];257;25700;25700;2.20201e+02;23;1;1;1.00000e+00;1.00000e+00;1.00000e+00;82;9.99994e-01;1.00529e+00;4.15665e-05
nav-lives;me-mlp;3;[8];258;25800;25800;2.21057e+02;23;1;1;1.00000e+00;1.00000e+00;1.00000e+00;82;9.99994e-01;1.00529e+00;4.15665e-05
nav-lives;me-mlp;3;[8];259;25900;25900;2.21916e+02;23;1;1;1.00000e+00;1.00000e+00;1.00000e+00;82;9.99994e-01;1.00529e+00;4.15665e-05
nav-lives;me-mlp;3;[8];260;26000;26000;2.22765e+02;23;1;1;1.00000e+00;1.00000e+00;1.00000e+00;82;9.99994e-01;1.00529e+00;4.15665e-05
nav-lives;me-mlp;3;[8];261;26100;26100;2.23618e+02;23;1;1;1.00000e+00;1.00000e+00;1.00000e+00;82;9.99994e-01;1.00529e+00;4.15665e-05
nav-lives;me-mlp;3;[8];262;26200;26200;2.24492e+02;23;1;1;1.00000e+00;1.00000e+00;1.00000e+00;82;9.99994e-01;1.00529e+00;4.15665e-05
nav-lives;me-mlp;3;[8];263;26300;26300;2.25352e+02;23;1;1;1.00000e+00;1.00000e+00;1.00000e+00;82;9.99994e-01;1.00529e+00;4.15665e-05
nav-lives;me-mlp;3;[8];264;26400;26400;2.26202e+02;23;1;1;1.00000e+00;1.00000e+00;1.00000e+00;82;9.99994e-01;1.00529e+00;4.15665e-05
nav-lives;me-mlp;3;[8];265;26500;26500;2.27073e+02;23;1;1;1.00000e+00;1.00000e+00;1.00000e+00;82;9.99994e-01;1.00529e+00;4.15665e-05
nav-lives;me-mlp;3;[8];266;26600;26600;2.27952e+02;23;1;1;1.00000e+00;1.00000e+00;1.00000e+00;82;9.99994e-01;1.00529e+00;4.15665e-05
nav-lives;me-mlp;3;[8];267;26700;26700;2.28810e+02;23;1;1;1.00000e+00;1.00000e+00;1.00000e+00;82;9.99994e-01;1.00529e+00;4.15665e-05
nav-lives;me-mlp;3;[8];268;26800;26800;2.29684e+02;23;1;1;1.00000e+00;1.00000e+00;1.00000e+00;82;9.99994e-01;1.00529e+00;4.15665e-05
nav-lives;me-mlp;3;[8];269;26900;26900;2.30556e+02;23;1;1;1.00000e+00;1.00000e+00;1.00000e+00;82;9.99994e-01;1.00529e+00;4.15665e-05
nav-lives;me-mlp;3;[8];270;27000;27000;2.31432e+02;23;1;1;1.00000e+00;1.00000e+00;1.00000e+00;82;9.99994e-01;1.00529e+00;4.15665e-05
nav-lives;me-mlp;3;[8];271;27100;27100;2.32289e+02;23;1;1;1.00000e+00;1.00000e+00;1.00000e+00;82;9.99994e-01;1.00529e+00;4.15665e-05
nav-lives;me-mlp;3;[8];272;27200;27200;2.33146e+02;23;1;1;1.00000e+00;1.00000e+00;1.00000e+00;82;9.99994e-01;1.00529e+00;4.15665e-05
nav-lives;me-mlp;3;[8];273;27300;27300;2.34021e+02;23;1;1;1.00000e+00;1.00000e+00;1.00000e+00;82;9.99994e-01;1.00529e+00;4.15665e-05
nav-lives;me-mlp;3;[8];274;27400;27400;2.34894e+02;23;1;1;1.00000e+00;1.00000e+00;1.00000e+00;82;9.99994e-01;1.00529e+00;4.15665e-05
nav-lives;me-mlp;3;[8];275;27500;27500;2.35788e+02;23;1;1;1.00000e+00;1.00000e+00;1.00000e+00;82;9.99994e-01;1.00529e+00;4.15665e-05
nav-lives;me-mlp;3;[8];276;27600;27600;2.36646e+02;23;1;1;1.00000e+00;1.00000e+00;1.00000e+00;82;9.99994e-01;1.00529e+00;4.15665e-05
nav-lives;me-mlp;3;[8];277;27700;27700;2.37512e+02;23;1;1;1.00000e+00;1.00000e+00;1.00000e+00;82;9.99994e-01;1.00529e+00;4.15665e-05
nav-lives;me-mlp;3;[8];278;27800;27800;2.38396e+02;23;1;1;1.00000e+00;1.00000e+00;1.00000e+00;82;9.99994e-01;1.00529e+00;4.15665e-05
nav-lives;me-mlp;3;[8];279;27900;27900;2.39263e+02;23;1;1;1.00000e+00;1.00000e+00;1.00000e+00;82;9.99994e-01;1.00529e+00;4.15665e-05
nav-lives;me-mlp;3;[8];280;28000;28000;2.40146e+02;23;1;1;1.00000e+00;1.00000e+00;1.00000e+00;82;9.99994e-01;1.00529e+00;4.15665e-05
nav-lives;me-mlp;3;[8];281;28100;28100;2.41013e+02;23;1;1;1.00000e+00;1.00000e+00;1.00000e+00;82;9.99994e-01;1.00529e+00;4.15665e-05
nav-lives;me-mlp;3;[8];282;28200;28200;2.41867e+02;23;1;1;1.00000e+00;1.00000e+00;1.00000e+00;82;9.99994e-01;1.00529e+00;4.15665e-05
nav-lives;me-mlp;3;[8];283;28300;28300;2.42744e+02;23;1;1;1.00000e+00;1.00000e+00;1.00000e+00;82;9.99994e-01;1.00529e+00;4.15665e-05
nav-lives;me-mlp;3;[8];284;28400;28400;2.43619e+02;23;1;1;1.00000e+00;1.00000e+00;1.00000e+00;82;9.99994e-01;1.00529e+00;4.15665e-05
nav-lives;me-mlp;3;[8];285;28500;28500;2.44497e+02;23;1;1;1.00000e+00;1.00000e+00;1.00000e+00;82;9.99994e-01;1.00529e+00;4.15665e-05
nav-lives;me-mlp;3;[8];286;28600;28600;2.45355e+02;23;1;1;1.00000e+00;1.00000e+00;1.00000e+00;82;9.99994e-01;1.00529e+00;4.15665e-05
nav-lives;me-mlp;3;[8];287;28700;28700;2.46256e+02;23;1;1;1.00000e+00;1.00000e+00;1.00000e+00;82;9.99994e-01;1.00529e+00;4.15665e-05
nav-lives;me-mlp;3;[8];288;28800;28800;2.47112e+02;23;1;1;1.00000e+00;1.00000e+00;1.00000e+00;82;9.99994e-01;1.00529e+00;4.15665e-05
nav-lives;me-mlp;3;[8];289;28900;28900;2.47974e+02;23;1;1;1.00000e+00;1.00000e+00;1.00000e+00;82;9.99994e-01;1.00529e+00;4.15665e-05
nav-lives;me-mlp;3;[8];290;29000;29000;2.48839e+02;23;1;1;1.00000e+00;1.00000e+00;1.00000e+00;82;9.99994e-01;1.00529e+00;4.15665e-05
nav-lives;me-mlp;3;[8];291;29100;29100;2.49723e+02;23;1;1;1.00000e+00;1.00000e+00;1.00000e+00;82;9.99994e-01;1.00529e+00;4.15665e-05
nav-lives;me-mlp;3;[8];292;29200;29200;2.50595e+02;23;1;1;1.00000e+00;1.00000e+00;1.00000e+00;82;9.99994e-01;1.00529e+00;4.15665e-05
nav-lives;me-mlp;3;[8];293;29300;29300;2.51472e+02;23;1;1;1.00000e+00;1.00000e+00;1.00000e+00;82;9.99994e-01;1.00529e+00;4.15665e-05
nav-lives;me-mlp;3;[8];294;29400;29400;2.52326e+02;23;1;1;1.00000e+00;1.00000e+00;1.00000e+00;82;9.99994e-01;1.00529e+00;4.15665e-05
nav-lives;me-mlp;3;[8];295;29500;29500;2.53184e+02;23;1;1;1.00000e+00;1.00000e+00;1.00000e+00;82;9.99994e-01;1.00529e+00;4.15665e-05
nav-lives;me-mlp;3;[8];296;29600;29600;2.54041e+02;23;1;1;1.00000e+00;1.00000e+00;1.00000e+00;82;9.99994e-01;1.00529e+00;4.15665e-05
nav-lives;me-mlp;3;[8];297;29700;29700;2.54899e+02;23;1;1;1.00000e+00;1.00000e+00;1.00000e+00;82;9.99994e-01;1.00529e+00;4.15665e-05
nav-lives;me-mlp;3;[8];298;29800;29800;2.55756e+02;23;1;1;1.00000e+00;1.00000e+00;1.00000e+00;82;9.99994e-01;1.00529e+00;4.15665e-05
nav-lives;me-mlp;3;[8];299;29900;29900;2.56621e+02;23;1;1;1.00000e+00;1.00000e+00;1.00000e+00;82;9.99994e-01;1.00529e+00;4.15665e-05
nav-lives;me-mlp;3;[8];300;30000;30000;2.57483e+02;23;1;1;1.00000e+00;1.00000e+00;1.00000e+00;82;9.99994e-01;1.00529e+00;4.15665e-05
nav-lives;me-mlp;3;[8];301;30100;30100;2.58360e+02;23;1;1;1.00000e+00;1.00000e+00;1.00000e+00;82;9.99994e-01;1.00529e+00;4.15665e-05
nav-lives;me-mlp;3;[8];302;30200;30200;2.59219e+02;23;1;1;1.00000e+00;1.00000e+00;1.00000e+00;82;9.99994e-01;1.00529e+00;4.15665e-05
nav-lives;me-mlp;3;[8];303;30300;30300;2.60072e+02;23;1;1;1.00000e+00;1.00000e+00;1.00000e+00;82;9.99994e-01;1.00529e+00;4.15665e-05
nav-lives;me-mlp;3;[8];304;30400;30400;2.60940e+02;23;1;1;1.00000e+00;1.00000e+00;1.00000e+00;82;9.99994e-01;1.00529e+00;4.15665e-05
nav-lives;me-mlp;3;[8];305;30500;30500;2.61803e+02;23;1;1;1.00000e+00;1.00000e+00;1.00000e+00;82;9.99994e-01;1.00529e+00;4.15665e-05
nav-lives;me-mlp;3;[8];306;30600;30600;2.62657e+02;23;1;1;1.00000e+00;1.00000e+00;1.00000e+00;82;9.99994e-01;1.00529e+00;4.15665e-05
nav-lives;me-mlp;3;[8];307;30700;30700;2.63531e+02;23;1;1;1.00000e+00;1.00000e+00;1.00000e+00;82;9.99994e-01;1.00529e+00;4.15665e-05
nav-lives;me-mlp;3;[8];308;30800;30800;2.64395e+02;23;1;1;1.00000e+00;1.00000e+00;1.00000e+00;82;9.99994e-01;1.00529e+00;4.15665e-05
nav-lives;me-mlp;3;[8];309;30900;30900;2.65260e+02;23;1;1;1.00000e+00;1.00000e+00;1.00000e+00;82;9.99994e-01;1.00529e+00;4.15665e-05
nav-lives;me-mlp;3;[8];310;31000;31000;2.66129e+02;23;1;1;1.00000e+00;1.00000e+00;1.00000e+00;82;9.99994e-01;1.00529e+00;4.15665e-05
nav-lives;me-mlp;3;[8];311;31100;31100;2.66983e+02;23;1;1;1.00000e+00;1.00000e+00;1.00000e+00;82;9.99994e-01;1.00529e+00;4.15665e-05
nav-lives;me-mlp;3;[8];312;31200;31200;2.67849e+02;23;1;1;1.00000e+00;1.00000e+00;1.00000e+00;82;9.99994e-01;1.00529e+00;4.15665e-05
nav-lives;me-mlp;3;[8];313;31300;31300;2.68712e+02;23;1;1;1.00000e+00;1.00000e+00;1.00000e+00;82;9.99994e-01;1.00529e+00;4.15665e-05
nav-lives;me-mlp;3;[8];314;31400;31400;2.69570e+02;23;1;1;1.00000e+00;1.00000e+00;1.00000e+00;82;9.99994e-01;1.00529e+00;4.15665e-05
nav-lives;me-mlp;3;[8];315;31500;31500;2.70432e+02;23;1;1;1.00000e+00;1.00000e+00;1.00000e+00;82;9.99994e-01;1.00529e+00;4.15665e-05
nav-lives;me-mlp;3;[8];316;31600;31600;2.71297e+02;23;1;1;1.00000e+00;1.00000e+00;1.00000e+00;82;9.99994e-01;1.00529e+00;4.15665e-05
nav-lives;me-mlp;3;[8];317;31700;31700;2.72161e+02;23;1;1;1.00000e+00;1.00000e+00;1.00000e+00;82;9.99994e-01;1.00529e+00;4.15665e-05
nav-lives;me-mlp;3;[8];318;31800;31800;2.73023e+02;23;1;1;1.00000e+00;1.00000e+00;1.00000e+00;82;9.99994e-01;1.00529e+00;4.15665e-05
nav-lives;me-mlp;3;[8];319;31900;31900;2.73883e+02;23;1;1;1.00000e+00;1.00000e+00;1.00000e+00;82;9.99994e-01;1.00529e+00;4.15665e-05
nav-lives;me-mlp;3;[8];320;32000;32000;2.74740e+02;23;1;1;1.00000e+00;1.00000e+00;1.00000e+00;82;9.99994e-01;1.00529e+00;4.15665e-05
nav-lives;me-mlp;3;[8];321;32100;32100;2.75596e+02;23;1;1;1.00000e+00;1.00000e+00;1.00000e+00;82;9.99994e-01;1.00529e+00;4.15665e-05
nav-lives;me-mlp;3;[8];322;32200;32200;2.76467e+02;23;1;1;1.00000e+00;1.00000e+00;1.00000e+00;82;9.99994e-01;1.00529e+00;4.15665e-05
nav-lives;me-mlp;3;[8];323;32300;32300;2.77329e+02;23;1;1;1.00000e+00;1.00000e+00;1.00000e+00;82;9.99994e-01;1.00529e+00;4.15665e-05
nav-lives;me-mlp;3;[8];324;32400;32400;2.78201e+02;23;1;1;1.00000e+00;1.00000e+00;1.00000e+00;82;9.99994e-01;1.00529e+00;4.15665e-05
nav-lives;me-mlp;3;[8];325;32500;32500;2.79061e+02;23;1;1;1.00000e+00;1.00000e+00;1.00000e+00;82;9.99994e-01;1.00529e+00;4.15665e-05
nav-lives;me-mlp;3;[8];326;32600;32600;2.79929e+02;23;1;1;1.00000e+00;1.00000e+00;1.00000e+00;82;9.99994e-01;1.00529e+00;4.15665e-05
nav-lives;me-mlp;3;[8];327;32700;32700;2.80799e+02;23;1;1;1.00000e+00;1.00000e+00;1.00000e+00;82;9.99994e-01;1.00529e+00;4.15665e-05
nav-lives;me-mlp;3;[8];328;32800;32800;2.81664e+02;23;1;1;1.00000e+00;1.00000e+00;1.00000e+00;82;9.99994e-01;1.00529e+00;4.15665e-05
nav-lives;me-mlp;3;[8];329;32900;32900;2.82529e+02;23;1;1;1.00000e+00;1.00000e+00;1.00000e+00;82;9.99994e-01;1.00529e+00;4.15665e-05
nav-lives;me-mlp;3;[8];330;33000;33000;2.83396e+02;23;1;1;1.00000e+00;1.00000e+00;1.00000e+00;82;9.99994e-01;1.00529e+00;4.15665e-05
nav-lives;me-mlp;3;[8];331;33100;33100;2.84265e+02;23;1;1;1.00000e+00;1.00000e+00;1.00000e+00;82;9.99994e-01;1.00529e+00;4.15665e-05
nav-lives;me-mlp;3;[8];332;33200;33200;2.85135e+02;23;1;1;1.00000e+00;1.00000e+00;1.00000e+00;82;9.99994e-01;1.00529e+00;4.15665e-05
nav-lives;me-mlp;3;[8];333;33300;33300;2.85991e+02;23;1;1;1.00000e+00;1.00000e+00;1.00000e+00;82;9.99994e-01;1.00529e+00;4.15665e-05
nav-lives;me-mlp;3;[8];334;33400;33400;2.86847e+02;23;1;1;1.00000e+00;1.00000e+00;1.00000e+00;82;9.99994e-01;1.00529e+00;4.15665e-05
nav-lives;me-mlp;3;[8];335;33500;33500;2.87715e+02;23;1;1;1.00000e+00;1.00000e+00;1.00000e+00;82;9.99994e-01;1.00529e+00;4.15665e-05
nav-lives;me-mlp;3;[8];336;33600;33600;2.88583e+02;23;1;1;1.00000e+00;1.00000e+00;1.00000e+00;82;9.99994e-01;1.00529e+00;4.15665e-05
nav-lives;me-mlp;3;[8];337;33700;33700;2.89452e+02;23;1;1;1.00000e+00;1.00000e+00;1.00000e+00;82;9.99994e-01;1.00529e+00;4.15665e-05
nav-lives;me-mlp;3;[8];338;33800;33800;2.90318e+02;23;1;1;1.00000e+00;1.00000e+00;1.00000e+00;82;9.99994e-01;1.00529e+00;4.15665e-05
nav-lives;me-mlp;3;[8];339;33900;33900;2.91186e+02;23;1;1;1.00000e+00;1.00000e+00;1.00000e+00;82;9.99994e-01;1.00529e+00;4.15665e-05
nav-lives;me-mlp;3;[8];340;34000;34000;2.92054e+02;23;1;1;1.00000e+00;1.00000e+00;1.00000e+00;82;9.99994e-01;1.00529e+00;4.15665e-05
nav-lives;me-mlp;3;[8];341;34100;34100;2.92918e+02;23;1;1;1.00000e+00;1.00000e+00;1.00000e+00;82;9.99994e-01;1.00529e+00;4.15665e-05
nav-lives;me-mlp;3;[8];342;34200;34200;2.93773e+02;23;1;1;1.00000e+00;1.00000e+00;1.00000e+00;82;9.99994e-01;1.00529e+00;4.15665e-05
nav-lives;me-mlp;3;[8];343;34300;34300;2.94643e+02;23;1;1;1.00000e+00;1.00000e+00;1.00000e+00;82;9.99994e-01;1.00529e+00;4.15665e-05
nav-lives;me-mlp;3;[8];344;34400;34400;2.95512e+02;23;1;1;1.00000e+00;1.00000e+00;1.00000e+00;82;9.99994e-01;1.00529e+00;4.15665e-05
nav-lives;me-mlp;3;[8];345;34500;34500;2.96374e+02;23;1;1;1.00000e+00;1.00000e+00;1.00000e+00;82;9.99994e-01;1.00529e+00;4.15665e-05
nav-lives;me-mlp;3;[8];346;34600;34600;2.97230e+02;23;1;1;1.00000e+00;1.00000e+00;1.00000e+00;82;9.99994e-01;1.00529e+00;4.15665e-05
nav-lives;me-mlp;3;[8];347;34700;34700;2.98081e+02;23;1;1;1.00000e+00;1.00000e+00;1.00000e+00;82;9.99994e-01;1.00529e+00;4.15665e-05
nav-lives;me-mlp;3;[8];348;34800;34800;2.98938e+02;23;1;1;1.00000e+00;1.00000e+00;1.00000e+00;82;9.99994e-01;1.00529e+00;4.15665e-05
nav-lives;me-mlp;3;[8];349;34900;34900;2.99810e+02;23;1;1;1.00000e+00;1.00000e+00;1.00000e+00;82;9.99994e-01;1.00529e+00;4.15665e-05
nav-lives;me-mlp;3;[8];350;35000;35000;3.00671e+02;23;1;1;1.00000e+00;1.00000e+00;1.00000e+00;82;9.99994e-01;1.00529e+00;4.15665e-05
nav-lives;me-mlp;3;[8];351;35100;35100;3.01526e+02;23;1;1;1.00000e+00;1.00000e+00;1.00000e+00;82;9.99994e-01;1.00529e+00;4.15665e-05
nav-lives;me-mlp;3;[8];352;35200;35200;3.02388e+02;23;1;1;1.00000e+00;1.00000e+00;1.00000e+00;82;9.99994e-01;1.00529e+00;4.15665e-05
nav-lives;me-mlp;3;[8];353;35300;35300;3.03251e+02;23;1;1;1.00000e+00;1.00000e+00;1.00000e+00;82;9.99994e-01;1.00529e+00;4.15665e-05
nav-lives;me-mlp;3;[8];354;35400;35400;3.04128e+02;23;1;1;1.00000e+00;1.00000e+00;1.00000e+00;82;9.99994e-01;1.00529e+00;4.15665e-05
nav-lives;me-mlp;3;[8];355;35500;35500;3.04989e+02;23;1;1;1.00000e+00;1.00000e+00;1.00000e+00;82;9.99994e-01;1.00529e+00;4.15665e-05
nav-lives;me-mlp;3;[8];356;35600;35600;3.05844e+02;23;1;1;1.00000e+00;1.00000e+00;1.00000e+00;82;9.99994e-01;1.00529e+00;4.15665e-05
nav-lives;me-mlp;3;[8];357;35700;35700;3.06723e+02;23;1;1;1.00000e+00;1.00000e+00;1.00000e+00;82;9.99994e-01;1.00529e+00;4.15665e-05
nav-lives;me-mlp;3;[8];358;35800;35800;3.07577e+02;23;1;1;1.00000e+00;1.00000e+00;1.00000e+00;82;9.99994e-01;1.00529e+00;4.15665e-05
nav-lives;me-mlp;3;[8];359;35900;35900;3.08435e+02;23;1;1;1.00000e+00;1.00000e+00;1.00000e+00;82;9.99994e-01;1.00529e+00;4.15665e-05
nav-lives;me-mlp;3;[8];360;36000;36000;3.09316e+02;23;1;1;1.00000e+00;1.00000e+00;1.00000e+00;82;9.99994e-01;1.00529e+00;4.15665e-05
nav-lives;me-mlp;3;[8];361;36100;36100;3.10177e+02;23;1;1;1.00000e+00;1.00000e+00;1.00000e+00;82;9.99994e-01;1.00529e+00;4.15665e-05
nav-lives;me-mlp;3;[8];362;36200;36200;3.11055e+02;23;1;1;1.00000e+00;1.00000e+00;1.00000e+00;82;9.99994e-01;1.00529e+00;4.15665e-05
nav-lives;me-mlp;3;[8];363;36300;36300;3.11920e+02;23;1;1;1.00000e+00;1.00000e+00;1.00000e+00;82;9.99994e-01;1.00529e+00;4.15665e-05
nav-lives;me-mlp;3;[8];364;36400;36400;3.12772e+02;23;1;1;1.00000e+00;1.00000e+00;1.00000e+00;82;9.99994e-01;1.00529e+00;4.15665e-05
nav-lives;me-mlp;3;[8];365;36500;36500;3.13631e+02;23;1;1;1.00000e+00;1.00000e+00;1.00000e+00;82;9.99994e-01;1.00529e+00;4.15665e-05
nav-lives;me-mlp;3;[8];366;36600;36600;3.14480e+02;23;1;1;1.00000e+00;1.00000e+00;1.00000e+00;82;9.99994e-01;1.00529e+00;4.15665e-05
nav-lives;me-mlp;3;[8];367;36700;36700;3.15338e+02;23;1;1;1.00000e+00;1.00000e+00;1.00000e+00;82;9.99994e-01;1.00529e+00;4.15665e-05
nav-lives;me-mlp;3;[8];368;36800;36800;3.16199e+02;23;1;1;1.00000e+00;1.00000e+00;1.00000e+00;82;9.99994e-01;1.00529e+00;4.15665e-05
nav-lives;me-mlp;3;[8];369;36900;36900;3.17083e+02;23;1;1;1.00000e+00;1.00000e+00;1.00000e+00;82;9.99994e-01;1.00529e+00;4.15665e-05
nav-lives;me-mlp;3;[8];370;37000;37000;3.17944e+02;23;1;1;1.00000e+00;1.00000e+00;1.00000e+00;82;9.99994e-01;1.00529e+00;4.15665e-05
nav-lives;me-mlp;3;[8];371;37100;37100;3.18810e+02;23;1;1;1.00000e+00;1.00000e+00;1.00000e+00;82;9.99994e-01;1.00529e+00;4.15665e-05
nav-lives;me-mlp;3;[8];372;37200;37200;3.19665e+02;23;1;1;1.00000e+00;1.00000e+00;1.00000e+00;82;9.99994e-01;1.00529e+00;4.15665e-05
nav-lives;me-mlp;3;[8];373;37300;37300;3.20534e+02;23;1;1;1.00000e+00;1.00000e+00;1.00000e+00;82;9.99994e-01;1.00529e+00;4.15665e-05
nav-lives;me-mlp;3;[8];374;37400;37400;3.21399e+02;23;1;1;1.00000e+00;1.00000e+00;1.00000e+00;82;9.99994e-01;1.00529e+00;4.15665e-05
nav-lives;me-mlp;3;[8];375;37500;37500;3.22258e+02;23;1;1;1.00000e+00;1.00000e+00;1.00000e+00;82;9.99994e-01;1.00529e+00;4.15665e-05
nav-lives;me-mlp;3;[8];376;37600;37600;3.23111e+02;23;1;1;1.00000e+00;1.00000e+00;1.00000e+00;82;9.99994e-01;1.00529e+00;4.15665e-05
nav-lives;me-mlp;3;[8];377;37700;37700;3.23988e+02;23;1;1;1.00000e+00;1.00000e+00;1.00000e+00;82;9.99994e-01;1.00529e+00;4.15665e-05
nav-lives;me-mlp;3;[8];378;37800;37800;3.24851e+02;23;1;1;1.00000e+00;1.00000e+00;1.00000e+00;82;9.99994e-01;1.00529e+00;4.15665e-05
nav-lives;me-mlp;3;[8];379;37900;37900;3.25711e+02;23;1;1;1.00000e+00;1.00000e+00;1.00000e+00;82;9.99994e-01;1.00529e+00;4.15665e-05
nav-lives;me-mlp;3;[8];380;38000;38000;3.26565e+02;23;1;1;1.00000e+00;1.00000e+00;1.00000e+00;82;9.99994e-01;1.00529e+00;4.15665e-05
nav-lives;me-mlp;3;[8];381;38100;38100;3.27425e+02;23;1;1;1.00000e+00;1.00000e+00;1.00000e+00;82;9.99994e-01;1.00529e+00;4.15665e-05
nav-lives;me-mlp;3;[8];382;38200;38200;3.28279e+02;23;1;1;1.00000e+00;1.00000e+00;1.00000e+00;82;9.99994e-01;1.00529e+00;4.15665e-05
nav-lives;me-mlp;3;[8];383;38300;38300;3.29134e+02;23;1;1;1.00000e+00;1.00000e+00;1.00000e+00;82;9.99994e-01;1.00529e+00;4.15665e-05
nav-lives;me-mlp;3;[8];384;38400;38400;3.29991e+02;23;1;1;1.00000e+00;1.00000e+00;1.00000e+00;82;9.99994e-01;1.00529e+00;4.15665e-05
nav-lives;me-mlp;3;[8];385;38500;38500;3.30854e+02;23;1;1;1.00000e+00;1.00000e+00;1.00000e+00;82;9.99994e-01;1.00529e+00;4.15665e-05
nav-lives;me-mlp;3;[8];386;38600;38600;3.31700e+02;23;1;1;1.00000e+00;1.00000e+00;1.00000e+00;82;9.99994e-01;1.00529e+00;4.15665e-05
nav-lives;me-mlp;3;[8];387;38700;38700;3.32553e+02;23;1;1;1.00000e+00;1.00000e+00;1.00000e+00;82;9.99994e-01;1.00529e+00;4.15665e-05
nav-lives;me-mlp;3;[8];388;38800;38800;3.33407e+02;23;1;1;1.00000e+00;1.00000e+00;1.00000e+00;82;9.99994e-01;1.00529e+00;4.15665e-05
nav-lives;me-mlp;3;[8];389;38900;38900;3.34268e+02;23;1;1;1.00000e+00;1.00000e+00;1.00000e+00;82;9.99994e-01;1.00529e+00;4.15665e-05
nav-lives;me-mlp;3;[8];390;39000;39000;3.35134e+02;23;1;1;1.00000e+00;1.00000e+00;1.00000e+00;82;9.99994e-01;1.00529e+00;4.15665e-05
nav-lives;me-mlp;3;[8];391;39100;39100;3.35987e+02;23;1;1;1.00000e+00;1.00000e+00;1.00000e+00;82;9.99994e-01;1.00529e+00;4.15665e-05
nav-lives;me-mlp;3;[8];392;39200;39200;3.36838e+02;23;1;1;1.00000e+00;1.00000e+00;1.00000e+00;82;9.99994e-01;1.00529e+00;4.15665e-05
nav-lives;me-mlp;3;[8];393;39300;39300;3.37688e+02;23;1;1;1.00000e+00;1.00000e+00;1.00000e+00;82;9.99994e-01;1.00529e+00;4.15665e-05
nav-lives;me-mlp;3;[8];394;39400;39400;3.38544e+02;23;1;1;1.00000e+00;1.00000e+00;1.00000e+00;82;9.99994e-01;1.00529e+00;4.15665e-05
nav-lives;me-mlp;3;[8];395;39500;39500;3.39407e+02;23;1;1;1.00000e+00;1.00000e+00;1.00000e+00;82;9.99994e-01;1.00529e+00;4.15665e-05
nav-lives;me-mlp;3;[8];396;39600;39600;3.40274e+02;23;1;1;1.00000e+00;1.00000e+00;1.00000e+00;82;9.99994e-01;1.00529e+00;4.15665e-05
nav-lives;me-mlp;3;[8];397;39700;39700;3.41127e+02;23;1;1;1.00000e+00;1.00000e+00;1.00000e+00;82;9.99994e-01;1.00529e+00;4.15665e-05
nav-lives;me-mlp;3;[8];398;39800;39800;3.41983e+02;23;1;1;1.00000e+00;1.00000e+00;1.00000e+00;82;9.99994e-01;1.00529e+00;4.15665e-05
nav-lives;me-mlp;3;[8];399;39900;39900;3.42832e+02;23;1;1;1.00000e+00;1.00000e+00;1.00000e+00;82;9.99994e-01;1.00529e+00;4.15665e-05
nav-lives;me-mlp;3;[8];400;40000;40000;3.43698e+02;23;1;1;1.00000e+00;1.00000e+00;1.00000e+00;82;9.99994e-01;1.00529e+00;4.15665e-05
nav-lives;me-mlp;4;[8];1;100;100;8.76000e-01;2;1;1;1.00000e+00;1.00000e+00;1.00000e+00;82;6.32858e-01;6.38248e-01;4.82038e-01
nav-lives;me-mlp;4;[8];2;200;200;1.77900e+00;3;1;1;1.00000e+00;1.00000e+00;1.00000e+00;82;6.32858e-01;6.38248e-01;4.82038e-01
nav-lives;me-mlp;4;[8];3;300;300;2.64100e+00;5;1;1;1.00000e+00;1.00000e+00;1.00000e+00;82;9.99665e-01;1.00560e+00;3.92860e-04
nav-lives;me-mlp;4;[8];4;400;400;3.50300e+00;7;1;1;1.00000e+00;1.00000e+00;1.00000e+00;82;9.99896e-01;1.00450e+00;2.05891e-04
nav-lives;me-mlp;4;[8];5;500;500;4.36800e+00;7;1;1;1.00000e+00;1.00000e+00;1.00000e+00;82;9.99896e-01;1.00450e+00;2.05891e-04
nav-lives;me-mlp;4;[8];6;600;600;5.23400e+00;7;1;1;1.00000e+00;1.00000e+00;1.00000e+00;82;9.99896e-01;1.00450e+00;2.05891e-04
nav-lives;me-mlp;4;[8];7;700;700;6.10100e+00;9;1;1;1.00000e+00;1.00000e+00;1.00000e+00;82;9.99896e-01;1.00450e+00;2.05891e-04
nav-lives;me-mlp;4;[8];8;800;800;6.97000e+00;10;1;1;1.00000e+00;1.00000e+00;1.00000e+00;82;9.99938e-01;1.00532e+00;0.00000e+00
nav-lives;me-mlp;4;[8];9;900;900;7.82300e+00;10;1;1;1.00000e+00;1.00000e+00;1.00000e+00;82;9.99938e-01;1.00532e+00;0.00000e+00
nav-lives;me-mlp;4;[8];10;1000;1000;8.68900e+00;11;1;1;1.00000e+00;1.00000e+00;1.00000e+00;82;9.99938e-01;1.00532e+00;0.00000e+00
nav-lives;me-mlp;4;[8];11;1100;1100;9.54500e+00;13;1;1;1.00000e+00;1.00000e+00;1.00000e+00;82;9.99938e-01;1.00532e+00;0.00000e+00
nav-lives;me-mlp;4;[8];12;1200;1200;1.04170e+01;14;1;1;1.00000e+00;1.00000e+00;1.00000e+00;82;9.99938e-01;1.00532e+00;0.00000e+00
nav-lives;me-mlp;4;[8];13;1300;1300;1.12870e+01;15;1;1;1.00000e+00;1.00000e+00;1.00000e+00;82;9.99938e-01;1.00532e+00;0.00000e+00
nav-lives;me-mlp;4;[8];14;1400;1400;1.21480e+01;16;1;1;1.00000e+00;1.00000e+00;1.00000e+00;82;9.99987e-01;1.00651e+00;1.04899e-10
nav-lives;me-mlp;4;[8];15;1500;1500;1.30170e+01;16;1;1;1.00000e+00;1.00000e+00;1.00000e+00;82;9.99987e-01;1.00651e+00;1.04899e-10
nav-lives;me-mlp;4;[8];16;1600;1600;1.38870e+01;16;1;1;1.00000e+00;1.00000e+00;1.00000e+00;82;9.99987e-01;1.00651e+00;1.04899e-10
nav-lives;me-mlp;4;[8];17;1700;1700;1.47460e+01;16;1;1;1.00000e+00;1.00000e+00;1.00000e+00;82;9.99987e-01;1.00651e+00;1.04899e-10
nav-lives;me-mlp;4;[8];18;1800;1800;1.56170e+01;16;1;1;1.00000e+00;1.00000e+00;1.00000e+00;82;9.99987e-01;1.00651e+00;1.04899e-10
nav-lives;me-mlp;4;[8];19;1900;1900;1.64770e+01;18;1;1;1.00000e+00;1.00000e+00;1.00000e+00;82;9.99987e-01;1.00651e+00;1.04899e-10
nav-lives;me-mlp;4;[8];20;2000;2000;1.73380e+01;19;1;1;1.00000e+00;1.00000e+00;1.00000e+00;82;9.99987e-01;1.00651e+00;1.04899e-10
nav-lives;me-mlp;4;[8];21;2100;2100;1.81990e+01;19;1;1;1.00000e+00;1.00000e+00;1.00000e+00;82;9.99987e-01;1.00651e+00;1.04899e-10
nav-lives;me-mlp;4;[8];22;2200;2200;1.90480e+01;19;1;1;1.00000e+00;1.00000e+00;1.00000e+00;82;9.99987e-01;1.00651e+00;1.04899e-10
nav-lives;me-mlp;4;[8];23;2300;2300;1.98980e+01;19;1;1;1.00000e+00;1.00000e+00;1.00000e+00;82;9.99987e-01;1.00651e+00;1.04899e-10
nav-lives;me-mlp;4;[8];24;2400;2400;2.07580e+01;19;1;1;1.00000e+00;1.00000e+00;1.00000e+00;82;9.99987e-01;1.00651e+00;1.04899e-10
nav-lives;me-mlp;4;[8];25;2500;2500;2.16280e+01;19;1;1;1.00000e+00;1.00000e+00;1.00000e+00;82;9.99987e-01;1.00651e+00;1.04899e-10
nav-lives;me-mlp;4;[8];26;2600;2600;2.24780e+01;19;1;1;1.00000e+00;1.00000e+00;1.00000e+00;82;9.99987e-01;1.00651e+00;1.04899e-10
nav-lives;me-mlp;4;[8];27;2700;2700;2.33710e+01;19;1;1;1.00000e+00;1.00000e+00;1.00000e+00;82;9.99987e-01;1.00651e+00;1.04899e-10
nav-lives;me-mlp;4;[8];28;2800;2800;2.42300e+01;19;1;1;1.00000e+00;1.00000e+00;1.00000e+00;82;9.99987e-01;1.00651e+00;1.04899e-10
nav-lives;me-mlp;4;[8];29;2900;2900;2.50980e+01;19;1;1;1.00000e+00;1.00000e+00;1.00000e+00;82;9.99987e-01;1.00651e+00;1.04899e-10
nav-lives;me-mlp;4;[8];30;3000;3000;2.59570e+01;20;1;1;1.00000e+00;1.00000e+00;1.00000e+00;82;9.99987e-01;1.00651e+00;1.04899e-10
nav-lives;me-mlp;4;[8];31;3100;3100;2.68170e+01;20;1;1;1.00000e+00;1.00000e+00;1.00000e+00;82;9.99987e-01;1.00651e+00;1.04899e-10
nav-lives;me-mlp;4;[8];32;3200;3200;2.76920e+01;20;1;1;1.00000e+00;1.00000e+00;1.00000e+00;82;9.99987e-01;1.00651e+00;1.04899e-10
nav-lives;me-mlp;4;[8];33;3300;3300;2.85670e+01;20;1;1;1.00000e+00;1.00000e+00;1.00000e+00;82;9.99987e-01;1.00651e+00;1.04899e-10
nav-lives;me-mlp;4;[8];34;3400;3400;2.94090e+01;20;1;1;1.00000e+00;1.00000e+00;1.00000e+00;82;9.99987e-01;1.00651e+00;1.04899e-10
nav-lives;me-mlp;4;[8];35;3500;3500;3.02740e+01;20;1;1;1.00000e+00;1.00000e+00;1.00000e+00;82;9.99987e-01;1.00651e+00;1.04899e-10
nav-lives;me-mlp;4;[8];36;3600;3600;3.11330e+01;20;1;1;1.00000e+00;1.00000e+00;1.00000e+00;82;9.99987e-01;1.00651e+00;1.04899e-10
nav-lives;me-mlp;4;[8];37;3700;3700;3.19950e+01;20;1;1;1.00000e+00;1.00000e+00;1.00000e+00;82;9.99988e-01;1.00585e+00;1.80086e-04
nav-lives;me-mlp;4;[8];38;3800;3800;3.28610e+01;20;1;1;1.00000e+00;1.00000e+00;1.00000e+00;82;9.99988e-01;1.00585e+00;1.80086e-04
nav-lives;me-mlp;4;[8];39;3900;3900;3.37230e+01;20;1;1;1.00000e+00;1.00000e+00;1.00000e+00;82;9.99988e-01;1.00585e+00;1.80086e-04
nav-lives;me-mlp;4;[8];40;4000;4000;3.46010e+01;21;1;1;1.00000e+00;1.00000e+00;1.00000e+00;82;9.99988e-01;1.00585e+00;1.80086e-04
nav-lives;me-mlp;4;[8];41;4100;4100;3.54580e+01;21;1;1;1.00000e+00;1.00000e+00;1.00000e+00;82;9.99988e-01;1.00585e+00;1.80086e-04
nav-lives;me-mlp;4;[8];42;4200;4200;3.63280e+01;21;1;1;1.00000e+00;1.00000e+00;1.00000e+00;82;9.99988e-01;1.00585e+00;1.80086e-04
nav-lives;me-mlp;4;[8];43;4300;4300;3.71850e+01;21;1;1;1.00000e+00;1.00000e+00;1.00000e+00;82;9.99988e-01;1.00585e+00;1.80086e-04
nav-lives;me-mlp;4;[8];44;4400;4400;3.80410e+01;21;1;1;1.00000e+00;1.00000e+00;1.00000e+00;82;9.99988e-01;1.00585e+00;1.80086e-04
nav-lives;me-mlp;4;[8];45;4500;4500;3.89010e+01;21;1;1;1.00000e+00;1.00000e+00;1.00000e+00;82;9.99988e-01;1.00585e+00;1.80086e-04
nav-lives;me-mlp;4;[8];46;4600;4600;3.97580e+01;21;1;1;1.00000e+00;1.00000e+00;1.00000e+00;82;9.99988e-01;1.00585e+00;1.80086e-04
nav-lives;me-mlp;4;[8];47;4700;4700;4.06240e+01;21;1;1;1.00000e+00;1.00000e+00;1.00000e+00;82;9.99988e-01;1.00585e+00;1.80086e-04
nav-lives;me-mlp;4;[8];48;4800;4800;4.14810e+01;21;1;1;1.00000e+00;1.00000e+00;1.00000e+00;82;9.99988e-01;1.00585e+00;1.80086e-04
nav-lives;me-mlp;4;[8];49;4900;4900;4.23400e+01;21;1;1;1.00000e+00;1.00000e+00;1.00000e+00;82;9.99988e-01;1.00585e+00;1.80086e-04
nav-lives;me-mlp;4;[8];50;5000;5000;4.32010e+01;22;1;1;1.00000e+00;1.00000e+00;1.00000e+00;82;1.00000e+00;1.00598e+00;3.87127e-05
nav-lives;me-mlp;4;[8];51;5100;5100;4.40590e+01;22;1;1;1.00000e+00;1.00000e+00;1.00000e+00;82;1.00000e+00;1.00598e+00;3.87127e-05
nav-lives;me-mlp;4;[8];52;5200;5200;4.49180e+01;22;1;1;1.00000e+00;1.00000e+00;1.00000e+00;82;1.00000e+00;1.00598e+00;3.87127e-05
nav-lives;me-mlp;4;[8];53;5300;5300;4.57870e+01;22;1;1;1.00000e+00;1.00000e+00;1.00000e+00;82;1.00000e+00;1.00598e+00;3.87127e-05
nav-lives;me-mlp;4;[8];54;5400;5400;4.66440e+01;22;1;1;1.00000e+00;1.00000e+00;1.00000e+00;82;1.00000e+00;1.00598e+00;3.87127e-05
nav-lives;me-mlp;4;[8];55;5500;5500;4.75030e+01;22;1;1;1.00000e+00;1.00000e+00;1.00000e+00;82;1.00000e+00;1.00598e+00;3.87127e-05
nav-lives;me-mlp;4;[8];56;5600;5600;4.83580e+01;22;1;1;1.00000e+00;1.00000e+00;1.00000e+00;82;1.00000e+00;1.00598e+00;3.87127e-05
nav-lives;me-mlp;4;[8];57;5700;5700;4.92160e+01;22;1;1;1.00000e+00;1.00000e+00;1.00000e+00;82;1.00000e+00;1.00598e+00;3.87127e-05
nav-lives;me-mlp;4;[8];58;5800;5800;5.00680e+01;22;1;1;1.00000e+00;1.00000e+00;1.00000e+00;82;1.00000e+00;1.00598e+00;3.87127e-05
nav-lives;me-mlp;4;[8];59;5900;5900;5.09270e+01;22;1;1;1.00000e+00;1.00000e+00;1.00000e+00;82;1.00000e+00;1.00598e+00;3.87127e-05
nav-lives;me-mlp;4;[8];60;6000;6000;5.17890e+01;22;1;1;1.00000e+00;1.00000e+00;1.00000e+00;82;1.00000e+00;1.00598e+00;3.87127e-05
nav-lives;me-mlp;4;[8];61;6100;6100;5.26610e+01;22;1;1;1.00000e+00;1.00000e+00;1.00000e+00;82;1.00000e+00;1.00598e+00;3.87127e-05
nav-lives;me-mlp;4;[8];62;6200;6200;5.35340e+01;22;1;1;1.00000e+00;1.00000e+00;1.00000e+00;82;1.00000e+00;1.00598e+00;3.87127e-05
nav-lives;me-mlp;4;[8];63;6300;6300;5.43940e+01;22;1;1;1.00000e+00;1.00000e+00;1.00000e+00;82;1.00000e+00;1.00598e+00;3.87127e-05
nav-lives;me-mlp;4;[8];64;6400;6400;5.52490e+01;22;1;1;1.00000e+00;1.00000e+00;1.00000e+00;82;1.00000e+00;1.00598e+00;3.87127e-05
nav-lives;me-mlp;4;[8];65;6500;6500;5.61110e+01;22;1;1;1.00000e+00;1.00000e+00;1.00000e+00;82;1.00000e+00;1.00598e+00;3.87127e-05
nav-lives;me-mlp;4;[8];66;6600;6600;5.69770e+01;22;1;1;1.00000e+00;1.00000e+00;1.00000e+00;82;1.00000e+00;1.00598e+00;3.87127e-05
nav-lives;me-mlp;4;[8];67;6700;6700;5.78450e+01;22;1;1;1.00000e+00;1.00000e+00;1.00000e+00;82;1.00000e+00;1.00598e+00;3.87127e-05
nav-lives;me-mlp;4;[8];68;6800;6800;5.87120e+01;22;1;1;1.00000e+00;1.00000e+00;1.00000e+00;82;1.00000e+00;1.00598e+00;3.87127e-05
nav-lives;me-mlp;4;[8];69;6900;6900;5.95700e+01;22;1;1;1.00000e+00;1.00000e+00;1.00000e+00;82;1.00000e+00;1.00598e+00;3.87127e-05
nav-lives;me-mlp;4;[8];70;7000;7000;6.04190e+01;22;1;1;1.00000e+00;1.00000e+00;1.00000e+00;82;1.00000e+00;1.00598e+00;3.87127e-05
nav-lives;me-mlp;4;[8];71;7100;7100;6.12710e+01;22;1;1;1.00000e+00;1.00000e+00;1.00000e+00;82;1.00000e+00;1.00598e+00;3.87127e-05
nav-lives;me-mlp;4;[8];72;7200;7200;6.21300e+01;22;1;1;1.00000e+00;1.00000e+00;1.00000e+00;82;1.00000e+00;1.00598e+00;3.87127e-05
nav-lives;me-mlp;4;[8];73;7300;7300;6.29890e+01;22;1;1;1.00000e+00;1.00000e+00;1.00000e+00;82;1.00000e+00;1.00598e+00;3.87127e-05
nav-lives;me-mlp;4;[8];74;7400;7400;6.38500e+01;22;1;1;1.00000e+00;1.00000e+00;1.00000e+00;82;1.00000e+00;1.00598e+00;3.87127e-05
nav-lives;me-mlp;4;[8];75;7500;7500;6.47090e+01;22;1;1;1.00000e+00;1.00000e+00;1.00000e+00;82;1.00000e+00;1.00598e+00;3.87127e-05
nav-lives;me-mlp;4;[8];76;7600;7600;6.55560e+01;22;1;1;1.00000e+00;1.00000e+00;1.00000e+00;82;1.00000e+00;1.00598e+00;3.87127e-05
nav-lives;me-mlp;4;[8];77;7700;7700;6.64200e+01;22;1;1;1.00000e+00;1.00000e+00;1.00000e+00;82;1.00000e+00;1.00598e+00;3.87127e-05
nav-lives;me-mlp;4;[8];78;7800;7800;6.72830e+01;22;1;1;1.00000e+00;1.00000e+00;1.00000e+00;82;1.00000e+00;1.00598e+00;3.87127e-05
nav-lives;me-mlp;4;[8];79;7900;7900;6.81580e+01;22;1;1;1.00000e+00;1.00000e+00;1.00000e+00;82;1.00000e+00;1.00598e+00;3.87127e-05
nav-lives;me-mlp;4;[8];80;8000;8000;6.90490e+01;22;1;1;1.00000e+00;1.00000e+00;1.00000e+00;82;1.00000e+00;1.00598e+00;3.87127e-05
nav-lives;me-mlp;4;[8];81;8100;8100;6.99050e+01;22;1;1;1.00000e+00;1.00000e+00;1.00000e+00;82;1.00000e+00;1.00598e+00;3.87127e-05
nav-lives;me-mlp;4;[8];82;8200;8200;7.07590e+01;22;1;1;1.00000e+00;1.00000e+00;1.00000e+00;82;1.00000e+00;1.00598e+00;3.87127e-05
nav-lives;me-mlp;4;[8];83;8300;8300;7.16100e+01;22;1;1;1.00000e+00;1.00000e+00;1.00000e+00;82;1.00000e+00;1.00598e+00;3.87127e-05
nav-lives;me-mlp;4;[8];84;8400;8400;7.24830e+01;22;1;1;1.00000e+00;1.00000e+00;1.00000e+00;82;1.00000e+00;1.00598e+00;3.87127e-05
nav-lives;me-mlp;4;[8];85;8500;8500;7.33520e+01;22;1;1;1.00000e+00;1.00000e+00;1.00000e+00;82;1.00000e+00;1.00598e+00;3.87127e-05
nav-lives;me-mlp;4;[8];86;8600;8600;7.42180e+01;22;1;1;1.00000e+00;1.00000e+00;1.00000e+00;82;1.00000e+00;1.00598e+00;3.87127e-05
nav-lives;me-mlp;4;[8];87;8700;8700;7.50720e+01;22;1;1;1.00000e+00;1.00000e+00;1.00000e+00;82;1.00000e+00;1.00598e+00;3.87127e-05
nav-lives;me-mlp;4;[8];88;8800;8800;7.59310e+01;22;1;1;1.00000e+00;1.00000e+00;1.00000e+00;82;1.00000e+00;1.00598e+00;3.87127e-05
nav-lives;me-mlp;4;[8];89;8900;8900;7.67860e+01;22;1;1;1.00000e+00;1.00000e+00;1.00000e+00;82;1.00000e+00;1.00598e+00;3.87127e-05
nav-lives;me-mlp;4;[8];90;9000;9000;7.76570e+01;22;1;1;1.00000e+00;1.00000e+00;1.00000e+00;82;1.00000e+00;1.00598e+00;3.87127e-05
nav-lives;me-mlp;4;[8];91;9100;9100;7.85140e+01;22;1;1;1.00000e+00;1.00000e+00;1.00000e+00;82;1.00000e+00;1.00598e+00;3.87127e-05
nav-lives;me-mlp;4;[8];92;9200;9200;7.93720e+01;22;1;1;1.00000e+00;1.00000e+00;1.00000e+00;82;1.00000e+00;1.00598e+00;3.87127e-05
nav-lives;me-mlp;4;[8];93;9300;9300;8.02290e+01;22;1;1;1.00000e+00;1.00000e+00;1.00000e+00;82;1.00000e+00;1.00598e+00;3.87127e-05
nav-lives;me-mlp;4;[8];94;9400;9400;8.10950e+01;22;1;1;1.00000e+00;1.00000e+00;1.00000e+00;82;1.00000e+00;1.00598e+00;3.87127e-05
nav-lives;me-mlp;4;[8];95;9500;9500;8.19630e+01;22;1;1;1.00000e+00;1.00000e+00;1.00000e+00;82;1.00000e+00;1.00598e+00;3.87127e-05
nav-lives;me-mlp;4;[8];96;9600;9600;8.28830e+01;22;1;1;1.00000e+00;1.00000e+00;1.00000e+00;82;1.00000e+00;1.00598e+00;3.87127e-05
nav-lives;me-mlp;4;[8];97;9700;9700;8.37600e+01;22;1;1;1.00000e+00;1.00000e+00;1.00000e+00;82;1.00000e+00;1.00598e+00;3.87127e-05
nav-lives;me-mlp;4;[8];98;9800;9800;8.46290e+01;22;1;1;1.00000e+00;1.00000e+00;1.00000e+00;82;1.00000e+00;1.00598e+00;3.87127e-05
nav-lives;me-mlp;4;[8];99;9900;9900;8.54970e+01;22;1;1;1.00000e+00;1.00000e+00;1.00000e+00;82;1.00000e+00;1.00598e+00;3.87127e-05
nav-lives;me-mlp;4;[8];100;10000;10000;8.63600e+01;22;1;1;1.00000e+00;1.00000e+00;1.00000e+00;82;1.00000e+00;1.00598e+00;3.87127e-05
nav-lives;me-mlp;4;[8];101;10100;10100;8.72210e+01;22;1;1;1.00000e+00;1.00000e+00;1.00000e+00;82;1.00000e+00;1.00598e+00;3.87127e-05
nav-lives;me-mlp;4;[8];102;10200;10200;8.80950e+01;22;1;1;1.00000e+00;1.00000e+00;1.00000e+00;82;1.00000e+00;1.00598e+00;3.87127e-05
nav-lives;me-mlp;4;[8];103;10300;10300;8.89600e+01;22;1;1;1.00000e+00;1.00000e+00;1.00000e+00;82;1.00000e+00;1.00598e+00;3.87127e-05
nav-lives;me-mlp;4;[8];104;10400;10400;8.98150e+01;22;1;1;1.00000e+00;1.00000e+00;1.00000e+00;82;1.00000e+00;1.00598e+00;3.87127e-05
nav-lives;me-mlp;4;[8];105;10500;10500;9.06800e+01;22;1;1;1.00000e+00;1.00000e+00;1.00000e+00;82;1.00000e+00;1.00598e+00;3.87127e-05
nav-lives;me-mlp;4;[8];106;10600;10600;9.15430e+01;23;1;1;1.00000e+00;1.00000e+00;1.00000e+00;82;1.00000e+00;1.00598e+00;3.87127e-05
nav-lives;me-mlp;4;[8];107;10700;10700;9.24010e+01;23;1;1;1.00000e+00;1.00000e+00;1.00000e+00;82;1.00000e+00;1.00598e+00;3.87127e-05
nav-lives;me-mlp;4;[8];108;10800;10800;9.32770e+01;23;1;1;1.00000e+00;1.00000e+00;1.00000e+00;82;1.00000e+00;1.00598e+00;3.87127e-05
nav-lives;me-mlp;4;[8];109;10900;10900;9.41590e+01;23;1;1;1.00000e+00;1.00000e+00;1.00000e+00;82;1.00000e+00;1.00598e+00;3.87127e-05
nav-lives;me-mlp;4;[8];110;11000;11000;9.50150e+01;23;1;1;1.00000e+00;1.00000e+00;1.00000e+00;82;1.00000e+00;1.00598e+00;3.87127e-05
nav-lives;me-mlp;4;[8];111;11100;11100;9.58780e+01;23;1;1;1.00000e+00;1.00000e+00;1.00000e+00;82;1.00000e+00;1.00598e+00;3.87127e-05
nav-lives;me-mlp;4;[8];112;11200;11200;9.67240e+01;23;1;1;1.00000e+00;1.00000e+00;1.00000e+00;82;1.00000e+00;1.00598e+00;3.87127e-05
nav-lives;me-mlp;4;[8];113;11300;11300;9.75870e+01;23;1;1;1.00000e+00;1.00000e+00;1.00000e+00;82;1.00000e+00;1.00598e+00;3.87127e-05
nav-lives;me-mlp;4;[8];114;11400;11400;9.84470e+01;23;1;1;1.00000e+00;1.00000e+00;1.00000e+00;82;1.00000e+00;1.00598e+00;3.87127e-05
nav-lives;me-mlp;4;[8];115;11500;11500;9.93050e+01;23;1;1;1.00000e+00;1.00000e+00;1.00000e+00;82;1.00000e+00;1.00598e+00;3.87127e-05
nav-lives;me-mlp;4;[8];116;11600;11600;1.00167e+02;23;1;1;1.00000e+00;1.00000e+00;1.00000e+00;82;1.00000e+00;1.00598e+00;3.87127e-05
nav-lives;me-mlp;4;[8];117;11700;11700;1.01031e+02;23;1;1;1.00000e+00;1.00000e+00;1.00000e+00;82;1.00000e+00;1.00598e+00;3.87127e-05
nav-lives;me-mlp;4;[8];118;11800;11800;1.01886e+02;23;1;1;1.00000e+00;1.00000e+00;1.00000e+00;82;1.00000e+00;1.00598e+00;3.87127e-05
nav-lives;me-mlp;4;[8];119;11900;11900;1.02749e+02;23;1;1;1.00000e+00;1.00000e+00;1.00000e+00;82;1.00000e+00;1.00598e+00;3.87127e-05
nav-lives;me-mlp;4;[8];120;12000;12000;1.03612e+02;23;1;1;1.00000e+00;1.00000e+00;1.00000e+00;82;1.00000e+00;1.00598e+00;3.87127e-05
nav-lives;me-mlp;4;[8];121;12100;12100;1.04473e+02;23;1;1;1.00000e+00;1.00000e+00;1.00000e+00;82;1.00000e+00;1.00598e+00;3.87127e-05
nav-lives;me-mlp;4;[8];122;12200;12200;1.05332e+02;23;1;1;1.00000e+00;1.00000e+00;1.00000e+00;82;1.00000e+00;1.00598e+00;3.87127e-05
nav-lives;me-mlp;4;[8];123;12300;12300;1.06180e+02;23;1;1;1.00000e+00;1.00000e+00;1.00000e+00;82;1.00000e+00;1.00598e+00;3.87127e-05
nav-lives;me-mlp;4;[8];124;12400;12400;1.07047e+02;23;1;1;1.00000e+00;1.00000e+00;1.00000e+00;82;1.00000e+00;1.00598e+00;3.87127e-05
nav-lives;me-mlp;4;[8];125;12500;12500;1.07901e+02;23;1;1;1.00000e+00;1.00000e+00;1.00000e+00;82;1.00000e+00;1.00598e+00;3.87127e-05
nav-lives;me-mlp;4;[8];126;12600;12600;1.08758e+02;23;1;1;1.00000e+00;1.00000e+00;1.00000e+00;82;1.00000e+00;1.00598e+00;3.87127e-05
nav-lives;me-mlp;4;[8];127;12700;12700;1.09625e+02;23;1;1;1.00000e+00;1.00000e+00;1.00000e+00;82;1.00000e+00;1.00598e+00;3.87127e-05
nav-lives;me-mlp;4;[8];128;12800;12800;1.10490e+02;23;1;1;1.00000e+00;1.00000e+00;1.00000e+00;82;1.00000e+00;1.00598e+00;3.87127e-05
nav-lives;me-mlp;4;[8];129;12900;12900;1.11359e+02;23;1;1;1.00000e+00;1.00000e+00;1.00000e+00;82;1.00000e+00;1.00598e+00;3.87127e-05
nav-lives;me-mlp;4;[8];130;13000;13000;1.12216e+02;23;1;1;1.00000e+00;1.00000e+00;1.00000e+00;82;1.00000e+00;1.00598e+00;3.87127e-05
nav-lives;me-mlp;4;[8];131;13100;13100;1.13077e+02;23;1;1;1.00000e+00;1.00000e+00;1.00000e+00;82;1.00000e+00;1.00598e+00;3.87127e-05
nav-lives;me-mlp;4;[8];132;13200;13200;1.13956e+02;23;1;1;1.00000e+00;1.00000e+00;1.00000e+00;82;1.00000e+00;1.00598e+00;3.87127e-05
nav-lives;me-mlp;4;[8];133;13300;13300;1.14816e+02;23;1;1;1.00000e+00;1.00000e+00;1.00000e+00;82;1.00000e+00;1.00598e+00;3.87127e-05
nav-lives;me-mlp;4;[8];134;13400;13400;1.15677e+02;23;1;1;1.00000e+00;1.00000e+00;1.00000e+00;82;1.00000e+00;1.00598e+00;3.87127e-05
nav-lives;me-mlp;4;[8];135;13500;13500;1.16543e+02;23;1;1;1.00000e+00;1.00000e+00;1.00000e+00;82;1.00000e+00;1.00598e+00;3.87127e-05
nav-lives;me-mlp;4;[8];136;13600;13600;1.17400e+02;23;1;1;1.00000e+00;1.00000e+00;1.00000e+00;82;1.00000e+00;1.00598e+00;3.87127e-05
nav-lives;me-mlp;4;[8];137;13700;13700;1.18263e+02;23;1;1;1.00000e+00;1.00000e+00;1.00000e+00;82;1.00000e+00;1.00598e+00;3.87127e-05
nav-lives;me-mlp;4;[8];138;13800;13800;1.19133e+02;23;1;1;1.00000e+00;1.00000e+00;1.00000e+00;82;1.00000e+00;1.00598e+00;3.87127e-05
nav-lives;me-mlp;4;[8];139;13900;13900;1.19993e+02;23;1;1;1.00000e+00;1.00000e+00;1.00000e+00;82;1.00000e+00;1.00598e+00;3.87127e-05
nav-lives;me-mlp;4;[8];140;14000;14000;1.20848e+02;23;1;1;1.00000e+00;1.00000e+00;1.00000e+00;82;1.00000e+00;1.00598e+00;3.87127e-05
nav-lives;me-mlp;4;[8];141;14100;14100;1.21698e+02;23;1;1;1.00000e+00;1.00000e+00;1.00000e+00;82;1.00000e+00;1.00598e+00;3.87127e-05
nav-lives;me-mlp;4;[8];142;14200;14200;1.22565e+02;23;1;1;1.00000e+00;1.00000e+00;1.00000e+00;82;1.00000e+00;1.00598e+00;3.87127e-05
nav-lives;me-mlp;4;[8];143;14300;14300;1.23432e+02;23;1;1;1.00000e+00;1.00000e+00;1.00000e+00;82;1.00000e+00;1.00598e+00;3.87127e-05
nav-lives;me-mlp;4;[8];144;14400;14400;1.24307e+02;23;1;1;1.00000e+00;1.00000e+00;1.00000e+00;82;1.00000e+00;1.00598e+00;3.87127e-05
nav-lives;me-mlp;4;[8];145;14500;14500;1.25179e+02;23;1;1;1.00000e+00;1.00000e+00;1.00000e+00;82;1.00000e+00;1.00598e+00;3.87127e-05
nav-lives;me-mlp;4;[8];146;14600;14600;1.26043e+02;23;1;1;1.00000e+00;1.00000e+00;1.00000e+00;82;1.00000e+00;1.00598e+00;3.87127e-05
nav-lives;me-mlp;4;[8];147;14700;14700;1.26891e+02;23;1;1;1.00000e+00;1.00000e+00;1.00000e+00;82;1.00000e+00;1.00598e+00;3.87127e-05
nav-lives;me-mlp;4;[8];148;14800;14800;1.27750e+02;23;1;1;1.00000e+00;1.00000e+00;1.00000e+00;82;1.00000e+00;1.00598e+00;3.87127e-05
nav-lives;me-mlp;4;[8];149;14900;14900;1.28620e+02;23;1;1;1.00000e+00;1.00000e+00;1.00000e+00;82;1.00000e+00;1.00598e+00;3.87127e-05
nav-lives;me-mlp;4;[8];150;15000;15000;1.29497e+02;23;1;1;1.00000e+00;1.00000e+00;1.00000e+00;82;1.00000e+00;1.00598e+00;3.87127e-05
nav-lives;me-mlp;4;[8];151;15100;15100;1.30349e+02;23;1;1;1.00000e+00;1.00000e+00;1.00000e+00;82;1.00000e+00;1.00598e+00;3.87127e-05
nav-lives;me-mlp;4;[8];152;15200;15200;1.31204e+02;23;1;1;1.00000e+00;1.00000e+00;1.00000e+00;82;1.00000e+00;1.00598e+00;3.87127e-05
nav-lives;me-mlp;4;[8];153;15300;15300;1.32068e+02;23;1;1;1.00000e+00;1.00000e+00;1.00000e+00;82;1.00000e+00;1.00598e+00;3.87127e-05
nav-lives;me-mlp;4;[8];154;15400;15400;1.32933e+02;23;1;1;1.00000e+00;1.00000e+00;1.00000e+00;82;1.00000e+00;1.00598e+00;3.87127e-05
nav-lives;me-mlp;4;[8];155;15500;15500;1.33799e+02;23;1;1;1.00000e+00;1.00000e+00;1.00000e+00;82;1.00000e+00;1.00598e+00;3.87127e-05
nav-lives;me-mlp;4;[8];156;15600;15600;1.34675e+02;23;1;1;1.00000e+00;1.00000e+00;1.00000e+00;82;1.00000e+00;1.00598e+00;3.87127e-05
nav-lives;me-mlp;4;[8];157;15700;15700;1.35563e+02;23;1;1;1.00000e+00;1.00000e+00;1.00000e+00;82;1.00000e+00;1.00598e+00;3.87127e-05
nav-lives;me-mlp;4;[8];158;15800;15800;1.36411e+02;23;1;1;1.00000e+00;1.00000e+00;1.00000e+00;82;1.00001e+00;1.00853e+00;1.52392e-04
nav-lives;me-mlp;4;[8];159;15900;15900;1.37263e+02;23;1;1;1.00000e+00;1.00000e+00;1.00000e+00;82;1.00001e+00;1.00853e+00;1.52392e-04
nav-lives;me-mlp;4;[8];160;16000;16000;1.38132e+02;23;1;1;1.00000e+00;1.00000e+00;1.00000e+00;82;1.00001e+00;1.00853e+00;1.52392e-04
nav-lives;me-mlp;4;[8];161;16100;16100;1.38998e+02;23;1;1;1.00000e+00;1.00000e+00;1.00000e+00;82;1.00001e+00;1.00853e+00;1.52392e-04
nav-lives;me-mlp;4;[8];162;16200;16200;1.39860e+02;23;1;1;1.00000e+00;1.00000e+00;1.00000e+00;82;1.00001e+00;1.00853e+00;1.52392e-04
nav-lives;me-mlp;4;[8];163;16300;16300;1.40734e+02;23;1;1;1.00000e+00;1.00000e+00;1.00000e+00;82;1.00001e+00;1.00853e+00;1.52392e-04
nav-lives;me-mlp;4;[8];164;16400;16400;1.41590e+02;23;1;1;1.00000e+00;1.00000e+00;1.00000e+00;82;1.00001e+00;1.00853e+00;1.52392e-04
nav-lives;me-mlp;4;[8];165;16500;16500;1.42446e+02;23;1;1;1.00000e+00;1.00000e+00;1.00000e+00;82;1.00001e+00;1.00853e+00;1.52392e-04
nav-lives;me-mlp;4;[8];166;16600;16600;1.43326e+02;23;1;1;1.00000e+00;1.00000e+00;1.00000e+00;82;1.00001e+00;1.00853e+00;1.52392e-04
nav-lives;me-mlp;4;[8];167;16700;16700;1.44198e+02;23;1;1;1.00000e+00;1.00000e+00;1.00000e+00;82;1.00001e+00;1.00853e+00;1.52392e-04
nav-lives;me-mlp;4;[8];168;16800;16800;1.45081e+02;23;1;1;1.00000e+00;1.00000e+00;1.00000e+00;82;1.00001e+00;1.00853e+00;1.52392e-04
nav-lives;me-mlp;4;[8];169;16900;16900;1.45945e+02;23;1;1;1.00000e+00;1.00000e+00;1.00000e+00;82;1.00001e+00;1.00853e+00;1.52392e-04
nav-lives;me-mlp;4;[8];170;17000;17000;1.46793e+02;23;1;1;1.00000e+00;1.00000e+00;1.00000e+00;82;1.00001e+00;1.00853e+00;1.52392e-04
nav-lives;me-mlp;4;[8];171;17100;17100;1.47661e+02;23;1;1;1.00000e+00;1.00000e+00;1.00000e+00;82;1.00001e+00;1.00853e+00;1.52392e-04
nav-lives;me-mlp;4;[8];172;17200;17200;1.48522e+02;23;1;1;1.00000e+00;1.00000e+00;1.00000e+00;82;1.00001e+00;1.00853e+00;1.52392e-04
nav-lives;me-mlp;4;[8];173;17300;17300;1.49392e+02;23;1;1;1.00000e+00;1.00000e+00;1.00000e+00;82;1.00001e+00;1.00853e+00;1.52392e-04
nav-lives;me-mlp;4;[8];174;17400;17400;1.50256e+02;23;1;1;1.00000e+00;1.00000e+00;1.00000e+00;82;1.00001e+00;1.00853e+00;1.52392e-04
nav-lives;me-mlp;4;[8];175;17500;17500;1.51125e+02;23;1;1;1.00000e+00;1.00000e+00;1.00000e+00;82;1.00001e+00;1.00853e+00;1.52392e-04
nav-lives;me-mlp;4;[8];176;17600;17600;1.51994e+02;23;1;1;1.00000e+00;1.00000e+00;1.00000e+00;82;1.00001e+00;1.00853e+00;1.52392e-04
nav-lives;me-mlp;4;[8];177;17700;17700;1.52859e+02;23;1;1;1.00000e+00;1.00000e+00;1.00000e+00;82;1.00001e+00;1.00853e+00;1.52392e-04
nav-lives;me-mlp;4;[8];178;17800;17800;1.53722e+02;23;1;1;1.00000e+00;1.00000e+00;1.00000e+00;82;1.00001e+00;1.00853e+00;1.52392e-04
nav-lives;me-mlp;4;[8];179;17900;17900;1.54603e+02;23;1;1;1.00000e+00;1.00000e+00;1.00000e+00;82;1.00001e+00;1.00853e+00;1.52392e-04
nav-lives;me-mlp;4;[8];180;18000;18000;1.55479e+02;23;1;1;1.00000e+00;1.00000e+00;1.00000e+00;82;1.00001e+00;1.00853e+00;1.52392e-04
nav-lives;me-mlp;4;[8];181;18100;18100;1.56338e+02;23;1;1;1.00000e+00;1.00000e+00;1.00000e+00;82;1.00001e+00;1.00853e+00;1.52392e-04
nav-lives;me-mlp;4;[8];182;18200;18200;1.57206e+02;23;1;1;1.00000e+00;1.00000e+00;1.00000e+00;82;1.00001e+00;1.00853e+00;1.52392e-04
nav-lives;me-mlp;4;[8];183;18300;18300;1.58068e+02;23;1;1;1.00000e+00;1.00000e+00;1.00000e+00;82;1.00001e+00;1.00853e+00;1.52392e-04
nav-lives;me-mlp;4;[8];184;18400;18400;1.58931e+02;23;1;1;1.00000e+00;1.00000e+00;1.00000e+00;82;1.00001e+00;1.00853e+00;1.52392e-04
nav-lives;me-mlp;4;[8];185;18500;18500;1.59811e+02;23;1;1;1.00000e+00;1.00000e+00;1.00000e+00;82;1.00001e+00;1.00853e+00;1.52392e-04
nav-lives;me-mlp;4;[8];186;18600;18600;1.60679e+02;23;1;1;1.00000e+00;1.00000e+00;1.00000e+00;82;1.00001e+00;1.00853e+00;1.52392e-04
nav-lives;me-mlp;4;[8];187;18700;18700;1.61525e+02;23;1;1;1.00000e+00;1.00000e+00;1.00000e+00;82;1.00001e+00;1.00853e+00;1.52392e-04
nav-lives;me-mlp;4;[8];188;18800;18800;1.62392e+02;23;1;1;1.00000e+00;1.00000e+00;1.00000e+00;82;1.00001e+00;1.00853e+00;1.52392e-04
nav-lives;me-mlp;4;[8];189;18900;18900;1.63245e+02;23;1;1;1.00000e+00;1.00000e+00;1.00000e+00;82;1.00001e+00;1.00853e+00;1.52392e-04
nav-lives;me-mlp;4;[8];190;19000;19000;1.64110e+02;23;1;1;1.00000e+00;1.00000e+00;1.00000e+00;82;1.00001e+00;1.00853e+00;1.52392e-04
nav-lives;me-mlp;4;[8];191;19100;19100;1.64978e+02;23;1;1;1.00000e+00;1.00000e+00;1.00000e+00;82;1.00001e+00;1.00853e+00;1.52392e-04
nav-lives;me-mlp;4;[8];192;19200;19200;1.65835e+02;23;1;1;1.00000e+00;1.00000e+00;1.00000e+00;82;1.00001e+00;1.00853e+00;1.52392e-04
nav-lives;me-mlp;4;[8];193;19300;19300;1.66683e+02;23;1;1;1.00000e+00;1.00000e+00;1.00000e+00;82;1.00001e+00;1.00853e+00;1.52392e-04
nav-lives;me-mlp;4;[8];194;19400;19400;1.67544e+02;23;1;1;1.00000e+00;1.00000e+00;1.00000e+00;82;1.00001e+00;1.00853e+00;1.52392e-04
nav-lives;me-mlp;4;[8];195;19500;19500;1.68413e+02;23;1;1;1.00000e+00;1.00000e+00;1.00000e+00;82;1.00001e+00;1.00853e+00;1.52392e-04
nav-lives;me-mlp;4;[8];196;19600;19600;1.69269e+02;23;1;1;1.00000e+00;1.00000e+00;1.00000e+00;82;1.00001e+00;1.00853e+00;1.52392e-04
nav-lives;me-mlp;4;[8];197;19700;19700;1.70138e+02;23;1;1;1.00000e+00;1.00000e+00;1.00000e+00;82;1.00001e+00;1.00853e+00;1.52392e-04
nav-lives;me-mlp;4;[8];198;19800;19800;1.70986e+02;23;1;1;1.00000e+00;1.00000e+00;1.00000e+00;82;1.00001e+00;1.00853e+00;1.52392e-04
nav-lives;me-mlp;4;[8];199;19900;19900;1.71851e+02;23;1;1;1.00000e+00;1.00000e+00;1.00000e+00;82;1.00001e+00;1.00853e+00;1.52392e-04
nav-lives;me-mlp;4;[8];200;20000;20000;1.72704e+02;23;1;1;1.00000e+00;1.00000e+00;1.00000e+00;82;1.00001e+00;1.00853e+00;1.52392e-04
nav-lives;me-mlp;4;[8];201;20100;20100;1.73560e+02;23;1;1;1.00000e+00;1.00000e+00;1.00000e+00;82;1.00001e+00;1.00853e+00;1.52392e-04
nav-lives;me-mlp;4;[8];202;20200;20200;1.74430e+02;23;1;1;1.00000e+00;1.00000e+00;1.00000e+00;82;1.00001e+00;1.00853e+00;1.52392e-04
nav-lives;me-mlp;4;[8];203;20300;20300;1.75296e+02;23;1;1;1.00000e+00;1.00000e+00;1.00000e+00;82;1.00001e+00;1.00853e+00;1.52392e-04
nav-lives;me-mlp;4;[8];204;20400;20400;1.76165e+02;23;1;1;1.00000e+00;1.00000e+00;1.00000e+00;82;1.00001e+00;1.00853e+00;1.52392e-04
nav-lives;me-mlp;4;[8];205;20500;20500;1.77023e+02;23;1;1;1.00000e+00;1.00000e+00;1.00000e+00;82;1.00001e+00;1.00853e+00;1.52392e-04
nav-lives;me-mlp;4;[8];206;20600;20600;1.77885e+02;23;1;1;1.00000e+00;1.00000e+00;1.00000e+00;82;1.00001e+00;1.00853e+00;1.52392e-04
nav-lives;me-mlp;4;[8];207;20700;20700;1.78750e+02;23;1;1;1.00000e+00;1.00000e+00;1.00000e+00;82;1.00001e+00;1.00853e+00;1.52392e-04
nav-lives;me-mlp;4;[8];208;20800;20800;1.79601e+02;23;1;1;1.00000e+00;1.00000e+00;1.00000e+00;82;1.00001e+00;1.00853e+00;1.52392e-04
nav-lives;me-mlp;4;[8];209;20900;20900;1.80470e+02;23;1;1;1.00000e+00;1.00000e+00;1.00000e+00;82;1.00001e+00;1.00853e+00;1.52392e-04
nav-lives;me-mlp;4;[8];210;21000;21000;1.81336e+02;23;1;1;1.00000e+00;1.00000e+00;1.00000e+00;82;1.00001e+00;1.00853e+00;1.52392e-04
nav-lives;me-mlp;4;[8];211;21100;21100;1.82192e+02;23;1;1;1.00000e+00;1.00000e+00;1.00000e+00;82;1.00001e+00;1.00853e+00;1.52392e-04
nav-lives;me-mlp;4;[8];212;21200;21200;1.83064e+02;23;1;1;1.00000e+00;1.00000e+00;1.00000e+00;82;1.00001e+00;1.00853e+00;1.52392e-04
nav-lives;me-mlp;4;[8];213;21300;21300;1.83951e+02;23;1;1;1.00000e+00;1.00000e+00;1.00000e+00;82;1.00001e+00;1.00853e+00;1.52392e-04
nav-lives;me-mlp;4;[8];214;21400;21400;1.84821e+02;23;1;1;1.00000e+00;1.00000e+00;1.00000e+00;82;1.00001e+00;1.00853e+00;1.52392e-04
nav-lives;me-mlp;4;[8];215;21500;21500;1.85685e+02;23;1;1;1.00000e+00;1.00000e+00;1.00000e+00;82;1.00001e+00;1.00853e+00;1.52392e-04
nav-lives;me-mlp;4;[8];216;21600;21600;1.86546e+02;23;1;1;1.00000e+00;1.00000e+00;1.00000e+00;82;1.00001e+00;1.00853e+00;1.52392e-04
nav-lives;me-mlp;4;[8];217;21700;21700;1.87397e+02;23;1;1;1.00000e+00;1.00000e+00;1.00000e+00;82;1.00001e+00;1.00853e+00;1.52392e-04
nav-lives;me-mlp;4;[8];218;21800;21800;1.88255e+02;23;1;1;1.00000e+00;1.00000e+00;1.00000e+00;82;1.00001e+00;1.00853e+00;1.52392e-04
nav-lives;me-mlp;4;[8];219;21900;21900;1.89129e+02;23;1;1;1.00000e+00;1.00000e+00;1.00000e+00;82;1.00001e+00;1.00853e+00;1.52392e-04
nav-lives;me-mlp;4;[8];220;22000;22000;1.89984e+02;23;1;1;1.00000e+00;1.00000e+00;1.00000e+00;82;1.00001e+00;1.00853e+00;1.52392e-04
nav-lives;me-mlp;4;[8];221;22100;22100;1.90849e+02;23;1;1;1.00000e+00;1.00000e+00;1.00000e+00;82;1.00001e+00;1.00853e+00;1.52392e-04
nav-lives;me-mlp;4;[8];222;22200;22200;1.91703e+02;23;1;1;1.00000e+00;1.00000e+00;1.00000e+00;82;1.00001e+00;1.00853e+00;1.52392e-04
nav-lives;me-mlp;4;[8];223;22300;22300;1.92562e+02;23;1;1;1.00000e+00;1.00000e+00;1.00000e+00;82;1.00001e+00;1.00853e+00;1.52392e-04
nav-lives;me-mlp;4;[8];224;22400;22400;1.93421e+02;23;1;1;1.00000e+00;1.00000e+00;1.00000e+00;82;1.00001e+00;1.00853e+00;1.52392e-04
nav-lives;me-mlp;4;[8];225;22500;22500;1.94276e+02;23;1;1;1.00000e+00;1.00000e+00;1.00000e+00;82;1.00001e+00;1.00853e+00;1.52392e-04
nav-lives;me-mlp;4;[8];226;22600;22600;1.95139e+02;23;1;1;1.00000e+00;1.00000e+00;1.00000e+00;82;1.00001e+00;1.00853e+00;1.52392e-04
nav-lives;me-mlp;4;[8];227;22700;22700;1.96001e+02;23;1;1;1.00000e+00;1.00000e+00;1.00000e+00;82;1.00001e+00;1.00853e+00;1.52392e-04
nav-lives;me-mlp;4;[8];228;22800;22800;1.96853e+02;23;1;1;1.00000e+00;1.00000e+00;1.00000e+00;82;1.00001e+00;1.00853e+00;1.52392e-04
nav-lives;me-mlp;4;[8];229;22900;22900;1.97712e+02;23;1;1;1.00000e+00;1.00000e+00;1.00000e+00;82;1.00001e+00;1.00853e+00;1.52392e-04
nav-lives;me-mlp;4;[8];230;23000;23000;1.98586e+02;23;1;1;1.00000e+00;1.00000e+00;1.00000e+00;82;1.00001e+00;1.00853e+00;1.52392e-04
nav-lives;me-mlp;4;[8];231;23100;23100;1.99455e+02;23;1;1;1.00000e+00;1.00000e+00;1.00000e+00;82;1.00001e+00;1.00853e+00;1.52392e-04
nav-lives;me-mlp;4;[8];232;23200;23200;2.00320e+02;23;1;1;1.00000e+00;1.00000e+00;1.00000e+00;82;1.00001e+00;1.00853e+00;1.52392e-04
nav-lives;me-mlp;4;[8];233;23300;23300;2.01182e+02;23;1;1;1.00000e+00;1.00000e+00;1.00000e+00;82;1.00001e+00;1.00853e+00;1.52392e-04
nav-lives;me-mlp;4;[8];234;23400;23400;2.02038e+02;23;1;1;1.00000e+00;1.00000e+00;1.00000e+00;82;1.00001e+00;1.00853e+00;1.52392e-04
nav-lives;me-mlp;4;[8];235;23500;23500;2.02916e+02;23;1;1;1.00000e+00;1.00000e+00;1.00000e+00;82;1.00001e+00;1.00853e+00;1.52392e-04
nav-lives;me-mlp;4;[8];236;23600;23600;2.03803e+02;23;1;1;1.00000e+00;1.00000e+00;1.00000e+00;82;1.00001e+00;1.00853e+00;1.52392e-04
nav-lives;me-mlp;4;[8];237;23700;23700;2.04670e+02;23;1;1;1.00000e+00;1.00000e+00;1.00000e+00;82;1.00001e+00;1.00853e+00;1.52392e-04
nav-lives;me-mlp;4;[8];238;23800;23800;2.05540e+02;23;1;1;1.00000e+00;1.00000e+00;1.00000e+00;82;1.00001e+00;1.00853e+00;1.52392e-04
nav-lives;me-mlp;4;[8];239;23900;23900;2.06423e+02;23;1;1;1.00000e+00;1.00000e+00;1.00000e+00;82;1.00001e+00;1.00853e+00;1.52392e-04
nav-lives;me-mlp;4;[8];240;24000;24000;2.07275e+02;23;1;1;1.00000e+00;1.00000e+00;1.00000e+00;82;1.00001e+00;1.00853e+00;1.52392e-04
nav-lives;me-mlp;4;[8];241;24100;24100;2.08150e+02;23;1;1;1.00000e+00;1.00000e+00;1.00000e+00;82;1.00001e+00;1.00853e+00;1.52392e-04
nav-lives;me-mlp;4;[8];242;24200;24200;2.09017e+02;23;1;1;1.00000e+00;1.00000e+00;1.00000e+00;82;1.00001e+00;1.00853e+00;1.52392e-04
nav-lives;me-mlp;4;[8];243;24300;24300;2.09876e+02;23;1;1;1.00000e+00;1.00000e+00;1.00000e+00;82;1.00001e+00;1.00853e+00;1.52392e-04
nav-lives;me-mlp;4;[8];244;24400;24400;2.10755e+02;23;1;1;1.00000e+00;1.00000e+00;1.00000e+00;82;1.00001e+00;1.00853e+00;1.52392e-04
nav-lives;me-mlp;4;[8];245;24500;24500;2.11622e+02;23;1;1;1.00000e+00;1.00000e+00;1.00000e+00;82;1.00001e+00;1.00853e+00;1.52392e-04
nav-lives;me-mlp;4;[8];246;24600;24600;2.12485e+02;23;1;1;1.00000e+00;1.00000e+00;1.00000e+00;82;1.00001e+00;1.00853e+00;1.52392e-04
nav-lives;me-mlp;4;[8];247;24700;24700;2.13353e+02;23;1;1;1.00000e+00;1.00000e+00;1.00000e+00;82;1.00001e+00;1.00853e+00;1.52392e-04
nav-lives;me-mlp;4;[8];248;24800;24800;2.14226e+02;23;1;1;1.00000e+00;1.00000e+00;1.00000e+00;82;1.00001e+00;1.00853e+00;1.52392e-04
nav-lives;me-mlp;4;[8];249;24900;24900;2.15100e+02;23;1;1;1.00000e+00;1.00000e+00;1.00000e+00;82;1.00001e+00;1.00853e+00;1.52392e-04
nav-lives;me-mlp;4;[8];250;25000;25000;2.15980e+02;23;1;1;1.00000e+00;1.00000e+00;1.00000e+00;82;1.00001e+00;1.00853e+00;1.52392e-04
nav-lives;me-mlp;4;[8];251;25100;25100;2.16839e+02;23;1;1;1.00000e+00;1.00000e+00;1.00000e+00;82;1.00001e+00;1.00853e+00;1.52392e-04
nav-lives;me-mlp;4;[8];252;25200;25200;2.17723e+02;23;1;1;1.00000e+00;1.00000e+00;1.00000e+00;82;1.00001e+00;1.00853e+00;1.52392e-04
nav-lives;me-mlp;4;[8];253;25300;25300;2.18606e+02;23;1;1;1.00000e+00;1.00000e+00;1.00000e+00;82;1.00001e+00;1.00853e+00;1.52392e-04
nav-lives;me-mlp;4;[8];254;25400;25400;2.19492e+02;23;1;1;1.00000e+00;1.00000e+00;1.00000e+00;82;1.00001e+00;1.00853e+00;1.52392e-04
nav-lives;me-mlp;4;[8];255;25500;25500;2.20337e+02;23;1;1;1.00000e+00;1.00000e+00;1.00000e+00;82;1.00001e+00;1.00853e+00;1.52392e-04
nav-lives;me-mlp;4;[8];256;25600;25600;2.21204e+02;23;1;1;1.00000e+00;1.00000e+00;1.00000e+00;82;1.00001e+00;1.00853e+00;1.52392e-04
nav-lives;me-mlp;4;[8];257;25700;25700;2.22062e+02;23;1;1;1.00000e+00;1.00000e+00;1.00000e+00;82;1.00001e+00;1.00853e+00;1.52392e-04
nav-lives;me-mlp;4;[8];258;25800;25800;2.22939e+02;23;1;1;1.00000e+00;1.00000e+00;1.00000e+00;82;1.00001e+00;1.00853e+00;1.52392e-04
nav-lives;me-mlp;4;[8];259;25900;25900;2.23830e+02;23;1;1;1.00000e+00;1.00000e+00;1.00000e+00;82;1.00001e+00;1.00853e+00;1.52392e-04
nav-lives;me-mlp;4;[8];260;26000;26000;2.24721e+02;23;1;1;1.00000e+00;1.00000e+00;1.00000e+00;82;1.00001e+00;1.00853e+00;1.52392e-04
nav-lives;me-mlp;4;[8];261;26100;26100;2.25598e+02;23;1;1;1.00000e+00;1.00000e+00;1.00000e+00;82;1.00001e+00;1.00853e+00;1.52392e-04
nav-lives;me-mlp;4;[8];262;26200;26200;2.26470e+02;23;1;1;1.00000e+00;1.00000e+00;1.00000e+00;82;1.00001e+00;1.00853e+00;1.52392e-04
nav-lives;me-mlp;4;[8];263;26300;26300;2.27340e+02;23;1;1;1.00000e+00;1.00000e+00;1.00000e+00;82;1.00001e+00;1.00853e+00;1.52392e-04
nav-lives;me-mlp;4;[8];264;26400;26400;2.28223e+02;23;1;1;1.00000e+00;1.00000e+00;1.00000e+00;82;1.00001e+00;1.00853e+00;1.52392e-04
nav-lives;me-mlp;4;[8];265;26500;26500;2.29098e+02;23;1;1;1.00000e+00;1.00000e+00;1.00000e+00;82;1.00001e+00;1.00853e+00;1.52392e-04
nav-lives;me-mlp;4;[8];266;26600;26600;2.29964e+02;23;1;1;1.00000e+00;1.00000e+00;1.00000e+00;82;1.00001e+00;1.00853e+00;1.52392e-04
nav-lives;me-mlp;4;[8];267;26700;26700;2.30899e+02;23;1;1;1.00000e+00;1.00000e+00;1.00000e+00;82;1.00001e+00;1.00853e+00;1.52392e-04
nav-lives;me-mlp;4;[8];268;26800;26800;2.31779e+02;23;1;1;1.00000e+00;1.00000e+00;1.00000e+00;82;1.00001e+00;1.00853e+00;1.52392e-04
nav-lives;me-mlp;4;[8];269;26900;26900;2.32645e+02;23;1;1;1.00000e+00;1.00000e+00;1.00000e+00;82;1.00001e+00;1.00853e+00;1.52392e-04
nav-lives;me-mlp;4;[8];270;27000;27000;2.33513e+02;23;1;1;1.00000e+00;1.00000e+00;1.00000e+00;82;1.00001e+00;1.00853e+00;1.52392e-04
nav-lives;me-mlp;4;[8];271;27100;27100;2.34382e+02;23;1;1;1.00000e+00;1.00000e+00;1.00000e+00;82;1.00001e+00;1.00853e+00;1.52392e-04
nav-lives;me-mlp;4;[8];272;27200;27200;2.35272e+02;23;1;1;1.00000e+00;1.00000e+00;1.00000e+00;82;1.00001e+00;1.00853e+00;1.52392e-04
nav-lives;me-mlp;4;[8];273;27300;27300;2.36139e+02;23;1;1;1.00000e+00;1.00000e+00;1.00000e+00;82;1.00001e+00;1.00853e+00;1.52392e-04
nav-lives;me-mlp;4;[8];274;27400;27400;2.37006e+02;23;1;1;1.00000e+00;1.00000e+00;1.00000e+00;82;1.00001e+00;1.00853e+00;1.52392e-04
nav-lives;me-mlp;4;[8];275;27500;27500;2.37869e+02;23;1;1;1.00000e+00;1.00000e+00;1.00000e+00;82;1.00001e+00;1.00853e+00;1.52392e-04
nav-lives;me-mlp;4;[8];276;27600;27600;2.38750e+02;23;1;1;1.00000e+00;1.00000e+00;1.00000e+00;82;1.00001e+00;1.00853e+00;1.52392e-04
nav-lives;me-mlp;4;[8];277;27700;27700;2.39623e+02;23;1;1;1.00000e+00;1.00000e+00;1.00000e+00;82;1.00001e+00;1.00853e+00;1.52392e-04
nav-lives;me-mlp;4;[8];278;27800;27800;2.40505e+02;23;1;1;1.00000e+00;1.00000e+00;1.00000e+00;82;1.00001e+00;1.00853e+00;1.52392e-04
nav-lives;me-mlp;4;[8];279;27900;27900;2.41371e+02;23;1;1;1.00000e+00;1.00000e+00;1.00000e+00;82;1.00001e+00;1.00853e+00;1.52392e-04
nav-lives;me-mlp;4;[8];280;28000;28000;2.42237e+02;23;1;1;1.00000e+00;1.00000e+00;1.00000e+00;82;1.00001e+00;1.00853e+00;1.52392e-04
nav-lives;me-mlp;4;[8];281;28100;28100;2.43101e+02;23;1;1;1.00000e+00;1.00000e+00;1.00000e+00;82;1.00001e+00;1.00853e+00;1.52392e-04
nav-lives;me-mlp;4;[8];282;28200;28200;2.44002e+02;23;1;1;1.00000e+00;1.00000e+00;1.00000e+00;82;1.00001e+00;1.00853e+00;1.52392e-04
nav-lives;me-mlp;4;[8];283;28300;28300;2.44874e+02;23;1;1;1.00000e+00;1.00000e+00;1.00000e+00;82;1.00001e+00;1.00853e+00;1.52392e-04
nav-lives;me-mlp;4;[8];284;28400;28400;2.45746e+02;23;1;1;1.00000e+00;1.00000e+00;1.00000e+00;82;1.00001e+00;1.00853e+00;1.52392e-04
nav-lives;me-mlp;4;[8];285;28500;28500;2.46607e+02;23;1;1;1.00000e+00;1.00000e+00;1.00000e+00;82;1.00001e+00;1.00853e+00;1.52392e-04
nav-lives;me-mlp;4;[8];286;28600;28600;2.47461e+02;23;1;1;1.00000e+00;1.00000e+00;1.00000e+00;82;1.00001e+00;1.00853e+00;1.52392e-04
nav-lives;me-mlp;4;[8];287;28700;28700;2.48330e+02;23;1;1;1.00000e+00;1.00000e+00;1.00000e+00;82;1.00001e+00;1.00853e+00;1.52392e-04
nav-lives;me-mlp;4;[8];288;28800;28800;2.49200e+02;23;1;1;1.00000e+00;1.00000e+00;1.00000e+00;82;1.00001e+00;1.00853e+00;1.52392e-04
nav-lives;me-mlp;4;[8];289;28900;28900;2.50080e+02;23;1;1;1.00000e+00;1.00000e+00;1.00000e+00;82;1.00001e+00;1.00853e+00;1.52392e-04
nav-lives;me-mlp;4;[8];290;29000;29000;2.50952e+02;23;1;1;1.00000e+00;1.00000e+00;1.00000e+00;82;1.00001e+00;1.00853e+00;1.52392e-04
nav-lives;me-mlp;4;[8];291;29100;29100;2.51810e+02;23;1;1;1.00000e+00;1.00000e+00;1.00000e+00;82;1.00001e+00;1.00853e+00;1.52392e-04
nav-lives;me-mlp;4;[8];292;29200;29200;2.52666e+02;23;1;1;1.00000e+00;1.00000e+00;1.00000e+00;82;1.00001e+00;1.00853e+00;1.52392e-04
nav-lives;me-mlp;4;[8];293;29300;29300;2.53529e+02;23;1;1;1.00000e+00;1.00000e+00;1.00000e+00;82;1.00001e+00;1.00853e+00;1.52392e-04
nav-lives;me-mlp;4;[8];294;29400;29400;2.54402e+02;23;1;1;1.00000e+00;1.00000e+00;1.00000e+00;82;1.00001e+00;1.00853e+00;1.52392e-04
nav-lives;me-mlp;4;[8];295;29500;29500;2.55263e+02;23;1;1;1.00000e+00;1.00000e+00;1.00000e+00;82;1.00001e+00;1.00853e+00;1.52392e-04
nav-lives;me-mlp;4;[8];296;29600;29600;2.56138e+02;23;1;1;1.00000e+00;1.00000e+00;1.00000e+00;82;1.00001e+00;1.00853e+00;1.52392e-04
nav-lives;me-mlp;4;[8];297;29700;29700;2.57005e+02;23;1;1;1.00000e+00;1.00000e+00;1.00000e+00;82;1.00001e+00;1.00853e+00;1.52392e-04
nav-lives;me-mlp;4;[8];298;29800;29800;2.57865e+02;23;1;1;1.00000e+00;1.00000e+00;1.00000e+00;82;1.00001e+00;1.00853e+00;1.52392e-04
nav-lives;me-mlp;4;[8];299;29900;29900;2.58716e+02;23;1;1;1.00000e+00;1.00000e+00;1.00000e+00;82;1.00001e+00;1.00853e+00;1.52392e-04
nav-lives;me-mlp;4;[8];300;30000;30000;2.59579e+02;23;1;1;1.00000e+00;1.00000e+00;1.00000e+00;82;1.00001e+00;1.00853e+00;1.52392e-04
nav-lives;me-mlp;4;[8];301;30100;30100;2.60453e+02;23;1;1;1.00000e+00;1.00000e+00;1.00000e+00;82;1.00001e+00;1.00853e+00;1.52392e-04
nav-lives;me-mlp;4;[8];302;30200;30200;2.61311e+02;23;1;1;1.00000e+00;1.00000e+00;1.00000e+00;82;1.00001e+00;1.00853e+00;1.52392e-04
nav-lives;me-mlp;4;[8];303;30300;30300;2.62174e+02;23;1;1;1.00000e+00;1.00000e+00;1.00000e+00;82;1.00001e+00;1.00853e+00;1.52392e-04
nav-lives;me-mlp;4;[8];304;30400;30400;2.63052e+02;23;1;1;1.00000e+00;1.00000e+00;1.00000e+00;82;1.00001e+00;1.00853e+00;1.52392e-04
nav-lives;me-mlp;4;[8];305;30500;30500;2.63918e+02;23;1;1;1.00000e+00;1.00000e+00;1.00000e+00;82;1.00001e+00;1.00853e+00;1.52392e-04
nav-lives;me-mlp;4;[8];306;30600;30600;2.64784e+02;23;1;1;1.00000e+00;1.00000e+00;1.00000e+00;82;1.00001e+00;1.00853e+00;1.52392e-04
nav-lives;me-mlp;4;[8];307;30700;30700;2.65658e+02;23;1;1;1.00000e+00;1.00000e+00;1.00000e+00;82;1.00001e+00;1.00853e+00;1.52392e-04
nav-lives;me-mlp;4;[8];308;30800;30800;2.66522e+02;23;1;1;1.00000e+00;1.00000e+00;1.00000e+00;82;1.00001e+00;1.00853e+00;1.52392e-04
nav-lives;me-mlp;4;[8];309;30900;30900;2.67374e+02;23;1;1;1.00000e+00;1.00000e+00;1.00000e+00;82;1.00001e+00;1.00853e+00;1.52392e-04
nav-lives;me-mlp;4;[8];310;31000;31000;2.68234e+02;23;1;1;1.00000e+00;1.00000e+00;1.00000e+00;82;1.00001e+00;1.00853e+00;1.52392e-04
nav-lives;me-mlp;4;[8];311;31100;31100;2.69104e+02;23;1;1;1.00000e+00;1.00000e+00;1.00000e+00;82;1.00001e+00;1.00853e+00;1.52392e-04
nav-lives;me-mlp;4;[8];312;31200;31200;2.69978e+02;23;1;1;1.00000e+00;1.00000e+00;1.00000e+00;82;1.00001e+00;1.00853e+00;1.52392e-04
nav-lives;me-mlp;4;[8];313;31300;31300;2.70838e+02;23;1;1;1.00000e+00;1.00000e+00;1.00000e+00;82;1.00001e+00;1.00853e+00;1.52392e-04
nav-lives;me-mlp;4;[8];314;31400;31400;2.71713e+02;23;1;1;1.00000e+00;1.00000e+00;1.00000e+00;82;1.00001e+00;1.00853e+00;1.52392e-04
nav-lives;me-mlp;4;[8];315;31500;31500;2.72583e+02;23;1;1;1.00000e+00;1.00000e+00;1.00000e+00;82;1.00001e+00;1.00853e+00;1.52392e-04
nav-lives;me-mlp;4;[8];316;31600;31600;2.73442e+02;23;1;1;1.00000e+00;1.00000e+00;1.00000e+00;82;1.00001e+00;1.00853e+00;1.52392e-04
nav-lives;me-mlp;4;[8];317;31700;31700;2.74316e+02;23;1;1;1.00000e+00;1.00000e+00;1.00000e+00;82;1.00001e+00;1.00853e+00;1.52392e-04
nav-lives;me-mlp;4;[8];318;31800;31800;2.75178e+02;23;1;1;1.00000e+00;1.00000e+00;1.00000e+00;82;1.00001e+00;1.00853e+00;1.52392e-04
nav-lives;me-mlp;4;[8];319;31900;31900;2.76060e+02;23;1;1;1.00000e+00;1.00000e+00;1.00000e+00;82;1.00001e+00;1.00853e+00;1.52392e-04
nav-lives;me-mlp;4;[8];320;32000;32000;2.76921e+02;23;1;1;1.00000e+00;1.00000e+00;1.00000e+00;82;1.00001e+00;1.00853e+00;1.52392e-04
nav-lives;me-mlp;4;[8];321;32100;32100;2.77787e+02;23;1;1;1.00000e+00;1.00000e+00;1.00000e+00;82;1.00001e+00;1.00853e+00;1.52392e-04
nav-lives;me-mlp;4;[8];322;32200;32200;2.78671e+02;23;1;1;1.00000e+00;1.00000e+00;1.00000e+00;82;1.00001e+00;1.00853e+00;1.52392e-04
nav-lives;me-mlp;4;[8];323;32300;32300;2.79555e+02;23;1;1;1.00000e+00;1.00000e+00;1.00000e+00;82;1.00001e+00;1.00853e+00;1.52392e-04
nav-lives;me-mlp;4;[8];324;32400;32400;2.80422e+02;23;1;1;1.00000e+00;1.00000e+00;1.00000e+00;82;1.00001e+00;1.00853e+00;1.52392e-04
nav-lives;me-mlp;4;[8];325;32500;32500;2.81298e+02;23;1;1;1.00000e+00;1.00000e+00;1.00000e+00;82;1.00001e+00;1.00853e+00;1.52392e-04
nav-lives;me-mlp;4;[8];326;32600;32600;2.82165e+02;23;1;1;1.00000e+00;1.00000e+00;1.00000e+00;82;1.00001e+00;1.00853e+00;1.52392e-04
nav-lives;me-mlp;4;[8];327;32700;32700;2.83032e+02;23;1;1;1.00000e+00;1.00000e+00;1.00000e+00;82;1.00001e+00;1.00853e+00;1.52392e-04
nav-lives;me-mlp;4;[8];328;32800;32800;2.83892e+02;23;1;1;1.00000e+00;1.00000e+00;1.00000e+00;82;1.00001e+00;1.00853e+00;1.52392e-04
nav-lives;me-mlp;4;[8];329;32900;32900;2.84767e+02;23;1;1;1.00000e+00;1.00000e+00;1.00000e+00;82;1.00001e+00;1.00853e+00;1.52392e-04
nav-lives;me-mlp;4;[8];330;33000;33000;2.85629e+02;23;1;1;1.00000e+00;1.00000e+00;1.00000e+00;82;1.00001e+00;1.00853e+00;1.52392e-04
nav-lives;me-mlp;4;[8];331;33100;33100;2.86488e+02;23;1;1;1.00000e+00;1.00000e+00;1.00000e+00;82;1.00001e+00;1.00853e+00;1.52392e-04
nav-lives;me-mlp;4;[8];332;33200;33200;2.87357e+02;23;1;1;1.00000e+00;1.00000e+00;1.00000e+00;82;1.00001e+00;1.00853e+00;1.52392e-04
nav-lives;me-mlp;4;[8];333;33300;33300;2.88213e+02;23;1;1;1.00000e+00;1.00000e+00;1.00000e+00;82;1.00001e+00;1.00853e+00;1.52392e-04
nav-lives;me-mlp;4;[8];334;33400;33400;2.89074e+02;23;1;1;1.00000e+00;1.00000e+00;1.00000e+00;82;1.00001e+00;1.00853e+00;1.52392e-04
nav-lives;me-mlp;4;[8];335;33500;33500;2.89945e+02;23;1;1;1.00000e+00;1.00000e+00;1.00000e+00;82;1.00001e+00;1.00853e+00;1.52392e-04
nav-lives;me-mlp;4;[8];336;33600;33600;2.90818e+02;23;1;1;1.00000e+00;1.00000e+00;1.00000e+00;82;1.00001e+00;1.00853e+00;1.52392e-04
nav-lives;me-mlp;4;[8];337;33700;33700;2.91698e+02;23;1;1;1.00000e+00;1.00000e+00;1.00000e+00;82;1.00001e+00;1.00853e+00;1.52392e-04
nav-lives;me-mlp;4;[8];338;33800;33800;2.92561e+02;23;1;1;1.00000e+00;1.00000e+00;1.00000e+00;82;1.00001e+00;1.00853e+00;1.52392e-04
nav-lives;me-mlp;4;[8];339;33900;33900;2.93419e+02;23;1;1;1.00000e+00;1.00000e+00;1.00000e+00;82;1.00001e+00;1.00853e+00;1.52392e-04
nav-lives;me-mlp;4;[8];340;34000;34000;2.94291e+02;23;1;1;1.00000e+00;1.00000e+00;1.00000e+00;82;1.00001e+00;1.00853e+00;1.52392e-04
nav-lives;me-mlp;4;[8];341;34100;34100;2.95157e+02;23;1;1;1.00000e+00;1.00000e+00;1.00000e+00;82;1.00001e+00;1.00853e+00;1.52392e-04
nav-lives;me-mlp;4;[8];342;34200;34200;2.96026e+02;23;1;1;1.00000e+00;1.00000e+00;1.00000e+00;82;1.00001e+00;1.00853e+00;1.52392e-04
nav-lives;me-mlp;4;[8];343;34300;34300;2.96918e+02;23;1;1;1.00000e+00;1.00000e+00;1.00000e+00;82;1.00001e+00;1.00853e+00;1.52392e-04
nav-lives;me-mlp;4;[8];344;34400;34400;2.97790e+02;23;1;1;1.00000e+00;1.00000e+00;1.00000e+00;82;1.00001e+00;1.00853e+00;1.52392e-04
nav-lives;me-mlp;4;[8];345;34500;34500;2.98646e+02;23;1;1;1.00000e+00;1.00000e+00;1.00000e+00;82;1.00001e+00;1.00853e+00;1.52392e-04
nav-lives;me-mlp;4;[8];346;34600;34600;2.99525e+02;23;1;1;1.00000e+00;1.00000e+00;1.00000e+00;82;1.00001e+00;1.00853e+00;1.52392e-04
nav-lives;me-mlp;4;[8];347;34700;34700;3.00402e+02;23;1;1;1.00000e+00;1.00000e+00;1.00000e+00;82;1.00001e+00;1.00853e+00;1.52392e-04
nav-lives;me-mlp;4;[8];348;34800;34800;3.01269e+02;23;1;1;1.00000e+00;1.00000e+00;1.00000e+00;82;1.00001e+00;1.00853e+00;1.52392e-04
nav-lives;me-mlp;4;[8];349;34900;34900;3.02132e+02;23;1;1;1.00000e+00;1.00000e+00;1.00000e+00;82;1.00001e+00;1.00853e+00;1.52392e-04
nav-lives;me-mlp;4;[8];350;35000;35000;3.02994e+02;23;1;1;1.00000e+00;1.00000e+00;1.00000e+00;82;1.00001e+00;1.00853e+00;1.52392e-04
nav-lives;me-mlp;4;[8];351;35100;35100;3.03850e+02;23;1;1;1.00000e+00;1.00000e+00;1.00000e+00;82;1.00001e+00;1.00853e+00;1.52392e-04
nav-lives;me-mlp;4;[8];352;35200;35200;3.04719e+02;23;1;1;1.00000e+00;1.00000e+00;1.00000e+00;82;1.00001e+00;1.00853e+00;1.52392e-04
nav-lives;me-mlp;4;[8];353;35300;35300;3.05584e+02;23;1;1;1.00000e+00;1.00000e+00;1.00000e+00;82;1.00001e+00;1.00853e+00;1.52392e-04
nav-lives;me-mlp;4;[8];354;35400;35400;3.06446e+02;23;1;1;1.00000e+00;1.00000e+00;1.00000e+00;82;1.00001e+00;1.00853e+00;1.52392e-04
nav-lives;me-mlp;4;[8];355;35500;35500;3.07314e+02;23;1;1;1.00000e+00;1.00000e+00;1.00000e+00;82;1.00001e+00;1.00853e+00;1.52392e-04
nav-lives;me-mlp;4;[8];356;35600;35600;3.08183e+02;23;1;1;1.00000e+00;1.00000e+00;1.00000e+00;82;1.00001e+00;1.00853e+00;1.52392e-04
nav-lives;me-mlp;4;[8];357;35700;35700;3.09063e+02;23;1;1;1.00000e+00;1.00000e+00;1.00000e+00;82;1.00001e+00;1.00853e+00;1.52392e-04
nav-lives;me-mlp;4;[8];358;35800;35800;3.09933e+02;23;1;1;1.00000e+00;1.00000e+00;1.00000e+00;82;1.00001e+00;1.00853e+00;1.52392e-04
nav-lives;me-mlp;4;[8];359;35900;35900;3.10800e+02;23;1;1;1.00000e+00;1.00000e+00;1.00000e+00;82;1.00001e+00;1.00853e+00;1.52392e-04
nav-lives;me-mlp;4;[8];360;36000;36000;3.11671e+02;23;1;1;1.00000e+00;1.00000e+00;1.00000e+00;82;1.00001e+00;1.00853e+00;1.52392e-04
nav-lives;me-mlp;4;[8];361;36100;36100;3.12529e+02;23;1;1;1.00000e+00;1.00000e+00;1.00000e+00;82;1.00001e+00;1.00853e+00;1.52392e-04
nav-lives;me-mlp;4;[8];362;36200;36200;3.13404e+02;23;1;1;1.00000e+00;1.00000e+00;1.00000e+00;82;1.00001e+00;1.00853e+00;1.52392e-04
nav-lives;me-mlp;4;[8];363;36300;36300;3.14285e+02;23;1;1;1.00000e+00;1.00000e+00;1.00000e+00;82;1.00001e+00;1.00853e+00;1.52392e-04
nav-lives;me-mlp;4;[8];364;36400;36400;3.15165e+02;23;1;1;1.00000e+00;1.00000e+00;1.00000e+00;82;1.00001e+00;1.00853e+00;1.52392e-04
nav-lives;me-mlp;4;[8];365;36500;36500;3.16032e+02;23;1;1;1.00000e+00;1.00000e+00;1.00000e+00;82;1.00001e+00;1.00853e+00;1.52392e-04
nav-lives;me-mlp;4;[8];366;36600;36600;3.16892e+02;23;1;1;1.00000e+00;1.00000e+00;1.00000e+00;82;1.00001e+00;1.00853e+00;1.52392e-04
nav-lives;me-mlp;4;[8];367;36700;36700;3.17747e+02;23;1;1;1.00000e+00;1.00000e+00;1.00000e+00;82;1.00001e+00;1.00853e+00;1.52392e-04
nav-lives;me-mlp;4;[8];368;36800;36800;3.18603e+02;23;1;1;1.00000e+00;1.00000e+00;1.00000e+00;82;1.00001e+00;1.00853e+00;1.52392e-04
nav-lives;me-mlp;4;[8];369;36900;36900;3.19466e+02;23;1;1;1.00000e+00;1.00000e+00;1.00000e+00;82;1.00001e+00;1.00853e+00;1.52392e-04
nav-lives;me-mlp;4;[8];370;37000;37000;3.20342e+02;23;1;1;1.00000e+00;1.00000e+00;1.00000e+00;82;1.00001e+00;1.00853e+00;1.52392e-04
nav-lives;me-mlp;4;[8];371;37100;37100;3.21203e+02;23;1;1;1.00000e+00;1.00000e+00;1.00000e+00;82;1.00001e+00;1.00853e+00;1.52392e-04
nav-lives;me-mlp;4;[8];372;37200;37200;3.22075e+02;23;1;1;1.00000e+00;1.00000e+00;1.00000e+00;82;1.00001e+00;1.00853e+00;1.52392e-04
nav-lives;me-mlp;4;[8];373;37300;37300;3.22957e+02;23;1;1;1.00000e+00;1.00000e+00;1.00000e+00;82;1.00001e+00;1.00853e+00;1.52392e-04
nav-lives;me-mlp;4;[8];374;37400;37400;3.23845e+02;23;1;1;1.00000e+00;1.00000e+00;1.00000e+00;82;1.00001e+00;1.00853e+00;1.52392e-04
nav-lives;me-mlp;4;[8];375;37500;37500;3.24720e+02;23;1;1;1.00000e+00;1.00000e+00;1.00000e+00;82;1.00001e+00;1.00853e+00;1.52392e-04
nav-lives;me-mlp;4;[8];376;37600;37600;3.25578e+02;23;1;1;1.00000e+00;1.00000e+00;1.00000e+00;82;1.00001e+00;1.00853e+00;1.52392e-04
nav-lives;me-mlp;4;[8];377;37700;37700;3.26425e+02;23;1;1;1.00000e+00;1.00000e+00;1.00000e+00;82;1.00001e+00;1.00853e+00;1.52392e-04
nav-lives;me-mlp;4;[8];378;37800;37800;3.27297e+02;23;1;1;1.00000e+00;1.00000e+00;1.00000e+00;82;1.00001e+00;1.00853e+00;1.52392e-04
nav-lives;me-mlp;4;[8];379;37900;37900;3.28165e+02;23;1;1;1.00000e+00;1.00000e+00;1.00000e+00;82;1.00001e+00;1.00853e+00;1.52392e-04
nav-lives;me-mlp;4;[8];380;38000;38000;3.29040e+02;23;1;1;1.00000e+00;1.00000e+00;1.00000e+00;82;1.00001e+00;1.00853e+00;1.52392e-04
nav-lives;me-mlp;4;[8];381;38100;38100;3.29906e+02;23;1;1;1.00000e+00;1.00000e+00;1.00000e+00;82;1.00001e+00;1.00853e+00;1.52392e-04
nav-lives;me-mlp;4;[8];382;38200;38200;3.30775e+02;23;1;1;1.00000e+00;1.00000e+00;1.00000e+00;82;1.00001e+00;1.00853e+00;1.52392e-04
nav-lives;me-mlp;4;[8];383;38300;38300;3.31637e+02;23;1;1;1.00000e+00;1.00000e+00;1.00000e+00;82;1.00001e+00;1.00853e+00;1.52392e-04
nav-lives;me-mlp;4;[8];384;38400;38400;3.32504e+02;23;1;1;1.00000e+00;1.00000e+00;1.00000e+00;82;1.00001e+00;1.00853e+00;1.52392e-04
nav-lives;me-mlp;4;[8];385;38500;38500;3.33363e+02;23;1;1;1.00000e+00;1.00000e+00;1.00000e+00;82;1.00001e+00;1.00853e+00;1.52392e-04
nav-lives;me-mlp;4;[8];386;38600;38600;3.34232e+02;23;1;1;1.00000e+00;1.00000e+00;1.00000e+00;82;1.00001e+00;1.00853e+00;1.52392e-04
nav-lives;me-mlp;4;[8];387;38700;38700;3.35091e+02;23;1;1;1.00000e+00;1.00000e+00;1.00000e+00;82;1.00001e+00;1.00853e+00;1.52392e-04
nav-lives;me-mlp;4;[8];388;38800;38800;3.35950e+02;23;1;1;1.00000e+00;1.00000e+00;1.00000e+00;82;1.00001e+00;1.00853e+00;1.52392e-04
nav-lives;me-mlp;4;[8];389;38900;38900;3.36822e+02;23;1;1;1.00000e+00;1.00000e+00;1.00000e+00;82;1.00001e+00;1.00853e+00;1.52392e-04
nav-lives;me-mlp;4;[8];390;39000;39000;3.37689e+02;23;1;1;1.00000e+00;1.00000e+00;1.00000e+00;82;1.00001e+00;1.00853e+00;1.52392e-04
nav-lives;me-mlp;4;[8];391;39100;39100;3.38570e+02;23;1;1;1.00000e+00;1.00000e+00;1.00000e+00;82;1.00001e+00;1.00853e+00;1.52392e-04
nav-lives;me-mlp;4;[8];392;39200;39200;3.39440e+02;23;1;1;1.00000e+00;1.00000e+00;1.00000e+00;82;1.00001e+00;1.00853e+00;1.52392e-04
nav-lives;me-mlp;4;[8];393;39300;39300;3.40308e+02;23;1;1;1.00000e+00;1.00000e+00;1.00000e+00;82;1.00001e+00;1.00853e+00;1.52392e-04
nav-lives;me-mlp;4;[8];394;39400;39400;3.41179e+02;23;1;1;1.00000e+00;1.00000e+00;1.00000e+00;82;1.00001e+00;1.00853e+00;1.52392e-04
nav-lives;me-mlp;4;[8];395;39500;39500;3.42041e+02;23;1;1;1.00000e+00;1.00000e+00;1.00000e+00;82;1.00001e+00;1.00853e+00;1.52392e-04
nav-lives;me-mlp;4;[8];396;39600;39600;3.42897e+02;23;1;1;1.00000e+00;1.00000e+00;1.00000e+00;82;1.00001e+00;1.00853e+00;1.52392e-04
nav-lives;me-mlp;4;[8];397;39700;39700;3.43758e+02;23;1;1;1.00000e+00;1.00000e+00;1.00000e+00;82;1.00001e+00;1.00853e+00;1.52392e-04
nav-lives;me-mlp;4;[8];398;39800;39800;3.44623e+02;23;1;1;1.00000e+00;1.00000e+00;1.00000e+00;82;1.00001e+00;1.00853e+00;1.52392e-04
nav-lives;me-mlp;4;[8];399;39900;39900;3.45493e+02;23;1;1;1.00000e+00;1.00000e+00;1.00000e+00;82;1.00001e+00;1.00853e+00;1.52392e-04
nav-lives;me-mlp;4;[8];400;40000;40000;3.46360e+02;23;1;1;1.00000e+00;1.00000e+00;1.00000e+00;82;1.00001e+00;1.00853e+00;1.52392e-04
nav-lives;me-mlp;5;[8];1;100;100;8.74000e-01;1;1;1;1.00000e+00;1.00000e+00;1.00000e+00;82;-1.00865e-03;5.66210e-03;1.71295e-04
nav-lives;me-mlp;5;[8];2;200;200;1.79100e+00;3;1;1;1.00000e+00;1.00000e+00;1.00000e+00;82;5.82880e-01;5.89360e-01;4.93089e-01
nav-lives;me-mlp;5;[8];3;300;300;2.68000e+00;7;1;1;1.00000e+00;1.00000e+00;1.00000e+00;82;5.82880e-01;5.89360e-01;4.93089e-01
nav-lives;me-mlp;5;[8];4;400;400;3.54500e+00;11;1;1;1.00000e+00;1.00000e+00;1.00000e+00;82;9.99629e-01;1.00704e+00;2.23320e-04
nav-lives;me-mlp;5;[8];5;500;500;4.42000e+00;11;1;1;1.00000e+00;1.00000e+00;1.00000e+00;82;9.99629e-01;1.00704e+00;2.23320e-04
nav-lives;me-mlp;5;[8];6;600;600;5.29400e+00;11;1;1;1.00000e+00;1.00000e+00;1.00000e+00;82;9.99702e-01;1.00640e+00;2.26427e-04
nav-lives;me-mlp;5;[8];7;700;700;6.16800e+00;11;1;1;1.00000e+00;1.00000e+00;1.00000e+00;82;9.99702e-01;1.00640e+00;2.26427e-04
nav-lives;me-mlp;5;[8];8;800;800;7.04000e+00;11;1;1;1.00000e+00;1.00000e+00;1.00000e+00;82;9.99702e-01;1.00640e+00;2.26427e-04
nav-lives;me-mlp;5;[8];9;900;900;7.91600e+00;13;1;1;1.00000e+00;1.00000e+00;1.00000e+00;82;9.99702e-01;1.00640e+00;2.26427e-04
nav-lives;me-mlp;5;[8];10;1000;1000;8.79500e+00;14;1;1;1.00000e+00;1.00000e+00;1.00000e+00;82;9.99767e-01;1.00702e+00;2.45031e-04
nav-lives;me-mlp;5;[8];11;1100;1100;9.66900e+00;14;1;1;1.00000e+00;1.00000e+00;1.00000e+00;82;9.99767e-01;1.00702e+00;2.45031e-04
nav-lives;me-mlp;5;[8];12;1200;1200;1.05330e+01;14;1;1;1.00000e+00;1.00000e+00;1.00000e+00;82;9.99767e-01;1.00702e+00;2.45031e-04
nav-lives;me-mlp;5;[8];13;1300;1300;1.14090e+01;14;1;1;1.00000e+00;1.00000e+00;1.00000e+00;82;9.99767e-01;1.00702e+00;2.45031e-04
nav-lives;me-mlp;5;[8];14;1400;1400;1.22810e+01;15;1;1;1.00000e+00;1.00000e+00;1.00000e+00;82;9.99798e-01;1.00698e+00;8.55703e-06
nav-lives;me-mlp;5;[8];15;1500;1500;1.31520e+01;15;1;1;1.00000e+00;1.00000e+00;1.00000e+00;82;9.99798e-01;1.00698e+00;8.55703e-06
nav-lives;me-mlp;5;[8];16;1600;1600;1.40170e+01;15;1;1;1.00000e+00;1.00000e+00;1.00000e+00;82;9.99798e-01;1.00698e+00;8.55703e-06
nav-lives;me-mlp;5;[8];17;1700;1700;1.48950e+01;15;1;1;1.00000e+00;1.00000e+00;1.00000e+00;82;9.99798e-01;1.00698e+00;8.55703e-06
nav-lives;me-mlp;5;[8];18;1800;1800;1.57660e+01;15;1;1;1.00000e+00;1.00000e+00;1.00000e+00;82;9.99798e-01;1.00698e+00;8.55703e-06
nav-lives;me-mlp;5;[8];19;1900;1900;1.66370e+01;16;1;1;1.00000e+00;1.00000e+00;1.00000e+00;82;9.99892e-01;1.00708e+00;2.02698e-17
nav-lives;me-mlp;5;[8];20;2000;2000;1.75100e+01;16;1;1;1.00000e+00;1.00000e+00;1.00000e+00;82;9.99892e-01;1.00708e+00;2.02698e-17
nav-lives;me-mlp;5;[8];21;2100;2100;1.83840e+01;17;1;1;1.00000e+00;1.00000e+00;1.00000e+00;82;9.99892e-01;1.00708e+00;2.02698e-17
nav-lives;me-mlp;5;[8];22;2200;2200;1.92440e+01;17;1;1;1.00000e+00;1.00000e+00;1.00000e+00;82;9.99892e-01;1.00708e+00;2.02698e-17
nav-lives;me-mlp;5;[8];23;2300;2300;2.01170e+01;17;1;1;1.00000e+00;1.00000e+00;1.00000e+00;82;9.99892e-01;1.00708e+00;2.02698e-17
nav-lives;me-mlp;5;[8];24;2400;2400;2.09820e+01;19;1;1;1.00000e+00;1.00000e+00;1.00000e+00;82;9.99892e-01;1.00708e+00;2.02698e-17
nav-lives;me-mlp;5;[8];25;2500;2500;2.18550e+01;19;1;1;1.00000e+00;1.00000e+00;1.00000e+00;82;9.99892e-01;1.00708e+00;2.02698e-17
nav-lives;me-mlp;5;[8];26;2600;2600;2.27370e+01;19;1;1;1.00000e+00;1.00000e+00;1.00000e+00;82;9.99892e-01;1.00708e+00;2.02698e-17
nav-lives;me-mlp;5;[8];27;2700;2700;2.36000e+01;20;1;1;1.00000e+00;1.00000e+00;1.00000e+00;82;9.99923e-01;1.00693e+00;1.08784e-04
nav-lives;me-mlp;5;[8];28;2800;2800;2.44710e+01;20;1;1;1.00000e+00;1.00000e+00;1.00000e+00;82;9.99923e-01;1.00693e+00;1.08784e-04
nav-lives;me-mlp;5;[8];29;2900;2900;2.53480e+01;20;1;1;1.00000e+00;1.00000e+00;1.00000e+00;82;9.99923e-01;1.00693e+00;1.08784e-04
nav-lives;me-mlp;5;[8];30;3000;3000;2.62340e+01;20;1;1;1.00000e+00;1.00000e+00;1.00000e+00;82;9.99923e-01;1.00693e+00;1.08784e-04
nav-lives;me-mlp;5;[8];31;3100;3100;2.71150e+01;20;1;1;1.00000e+00;1.00000e+00;1.00000e+00;82;9.99923e-01;1.00693e+00;1.08784e-04
nav-lives;me-mlp;5;[8];32;3200;3200;2.79860e+01;20;1;1;1.00000e+00;1.00000e+00;1.00000e+00;82;9.99923e-01;1.00693e+00;1.08784e-04
nav-lives;me-mlp;5;[8];33;3300;3300;2.88640e+01;20;1;1;1.00000e+00;1.00000e+00;1.00000e+00;82;9.99923e-01;1.00693e+00;1.08784e-04
nav-lives;me-mlp;5;[8];34;3400;3400;2.97220e+01;21;1;1;1.00000e+00;1.00000e+00;1.00000e+00;82;9.99923e-01;1.00693e+00;1.08784e-04
nav-lives;me-mlp;5;[8];35;3500;3500;3.05990e+01;22;1;1;1.00000e+00;1.00000e+00;1.00000e+00;82;9.99923e-01;1.00693e+00;1.08784e-04
nav-lives;me-mlp;5;[8];36;3600;3600;3.14640e+01;22;1;1;1.00000e+00;1.00000e+00;1.00000e+00;82;9.99923e-01;1.00693e+00;1.08784e-04
nav-lives;me-mlp;5;[8];37;3700;3700;3.23430e+01;22;1;1;1.00000e+00;1.00000e+00;1.00000e+00;82;9.99923e-01;1.00693e+00;1.08784e-04
nav-lives;me-mlp;5;[8];38;3800;3800;3.32040e+01;22;1;1;1.00000e+00;1.00000e+00;1.00000e+00;82;9.99923e-01;1.00693e+00;1.08784e-04
nav-lives;me-mlp;5;[8];39;3900;3900;3.40720e+01;22;1;1;1.00000e+00;1.00000e+00;1.00000e+00;82;9.99923e-01;1.00693e+00;1.08784e-04
nav-lives;me-mlp;5;[8];40;4000;4000;3.49310e+01;22;1;1;1.00000e+00;1.00000e+00;1.00000e+00;82;9.99923e-01;1.00693e+00;1.08784e-04
nav-lives;me-mlp;5;[8];41;4100;4100;3.58110e+01;22;1;1;1.00000e+00;1.00000e+00;1.00000e+00;82;9.99923e-01;1.00693e+00;1.08784e-04
nav-lives;me-mlp;5;[8];42;4200;4200;3.66760e+01;22;1;1;1.00000e+00;1.00000e+00;1.00000e+00;82;9.99923e-01;1.00693e+00;1.08784e-04
nav-lives;me-mlp;5;[8];43;4300;4300;3.75660e+01;22;1;1;1.00000e+00;1.00000e+00;1.00000e+00;82;9.99966e-01;1.00693e+00;2.48253e-17
nav-lives;me-mlp;5;[8];44;4400;4400;3.84460e+01;22;1;1;1.00000e+00;1.00000e+00;1.00000e+00;82;9.99966e-01;1.00693e+00;2.48253e-17
nav-lives;me-mlp;5;[8];45;4500;4500;3.93210e+01;22;1;1;1.00000e+00;1.00000e+00;1.00000e+00;82;9.99966e-01;1.00693e+00;2.48253e-17
nav-lives;me-mlp;5;[8];46;4600;4600;4.02030e+01;22;1;1;1.00000e+00;1.00000e+00;1.00000e+00;82;9.99987e-01;1.00693e+00;5.95907e-05
nav-lives;me-mlp;5;[8];47;4700;4700;4.10710e+01;22;1;1;1.00000e+00;1.00000e+00;1.00000e+00;82;9.99987e-01;1.00693e+00;5.95907e-05
nav-lives;me-mlp;5;[8];48;4800;4800;4.19380e+01;22;1;1;1.00000e+00;1.00000e+00;1.00000e+00;82;9.99987e-01;1.00693e+00;5.95907e-05
nav-lives;me-mlp;5;[8];49;4900;4900;4.28060e+01;22;1;1;1.00000e+00;1.00000e+00;1.00000e+00;82;9.99987e-01;1.00693e+00;5.95907e-05
nav-lives;me-mlp;5;[8];50;5000;5000;4.36730e+01;22;1;1;1.00000e+00;1.00000e+00;1.00000e+00;82;9.99987e-01;1.00693e+00;5.95907e-05
nav-lives;me-mlp;5;[8];51;5100;5100;4.45440e+01;22;1;1;1.00000e+00;1.00000e+00;1.00000e+00;82;9.99987e-01;1.00693e+00;5.95907e-05
nav-lives;me-mlp;5;[8];52;5200;5200;4.54010e+01;22;1;1;1.00000e+00;1.00000e+00;1.00000e+00;82;9.99987e-01;1.00693e+00;5.95907e-05
nav-lives;me-mlp;5;[8];53;5300;5300;4.62780e+01;22;1;1;1.00000e+00;1.00000e+00;1.00000e+00;82;9.99987e-01;1.00693e+00;5.95907e-05
nav-lives;me-mlp;5;[8];54;5400;5400;4.71480e+01;22;1;1;1.00000e+00;1.00000e+00;1.00000e+00;82;9.99987e-01;1.00693e+00;5.95907e-05
nav-lives;me-mlp;5;[8];55;5500;5500;4.80380e+01;23;1;1;1.00000e+00;1.00000e+00;1.00000e+00;82;9.99987e-01;1.00693e+00;5.95907e-05
nav-lives;me-mlp;5;[8];56;5600;5600;4.89100e+01;23;1;1;1.00000e+00;1.00000e+00;1.00000e+00;82;9.99987e-01;1.00693e+00;5.95907e-05
nav-lives;me-mlp;5;[8];57;5700;5700;4.97760e+01;23;1;1;1.00000e+00;1.00000e+00;1.00000e+00;82;9.99987e-01;1.00693e+00;5.95907e-05
nav-lives;me-mlp;5;[8];58;5800;5800;5.06310e+01;23;1;1;1.00000e+00;1.00000e+00;1.00000e+00;82;9.99987e-01;1.00693e+00;5.95907e-05
nav-lives;me-mlp;5;[8];59;5900;5900;5.15020e+01;23;1;1;1.00000e+00;1.00000e+00;1.00000e+00;82;9.99987e-01;1.00693e+00;5.95907e-05
nav-lives;me-mlp;5;[8];60;6000;6000;5.23680e+01;23;1;1;1.00000e+00;1.00000e+00;1.00000e+00;82;9.99987e-01;1.00693e+00;5.95907e-05
nav-lives;me-mlp;5;[8];61;6100;6100;5.32370e+01;23;1;1;1.00000e+00;1.00000e+00;1.00000e+00;82;9.99987e-01;1.00693e+00;5.95907e-05
nav-lives;me-mlp;5;[8];62;6200;6200;5.41180e+01;23;1;1;1.00000e+00;1.00000e+00;1.00000e+00;82;9.99987e-01;1.00693e+00;5.95907e-05
nav-lives;me-mlp;5;[8];63;6300;6300;5.49770e+01;23;1;1;1.00000e+00;1.00000e+00;1.00000e+00;82;9.99987e-01;1.00693e+00;5.95907e-05
nav-lives;me-mlp;5;[8];64;6400;6400;5.58480e+01;23;1;1;1.00000e+00;1.00000e+00;1.00000e+00;82;9.99987e-01;1.00693e+00;5.95907e-05
nav-lives;me-mlp;5;[8];65;6500;6500;5.67070e+01;23;1;1;1.00000e+00;1.00000e+00;1.00000e+00;82;9.99987e-01;1.00693e+00;5.95907e-05
nav-lives;me-mlp;5;[8];66;6600;6600;5.75740e+01;23;1;1;1.00000e+00;1.00000e+00;1.00000e+00;82;9.99987e-01;1.00693e+00;5.95907e-05
nav-lives;me-mlp;5;[8];67;6700;6700;5.84340e+01;23;1;1;1.00000e+00;1.00000e+00;1.00000e+00;82;9.99987e-01;1.00693e+00;5.95907e-05
nav-lives;me-mlp;5;[8];68;6800;6800;5.92950e+01;23;1;1;1.00000e+00;1.00000e+00;1.00000e+00;82;9.99987e-01;1.00693e+00;5.95907e-05
nav-lives;me-mlp;5;[8];69;6900;6900;6.01670e+01;23;1;1;1.00000e+00;1.00000e+00;1.00000e+00;82;9.99987e-01;1.00693e+00;5.95907e-05
nav-lives;me-mlp;5;[8];70;7000;7000;6.10340e+01;23;1;1;1.00000e+00;1.00000e+00;1.00000e+00;82;9.99987e-01;1.00693e+00;5.95907e-05
nav-lives;me-mlp;5;[8];71;7100;7100;6.18950e+01;23;1;1;1.00000e+00;1.00000e+00;1.00000e+00;82;9.99987e-01;1.00693e+00;5.95907e-05
nav-lives;me-mlp;5;[8];72;7200;7200;6.27530e+01;23;1;1;1.00000e+00;1.00000e+00;1.00000e+00;82;9.99987e-01;1.00693e+00;5.95907e-05
nav-lives;me-mlp;5;[8];73;7300;7300;6.36160e+01;23;1;1;1.00000e+00;1.00000e+00;1.00000e+00;82;9.99987e-01;1.00693e+00;5.95907e-05
nav-lives;me-mlp;5;[8];74;7400;7400;6.44770e+01;23;1;1;1.00000e+00;1.00000e+00;1.00000e+00;82;9.99987e-01;1.00693e+00;5.95907e-05
nav-lives;me-mlp;5;[8];75;7500;7500;6.53390e+01;23;1;1;1.00000e+00;1.00000e+00;1.00000e+00;82;9.99987e-01;1.00693e+00;5.95907e-05
nav-lives;me-mlp;5;[8];76;7600;7600;6.61940e+01;23;1;1;1.00000e+00;1.00000e+00;1.00000e+00;82;9.99987e-01;1.00693e+00;5.95907e-05
nav-lives;me-mlp;5;[8];77;7700;7700;6.70630e+01;23;1;1;1.00000e+00;1.00000e+00;1.00000e+00;82;9.99987e-01;1.00693e+00;5.95907e-05
nav-lives;me-mlp;5;[8];78;7800;7800;6.79330e+01;23;1;1;1.00000e+00;1.00000e+00;1.00000e+00;82;9.99987e-01;1.00693e+00;5.95907e-05
nav-lives;me-mlp;5;[8];79;7900;7900;6.88030e+01;23;1;1;1.00000e+00;1.00000e+00;1.00000e+00;82;9.99987e-01;1.00693e+00;5.95907e-05
nav-lives;me-mlp;5;[8];80;8000;8000;6.96570e+01;23;1;1;1.00000e+00;1.00000e+00;1.00000e+00;82;9.99987e-01;1.00693e+00;5.95907e-05
nav-lives;me-mlp;5;[8];81;8100;8100;7.05270e+01;23;1;1;1.00000e+00;1.00000e+00;1.00000e+00;82;9.99987e-01;1.00693e+00;5.95907e-05
nav-lives;me-mlp;5;[8];82;8200;8200;7.14140e+01;23;1;1;1.00000e+00;1.00000e+00;1.00000e+00;82;9.99987e-01;1.00693e+00;5.95907e-05
nav-lives;me-mlp;5;[8];83;8300;8300;7.22790e+01;23;1;1;1.00000e+00;1.00000e+00;1.00000e+00;82;9.99987e-01;1.00693e+00;5.95907e-05
nav-lives;me-mlp;5;[8];84;8400;8400;7.31410e+01;23;1;1;1.00000e+00;1.00000e+00;1.00000e+00;82;9.99987e-01;1.00693e+00;5.95907e-05
nav-lives;me-mlp;5;[8];85;8500;8500;7.40090e+01;23;1;1;1.00000e+00;1.00000e+00;1.00000e+00;82;9.99987e-01;1.00693e+00;5.95907e-05
nav-lives;me-mlp;5;[8];86;8600;8600;7.48680e+01;23;1;1;1.00000e+00;1.00000e+00;1.00000e+00;82;9.99987e-01;1.00693e+00;5.95907e-05
nav-lives;me-mlp;5;[8];87;8700;8700;7.57260e+01;23;1;1;1.00000e+00;1.00000e+00;1.00000e+00;82;9.99987e-01;1.00693e+00;5.95907e-05
nav-lives;me-mlp;5;[8];88;8800;8800;7.65840e+01;23;1;1;1.00000e+00;1.00000e+00;1.00000e+00;82;9.99987e-01;1.00693e+00;5.95907e-05
nav-lives;me-mlp;5;[8];89;8900;8900;7.74520e+01;23;1;1;1.00000e+00;1.00000e+00;1.00000e+00;82;9.99987e-01;1.00693e+00;5.95907e-05
nav-lives;me-mlp;5;[8];90;9000;9000;7.83180e+01;23;1;1;1.00000e+00;1.00000e+00;1.00000e+00;82;9.99987e-01;1.00693e+00;5.95907e-05
nav-lives;me-mlp;5;[8];91;9100;9100;7.91750e+01;23;1;1;1.00000e+00;1.00000e+00;1.00000e+00;82;9.99987e-01;1.00693e+00;5.95907e-05
nav-lives;me-mlp;5;[8];92;9200;9200;8.00490e+01;23;1;1;1.00000e+00;1.00000e+00;1.00000e+00;82;9.99987e-01;1.00693e+00;5.95907e-05
nav-lives;me-mlp;5;[8];93;9300;9300;8.09080e+01;23;1;1;1.00000e+00;1.00000e+00;1.00000e+00;82;9.99987e-01;1.00693e+00;5.95907e-05
nav-lives;me-mlp;5;[8];94;9400;9400;8.17720e+01;23;1;1;1.00000e+00;1.00000e+00;1.00000e+00;82;9.99987e-01;1.00693e+00;5.95907e-05
nav-lives;me-mlp;5;[8];95;9500;9500;8.26320e+01;23;1;1;1.00000e+00;1.00000e+00;1.00000e+00;82;9.99987e-01;1.00693e+00;5.95907e-05
nav-lives;me-mlp;5;[8];96;9600;9600;8.34950e+01;23;1;1;1.00000e+00;1.00000e+00;1.00000e+00;82;9.99987e-01;1.00693e+00;5.95907e-05
nav-lives;me-mlp;5;[8];97;9700;9700;8.43580e+01;23;1;1;1.00000e+00;1.00000e+00;1.00000e+00;82;9.99987e-01;1.00693e+00;5.95907e-05
nav-lives;me-mlp;5;[8];98;9800;9800;8.52190e+01;23;1;1;1.00000e+00;1.00000e+00;1.00000e+00;82;9.99987e-01;1.00693e+00;5.95907e-05
nav-lives;me-mlp;5;[8];99;9900;9900;8.60940e+01;23;1;1;1.00000e+00;1.00000e+00;1.00000e+00;82;9.99987e-01;1.00693e+00;5.95907e-05
nav-lives;me-mlp;5;[8];100;10000;10000;8.69590e+01;23;1;1;1.00000e+00;1.00000e+00;1.00000e+00;82;9.99987e-01;1.00693e+00;5.95907e-05
nav-lives;me-mlp;5;[8];101;10100;10100;8.78250e+01;23;1;1;1.00000e+00;1.00000e+00;1.00000e+00;82;9.99987e-01;1.00693e+00;5.95907e-05
nav-lives;me-mlp;5;[8];102;10200;10200;8.87010e+01;23;1;1;1.00000e+00;1.00000e+00;1.00000e+00;82;9.99987e-01;1.00693e+00;5.95907e-05
nav-lives;me-mlp;5;[8];103;10300;10300;8.95520e+01;23;1;1;1.00000e+00;1.00000e+00;1.00000e+00;82;9.99987e-01;1.00693e+00;5.95907e-05
nav-lives;me-mlp;5;[8];104;10400;10400;9.04090e+01;23;1;1;1.00000e+00;1.00000e+00;1.00000e+00;82;9.99987e-01;1.00693e+00;5.95907e-05
nav-lives;me-mlp;5;[8];105;10500;10500;9.12720e+01;23;1;1;1.00000e+00;1.00000e+00;1.00000e+00;82;9.99987e-01;1.00693e+00;5.95907e-05
nav-lives;me-mlp;5;[8];106;10600;10600;9.21360e+01;23;1;1;1.00000e+00;1.00000e+00;1.00000e+00;82;9.99987e-01;1.00693e+00;5.95907e-05
nav-lives;me-mlp;5;[8];107;10700;10700;9.30090e+01;23;1;1;1.00000e+00;1.00000e+00;1.00000e+00;82;9.99987e-01;1.00693e+00;5.95907e-05
nav-lives;me-mlp;5;[8];108;10800;10800;9.38900e+01;23;1;1;1.00000e+00;1.00000e+00;1.00000e+00;82;9.99987e-01;1.00693e+00;5.95907e-05
nav-lives;me-mlp;5;[8];109;10900;10900;9.47600e+01;23;1;1;1.00000e+00;1.00000e+00;1.00000e+00;82;9.99987e-01;1.00693e+00;5.95907e-05
nav-lives;me-mlp;5;[8];110;11000;11000;9.56300e+01;23;1;1;1.00000e+00;1.00000e+00;1.00000e+00;82;9.99987e-01;1.00693e+00;5.95907e-05
nav-lives;me-mlp;5;[8];111;11100;11100;9.65090e+01;23;1;1;1.00000e+00;1.00000e+00;1.00000e+00;82;9.99987e-01;1.00693e+00;5.95907e-05
nav-lives;me-mlp;5;[8];112;11200;11200;9.73910e+01;23;1;1;1.00000e+00;1.00000e+00;1.00000e+00;82;9.99987e-01;1.00693e+00;5.95907e-05
nav-lives;me-mlp;5;[8];113;11300;11300;9.82600e+01;23;1;1;1.00000e+00;1.00000e+00;1.00000e+00;82;9.99987e-01;1.00693e+00;5.95907e-05
nav-lives;me-mlp;5;[8];114;11400;11400;9.91360e+01;23;1;1;1.00000e+00;1.00000e+00;1.00000e+00;82;9.99987e-01;1.00693e+00;5.95907e-05
nav-lives;me-mlp;5;[8];115;11500;11500;1.00008e+02;23;1;1;1.00000e+00;1.00000e+00;1.00000e+00;82;9.99987e-01;1.00693e+00;5.95907e-05
nav-lives;me-mlp;5;[8];116;11600;11600;1.00853e+02;23;1;1;1.00000e+00;1.00000e+00;1.00000e+00;82;9.99987e-01;1.00693e+00;5.95907e-05
nav-lives;me-mlp;5;[8];117;11700;11700;1.01725e+02;23;1;1;1.00000e+00;1.00000e+00;1.00000e+00;82;9.99987e-01;1.00693e+00;5.95907e-05
nav-lives;me-mlp;5;[8];118;11800;11800;1.02589e+02;23;1;1;1.00000e+00;1.00000e+00;1.00000e+00;82;9.99987e-01;1.00693e+00;5.95907e-05
nav-lives;me-mlp;5;[8];119;11900;11900;1.03452e+02;23;1;1;1.00000e+00;1.00000e+00;1.00000e+00;82;9.99987e-01;1.00693e+00;5.95907e-05
nav-lives;me-mlp;5;[8];120;12000;12000;1.04316e+02;23;1;1;1.00000e+00;1.00000e+00;1.00000e+00;82;9.99987e-01;1.00693e+00;5.95907e-05
nav-lives;me-mlp;5;[8];121;12100;12100;1.05179e+02;23;1;1;1.00000e+00;1.00000e+00;1.00000e+00;82;9.99987e-01;1.00693e+00;5.95907e-05
nav-lives;me-mlp;5;[8];122;12200;12200;1.06043e+02;23;1;1;1.00000e+00;1.00000e+00;1.00000e+00;82;9.99987e-01;1.00693e+00;5.95907e-05
nav-lives;me-mlp;5;[8];123;12300;12300;1.06910e+02;23;1;1;1.00000e+00;1.00000e+00;1.00000e+00;82;9.99994e-01;1.00586e+00;0.00000e+00
nav-lives;me-mlp;5;[8];124;12400;12400;1.07772e+02;23;1;1;1.00000e+00;1.00000e+00;1.00000e+00;82;9.99994e-01;1.00586e+00;0.00000e+00
nav-lives;me-mlp;5;[8];125;12500;12500;1.08638e+02;23;1;1;1.00000e+00;1.00000e+00;1.00000e+00;82;9.99994e-01;1.00586e+00;0.00000e+00
nav-lives;me-mlp;5;[8];126;12600;12600;1.09505e+02;23;1;1;1.00000e+00;1.00000e+00;1.00000e+00;82;9.99994e-01;1.00586e+00;0.00000e+00
nav-lives;me-mlp;5;[8];127;12700;12700;1.10375e+02;23;1;1;1.00000e+00;1.00000e+00;1.00000e+00;82;9.99994e-01;1.00586e+00;0.00000e+00
nav-lives;me-mlp;5;[8];128;12800;12800;1.11246e+02;23;1;1;1.00000e+00;1.00000e+00;1.00000e+00;82;9.99994e-01;1.00586e+00;0.00000e+00
nav-lives;me-mlp;5;[8];129;12900;12900;1.12112e+02;23;1;1;1.00000e+00;1.00000e+00;1.00000e+00;82;9.99994e-01;1.00586e+00;0.00000e+00
nav-lives;me-mlp;5;[8];130;13000;13000;1.12974e+02;23;1;1;1.00000e+00;1.00000e+00;1.00000e+00;82;9.99994e-01;1.00586e+00;0.00000e+00
nav-lives;me-mlp;5;[8];131;13100;13100;1.13836e+02;23;1;1;1.00000e+00;1.00000e+00;1.00000e+00;82;9.99994e-01;1.00586e+00;0.00000e+00
nav-lives;me-mlp;5;[8];132;13200;13200;1.14697e+02;23;1;1;1.00000e+00;1.00000e+00;1.00000e+00;82;9.99994e-01;1.00586e+00;0.00000e+00
nav-lives;me-mlp;5;[8];133;13300;13300;1.15559e+02;23;1;1;1.00000e+00;1.00000e+00;1.00000e+00;82;9.99994e-01;1.00586e+00;0.00000e+00
nav-lives;me-mlp;5;[8];134;13400;13400;1.16428e+02;23;1;1;1.00000e+00;1.00000e+00;1.00000e+00;82;9.99994e-01;1.00586e+00;0.00000e+00
nav-lives;me-mlp;5;[8];135;13500;13500;1.17299e+02;23;1;1;1.00000e+00;1.00000e+00;1.00000e+00;82;9.99994e-01;1.00586e+00;0.00000e+00
nav-lives;me-mlp;5;[8];136;13600;13600;1.18155e+02;23;1;1;1.00000e+00;1.00000e+00;1.00000e+00;82;9.99994e-01;1.00586e+00;0.00000e+00
nav-lives;me-mlp;5;[8];137;13700;13700;1.19025e+02;23;1;1;1.00000e+00;1.00000e+00;1.00000e+00;82;9.99994e-01;1.00586e+00;0.00000e+00
nav-lives;me-mlp;5;[8];138;13800;13800;1.19914e+02;23;1;1;1.00000e+00;1.00000e+00;1.00000e+00;82;9.99994e-01;1.00586e+00;0.00000e+00
nav-lives;me-mlp;5;[8];139;13900;13900;1.20767e+02;23;1;1;1.00000e+00;1.00000e+00;1.00000e+00;82;9.99994e-01;1.00586e+00;0.00000e+00
nav-lives;me-mlp;5;[8];140;14000;14000;1.21612e+02;23;1;1;1.00000e+00;1.00000e+00;1.00000e+00;82;9.99994e-01;1.00586e+00;0.00000e+00
nav-lives;me-mlp;5;[8];141;14100;14100;1.22478e+02;23;1;1;1.00000e+00;1.00000e+00;1.00000e+00;82;9.99994e-01;1.00586e+00;0.00000e+00
nav-lives;me-mlp;5;[8];142;14200;14200;1.23351e+02;23;1;1;1.00000e+00;1.00000e+00;1.00000e+00;82;9.99994e-01;1.00586e+00;0.00000e+00
nav-lives;me-mlp;5;[8];143;14300;14300;1.24215e+02;23;1;1;1.00000e+00;1.00000e+00;1.00000e+00;82;9.99994e-01;1.00586e+00;0.00000e+00
nav-lives;me-mlp;5;[8];144;14400;14400;1.25082e+02;23;1;1;1.00000e+00;1.00000e+00;1.00000e+00;82;9.99994e-01;1.00586e+00;0.00000e+00
nav-lives;me-mlp;5;[8];145;14500;14500;1.25951e+02;23;1;1;1.00000e+00;1.00000e+00;1.00000e+00;82;9.99994e-01;1.00586e+00;0.00000e+00
nav-lives;me-mlp;5;[8];146;14600;14600;1.26816e+02;23;1;1;1.00000e+00;1.00000e+00;1.00000e+00;82;9.99994e-01;1.00586e+00;0.00000e+00
nav-lives;me-mlp;5;[8];147;14700;14700;1.27700e+02;23;1;1;1.00000e+00;1.00000e+00;1.00000e+00;82;9.99994e-01;1.00586e+00;0.00000e+00
nav-lives;me-mlp;5;[8];148;14800;14800;1.28568e+02;23;1;1;1.00000e+00;1.00000e+00;1.00000e+00;82;9.99994e-01;1.00586e+00;0.00000e+00
nav-lives;me-mlp;5;[8];149;14900;14900;1.29440e+02;23;1;1;1.00000e+00;1.00000e+00;1.00000e+00;82;9.99994e-01;1.00586e+00;0.00000e+00
nav-lives;me-mlp;5;[8];150;15000;15000;1.30308e+02;23;1;1;1.00000e+00;1.00000e+00;1.00000e+00;82;9.99994e-01;1.00586e+00;0.00000e+00
nav-lives;me-mlp;5;[8];151;15100;15100;1.31170e+02;23;1;1;1.00000e+00;1.00000e+00;1.00000e+00;82;9.99994e-01;1.00586e+00;0.00000e+00
nav-lives;me-mlp;5;[8];152;15200;15200;1.32055e+02;23;1;1;1.00000e+00;1.00000e+00;1.00000e+00;82;9.99994e-01;1.00586e+00;0.00000e+00
nav-lives;me-mlp;5;[8];153;15300;15300;1.32921e+02;23;1;1;1.00000e+00;1.00000e+00;1.00000e+00;82;9.99994e-01;1.00586e+00;0.00000e+00
nav-lives;me-mlp;5;[8];154;15400;15400;1.33786e+02;23;1;1;1.00000e+00;1.00000e+00;1.00000e+00;82;9.99994e-01;1.00586e+00;0.00000e+00
nav-lives;me-mlp;5;[8];155;15500;15500;1.34647e+02;23;1;1;1.00000e+00;1.00000e+00;1.00000e+00;82;9.99994e-01;1.00586e+00;0.00000e+00
nav-lives;me-mlp;5;[8];156;15600;15600;1.35517e+02;23;1;1;1.00000e+00;1.00000e+00;1.00000e+00;82;9.99994e-01;1.00586e+00;0.00000e+00
nav-lives;me-mlp;5;[8];157;15700;15700;1.36385e+02;23;1;1;1.00000e+00;1.00000e+00;1.00000e+00;82;9.99994e-01;1.00586e+00;0.00000e+00
nav-lives;me-mlp;5;[8];158;15800;15800;1.37240e+02;23;1;1;1.00000e+00;1.00000e+00;1.00000e+00;82;9.99994e-01;1.00586e+00;0.00000e+00
nav-lives;me-mlp;5;[8];159;15900;15900;1.38116e+02;23;1;1;1.00000e+00;1.00000e+00;1.00000e+00;82;9.99994e-01;1.00586e+00;0.00000e+00
nav-lives;me-mlp;5;[8];160;16000;16000;1.38994e+02;23;1;1;1.00000e+00;1.00000e+00;1.00000e+00;82;9.99994e-01;1.00586e+00;0.00000e+00
nav-lives;me-mlp;5;[8];161;16100;16100;1.39867e+02;23;1;1;1.00000e+00;1.00000e+00;1.00000e+00;82;9.99994e-01;1.00586e+00;0.00000e+00
nav-lives;me-mlp;5;[8];162;16200;16200;1.40733e+02;23;1;1;1.00000e+00;1.00000e+00;1.00000e+00;82;9.99994e-01;1.00586e+00;0.00000e+00
nav-lives;me-mlp;5;[8];163;16300;16300;1.41611e+02;23;1;1;1.00000e+00;1.00000e+00;1.00000e+00;82;9.99994e-01;1.00586e+00;0.00000e+00
nav-lives;me-mlp;5;[8];164;16400;16400;1.42490e+02;23;1;1;1.00000e+00;1.00000e+00;1.00000e+00;82;9.99994e-01;1.00586e+00;0.00000e+00
nav-lives;me-mlp;5;[8];165;16500;16500;1.43367e+02;23;1;1;1.00000e+00;1.00000e+00;1.00000e+00;82;9.99994e-01;1.00586e+00;0.00000e+00
nav-lives;me-mlp;5;[8];166;16600;16600;1.44245e+02;23;1;1;1.00000e+00;1.00000e+00;1.00000e+00;82;9.99994e-01;1.00586e+00;0.00000e+00
nav-lives;me-mlp;5;[8];167;16700;16700;1.45115e+02;23;1;1;1.00000e+00;1.00000e+00;1.00000e+00;82;9.99994e-01;1.00586e+00;0.00000e+00
nav-lives;me-mlp;5;[8];168;16800;16800;1.45989e+02;23;1;1;1.00000e+00;1.00000e+00;1.00000e+00;82;9.99994e-01;1.00586e+00;0.00000e+00
nav-lives;me-mlp;5;[8];169;16900;16900;1.46849e+02;23;1;1;1.00000e+00;1.00000e+00;1.00000e+00;82;9.99994e-01;1.00586e+00;0.00000e+00
nav-lives;me-mlp;5;[8];170;17000;17000;1.47718e+02;23;1;1;1.00000e+00;1.00000e+00;1.00000e+00;82;9.99994e-01;1.00586e+00;0.00000e+00
nav-lives;me-mlp;5;[8];171;17100;17100;1.48598e+02;23;1;1;1.00000e+00;1.00000e+00;1.00000e+00;82;9.99994e-01;1.00586e+00;0.00000e+00
nav-lives;me-mlp;5;[8];172;17200;17200;1.49475e+02;23;1;1;1.00000e+00;1.00000e+00;1.00000e+00;82;9.99994e-01;1.00586e+00;0.00000e+00
nav-lives;me-mlp;5;[8];173;17300;17300;1.50357e+02;23;1;1;1.00000e+00;1.00000e+00;1.00000e+00;82;9.99994e-01;1.00586e+00;0.00000e+00
nav-lives;me-mlp;5;[8];174;17400;17400;1.51234e+02;23;1;1;1.00000e+00;1.00000e+00;1.00000e+00;82;9.99994e-01;1.00586e+00;0.00000e+00
nav-lives;me-mlp;5;[8];175;17500;17500;1.52104e+02;23;1;1;1.00000e+00;1.00000e+00;1.00000e+00;82;9.99994e-01;1.00586e+00;0.00000e+00
nav-lives;me-mlp;5;[8];176;17600;17600;1.52969e+02;23;1;1;1.00000e+00;1.00000e+00;1.00000e+00;82;9.99994e-01;1.00586e+00;0.00000e+00
nav-lives;me-mlp;5;[8];177;17700;17700;1.53840e+02;23;1;1;1.00000e+00;1.00000e+00;1.00000e+00;82;9.99994e-01;1.00586e+00;0.00000e+00
nav-lives;me-mlp;5;[8];178;17800;17800;1.54713e+02;23;1;1;1.00000e+00;1.00000e+00;1.00000e+00;82;9.99994e-01;1.00586e+00;0.00000e+00
nav-lives;me-mlp;5;[8];179;17900;17900;1.55579e+02;23;1;1;1.00000e+00;1.00000e+00;1.00000e+00;82;9.99994e-01;1.00586e+00;0.00000e+00
nav-lives;me-mlp;5;[8];180;18000;18000;1.56456e+02;23;1;1;1.00000e+00;1.00000e+00;1.00000e+00;82;9.99994e-01;1.00586e+00;0.00000e+00
nav-lives;me-mlp;5;[8];181;18100;18100;1.57350e+02;23;1;1;1.00000e+00;1.00000e+00;1.00000e+00;82;9.99994e-01;1.00586e+00;0.00000e+00
nav-lives;me-mlp;5;[8];182;18200;18200;1.58233e+02;23;1;1;1.00000e+00;1.00000e+00;1.00000e+00;82;9.99994e-01;1.00586e+00;0.00000e+00
nav-lives;me-mlp;5;[8];183;18300;18300;1.59104e+02;23;1;1;1.00000e+00;1.00000e+00;1.00000e+00;82;9.99994e-01;1.00586e+00;0.00000e+00
nav-lives;me-mlp;5;[8];184;18400;18400;1.59987e+02;23;1;1;1.00000e+00;1.00000e+00;1.00000e+00;82;9.99994e-01;1.00586e+00;0.00000e+00
nav-lives;me-mlp;5;[8];185;18500;18500;1.60848e+02;23;1;1;1.00000e+00;1.00000e+00;1.00000e+00;82;9.99994e-01;1.00586e+00;0.00000e+00
nav-lives;me-mlp;5;[8];186;18600;18600;1.61736e+02;23;1;1;1.00000e+00;1.00000e+00;1.00000e+00;82;9.99994e-01;1.00586e+00;0.00000e+00
nav-lives;me-mlp;5;[8];187;18700;18700;1.62610e+02;23;1;1;1.00000e+00;1.00000e+00;1.00000e+00;82;9.99994e-01;1.00586e+00;0.00000e+00
nav-lives;me-mlp;5;[8];188;18800;18800;1.63481e+02;23;1;1;1.00000e+00;1.00000e+00;1.00000e+00;82;9.99994e-01;1.00586e+00;0.00000e+00
nav-lives;me-mlp;5;[8];189;18900;18900;1.64346e+02;23;1;1;1.00000e+00;1.00000e+00;1.00000e+00;82;9.99994e-01;1.00586e+00;0.00000e+00
nav-lives;me-mlp;5;[8];190;19000;19000;1.65214e+02;23;1;1;1.00000e+00;1.00000e+00;1.00000e+00;82;9.99994e-01;1.00586e+00;0.00000e+00
nav-lives;me-mlp;5;[8];191;19100;19100;1.66094e+02;23;1;1;1.00000e+00;1.00000e+00;1.00000e+00;82;9.99994e-01;1.00586e+00;0.00000e+00
nav-lives;me-mlp;5;[8];192;19200;19200;1.66966e+02;23;1;1;1.00000e+00;1.00000e+00;1.00000e+00;82;9.99994e-01;1.00586e+00;0.00000e+00
nav-lives;me-mlp;5;[8];193;19300;19300;1.67860e+02;23;1;1;1.00000e+00;1.00000e+00;1.00000e+00;82;9.99994e-01;1.00586e+00;0.00000e+00
nav-lives;me-mlp;5;[8];194;19400;19400;1.68743e+02;23;1;1;1.00000e+00;1.00000e+00;1.00000e+00;82;9.99994e-01;1.00586e+00;0.00000e+00
nav-lives;me-mlp;5;[8];195;19500;19500;1.69616e+02;23;1;1;1.00000e+00;1.00000e+00;1.00000e+00;82;9.99994e-01;1.00586e+00;0.00000e+00
nav-lives;me-mlp;5;[8];196;19600;19600;1.70492e+02;23;1;1;1.00000e+00;1.00000e+00;1.00000e+00;82;9.99994e-01;1.00586e+00;0.00000e+00
nav-lives;me-mlp;5;[8];197;19700;19700;1.71360e+02;23;1;1;1.00000e+00;1.00000e+00;1.00000e+00;82;9.99994e-01;1.00586e+00;0.00000e+00
nav-lives;me-mlp;5;[8];198;19800;19800;1.72233e+02;23;1;1;1.00000e+00;1.00000e+00;1.00000e+00;82;9.99994e-01;1.00586e+00;0.00000e+00
nav-lives;me-mlp;5;[8];199;19900;19900;1.73096e+02;23;1;1;1.00000e+00;1.00000e+00;1.00000e+00;82;9.99994e-01;1.00586e+00;0.00000e+00
nav-lives;me-mlp;5;[8];200;20000;20000;1.73972e+02;23;1;1;1.00000e+00;1.00000e+00;1.00000e+00;82;9.99994e-01;1.00586e+00;0.00000e+00
nav-lives;me-mlp;5;[8];201;20100;20100;1.74851e+02;23;1;1;1.00000e+00;1.00000e+00;1.00000e+00;82;9.99994e-01;1.00586e+00;0.00000e+00
nav-lives;me-mlp;5;[8];202;20200;20200;1.75721e+02;23;1;1;1.00000e+00;1.00000e+00;1.00000e+00;82;9.99994e-01;1.00586e+00;0.00000e+00
nav-lives;me-mlp;5;[8];203;20300;20300;1.76580e+02;23;1;1;1.00000e+00;1.00000e+00;1.00000e+00;82;9.99994e-01;1.00586e+00;0.00000e+00
nav-lives;me-mlp;5;[8];204;20400;20400;1.77451e+02;23;1;1;1.00000e+00;1.00000e+00;1.00000e+00;82;9.99994e-01;1.00586e+00;0.00000e+00
nav-lives;me-mlp;5;[8];205;20500;20500;1.78308e+02;23;1;1;1.00000e+00;1.00000e+00;1.00000e+00;82;9.99994e-01;1.00586e+00;0.00000e+00
nav-lives;me-mlp;5;[8];206;20600;20600;1.79176e+02;23;1;1;1.00000e+00;1.00000e+00;1.00000e+00;82;9.99994e-01;1.00586e+00;0.00000e+00
nav-lives;me-mlp;5;[8];207;20700;20700;1.80039e+02;23;1;1;1.00000e+00;1.00000e+00;1.00000e+00;82;9.99994e-01;1.00586e+00;0.00000e+00
nav-lives;me-mlp;5;[8];208;20800;20800;1.80916e+02;23;1;1;1.00000e+00;1.00000e+00;1.00000e+00;82;9.99994e-01;1.00586e+00;0.00000e+00
nav-lives;me-mlp;5;[8];209;20900;20900;1.81783e+02;23;1;1;1.00000e+00;1.00000e+00;1.00000e+00;82;9.99994e-01;1.00586e+00;0.00000e+00
nav-lives;me-mlp;5;[8];210;21000;21000;1.82648e+02;23;1;1;1.00000e+00;1.00000e+00;1.00000e+00;82;9.99994e-01;1.00586e+00;0.00000e+00
nav-lives;me-mlp;5;[8];211;21100;21100;1.83522e+02;23;1;1;1.00000e+00;1.00000e+00;1.00000e+00;82;9.99995e-01;1.00657e+00;6.34524e-06
nav-lives;me-mlp;5;[8];212;21200;21200;1.84392e+02;23;1;1;1.00000e+00;1.00000e+00;1.00000e+00;82;9.99995e-01;1.00657e+00;6.34524e-06
nav-lives;me-mlp;5;[8];213;21300;21300;1.85262e+02;23;1;1;1.00000e+00;1.00000e+00;1.00000e+00;82;9.99995e-01;1.00657e+00;6.34524e-06
nav-lives;me-mlp;5;[8];214;21400;21400;1.86125e+02;23;1;1;1.00000e+00;1.00000e+00;1.00000e+00;82;9.99995e-01;1.00657e+00;6.34524e-06
nav-lives;me-mlp;5;[8];215;21500;21500;1.86988e+02;23;1;1;1.00000e+00;1.00000e+00;1.00000e+00;82;9.99995e-01;1.00657e+00;6.34524e-06
nav-lives;me-mlp;5;[8];216;21600;21600;1.87844e+02;23;1;1;1.00000e+00;1.00000e+00;1.00000e+00;82;9.99995e-01;1.00657e+00;6.34524e-06
nav-lives;me-mlp;5;[8];217;21700;21700;1.88703e+02;23;1;1;1.00000e+00;1.00000e+00;1.00000e+00;82;9.99995e-01;1.00657e+00;6.34524e-06
nav-lives;me-mlp;5;[8];218;21800;21800;1.89566e+02;23;1;1;1.00000e+00;1.00000e+00;1.00000e+00;82;9.99995e-01;1.00657e+00;6.34524e-06
nav-lives;me-mlp;5;[8];219;21900;21900;1.90437e+02;23;1;1;1.00000e+00;1.00000e+00;1.00000e+00;82;9.99995e-01;1.00657e+00;6.34524e-06
nav-lives;me-mlp;5;[8];220;22000;22000;1.91289e+02;23;1;1;1.00000e+00;1.00000e+00;1.00000e+00;82;9.99995e-01;1.00657e+00;6.34524e-06
nav-lives;me-mlp;5;[8];221;22100;22100;1.92162e+02;23;1;1;1.00000e+00;1.00000e+00;1.00000e+00;82;9.99995e-01;1.00657e+00;6.34524e-06
nav-lives;me-mlp;5;[8];222;22200;22200;1.93030e+02;23;1;1;1.00000e+00;1.00000e+00;1.00000e+00;82;9.99995e-01;1.00657e+00;6.34524e-06
nav-lives;me-mlp;5;[8];223;22300;22300;1.93901e+02;23;1;1;1.00000e+00;1.00000e+00;1.00000e+00;82;9.99995e-01;1.00657e+00;6.34524e-06
nav-lives;me-mlp;5;[8];224;22400;22400;1.94771e+02;23;1;1;1.00000e+00;1.00000e+00;1.00000e+00;82;9.99995e-01;1.00657e+00;6.34524e-06
nav-lives;me-mlp;5;[8];225;22500;22500;1.95641e+02;23;1;1;1.00000e+00;1.00000e+00;1.00000e+00;82;9.99995e-01;1.00657e+00;6.34524e-06
nav-lives;me-mlp;5;[8];226;22600;22600;1.96500e+02;23;1;1;1.00000e+00;1.00000e+00;1.00000e+00;82;9.99995e-01;1.00657e+00;6.34524e-06
nav-lives;me-mlp;5;[8];227;22700;22700;1.97364e+02;23;1;1;1.00000e+00;1.00000e+00;1.00000e+00;82;9.99995e-01;1.00657e+00;6.34524e-06
nav-lives;me-mlp;5;[8];228;22800;22800;1.98247e+02;23;1;1;1.00000e+00;1.00000e+00;1.00000e+00;82;9.99995e-01;1.00657e+00;6.34524e-06
nav-lives;me-mlp;5;[8];229;22900;22900;1.99117e+02;23;1;1;1.00000e+00;1.00000e+00;1.00000e+00;82;9.99995e-01;1.00657e+00;6.34524e-06
nav-lives;me-mlp;5;[8];230;23000;23000;1.99996e+02;23;1;1;1.00000e+00;1.00000e+00;1.00000e+00;82;9.99995e-01;1.00657e+00;6.34524e-06
nav-lives;me-mlp;5;[8];231;23100;23100;2.00871e+02;23;1;1;1.00000e+00;1.00000e+00;1.00000e+00;82;9.99995e-01;1.00657e+00;6.34524e-06
nav-lives;me-mlp;5;[8];232;23200;23200;2.01746e+02;23;1;1;1.00000e+00;1.00000e+00;1.00000e+00;82;9.99995e-01;1.00657e+00;6.34524e-06
nav-lives;me-mlp;5;[8];233;23300;23300;2.02615e+02;23;1;1;1.00000e+00;1.00000e+00;1.00000e+00;82;9.99995e-01;1.00657e+00;6.34524e-06
nav-lives;me-mlp;5;[8];234;23400;23400;2.03482e+02;23;1;1;1.00000e+00;1.00000e+00;1.00000e+00;82;9.99995e-01;1.00657e+00;6.34524e-06
nav-lives;me-mlp;5;[8];235;23500;23500;2.04351e+02;23;1;1;1.00000e+00;1.00000e+00;1.00000e+00;82;9.99995e-01;1.00657e+00;6.34524e-06
nav-lives;me-mlp;5;[8];236;23600;23600;2.05232e+02;23;1;1;1.00000e+00;1.00000e+00;1.00000e+00;82;9.99995e-01;1.00657e+00;6.34524e-06
nav-lives;me-mlp;5;[8];237;23700;23700;2.06104e+02;23;1;1;1.00000e+00;1.00000e+00;1.00000e+00;82;9.99995e-01;1.00657e+00;6.34524e-06
nav-lives;me-mlp;5;[8];238;23800;23800;2.06967e+02;23;1;1;1.00000e+00;1.00000e+00;1.00000e+00;82;9.99995e-01;1.00657e+00;6.34524e-06
nav-lives;me-mlp;5;[8];239;23900;23900;2.07829e+02;23;1;1;1.00000e+00;1.00000e+00;1.00000e+00;82;9.99995e-01;1.00657e+00;6.34524e-06
nav-lives;me-mlp;5;[8];240;24000;24000;2.08696e+02;23;1;1;1.00000e+00;1.00000e+00;1.00000e+00;82;9.99995e-01;1.00657e+00;6.34524e-06
nav-lives;me-mlp;5;[8];241;24100;24100;2.09561e+02;23;1;1;1.00000e+00;1.00000e+00;1.00000e+00;82;9.99995e-01;1.00657e+00;6.34524e-06
nav-lives;me-mlp;5;[8];242;24200;24200;2.10420e+02;23;1;1;1.00000e+00;1.00000e+00;1.00000e+00;82;9.99995e-01;1.00657e+00;6.34524e-06
nav-lives;me-mlp;5;[8];243;24300;24300;2.11294e+02;23;1;1;1.00000e+00;1.00000e+00;1.00000e+00;82;9.99995e-01;1.00657e+00;6.34524e-06
nav-lives;me-mlp;5;[8];244;24400;24400;2.12158e+02;23;1;1;1.00000e+00;1.00000e+00;1.00000e+00;82;9.99995e-01;1.00657e+00;6.34524e-06
nav-lives;me-mlp;5;[8];245;24500;24500;2.13029e+02;23;1;1;1.00000e+00;1.00000e+00;1.00000e+00;82;9.99995e-01;1.00657e+00;6.34524e-06
nav-lives;me-mlp;5;[8];246;24600;24600;2.13892e+02;23;1;1;1.00000e+00;1.00000e+00;1.00000e+00;82;9.99995e-01;1.00657e+00;6.34524e-06
nav-lives;me-mlp;5;[8];247;24700;24700;2.14759e+02;23;1;1;1.00000e+00;1.00000e+00;1.00000e+00;82;9.99995e-01;1.00657e+00;6.34524e-06
nav-lives;me-mlp;5;[8];248;24800;24800;2.15622e+02;23;1;1;1.00000e+00;1.00000e+00;1.00000e+00;82;9.99995e-01;1.00657e+00;6.34524e-06
nav-lives;me-mlp;5;[8];249;24900;24900;2.16504e+02;23;1;1;1.00000e+00;1.00000e+00;1.00000e+00;82;9.99995e-01;1.00657e+00;6.34524e-06
nav-lives;me-mlp;5;[8];250;25000;25000;2.17391e+02;23;1;1;1.00000e+00;1.00000e+00;1.00000e+00;82;9.99995e-01;1.00657e+00;6.34524e-06
nav-lives;me-mlp;5;[8];251;25100;25100;2.18257e+02;23;1;1;1.00000e+00;1.00000e+00;1.00000e+00;82;9.99995e-01;1.00657e+00;6.34524e-06
nav-lives;me-mlp;5;[8];252;25200;25200;2.19157e+02;23;1;1;1.00000e+00;1.00000e+00;1.00000e+00;82;9.99995e-01;1.00657e+00;6.34524e-06
nav-lives;me-mlp;5;[8];253;25300;25300;2.20027e+02;23;1;1;1.00000e+00;1.00000e+00;1.00000e+00;82;9.99995e-01;1.00657e+00;6.34524e-06
nav-lives;me-mlp;5;[8];254;25400;25400;2.20887e+02;23;1;1;1.00000e+00;1.00000e+00;1.00000e+00;82;9.99995e-01;1.00657e+00;6.34524e-06
nav-lives;me-mlp;5;[8];255;25500;25500;2.21763e+02;23;1;1;1.00000e+00;1.00000e+00;1.00000e+00;82;9.99995e-01;1.00657e+00;6.34524e-06
nav-lives;me-mlp;5;[8];256;25600;25600;2.22625e+02;23;1;1;1.00000e+00;1.00000e+00;1.00000e+00;82;9.99995e-01;1.00657e+00;6.34524e-06
nav-lives;me-mlp;5;[8];257;25700;25700;2.23486e+02;23;1;1;1.00000e+00;1.00000e+00;1.00000e+00;82;9.99995e-01;1.00657e+00;6.34524e-06
nav-lives;me-mlp;5;[8];258;25800;25800;2.24348e+02;23;1;1;1.00000e+00;1.00000e+00;1.00000e+00;82;9.99995e-01;1.00657e+00;6.34524e-06
nav-lives;me-mlp;5;[8];259;25900;25900;2.25212e+02;23;1;1;1.00000e+00;1.00000e+00;1.00000e+00;82;9.99995e-01;1.00657e+00;6.34524e-06
nav-lives;me-mlp;5;[8];260;26000;26000;2.26079e+02;23;1;1;1.00000e+00;1.00000e+00;1.00000e+00;82;9.99995e-01;1.00657e+00;6.34524e-06
nav-lives;me-mlp;5;[8];261;26100;26100;2.26939e+02;23;1;1;1.00000e+00;1.00000e+00;1.00000e+00;82;9.99995e-01;1.00657e+00;6.34524e-06
nav-lives;me-mlp;5;[8];262;26200;26200;2.27812e+02;23;1;1;1.00000e+00;1.00000e+00;1.00000e+00;82;9.99995e-01;1.00657e+00;6.34524e-06
nav-lives;me-mlp;5;[8];263;26300;26300;2.28684e+02;23;1;1;1.00000e+00;1.00000e+00;1.00000e+00;82;9.99995e-01;1.00657e+00;6.34524e-06
nav-lives;me-mlp;5;[8];264;26400;26400;2.29554e+02;23;1;1;1.00000e+00;1.00000e+00;1.00000e+00;82;9.99995e-01;1.00657e+00;6.34524e-06
nav-lives;me-mlp;5;[8];265;26500;26500;2.30432e+02;23;1;1;1.00000e+00;1.00000e+00;1.00000e+00;82;9.99995e-01;1.00657e+00;6.34524e-06
nav-lives;me-mlp;5;[8];266;26600;26600;2.31309e+02;23;1;1;1.00000e+00;1.00000e+00;1.00000e+00;82;9.99995e-01;1.00657e+00;6.34524e-06
nav-lives;me-mlp;5;[8];267;26700;26700;2.32161e+02;23;1;1;1.00000e+00;1.00000e+00;1.00000e+00;82;9.99995e-01;1.00657e+00;6.34524e-06
nav-lives;me-mlp;5;[8];268;26800;26800;2.33024e+02;23;1;1;1.00000e+00;1.00000e+00;1.00000e+00;82;9.99995e-01;1.00657e+00;6.34524e-06
nav-lives;me-mlp;5;[8];269;26900;26900;2.33915e+02;23;1;1;1.00000e+00;1.00000e+00;1.00000e+00;82;9.99995e-01;1.00657e+00;6.34524e-06
nav-lives;me-mlp;5;[8];270;27000;27000;2.34784e+02;23;1;1;1.00000e+00;1.00000e+00;1.00000e+00;82;9.99995e-01;1.00657e+00;6.34524e-06
nav-lives;me-mlp;5;[8];271;27100;27100;2.35645e+02;23;1;1;1.00000e+00;1.00000e+00;1.00000e+00;82;9.99995e-01;1.00657e+00;6.34524e-06
nav-lives;me-mlp;5;[8];272;27200;27200;2.36521e+02;23;1;1;1.00000e+00;1.00000e+00;1.00000e+00;82;9.99995e-01;1.00657e+00;6.34524e-06
nav-lives;me-mlp;5;[8];273;27300;27300;2.37380e+02;23;1;1;1.00000e+00;1.00000e+00;1.00000e+00;82;9.99995e-01;1.00657e+00;6.34524e-06
nav-lives;me-mlp;5;[8];274;27400;27400;2.38236e+02;23;1;1;1.00000e+00;1.00000e+00;1.00000e+00;82;9.99995e-01;1.00657e+00;6.34524e-06
nav-lives;me-mlp;5;[8];275;27500;27500;2.39101e+02;23;1;1;1.00000e+00;1.00000e+00;1.00000e+00;82;9.99995e-01;1.00657e+00;6.34524e-06
nav-lives;me-mlp;5;[8];276;27600;27600;2.39969e+02;23;1;1;1.00000e+00;1.00000e+00;1.00000e+00;82;9.99995e-01;1.00657e+00;6.34524e-06
nav-lives;me-mlp;5;[8];277;27700;27700;2.40833e+02;23;1;1;1.00000e+00;1.00000e+00;1.00000e+00;82;9.99995e-01;1.00657e+00;6.34524e-06
nav-lives;me-mlp;5;[8];278;27800;27800;2.41704e+02;23;1;1;1.00000e+00;1.00000e+00;1.00000e+00;82;9.99995e-01;1.00657e+00;6.34524e-06
nav-lives;me-mlp;5;[8];279;27900;27900;2.42562e+02;23;1;1;1.00000e+00;1.00000e+00;1.00000e+00;82;9.99995e-01;1.00657e+00;6.34524e-06
nav-lives;me-mlp;5;[8];280;28000;28000;2.43426e+02;23;1;1;1.00000e+00;1.00000e+00;1.00000e+00;82;9.99995e-01;1.00657e+00;6.34524e-06
nav-lives;me-mlp;5;[8];281;28100;28100;2.44289e+02;23;1;1;1.00000e+00;1.00000e+00;1.00000e+00;82;9.99995e-01;1.00657e+00;6.34524e-06
nav-lives;me-mlp;5;[8];282;28200;28200;2.45158e+02;23;1;1;1.00000e+00;1.00000e+00;1.00000e+00;82;9.99995e-01;1.00657e+00;6.34524e-06
nav-lives;me-mlp;5;[8];283;28300;28300;2.46015e+02;23;1;1;1.00000e+00;1.00000e+00;1.00000e+00;82;9.99995e-01;1.00657e+00;6.34524e-06
nav-lives;me-mlp;5;[8];284;28400;28400;2.46880e+02;23;1;1;1.00000e+00;1.00000e+00;1.00000e+00;82;9.99995e-01;1.00657e+00;6.34524e-06
nav-lives;me-mlp;5;[8];285;28500;28500;2.47758e+02;23;1;1;1.00000e+00;1.00000e+00;1.00000e+00;82;9.99995e-01;1.00657e+00;6.34524e-06
nav-lives;me-mlp;5;[8];286;28600;28600;2.48618e+02;23;1;1;1.00000e+00;1.00000e+00;1.00000e+00;82;9.99995e-01;1.00657e+00;6.34524e-06
nav-lives;me-mlp;5;[8];287;28700;28700;2.49486e+02;23;1;1;1.00000e+00;1.00000e+00;1.00000e+00;82;9.99995e-01;1.00657e+00;6.34524e-06
nav-lives;me-mlp;5;[8];288;28800;28800;2.50355e+02;23;1;1;1.00000e+00;1.00000e+00;1.00000e+00;82;9.99995e-01;1.00657e+00;6.34524e-06
nav-lives;me-mlp;5;[8];289;28900;28900;2.51222e+02;23;1;1;1.00000e+00;1.00000e+00;1.00000e+00;82;9.99995e-01;1.00657e+00;6.34524e-06
nav-lives;me-mlp;5;[8];290;29000;29000;2.52096e+02;23;1;1;1.00000e+00;1.00000e+00;1.00000e+00;82;9.99995e-01;1.00657e+00;6.34524e-06
nav-lives;me-mlp;5;[8];291;29100;29100;2.52968e+02;23;1;1;1.00000e+00;1.00000e+00;1.00000e+00;82;9.99995e-01;1.00657e+00;6.34524e-06
nav-lives;me-mlp;5;[8];292;29200;29200;2.53823e+02;23;1;1;1.00000e+00;1.00000e+00;1.00000e+00;82;9.99995e-01;1.00657e+00;6.34524e-06
nav-lives;me-mlp;5;[8];293;29300;29300;2.54694e+02;23;1;1;1.00000e+00;1.00000e+00;1.00000e+00;82;9.99995e-01;1.00657e+00;6.34524e-06
nav-lives;me-mlp;5;[8];294;29400;29400;2.55560e+02;23;1;1;1.00000e+00;1.00000e+00;1.00000e+00;82;9.99995e-01;1.00657e+00;6.34524e-06
nav-lives;me-mlp;5;[8];295;29500;29500;2.56436e+02;23;1;1;1.00000e+00;1.00000e+00;1.00000e+00;82;9.99995e-01;1.00657e+00;6.34524e-06
nav-lives;me-mlp;5;[8];296;29600;29600;2.57309e+02;23;1;1;1.00000e+00;1.00000e+00;1.00000e+00;82;9.99995e-01;1.00657e+00;6.34524e-06
nav-lives;me-mlp;5;[8];297;29700;29700;2.58175e+02;23;1;1;1.00000e+00;1.00000e+00;1.00000e+00;82;9.99995e-01;1.00657e+00;6.34524e-06
nav-lives;me-mlp;5;[8];298;29800;29800;2.59051e+02;23;1;1;1.00000e+00;1.00000e+00;1.00000e+00;82;9.99995e-01;1.00657e+00;6.34524e-06
nav-lives;me-mlp;5;[8];299;29900;29900;2.59924e+02;23;1;1;1.00000e+00;1.00000e+00;1.00000e+00;82;9.99995e-01;1.00657e+00;6.34524e-06
nav-lives;me-mlp;5;[8];300;30000;30000;2.60806e+02;23;1;1;1.00000e+00;1.00000e+00;1.00000e+00;82;9.99995e-01;1.00657e+00;6.34524e-06
nav-lives;me-mlp;5;[8];301;30100;30100;2.61695e+02;23;1;1;1.00000e+00;1.00000e+00;1.00000e+00;82;9.99995e-01;1.00657e+00;6.34524e-06
nav-lives;me-mlp;5;[8];302;30200;30200;2.62569e+02;23;1;1;1.00000e+00;1.00000e+00;1.00000e+00;82;9.99995e-01;1.00657e+00;6.34524e-06
nav-lives;me-mlp;5;[8];303;30300;30300;2.63452e+02;23;1;1;1.00000e+00;1.00000e+00;1.00000e+00;82;9.99995e-01;1.00657e+00;6.34524e-06
nav-lives;me-mlp;5;[8];304;30400;30400;2.64337e+02;23;1;1;1.00000e+00;1.00000e+00;1.00000e+00;82;9.99995e-01;1.00657e+00;6.34524e-06
nav-lives;me-mlp;5;[8];305;30500;30500;2.65201e+02;23;1;1;1.00000e+00;1.00000e+00;1.00000e+00;82;9.99995e-01;1.00657e+00;6.34524e-06
nav-lives;me-mlp;5;[8];306;30600;30600;2.66078e+02;23;1;1;1.00000e+00;1.00000e+00;1.00000e+00;82;9.99995e-01;1.00657e+00;6.34524e-06
nav-lives;me-mlp;5;[8];307;30700;30700;2.66947e+02;23;1;1;1.00000e+00;1.00000e+00;1.00000e+00;82;9.99995e-01;1.00657e+00;6.34524e-06
nav-lives;me-mlp;5;[8];308;30800;30800;2.67813e+02;23;1;1;1.00000e+00;1.00000e+00;1.00000e+00;82;9.99995e-01;1.00657e+00;6.34524e-06
nav-lives;me-mlp;5;[8];309;30900;30900;2.68678e+02;23;1;1;1.00000e+00;1.00000e+00;1.00000e+00;82;9.99995e-01;1.00657e+00;6.34524e-06
nav-lives;me-mlp;5;[8];310;31000;31000;2.69553e+02;23;1;1;1.00000e+00;1.00000e+00;1.00000e+00;82;9.99995e-01;1.00657e+00;6.34524e-06
nav-lives;me-mlp;5;[8];311;31100;31100;2.70424e+02;23;1;1;1.00000e+00;1.00000e+00;1.00000e+00;82;9.99995e-01;1.00657e+00;6.34524e-06
nav-lives;me-mlp;5;[8];312;31200;31200;2.71289e+02;23;1;1;1.00000e+00;1.00000e+00;1.00000e+00;82;1.00000e+00;1.00552e+00;3.99666e-04
nav-lives;me-mlp;5;[8];313;31300;31300;2.72156e+02;23;1;1;1.00000e+00;1.00000e+00;1.00000e+00;82;1.00000e+00;1.00552e+00;3.99666e-04
nav-lives;me-mlp;5;[8];314;31400;31400;2.73022e+02;23;1;1;1.00000e+00;1.00000e+00;1.00000e+00;82;1.00000e+00;1.00552e+00;3.99666e-04
nav-lives;me-mlp;5;[8];315;31500;31500;2.73897e+02;23;1;1;1.00000e+00;1.00000e+00;1.00000e+00;82;1.00000e+00;1.00552e+00;3.99666e-04
nav-lives;me-mlp;5;[8];316;31600;31600;2.74760e+02;23;1;1;1.00000e+00;1.00000e+00;1.00000e+00;82;1.00000e+00;1.00552e+00;3.99666e-04
nav-lives;me-mlp;5;[8];317;31700;31700;2.75631e+02;23;1;1;1.00000e+00;1.00000e+00;1.00000e+00;82;1.00000e+00;1.00552e+00;3.99666e-04
nav-lives;me-mlp;5;[8];318;31800;31800;2.76504e+02;23;1;1;1.00000e+00;1.00000e+00;1.00000e+00;82;1.00000e+00;1.00552e+00;3.99666e-04
nav-lives;me-mlp;5;[8];319;31900;31900;2.77397e+02;23;1;1;1.00000e+00;1.00000e+00;1.00000e+00;82;1.00000e+00;1.00552e+00;3.99666e-04
nav-lives;me-mlp;5;[8];320;32000;32000;2.78267e+02;23;1;1;1.00000e+00;1.00000e+00;1.00000e+00;82;1.00000e+00;1.00552e+00;3.99666e-04
nav-lives;me-mlp;5;[8];321;32100;32100;2.79145e+02;23;1;1;1.00000e+00;1.00000e+00;1.00000e+00;82;1.00000e+00;1.00552e+00;3.99666e-04
nav-lives;me-mlp;5;[8];322;32200;32200;2.80016e+02;23;1;1;1.00000e+00;1.00000e+00;1.00000e+00;82;1.00000e+00;1.00552e+00;3.99666e-04
nav-lives;me-mlp;5;[8];323;32300;32300;2.80897e+02;23;1;1;1.00000e+00;1.00000e+00;1.00000e+00;82;1.00000e+00;1.00552e+00;3.99666e-04
nav-lives;me-mlp;5;[8];324;32400;32400;2.81804e+02;23;1;1;1.00000e+00;1.00000e+00;1.00000e+00;82;1.00000e+00;1.00552e+00;3.99666e-04
nav-lives;me-mlp;5;[8];325;32500;32500;2.82681e+02;23;1;1;1.00000e+00;1.00000e+00;1.00000e+00;82;1.00000e+00;1.00552e+00;3.99666e-04
nav-lives;me-mlp;5;[8];326;32600;32600;2.83551e+02;23;1;1;1.00000e+00;1.00000e+00;1.00000e+00;82;1.00000e+00;1.00552e+00;3.99666e-04
nav-lives;me-mlp;5;[8];327;32700;32700;2.84419e+02;23;1;1;1.00000e+00;1.00000e+00;1.00000e+00;82;1.00000e+00;1.00552e+00;3.99666e-04
nav-lives;me-mlp;5;[8];328;32800;32800;2.85289e+02;23;1;1;1.00000e+00;1.00000e+00;1.00000e+00;82;1.00000e+00;1.00552e+00;3.99666e-04
nav-lives;me-mlp;5;[8];329;32900;32900;2.86160e+02;23;1;1;1.00000e+00;1.00000e+00;1.00000e+00;82;1.00000e+00;1.00552e+00;3.99666e-04
nav-lives;me-mlp;5;[8];330;33000;33000;2.87040e+02;23;1;1;1.00000e+00;1.00000e+00;1.00000e+00;82;1.00000e+00;1.00552e+00;3.99666e-04
nav-lives;me-mlp;5;[8];331;33100;33100;2.87929e+02;23;1;1;1.00000e+00;1.00000e+00;1.00000e+00;82;1.00000e+00;1.00552e+00;3.99666e-04
nav-lives;me-mlp;5;[8];332;33200;33200;2.88810e+02;23;1;1;1.00000e+00;1.00000e+00;1.00000e+00;82;1.00000e+00;1.00552e+00;3.99666e-04
nav-lives;me-mlp;5;[8];333;33300;33300;2.89684e+02;23;1;1;1.00000e+00;1.00000e+00;1.00000e+00;82;1.00000e+00;1.00552e+00;3.99666e-04
nav-lives;me-mlp;5;[8];334;33400;33400;2.90548e+02;23;1;1;1.00000e+00;1.00000e+00;1.00000e+00;82;1.00000e+00;1.00552e+00;3.99666e-04
nav-lives;me-mlp;5;[8];335;33500;33500;2.91414e+02;23;1;1;1.00000e+00;1.00000e+00;1.00000e+00;82;1.00000e+00;1.00552e+00;3.99666e-04
nav-lives;me-mlp;5;[8];336;33600;33600;2.92308e+02;23;1;1;1.00000e+00;1.00000e+00;1.00000e+00;82;1.00000e+00;1.00552e+00;3.99666e-04
nav-lives;me-mlp;5;[8];337;33700;33700;2.93183e+02;23;1;1;1.00000e+00;1.00000e+00;1.00000e+00;82;1.00000e+00;1.00552e+00;3.99666e-04
nav-lives;me-mlp;5;[8];338;33800;33800;2.94057e+02;23;1;1;1.00000e+00;1.00000e+00;1.00000e+00;82;1.00000e+00;1.00552e+00;3.99666e-04
nav-lives;me-mlp;5;[8];339;33900;33900;2.94928e+02;23;1;1;1.00000e+00;1.00000e+00;1.00000e+00;82;1.00000e+00;1.00552e+00;3.99666e-04
nav-lives;me-mlp;5;[8];340;34000;34000;2.95810e+02;23;1;1;1.00000e+00;1.00000e+00;1.00000e+00;82;1.00000e+00;1.00552e+00;3.99666e-04
nav-lives;me-mlp;5;[8];341;34100;34100;2.96676e+02;23;1;1;1.00000e+00;1.00000e+00;1.00000e+00;82;1.00000e+00;1.00552e+00;3.99666e-04
nav-lives;me-mlp;5;[8];342;34200;34200;2.97541e+02;23;1;1;1.00000e+00;1.00000e+00;1.00000e+00;82;1.00000e+00;1.00552e+00;3.99666e-04
nav-lives;me-mlp;5;[8];343;34300;34300;2.98418e+02;23;1;1;1.00000e+00;1.00000e+00;1.00000e+00;82;1.00000e+00;1.00552e+00;3.99666e-04
nav-lives;me-mlp;5;[8];344;34400;34400;2.99296e+02;23;1;1;1.00000e+00;1.00000e+00;1.00000e+00;82;1.00000e+00;1.00552e+00;3.99666e-04
nav-lives;me-mlp;5;[8];345;34500;34500;3.00146e+02;23;1;1;1.00000e+00;1.00000e+00;1.00000e+00;82;1.00000e+00;1.00552e+00;3.99666e-04
nav-lives;me-mlp;5;[8];346;34600;34600;3.01012e+02;23;1;1;1.00000e+00;1.00000e+00;1.00000e+00;82;1.00000e+00;1.00552e+00;3.99666e-04
nav-lives;me-mlp;5;[8];347;34700;34700;3.01874e+02;23;1;1;1.00000e+00;1.00000e+00;1.00000e+00;82;1.00000e+00;1.00552e+00;3.99666e-04
nav-lives;me-mlp;5;[8];348;34800;34800;3.02737e+02;23;1;1;1.00000e+00;1.00000e+00;1.00000e+00;82;1.00000e+00;1.00552e+00;3.99666e-04
nav-lives;me-mlp;5;[8];349;34900;34900;3.03613e+02;23;1;1;1.00000e+00;1.00000e+00;1.00000e+00;82;1.00000e+00;1.00552e+00;3.99666e-04
nav-lives;me-mlp;5;[8];350;35000;35000;3.04480e+02;23;1;1;1.00000e+00;1.00000e+00;1.00000e+00;82;1.00000e+00;1.00552e+00;3.99666e-04
nav-lives;me-mlp;5;[8];351;35100;35100;3.05359e+02;23;1;1;1.00000e+00;1.00000e+00;1.00000e+00;82;1.00000e+00;1.00552e+00;3.99666e-04
nav-lives;me-mlp;5;[8];352;35200;35200;3.06236e+02;23;1;1;1.00000e+00;1.00000e+00;1.00000e+00;82;1.00000e+00;1.00552e+00;3.99666e-04
nav-lives;me-mlp;5;[8];353;35300;35300;3.07105e+02;23;1;1;1.00000e+00;1.00000e+00;1.00000e+00;82;1.00000e+00;1.00552e+00;3.99666e-04
nav-lives;me-mlp;5;[8];354;35400;35400;3.07973e+02;23;1;1;1.00000e+00;1.00000e+00;1.00000e+00;82;1.00000e+00;1.00552e+00;3.99666e-04
nav-lives;me-mlp;5;[8];355;35500;35500;3.08859e+02;23;1;1;1.00000e+00;1.00000e+00;1.00000e+00;82;1.00000e+00;1.00552e+00;3.99666e-04
nav-lives;me-mlp;5;[8];356;35600;35600;3.09736e+02;23;1;1;1.00000e+00;1.00000e+00;1.00000e+00;82;1.00000e+00;1.00552e+00;3.99666e-04
nav-lives;me-mlp;5;[8];357;35700;35700;3.10591e+02;23;1;1;1.00000e+00;1.00000e+00;1.00000e+00;82;1.00000e+00;1.00552e+00;3.99666e-04
nav-lives;me-mlp;5;[8];358;35800;35800;3.11473e+02;23;1;1;1.00000e+00;1.00000e+00;1.00000e+00;82;1.00000e+00;1.00552e+00;3.99666e-04
nav-lives;me-mlp;5;[8];359;35900;35900;3.12346e+02;23;1;1;1.00000e+00;1.00000e+00;1.00000e+00;82;1.00000e+00;1.00552e+00;3.99666e-04
nav-lives;me-mlp;5;[8];360;36000;36000;3.13218e+02;23;1;1;1.00000e+00;1.00000e+00;1.00000e+00;82;1.00000e+00;1.00552e+00;3.99666e-04
nav-lives;me-mlp;5;[8];361;36100;36100;3.14085e+02;23;1;1;1.00000e+00;1.00000e+00;1.00000e+00;82;1.00000e+00;1.00552e+00;3.99666e-04
nav-lives;me-mlp;5;[8];362;36200;36200;3.14949e+02;23;1;1;1.00000e+00;1.00000e+00;1.00000e+00;82;1.00000e+00;1.00552e+00;3.99666e-04
nav-lives;me-mlp;5;[8];363;36300;36300;3.15819e+02;23;1;1;1.00000e+00;1.00000e+00;1.00000e+00;82;1.00000e+00;1.00552e+00;3.99666e-04
nav-lives;me-mlp;5;[8];364;36400;36400;3.16688e+02;23;1;1;1.00000e+00;1.00000e+00;1.00000e+00;82;1.00000e+00;1.00552e+00;3.99666e-04
nav-lives;me-mlp;5;[8];365;36500;36500;3.17575e+02;23;1;1;1.00000e+00;1.00000e+00;1.00000e+00;82;1.00000e+00;1.00552e+00;3.99666e-04
nav-lives;me-mlp;5;[8];366;36600;36600;3.18443e+02;23;1;1;1.00000e+00;1.00000e+00;1.00000e+00;82;1.00000e+00;1.00552e+00;3.99666e-04
nav-lives;me-mlp;5;[8];367;36700;36700;3.19326e+02;23;1;1;1.00000e+00;1.00000e+00;1.00000e+00;82;1.00000e+00;1.00552e+00;3.99666e-04
nav-lives;me-mlp;5;[8];368;36800;36800;3.20179e+02;23;1;1;1.00000e+00;1.00000e+00;1.00000e+00;82;1.00000e+00;1.00593e+00;5.48196e-04
nav-lives;me-mlp;5;[8];369;36900;36900;3.21055e+02;23;1;1;1.00000e+00;1.00000e+00;1.00000e+00;82;1.00000e+00;1.00593e+00;5.48196e-04
nav-lives;me-mlp;5;[8];370;37000;37000;3.21940e+02;23;1;1;1.00000e+00;1.00000e+00;1.00000e+00;82;1.00000e+00;1.00593e+00;5.48196e-04
nav-lives;me-mlp;5;[8];371;37100;37100;3.22836e+02;23;1;1;1.00000e+00;1.00000e+00;1.00000e+00;82;1.00000e+00;1.00593e+00;5.48196e-04
nav-lives;me-mlp;5;[8];372;37200;37200;3.23736e+02;23;1;1;1.00000e+00;1.00000e+00;1.00000e+00;82;1.00000e+00;1.00593e+00;5.48196e-04
nav-lives;me-mlp;5;[8];373;37300;37300;3.24608e+02;23;1;1;1.00000e+00;1.00000e+00;1.00000e+00;82;1.00000e+00;1.00593e+00;5.48196e-04
nav-lives;me-mlp;5;[8];374;37400;37400;3.25501e+02;23;1;1;1.00000e+00;1.00000e+00;1.00000e+00;82;1.00000e+00;1.00593e+00;5.48196e-04
nav-lives;me-mlp;5;[8];375;37500;37500;3.26403e+02;23;1;1;1.00000e+00;1.00000e+00;1.00000e+00;82;1.00000e+00;1.00593e+00;5.48196e-04
nav-lives;me-mlp;5;[8];376;37600;37600;3.27278e+02;23;1;1;1.00000e+00;1.00000e+00;1.00000e+00;82;1.00000e+00;1.00593e+00;5.48196e-04
nav-lives;me-mlp;5;[8];377;37700;37700;3.28148e+02;23;1;1;1.00000e+00;1.00000e+00;1.00000e+00;82;1.00000e+00;1.00593e+00;5.48196e-04
nav-lives;me-mlp;5;[8];378;37800;37800;3.29032e+02;23;1;1;1.00000e+00;1.00000e+00;1.00000e+00;82;1.00000e+00;1.00593e+00;5.48196e-04
nav-lives;me-mlp;5;[8];379;37900;37900;3.29912e+02;23;1;1;1.00000e+00;1.00000e+00;1.00000e+00;82;1.00000e+00;1.00593e+00;5.48196e-04
nav-lives;me-mlp;5;[8];380;38000;38000;3.30783e+02;23;1;1;1.00000e+00;1.00000e+00;1.00000e+00;82;1.00000e+00;1.00593e+00;5.48196e-04
nav-lives;me-mlp;5;[8];381;38100;38100;3.31658e+02;23;1;1;1.00000e+00;1.00000e+00;1.00000e+00;82;1.00000e+00;1.00593e+00;5.48196e-04
nav-lives;me-mlp;5;[8];382;38200;38200;3.32533e+02;23;1;1;1.00000e+00;1.00000e+00;1.00000e+00;82;1.00000e+00;1.00593e+00;5.48196e-04
nav-lives;me-mlp;5;[8];383;38300;38300;3.33410e+02;23;1;1;1.00000e+00;1.00000e+00;1.00000e+00;82;1.00000e+00;1.00593e+00;5.48196e-04
nav-lives;me-mlp;5;[8];384;38400;38400;3.34285e+02;23;1;1;1.00000e+00;1.00000e+00;1.00000e+00;82;1.00000e+00;1.00593e+00;5.48196e-04
nav-lives;me-mlp;5;[8];385;38500;38500;3.35166e+02;23;1;1;1.00000e+00;1.00000e+00;1.00000e+00;82;1.00000e+00;1.00593e+00;5.48196e-04
nav-lives;me-mlp;5;[8];386;38600;38600;3.36044e+02;23;1;1;1.00000e+00;1.00000e+00;1.00000e+00;82;1.00000e+00;1.00593e+00;5.48196e-04
nav-lives;me-mlp;5;[8];387;38700;38700;3.36952e+02;23;1;1;1.00000e+00;1.00000e+00;1.00000e+00;82;1.00000e+00;1.00593e+00;5.48196e-04
nav-lives;me-mlp;5;[8];388;38800;38800;3.57756e+02;23;1;1;1.00000e+00;1.00000e+00;1.00000e+00;82;1.00000e+00;1.00593e+00;5.48196e-04
nav-lives;me-mlp;5;[8];389;38900;38900;3.59042e+02;23;1;1;1.00000e+00;1.00000e+00;1.00000e+00;82;1.00000e+00;1.00593e+00;5.48196e-04
nav-lives;me-mlp;5;[8];390;39000;39000;3.60074e+02;23;1;1;1.00000e+00;1.00000e+00;1.00000e+00;82;1.00000e+00;1.00593e+00;5.48196e-04
nav-lives;me-mlp;5;[8];391;39100;39100;3.61038e+02;23;1;1;1.00000e+00;1.00000e+00;1.00000e+00;82;1.00000e+00;1.00593e+00;5.48196e-04
nav-lives;me-mlp;5;[8];392;39200;39200;3.61718e+02;23;1;1;1.00000e+00;1.00000e+00;1.00000e+00;82;1.00000e+00;1.00593e+00;5.48196e-04
nav-lives;me-mlp;5;[8];393;39300;39300;3.62365e+02;23;1;1;1.00000e+00;1.00000e+00;1.00000e+00;82;1.00000e+00;1.00593e+00;5.48196e-04
nav-lives;me-mlp;5;[8];394;39400;39400;3.62989e+02;23;1;1;1.00000e+00;1.00000e+00;1.00000e+00;82;1.00000e+00;1.00593e+00;5.48196e-04
nav-lives;me-mlp;5;[8];395;39500;39500;3.63639e+02;23;1;1;1.00000e+00;1.00000e+00;1.00000e+00;82;1.00000e+00;1.00593e+00;5.48196e-04
nav-lives;me-mlp;5;[8];396;39600;39600;3.64297e+02;23;1;1;1.00000e+00;1.00000e+00;1.00000e+00;82;1.00000e+00;1.00593e+00;5.48196e-04
nav-lives;me-mlp;5;[8];397;39700;39700;3.64973e+02;23;1;1;1.00000e+00;1.00000e+00;1.00000e+00;82;1.00000e+00;1.00593e+00;5.48196e-04
nav-lives;me-mlp;5;[8];398;39800;39800;3.65643e+02;23;1;1;1.00000e+00;1.00000e+00;1.00000e+00;82;1.00000e+00;1.00593e+00;5.48196e-04
nav-lives;me-mlp;5;[8];399;39900;39900;3.66327e+02;23;1;1;1.00000e+00;1.00000e+00;1.00000e+00;82;1.00000e+00;1.00593e+00;5.48196e-04
nav-lives;me-mlp;5;[8];400;40000;40000;3.67020e+02;23;1;1;1.00000e+00;1.00000e+00;1.00000e+00;82;1.00000e+00;1.00593e+00;5.48196e-04
