n.evals.q.1.0.	nav.lives._.me.hebbian.network.best.quality.maturePerformance	nav.lives._.me.hebbian.network.best.quality.maturePerformance.min	nav.lives._.me.hebbian.network.best.quality.maturePerformance.max	nav.lives._.me.hebbian.layer.best.quality.maturePerformance	nav.lives._.me.hebbian.layer.best.quality.maturePerformance.min	nav.lives._.me.hebbian.layer.best.quality.maturePerformance.max	nav.lives._.me.hebbian.neuron.best.quality.maturePerformance	nav.lives._.me.hebbian.neuron.best.quality.maturePerformance.min	nav.lives._.me.hebbian.neuron.best.quality.maturePerformance.max	nav.lives._.me.hebbian.synapse.best.quality.maturePerformance	nav.lives._.me.hebbian.synapse.best.quality.maturePerformance.min	nav.lives._.me.hebbian.synapse.best.quality.maturePerformance.max	nav.lives._.me.freeForm.best.quality.maturePerformance	nav.lives._.me.freeForm.best.quality.maturePerformance.min	nav.lives._.me.freeForm.best.quality.maturePerformance.max
1.000e+02	-6.197e-03	-6.198e-03	-6.197e-03	-6.197e-03	-6.197e-03	-6.196e-03	-6.169e-03	-6.176e-03	-6.167e-03	-6.183e-03	-6.185e-03	-6.182e-03	-6.157e-03	-6.198e-03	-6.050e-03
2.000e+02	-6.194e-03	-6.197e-03	-6.194e-03	-6.197e-03	-6.197e-03	-6.196e-03	-6.090e-03	-6.106e-03	-6.059e-03	-6.153e-03	-6.160e-03	-6.153e-03	-5.925e-03	-6.164e-03	-5.817e-03
3.000e+02	-6.194e-03	-6.196e-03	-6.190e-03	-6.196e-03	-6.197e-03	-6.193e-03	-5.966e-03	-5.997e-03	-5.927e-03	-6.119e-03	-6.121e-03	-6.112e-03	-5.874e-03	-6.115e-03	-5.759e-03
4.000e+02	-6.193e-03	-6.194e-03	-6.190e-03	-6.193e-03	-6.196e-03	-6.188e-03	-5.871e-03	-5.905e-03	-5.839e-03	-6.060e-03	-6.073e-03	-6.056e-03	-5.759e-03	-5.956e-03	-4.982e-03
5.000e+02	-6.193e-03	-6.194e-03	-6.190e-03	-6.193e-03	-6.196e-03	-6.188e-03	-5.798e-03	-5.823e-03	-5.789e-03	-6.013e-03	-6.023e-03	-6.009e-03	-5.412e-03	-5.815e-03	-4.850e-03
6.000e+02	-6.193e-03	-6.194e-03	-6.190e-03	-6.192e-03	-6.196e-03	-6.188e-03	-5.747e-03	-5.769e-03	-5.735e-03	-5.965e-03	-5.974e-03	-5.961e-03	-5.412e-03	-5.792e-03	-4.850e-03
7.000e+02	-6.193e-03	-6.194e-03	-6.190e-03	-6.188e-03	-6.196e-03	-6.186e-03	-5.707e-03	-5.722e-03	-5.697e-03	-5.915e-03	-5.925e-03	-5.903e-03	-5.412e-03	-5.670e-03	-4.850e-03
8.000e+02	-6.193e-03	-6.194e-03	-6.190e-03	-6.188e-03	-6.195e-03	-6.184e-03	-5.661e-03	-5.696e-03	-5.653e-03	-5.864e-03	-5.884e-03	-5.854e-03	-5.318e-03	-5.670e-03	-4.850e-03
9.000e+02	-6.190e-03	-6.194e-03	-6.185e-03	-6.188e-03	-6.195e-03	-6.184e-03	-5.621e-03	-5.675e-03	-5.616e-03	-5.826e-03	-5.845e-03	-5.815e-03	-5.318e-03	-5.584e-03	-4.850e-03
1.000e+03	-6.187e-03	-6.194e-03	-6.185e-03	-6.188e-03	-6.195e-03	-6.184e-03	-5.580e-03	-5.647e-03	-5.577e-03	-5.790e-03	-5.814e-03	-5.778e-03	-5.318e-03	-5.584e-03	-4.850e-03
1.100e+03	-6.187e-03	-6.194e-03	-6.185e-03	-6.188e-03	-6.195e-03	-6.184e-03	-5.564e-03	-5.594e-03	-5.556e-03	-5.751e-03	-5.775e-03	-5.742e-03	-5.316e-03	-5.584e-03	-4.850e-03
1.200e+03	-6.187e-03	-6.194e-03	-6.185e-03	-6.188e-03	-6.195e-03	-6.184e-03	-5.547e-03	-5.574e-03	-5.523e-03	-5.715e-03	-5.744e-03	-5.702e-03	-5.281e-03	-5.560e-03	-4.850e-03
1.300e+03	-6.187e-03	-6.193e-03	-6.185e-03	-6.188e-03	-6.192e-03	-6.178e-03	-5.537e-03	-5.541e-03	-5.479e-03	-5.693e-03	-5.714e-03	-5.666e-03	-5.235e-03	-5.560e-03	-4.850e-03
1.400e+03	-6.187e-03	-6.193e-03	-6.185e-03	-6.188e-03	-6.192e-03	-6.175e-03	-5.497e-03	-5.520e-03	-5.458e-03	-5.653e-03	-5.686e-03	-5.642e-03	-5.235e-03	-5.560e-03	-4.850e-03
1.500e+03	-6.187e-03	-6.193e-03	-6.184e-03	-6.186e-03	-6.192e-03	-6.172e-03	-5.475e-03	-5.489e-03	-5.432e-03	-5.622e-03	-5.660e-03	-5.605e-03	-5.235e-03	-5.560e-03	-4.850e-03
1.600e+03	-6.187e-03	-6.193e-03	-6.184e-03	-6.186e-03	-6.192e-03	-6.168e-03	-5.453e-03	-5.476e-03	-5.399e-03	-5.598e-03	-5.628e-03	-5.586e-03	-5.235e-03	-5.560e-03	-4.850e-03
1.700e+03	-6.187e-03	-6.193e-03	-6.184e-03	-6.186e-03	-6.192e-03	-6.168e-03	-5.418e-03	-5.456e-03	-5.377e-03	-5.573e-03	-5.605e-03	-5.563e-03	-5.235e-03	-5.560e-03	-4.804e-03
1.800e+03	-6.187e-03	-6.192e-03	-6.184e-03	-6.179e-03	-6.191e-03	-6.168e-03	-5.384e-03	-5.432e-03	-5.363e-03	-5.547e-03	-5.577e-03	-5.530e-03	-4.966e-03	-5.555e-03	-4.804e-03
1.900e+03	-6.185e-03	-6.192e-03	-6.183e-03	-6.179e-03	-6.191e-03	-6.168e-03	-5.366e-03	-5.424e-03	-5.331e-03	-5.528e-03	-5.552e-03	-5.508e-03	-4.965e-03	-5.555e-03	-4.797e-03
2.000e+03	-6.185e-03	-6.192e-03	-6.183e-03	-6.179e-03	-6.188e-03	-6.168e-03	-5.347e-03	-5.424e-03	-5.317e-03	-5.499e-03	-5.528e-03	-5.479e-03	-4.965e-03	-5.555e-03	-4.771e-03
2.100e+03	-6.185e-03	-6.192e-03	-6.183e-03	-6.179e-03	-6.188e-03	-6.167e-03	-5.333e-03	-5.416e-03	-5.306e-03	-5.477e-03	-5.514e-03	-5.456e-03	-4.965e-03	-5.412e-03	-4.771e-03
2.200e+03	-6.185e-03	-6.192e-03	-6.182e-03	-6.179e-03	-6.188e-03	-6.167e-03	-5.304e-03	-5.411e-03	-5.284e-03	-5.457e-03	-5.491e-03	-5.442e-03	-4.964e-03	-5.412e-03	-4.771e-03
2.300e+03	-6.185e-03	-6.192e-03	-6.182e-03	-6.179e-03	-6.188e-03	-6.167e-03	-5.284e-03	-5.396e-03	-5.269e-03	-5.435e-03	-5.480e-03	-5.408e-03	-4.964e-03	-5.412e-03	-4.771e-03
2.400e+03	-6.185e-03	-6.192e-03	-6.182e-03	-6.179e-03	-6.188e-03	-6.167e-03	-5.272e-03	-5.347e-03	-5.235e-03	-5.409e-03	-5.454e-03	-5.396e-03	-4.964e-03	-5.412e-03	-4.771e-03
2.500e+03	-6.185e-03	-6.191e-03	-6.182e-03	-6.168e-03	-6.188e-03	-6.151e-03	-5.244e-03	-5.329e-03	-5.207e-03	-5.391e-03	-5.424e-03	-5.360e-03	-4.964e-03	-5.235e-03	-4.771e-03
2.600e+03	-6.184e-03	-6.191e-03	-6.182e-03	-6.168e-03	-6.188e-03	-6.151e-03	-5.229e-03	-5.329e-03	-5.206e-03	-5.373e-03	-5.408e-03	-5.338e-03	-4.964e-03	-5.235e-03	-4.771e-03
2.700e+03	-6.184e-03	-6.191e-03	-6.182e-03	-6.168e-03	-6.188e-03	-6.151e-03	-5.229e-03	-5.329e-03	-5.194e-03	-5.341e-03	-5.393e-03	-5.314e-03	-4.964e-03	-5.188e-03	-4.771e-03
2.800e+03	-6.184e-03	-6.191e-03	-6.174e-03	-6.168e-03	-6.188e-03	-6.151e-03	-5.218e-03	-5.320e-03	-5.174e-03	-5.328e-03	-5.365e-03	-5.306e-03	-4.964e-03	-5.188e-03	-4.771e-03
2.900e+03	-6.184e-03	-6.191e-03	-6.165e-03	-6.168e-03	-6.188e-03	-6.139e-03	-5.206e-03	-5.320e-03	-5.164e-03	-5.319e-03	-5.348e-03	-5.258e-03	-4.964e-03	-5.188e-03	-4.766e-03
3.000e+03	-6.184e-03	-6.191e-03	-6.158e-03	-6.168e-03	-6.188e-03	-6.139e-03	-5.188e-03	-5.320e-03	-5.142e-03	-5.304e-03	-5.316e-03	-5.245e-03	-4.964e-03	-5.188e-03	-4.766e-03
3.100e+03	-6.184e-03	-6.191e-03	-6.157e-03	-6.168e-03	-6.188e-03	-6.139e-03	-5.163e-03	-5.320e-03	-5.112e-03	-5.278e-03	-5.301e-03	-5.215e-03	-4.912e-03	-5.188e-03	-4.766e-03
3.200e+03	-6.184e-03	-6.189e-03	-6.157e-03	-6.168e-03	-6.188e-03	-6.123e-03	-5.141e-03	-5.320e-03	-5.104e-03	-5.254e-03	-5.287e-03	-5.193e-03	-4.912e-03	-5.176e-03	-4.766e-03
3.300e+03	-6.184e-03	-6.189e-03	-6.157e-03	-6.166e-03	-6.186e-03	-6.123e-03	-5.140e-03	-5.320e-03	-5.094e-03	-5.240e-03	-5.265e-03	-5.176e-03	-4.912e-03	-5.176e-03	-4.766e-03
3.400e+03	-6.184e-03	-6.189e-03	-6.157e-03	-6.164e-03	-6.186e-03	-6.123e-03	-5.129e-03	-5.320e-03	-5.072e-03	-5.213e-03	-5.251e-03	-5.161e-03	-4.912e-03	-5.176e-03	-4.766e-03
3.500e+03	-6.184e-03	-6.189e-03	-6.157e-03	-6.163e-03	-6.186e-03	-6.121e-03	-5.122e-03	-5.320e-03	-5.072e-03	-5.200e-03	-5.230e-03	-5.142e-03	-4.912e-03	-5.176e-03	-4.766e-03
3.600e+03	-6.184e-03	-6.189e-03	-6.157e-03	-6.163e-03	-6.186e-03	-6.121e-03	-5.101e-03	-5.320e-03	-5.065e-03	-5.177e-03	-5.222e-03	-5.128e-03	-4.912e-03	-5.176e-03	-4.766e-03
3.700e+03	-6.184e-03	-6.189e-03	-6.157e-03	-6.163e-03	-6.186e-03	-6.121e-03	-5.101e-03	-5.320e-03	-5.052e-03	-5.162e-03	-5.212e-03	-5.121e-03	-4.912e-03	-5.176e-03	-4.766e-03
3.800e+03	-6.183e-03	-6.189e-03	-6.157e-03	-6.159e-03	-6.186e-03	-6.121e-03	-5.098e-03	-5.320e-03	-5.040e-03	-5.140e-03	-5.182e-03	-5.099e-03	-4.912e-03	-5.175e-03	-4.766e-03
3.900e+03	-6.182e-03	-6.189e-03	-6.157e-03	-6.159e-03	-6.183e-03	-6.121e-03	-5.080e-03	-5.316e-03	-5.026e-03	-5.126e-03	-5.165e-03	-5.086e-03	-4.850e-03	-5.175e-03	-4.766e-03
4.000e+03	-6.182e-03	-6.189e-03	-6.157e-03	-6.159e-03	-6.183e-03	-6.121e-03	-5.075e-03	-5.316e-03	-5.019e-03	-5.113e-03	-5.144e-03	-5.061e-03	-4.850e-03	-5.175e-03	-4.766e-03
4.100e+03	-6.182e-03	-6.189e-03	-6.157e-03	-6.151e-03	-6.175e-03	-6.121e-03	-5.070e-03	-5.290e-03	-5.007e-03	-5.103e-03	-5.135e-03	-5.055e-03	-4.850e-03	-5.175e-03	-4.766e-03
4.200e+03	-6.182e-03	-6.189e-03	-6.157e-03	-6.151e-03	-6.175e-03	-6.121e-03	-5.054e-03	-5.290e-03	-5.001e-03	-5.083e-03	-5.129e-03	-5.040e-03	-4.850e-03	-5.175e-03	-4.766e-03
4.300e+03	-6.182e-03	-6.189e-03	-6.157e-03	-6.144e-03	-6.175e-03	-6.121e-03	-5.054e-03	-5.290e-03	-4.986e-03	-5.064e-03	-5.116e-03	-5.030e-03	-4.850e-03	-5.175e-03	-4.766e-03
4.400e+03	-6.182e-03	-6.189e-03	-6.131e-03	-6.143e-03	-6.175e-03	-6.121e-03	-5.054e-03	-5.275e-03	-4.983e-03	-5.053e-03	-5.108e-03	-5.023e-03	-4.850e-03	-5.175e-03	-4.766e-03
4.500e+03	-6.182e-03	-6.189e-03	-6.131e-03	-6.143e-03	-6.175e-03	-6.121e-03	-5.054e-03	-5.275e-03	-4.982e-03	-5.041e-03	-5.096e-03	-5.011e-03	-4.850e-03	-5.175e-03	-4.766e-03
4.600e+03	-6.182e-03	-6.189e-03	-6.131e-03	-6.143e-03	-6.175e-03	-6.121e-03	-5.052e-03	-5.275e-03	-4.972e-03	-5.029e-03	-5.078e-03	-5.002e-03	-4.850e-03	-5.144e-03	-4.766e-03
4.700e+03	-6.182e-03	-6.189e-03	-6.131e-03	-6.133e-03	-6.174e-03	-6.121e-03	-5.044e-03	-5.258e-03	-4.972e-03	-5.020e-03	-5.064e-03	-4.994e-03	-4.850e-03	-5.144e-03	-4.766e-03
4.800e+03	-6.182e-03	-6.187e-03	-6.131e-03	-6.122e-03	-6.165e-03	-6.098e-03	-5.039e-03	-5.258e-03	-4.972e-03	-5.006e-03	-5.044e-03	-4.984e-03	-4.850e-03	-5.144e-03	-4.766e-03
4.900e+03	-6.182e-03	-6.187e-03	-6.093e-03	-6.122e-03	-6.165e-03	-6.098e-03	-5.017e-03	-5.258e-03	-4.966e-03	-4.994e-03	-5.032e-03	-4.978e-03	-4.850e-03	-5.144e-03	-4.766e-03
5.000e+03	-6.180e-03	-6.187e-03	-6.093e-03	-6.122e-03	-6.165e-03	-6.098e-03	-4.997e-03	-5.258e-03	-4.963e-03	-4.991e-03	-5.019e-03	-4.973e-03	-4.850e-03	-5.144e-03	-4.766e-03
5.100e+03	-6.180e-03	-6.187e-03	-6.093e-03	-6.122e-03	-6.165e-03	-6.098e-03	-4.991e-03	-5.258e-03	-4.951e-03	-4.981e-03	-5.006e-03	-4.969e-03	-4.850e-03	-5.144e-03	-4.766e-03
5.200e+03	-6.180e-03	-6.187e-03	-6.093e-03	-6.122e-03	-6.165e-03	-6.098e-03	-4.977e-03	-5.226e-03	-4.949e-03	-4.968e-03	-5.000e-03	-4.963e-03	-4.850e-03	-5.144e-03	-4.766e-03
5.300e+03	-6.178e-03	-6.187e-03	-6.093e-03	-6.122e-03	-6.165e-03	-6.098e-03	-4.977e-03	-5.226e-03	-4.949e-03	-4.963e-03	-4.995e-03	-4.956e-03	-4.850e-03	-5.144e-03	-4.766e-03
5.400e+03	-6.178e-03	-6.187e-03	-6.093e-03	-6.122e-03	-6.165e-03	-6.086e-03	-4.975e-03	-5.226e-03	-4.946e-03	-4.958e-03	-4.985e-03	-4.948e-03	-4.850e-03	-5.144e-03	-4.763e-03
5.500e+03	-6.176e-03	-6.187e-03	-6.093e-03	-6.122e-03	-6.165e-03	-6.086e-03	-4.975e-03	-5.226e-03	-4.941e-03	-4.949e-03	-4.982e-03	-4.944e-03	-4.850e-03	-5.144e-03	-4.763e-03
5.600e+03	-6.176e-03	-6.187e-03	-6.093e-03	-6.122e-03	-6.165e-03	-6.086e-03	-4.975e-03	-5.226e-03	-4.936e-03	-4.944e-03	-4.975e-03	-4.939e-03	-4.850e-03	-5.144e-03	-4.763e-03
5.700e+03	-6.176e-03	-6.187e-03	-6.093e-03	-6.122e-03	-6.165e-03	-6.086e-03	-4.970e-03	-5.226e-03	-4.924e-03	-4.944e-03	-4.965e-03	-4.938e-03	-4.850e-03	-5.134e-03	-4.763e-03
5.800e+03	-6.176e-03	-6.187e-03	-6.093e-03	-6.122e-03	-6.165e-03	-6.086e-03	-4.970e-03	-5.223e-03	-4.924e-03	-4.944e-03	-4.961e-03	-4.931e-03	-4.850e-03	-5.134e-03	-4.763e-03
5.900e+03	-6.168e-03	-6.187e-03	-6.093e-03	-6.113e-03	-6.165e-03	-6.086e-03	-4.970e-03	-5.185e-03	-4.923e-03	-4.943e-03	-4.954e-03	-4.929e-03	-4.850e-03	-5.134e-03	-4.763e-03
6.000e+03	-6.168e-03	-6.187e-03	-6.093e-03	-6.113e-03	-6.165e-03	-6.086e-03	-4.970e-03	-5.185e-03	-4.914e-03	-4.935e-03	-4.950e-03	-4.923e-03	-4.850e-03	-5.134e-03	-4.763e-03
6.100e+03	-6.168e-03	-6.187e-03	-6.093e-03	-6.113e-03	-6.165e-03	-6.049e-03	-4.969e-03	-5.185e-03	-4.913e-03	-4.932e-03	-4.944e-03	-4.919e-03	-4.850e-03	-5.134e-03	-4.763e-03
6.200e+03	-6.168e-03	-6.187e-03	-6.093e-03	-6.113e-03	-6.165e-03	-6.049e-03	-4.967e-03	-5.183e-03	-4.904e-03	-4.928e-03	-4.938e-03	-4.910e-03	-4.850e-03	-5.134e-03	-4.763e-03
6.300e+03	-6.168e-03	-6.187e-03	-6.093e-03	-6.113e-03	-6.165e-03	-6.049e-03	-4.954e-03	-5.183e-03	-4.899e-03	-4.918e-03	-4.933e-03	-4.910e-03	-4.850e-03	-5.134e-03	-4.763e-03
6.400e+03	-6.168e-03	-6.187e-03	-6.093e-03	-6.113e-03	-6.165e-03	-6.049e-03	-4.952e-03	-5.183e-03	-4.892e-03	-4.915e-03	-4.930e-03	-4.904e-03	-4.850e-03	-5.134e-03	-4.763e-03
6.500e+03	-6.168e-03	-6.187e-03	-6.093e-03	-6.113e-03	-6.165e-03	-6.049e-03	-4.946e-03	-5.183e-03	-4.892e-03	-4.912e-03	-4.930e-03	-4.901e-03	-4.850e-03	-5.134e-03	-4.763e-03
6.600e+03	-6.168e-03	-6.187e-03	-6.093e-03	-6.113e-03	-6.165e-03	-6.049e-03	-4.940e-03	-5.183e-03	-4.890e-03	-4.907e-03	-4.929e-03	-4.899e-03	-4.850e-03	-5.134e-03	-4.763e-03
6.700e+03	-6.168e-03	-6.187e-03	-6.093e-03	-6.109e-03	-6.165e-03	-6.049e-03	-4.929e-03	-5.183e-03	-4.887e-03	-4.906e-03	-4.925e-03	-4.898e-03	-4.800e-03	-5.134e-03	-4.763e-03
6.800e+03	-6.168e-03	-6.187e-03	-6.093e-03	-6.096e-03	-6.165e-03	-6.049e-03	-4.927e-03	-5.183e-03	-4.885e-03	-4.903e-03	-4.922e-03	-4.893e-03	-4.800e-03	-5.134e-03	-4.763e-03
6.900e+03	-6.168e-03	-6.187e-03	-6.093e-03	-6.096e-03	-6.161e-03	-6.049e-03	-4.923e-03	-5.183e-03	-4.883e-03	-4.901e-03	-4.917e-03	-4.889e-03	-4.800e-03	-5.134e-03	-4.763e-03
7.000e+03	-6.168e-03	-6.187e-03	-6.093e-03	-6.096e-03	-6.148e-03	-6.049e-03	-4.920e-03	-5.183e-03	-4.879e-03	-4.901e-03	-4.909e-03	-4.885e-03	-4.800e-03	-5.134e-03	-4.763e-03
7.100e+03	-6.168e-03	-6.187e-03	-6.093e-03	-6.081e-03	-6.124e-03	-6.049e-03	-4.911e-03	-5.161e-03	-4.879e-03	-4.897e-03	-4.906e-03	-4.883e-03	-4.800e-03	-5.134e-03	-4.763e-03
7.200e+03	-6.168e-03	-6.187e-03	-6.093e-03	-6.069e-03	-6.124e-03	-6.049e-03	-4.910e-03	-5.149e-03	-4.875e-03	-4.894e-03	-4.906e-03	-4.881e-03	-4.800e-03	-5.134e-03	-4.763e-03
7.300e+03	-6.168e-03	-6.187e-03	-6.093e-03	-6.069e-03	-6.122e-03	-6.033e-03	-4.899e-03	-5.149e-03	-4.874e-03	-4.890e-03	-4.906e-03	-4.879e-03	-4.800e-03	-5.134e-03	-4.763e-03
7.400e+03	-6.168e-03	-6.186e-03	-6.093e-03	-6.069e-03	-6.121e-03	-6.033e-03	-4.897e-03	-5.148e-03	-4.873e-03	-4.888e-03	-4.900e-03	-4.876e-03	-4.800e-03	-5.134e-03	-4.763e-03
7.500e+03	-6.168e-03	-6.186e-03	-6.093e-03	-6.069e-03	-6.121e-03	-6.033e-03	-4.892e-03	-5.136e-03	-4.869e-03	-4.886e-03	-4.895e-03	-4.874e-03	-4.800e-03	-5.134e-03	-4.763e-03
7.600e+03	-6.166e-03	-6.186e-03	-6.093e-03	-6.069e-03	-6.113e-03	-6.033e-03	-4.891e-03	-5.099e-03	-4.869e-03	-4.885e-03	-4.891e-03	-4.872e-03	-4.800e-03	-5.110e-03	-4.763e-03
7.700e+03	-6.159e-03	-6.186e-03	-6.093e-03	-6.069e-03	-6.113e-03	-6.033e-03	-4.885e-03	-5.079e-03	-4.865e-03	-4.882e-03	-4.888e-03	-4.871e-03	-4.800e-03	-5.110e-03	-4.763e-03
7.800e+03	-6.159e-03	-6.186e-03	-6.093e-03	-6.065e-03	-6.113e-03	-6.033e-03	-4.880e-03	-5.066e-03	-4.863e-03	-4.877e-03	-4.888e-03	-4.869e-03	-4.800e-03	-5.110e-03	-4.763e-03
7.900e+03	-6.159e-03	-6.186e-03	-6.093e-03	-6.065e-03	-6.113e-03	-6.033e-03	-4.879e-03	-5.066e-03	-4.861e-03	-4.876e-03	-4.888e-03	-4.867e-03	-4.800e-03	-5.110e-03	-4.763e-03
8.000e+03	-6.159e-03	-6.186e-03	-6.093e-03	-6.065e-03	-6.113e-03	-6.033e-03	-4.878e-03	-5.056e-03	-4.861e-03	-4.874e-03	-4.888e-03	-4.864e-03	-4.800e-03	-5.110e-03	-4.763e-03
8.100e+03	-6.136e-03	-6.186e-03	-6.093e-03	-6.065e-03	-6.113e-03	-6.033e-03	-4.876e-03	-5.042e-03	-4.859e-03	-4.874e-03	-4.887e-03	-4.864e-03	-4.800e-03	-5.110e-03	-4.763e-03
8.200e+03	-6.126e-03	-6.186e-03	-6.093e-03	-6.065e-03	-6.113e-03	-6.033e-03	-4.872e-03	-5.028e-03	-4.857e-03	-4.872e-03	-4.882e-03	-4.863e-03	-4.800e-03	-5.095e-03	-4.763e-03
8.300e+03	-6.119e-03	-6.186e-03	-6.093e-03	-6.065e-03	-6.104e-03	-6.033e-03	-4.872e-03	-5.016e-03	-4.851e-03	-4.869e-03	-4.881e-03	-4.860e-03	-4.800e-03	-5.095e-03	-4.763e-03
8.400e+03	-6.119e-03	-6.186e-03	-6.093e-03	-6.065e-03	-6.094e-03	-6.021e-03	-4.872e-03	-5.005e-03	-4.850e-03	-4.867e-03	-4.879e-03	-4.860e-03	-4.800e-03	-5.095e-03	-4.763e-03
8.500e+03	-6.119e-03	-6.186e-03	-6.093e-03	-6.065e-03	-6.094e-03	-6.021e-03	-4.871e-03	-4.995e-03	-4.850e-03	-4.864e-03	-4.877e-03	-4.860e-03	-4.800e-03	-5.065e-03	-4.763e-03
8.600e+03	-6.119e-03	-6.186e-03	-6.088e-03	-6.065e-03	-6.094e-03	-6.021e-03	-4.871e-03	-4.980e-03	-4.844e-03	-4.864e-03	-4.873e-03	-4.858e-03	-4.800e-03	-5.063e-03	-4.763e-03
8.700e+03	-6.119e-03	-6.186e-03	-6.088e-03	-6.056e-03	-6.094e-03	-6.021e-03	-4.870e-03	-4.980e-03	-4.844e-03	-4.864e-03	-4.873e-03	-4.855e-03	-4.800e-03	-5.063e-03	-4.763e-03
8.800e+03	-6.104e-03	-6.184e-03	-6.088e-03	-6.056e-03	-6.094e-03	-6.021e-03	-4.869e-03	-4.979e-03	-4.843e-03	-4.864e-03	-4.873e-03	-4.853e-03	-4.800e-03	-5.063e-03	-4.763e-03
8.900e+03	-6.104e-03	-6.184e-03	-6.088e-03	-6.056e-03	-6.094e-03	-6.017e-03	-4.863e-03	-4.979e-03	-4.839e-03	-4.860e-03	-4.871e-03	-4.851e-03	-4.800e-03	-5.063e-03	-4.763e-03
9.000e+03	-6.104e-03	-6.184e-03	-6.088e-03	-6.056e-03	-6.094e-03	-6.017e-03	-4.863e-03	-4.974e-03	-4.838e-03	-4.860e-03	-4.867e-03	-4.850e-03	-4.800e-03	-5.063e-03	-4.763e-03
9.100e+03	-6.104e-03	-6.184e-03	-6.088e-03	-6.056e-03	-6.094e-03	-6.017e-03	-4.861e-03	-4.959e-03	-4.835e-03	-4.859e-03	-4.866e-03	-4.848e-03	-4.800e-03	-5.063e-03	-4.763e-03
9.200e+03	-6.104e-03	-6.184e-03	-6.088e-03	-6.056e-03	-6.094e-03	-6.017e-03	-4.860e-03	-4.949e-03	-4.832e-03	-4.858e-03	-4.864e-03	-4.847e-03	-4.800e-03	-5.063e-03	-4.763e-03
9.300e+03	-6.104e-03	-6.184e-03	-6.088e-03	-6.045e-03	-6.094e-03	-6.017e-03	-4.859e-03	-4.944e-03	-4.830e-03	-4.858e-03	-4.862e-03	-4.847e-03	-4.800e-03	-5.051e-03	-4.763e-03
9.400e+03	-6.104e-03	-6.184e-03	-6.088e-03	-6.045e-03	-6.094e-03	-6.017e-03	-4.858e-03	-4.938e-03	-4.829e-03	-4.856e-03	-4.861e-03	-4.846e-03	-4.800e-03	-5.051e-03	-4.763e-03
9.500e+03	-6.104e-03	-6.184e-03	-6.088e-03	-6.034e-03	-6.094e-03	-6.017e-03	-4.855e-03	-4.936e-03	-4.826e-03	-4.855e-03	-4.860e-03	-4.843e-03	-4.800e-03	-5.051e-03	-4.763e-03
9.600e+03	-6.104e-03	-6.184e-03	-6.066e-03	-6.034e-03	-6.094e-03	-6.017e-03	-4.853e-03	-4.925e-03	-4.825e-03	-4.853e-03	-4.858e-03	-4.842e-03	-4.800e-03	-5.051e-03	-4.763e-03
9.700e+03	-6.103e-03	-6.184e-03	-6.066e-03	-6.034e-03	-6.094e-03	-6.017e-03	-4.850e-03	-4.919e-03	-4.824e-03	-4.851e-03	-4.855e-03	-4.840e-03	-4.793e-03	-5.051e-03	-4.763e-03
9.800e+03	-6.103e-03	-6.184e-03	-6.066e-03	-6.034e-03	-6.094e-03	-6.017e-03	-4.850e-03	-4.914e-03	-4.823e-03	-4.849e-03	-4.855e-03	-4.839e-03	-4.793e-03	-5.051e-03	-4.763e-03
9.900e+03	-6.103e-03	-6.184e-03	-6.066e-03	-6.021e-03	-6.094e-03	-6.009e-03	-4.849e-03	-4.913e-03	-4.822e-03	-4.849e-03	-4.855e-03	-4.839e-03	-4.793e-03	-5.051e-03	-4.763e-03
1.000e+04	-6.103e-03	-6.184e-03	-6.066e-03	-6.021e-03	-6.094e-03	-6.009e-03	-4.846e-03	-4.913e-03	-4.821e-03	-4.848e-03	-4.854e-03	-4.837e-03	-4.793e-03	-5.051e-03	-4.763e-03
1.010e+04	-6.103e-03	-6.184e-03	-6.066e-03	-6.021e-03	-6.094e-03	-6.009e-03	-4.843e-03	-4.912e-03	-4.818e-03	-4.848e-03	-4.853e-03	-4.836e-03	-4.793e-03	-5.051e-03	-4.763e-03
1.020e+04	-6.103e-03	-6.184e-03	-6.066e-03	-6.021e-03	-6.094e-03	-6.009e-03	-4.840e-03	-4.905e-03	-4.817e-03	-4.846e-03	-4.851e-03	-4.835e-03	-4.781e-03	-5.051e-03	-4.763e-03
1.030e+04	-6.103e-03	-6.184e-03	-6.066e-03	-6.021e-03	-6.094e-03	-6.009e-03	-4.836e-03	-4.899e-03	-4.815e-03	-4.845e-03	-4.851e-03	-4.834e-03	-4.781e-03	-5.051e-03	-4.763e-03
1.040e+04	-6.103e-03	-6.184e-03	-6.066e-03	-6.021e-03	-6.094e-03	-6.009e-03	-4.835e-03	-4.897e-03	-4.814e-03	-4.843e-03	-4.850e-03	-4.833e-03	-4.781e-03	-5.051e-03	-4.761e-03
1.050e+04	-6.103e-03	-6.184e-03	-6.066e-03	-6.021e-03	-6.094e-03	-6.009e-03	-4.831e-03	-4.895e-03	-4.814e-03	-4.843e-03	-4.849e-03	-4.833e-03	-4.781e-03	-5.051e-03	-4.761e-03
1.060e+04	-6.103e-03	-6.184e-03	-6.066e-03	-6.021e-03	-6.094e-03	-6.009e-03	-4.831e-03	-4.892e-03	-4.814e-03	-4.840e-03	-4.846e-03	-4.832e-03	-4.781e-03	-5.051e-03	-4.761e-03
1.070e+04	-6.103e-03	-6.184e-03	-6.066e-03	-6.021e-03	-6.094e-03	-6.009e-03	-4.830e-03	-4.891e-03	-4.813e-03	-4.840e-03	-4.846e-03	-4.832e-03	-4.781e-03	-5.051e-03	-4.761e-03
1.080e+04	-6.103e-03	-6.184e-03	-6.066e-03	-6.021e-03	-6.094e-03	-6.009e-03	-4.828e-03	-4.888e-03	-4.813e-03	-4.839e-03	-4.846e-03	-4.832e-03	-4.781e-03	-5.051e-03	-4.761e-03
1.090e+04	-6.103e-03	-6.184e-03	-6.066e-03	-6.021e-03	-6.094e-03	-6.009e-03	-4.828e-03	-4.887e-03	-4.813e-03	-4.839e-03	-4.845e-03	-4.832e-03	-4.781e-03	-5.051e-03	-4.761e-03
1.100e+04	-6.103e-03	-6.184e-03	-6.066e-03	-6.021e-03	-6.094e-03	-6.009e-03	-4.828e-03	-4.885e-03	-4.813e-03	-4.838e-03	-4.845e-03	-4.831e-03	-4.781e-03	-5.051e-03	-4.761e-03
1.110e+04	-6.103e-03	-6.184e-03	-6.066e-03	-6.021e-03	-6.081e-03	-6.009e-03	-4.827e-03	-4.882e-03	-4.813e-03	-4.838e-03	-4.843e-03	-4.830e-03	-4.781e-03	-5.051e-03	-4.761e-03
1.120e+04	-6.103e-03	-6.184e-03	-6.066e-03	-6.021e-03	-6.081e-03	-6.009e-03	-4.825e-03	-4.879e-03	-4.813e-03	-4.837e-03	-4.842e-03	-4.829e-03	-4.781e-03	-5.051e-03	-4.761e-03
1.130e+04	-6.103e-03	-6.184e-03	-6.066e-03	-6.021e-03	-6.081e-03	-6.009e-03	-4.824e-03	-4.879e-03	-4.813e-03	-4.836e-03	-4.840e-03	-4.828e-03	-4.781e-03	-5.051e-03	-4.761e-03
1.140e+04	-6.103e-03	-6.184e-03	-6.066e-03	-6.021e-03	-6.081e-03	-6.009e-03	-4.822e-03	-4.876e-03	-4.813e-03	-4.835e-03	-4.839e-03	-4.828e-03	-4.781e-03	-5.051e-03	-4.761e-03
1.150e+04	-6.103e-03	-6.184e-03	-6.066e-03	-6.021e-03	-6.081e-03	-6.009e-03	-4.820e-03	-4.875e-03	-4.813e-03	-4.834e-03	-4.837e-03	-4.828e-03	-4.781e-03	-5.051e-03	-4.761e-03
1.160e+04	-6.103e-03	-6.184e-03	-6.066e-03	-6.021e-03	-6.072e-03	-6.009e-03	-4.820e-03	-4.872e-03	-4.813e-03	-4.832e-03	-4.837e-03	-4.826e-03	-4.781e-03	-5.051e-03	-4.761e-03
1.170e+04	-6.103e-03	-6.184e-03	-6.066e-03	-6.021e-03	-6.072e-03	-6.009e-03	-4.819e-03	-4.867e-03	-4.813e-03	-4.832e-03	-4.837e-03	-4.825e-03	-4.781e-03	-5.051e-03	-4.761e-03
1.180e+04	-6.103e-03	-6.184e-03	-6.066e-03	-6.021e-03	-6.072e-03	-6.009e-03	-4.818e-03	-4.863e-03	-4.813e-03	-4.831e-03	-4.836e-03	-4.825e-03	-4.781e-03	-5.051e-03	-4.761e-03
1.190e+04	-6.097e-03	-6.184e-03	-6.066e-03	-6.021e-03	-6.072e-03	-6.009e-03	-4.818e-03	-4.859e-03	-4.813e-03	-4.831e-03	-4.835e-03	-4.825e-03	-4.781e-03	-5.051e-03	-4.761e-03
1.200e+04	-6.097e-03	-6.184e-03	-6.066e-03	-6.021e-03	-6.061e-03	-6.009e-03	-4.817e-03	-4.859e-03	-4.813e-03	-4.831e-03	-4.834e-03	-4.825e-03	-4.781e-03	-5.051e-03	-4.761e-03
1.210e+04	-6.097e-03	-6.184e-03	-6.024e-03	-6.021e-03	-6.061e-03	-6.009e-03	-4.817e-03	-4.855e-03	-4.813e-03	-4.830e-03	-4.833e-03	-4.824e-03	-4.781e-03	-5.051e-03	-4.761e-03
1.220e+04	-6.097e-03	-6.184e-03	-6.024e-03	-6.017e-03	-6.061e-03	-5.985e-03	-4.817e-03	-4.855e-03	-4.813e-03	-4.829e-03	-4.833e-03	-4.824e-03	-4.781e-03	-5.051e-03	-4.761e-03
1.230e+04	-6.097e-03	-6.184e-03	-6.024e-03	-5.997e-03	-6.061e-03	-5.985e-03	-4.816e-03	-4.853e-03	-4.813e-03	-4.829e-03	-4.832e-03	-4.824e-03	-4.781e-03	-5.051e-03	-4.761e-03
1.240e+04	-6.097e-03	-6.184e-03	-6.024e-03	-5.997e-03	-6.061e-03	-5.985e-03	-4.815e-03	-4.850e-03	-4.813e-03	-4.827e-03	-4.832e-03	-4.824e-03	-4.781e-03	-5.051e-03	-4.761e-03
1.250e+04	-6.084e-03	-6.184e-03	-6.024e-03	-5.997e-03	-6.061e-03	-5.985e-03	-4.814e-03	-4.850e-03	-4.812e-03	-4.826e-03	-4.832e-03	-4.823e-03	-4.781e-03	-5.051e-03	-4.761e-03
1.260e+04	-6.084e-03	-6.184e-03	-5.968e-03	-5.997e-03	-6.061e-03	-5.985e-03	-4.812e-03	-4.849e-03	-4.811e-03	-4.825e-03	-4.832e-03	-4.822e-03	-4.781e-03	-5.051e-03	-4.761e-03
1.270e+04	-6.084e-03	-6.184e-03	-5.968e-03	-5.997e-03	-6.061e-03	-5.985e-03	-4.811e-03	-4.847e-03	-4.809e-03	-4.825e-03	-4.832e-03	-4.822e-03	-4.781e-03	-5.051e-03	-4.761e-03
1.280e+04	-6.084e-03	-6.184e-03	-5.968e-03	-5.997e-03	-6.061e-03	-5.985e-03	-4.811e-03	-4.845e-03	-4.808e-03	-4.825e-03	-4.830e-03	-4.821e-03	-4.781e-03	-5.051e-03	-4.761e-03
1.290e+04	-6.084e-03	-6.184e-03	-5.968e-03	-5.997e-03	-6.061e-03	-5.985e-03	-4.811e-03	-4.844e-03	-4.808e-03	-4.824e-03	-4.830e-03	-4.820e-03	-4.781e-03	-5.051e-03	-4.761e-03
1.300e+04	-6.084e-03	-6.184e-03	-5.968e-03	-5.997e-03	-6.061e-03	-5.985e-03	-4.810e-03	-4.842e-03	-4.807e-03	-4.824e-03	-4.829e-03	-4.819e-03	-4.781e-03	-5.051e-03	-4.761e-03
1.310e+04	-6.084e-03	-6.184e-03	-5.968e-03	-5.997e-03	-6.061e-03	-5.985e-03	-4.810e-03	-4.839e-03	-4.806e-03	-4.823e-03	-4.829e-03	-4.819e-03	-4.781e-03	-5.051e-03	-4.761e-03
1.320e+04	-6.084e-03	-6.184e-03	-5.968e-03	-5.997e-03	-6.061e-03	-5.985e-03	-4.809e-03	-4.837e-03	-4.804e-03	-4.823e-03	-4.829e-03	-4.818e-03	-4.766e-03	-5.051e-03	-4.761e-03
1.330e+04	-6.084e-03	-6.184e-03	-5.968e-03	-5.997e-03	-6.061e-03	-5.985e-03	-4.809e-03	-4.835e-03	-4.803e-03	-4.823e-03	-4.827e-03	-4.817e-03	-4.766e-03	-5.051e-03	-4.761e-03
1.340e+04	-6.084e-03	-6.184e-03	-5.968e-03	-5.997e-03	-6.061e-03	-5.985e-03	-4.808e-03	-4.831e-03	-4.802e-03	-4.822e-03	-4.827e-03	-4.816e-03	-4.766e-03	-5.051e-03	-4.761e-03
1.350e+04	-6.084e-03	-6.184e-03	-5.968e-03	-5.997e-03	-6.061e-03	-5.985e-03	-4.807e-03	-4.831e-03	-4.800e-03	-4.821e-03	-4.826e-03	-4.816e-03	-4.766e-03	-5.051e-03	-4.761e-03
1.360e+04	-6.084e-03	-6.184e-03	-5.968e-03	-5.997e-03	-6.061e-03	-5.985e-03	-4.806e-03	-4.831e-03	-4.800e-03	-4.821e-03	-4.826e-03	-4.815e-03	-4.766e-03	-5.051e-03	-4.761e-03
1.370e+04	-6.084e-03	-6.184e-03	-5.968e-03	-5.997e-03	-6.061e-03	-5.985e-03	-4.805e-03	-4.830e-03	-4.799e-03	-4.820e-03	-4.825e-03	-4.815e-03	-4.766e-03	-5.051e-03	-4.761e-03
1.380e+04	-6.084e-03	-6.184e-03	-5.968e-03	-5.997e-03	-6.061e-03	-5.985e-03	-4.804e-03	-4.827e-03	-4.799e-03	-4.819e-03	-4.825e-03	-4.814e-03	-4.766e-03	-5.051e-03	-4.761e-03
1.390e+04	-6.084e-03	-6.184e-03	-5.968e-03	-5.997e-03	-6.061e-03	-5.985e-03	-4.804e-03	-4.827e-03	-4.799e-03	-4.819e-03	-4.825e-03	-4.813e-03	-4.766e-03	-5.051e-03	-4.761e-03
1.400e+04	-6.084e-03	-6.184e-03	-5.968e-03	-5.997e-03	-6.061e-03	-5.985e-03	-4.804e-03	-4.826e-03	-4.799e-03	-4.819e-03	-4.824e-03	-4.813e-03	-4.766e-03	-5.051e-03	-4.761e-03
1.410e+04	-6.084e-03	-6.184e-03	-5.968e-03	-5.997e-03	-6.061e-03	-5.985e-03	-4.804e-03	-4.824e-03	-4.797e-03	-4.818e-03	-4.824e-03	-4.813e-03	-4.766e-03	-5.051e-03	-4.761e-03
1.420e+04	-6.084e-03	-6.184e-03	-5.968e-03	-5.997e-03	-6.061e-03	-5.985e-03	-4.804e-03	-4.824e-03	-4.797e-03	-4.817e-03	-4.823e-03	-4.813e-03	-4.766e-03	-5.051e-03	-4.761e-03
1.430e+04	-6.084e-03	-6.184e-03	-5.968e-03	-5.997e-03	-6.061e-03	-5.985e-03	-4.804e-03	-4.824e-03	-4.795e-03	-4.817e-03	-4.823e-03	-4.813e-03	-4.766e-03	-5.051e-03	-4.761e-03
1.440e+04	-6.084e-03	-6.184e-03	-5.968e-03	-5.997e-03	-6.061e-03	-5.985e-03	-4.804e-03	-4.823e-03	-4.794e-03	-4.816e-03	-4.821e-03	-4.813e-03	-4.766e-03	-5.051e-03	-4.761e-03
1.450e+04	-6.084e-03	-6.184e-03	-5.968e-03	-5.997e-03	-6.061e-03	-5.985e-03	-4.802e-03	-4.823e-03	-4.794e-03	-4.816e-03	-4.821e-03	-4.813e-03	-4.766e-03	-5.051e-03	-4.761e-03
1.460e+04	-6.084e-03	-6.184e-03	-5.968e-03	-5.997e-03	-6.061e-03	-5.985e-03	-4.801e-03	-4.819e-03	-4.794e-03	-4.814e-03	-4.820e-03	-4.813e-03	-4.766e-03	-5.051e-03	-4.761e-03
1.470e+04	-6.084e-03	-6.184e-03	-5.968e-03	-5.997e-03	-6.061e-03	-5.985e-03	-4.800e-03	-4.818e-03	-4.794e-03	-4.814e-03	-4.820e-03	-4.812e-03	-4.766e-03	-5.051e-03	-4.761e-03
1.480e+04	-6.071e-03	-6.184e-03	-5.968e-03	-5.997e-03	-6.061e-03	-5.985e-03	-4.799e-03	-4.818e-03	-4.793e-03	-4.814e-03	-4.820e-03	-4.812e-03	-4.766e-03	-5.051e-03	-4.761e-03
1.490e+04	-6.071e-03	-6.184e-03	-5.968e-03	-5.997e-03	-6.061e-03	-5.985e-03	-4.799e-03	-4.818e-03	-4.793e-03	-4.813e-03	-4.820e-03	-4.812e-03	-4.766e-03	-5.051e-03	-4.761e-03
1.500e+04	-6.071e-03	-6.184e-03	-5.968e-03	-5.997e-03	-6.061e-03	-5.985e-03	-4.798e-03	-4.817e-03	-4.791e-03	-4.813e-03	-4.820e-03	-4.812e-03	-4.766e-03	-5.051e-03	-4.761e-03
1.510e+04	-6.071e-03	-6.184e-03	-5.968e-03	-5.997e-03	-6.061e-03	-5.985e-03	-4.798e-03	-4.815e-03	-4.791e-03	-4.813e-03	-4.820e-03	-4.811e-03	-4.766e-03	-5.051e-03	-4.761e-03
1.520e+04	-6.066e-03	-6.184e-03	-5.968e-03	-5.997e-03	-6.061e-03	-5.985e-03	-4.797e-03	-4.814e-03	-4.790e-03	-4.813e-03	-4.820e-03	-4.811e-03	-4.766e-03	-5.051e-03	-4.761e-03
1.530e+04	-6.066e-03	-6.184e-03	-5.968e-03	-5.997e-03	-6.061e-03	-5.985e-03	-4.797e-03	-4.813e-03	-4.788e-03	-4.812e-03	-4.820e-03	-4.811e-03	-4.766e-03	-5.051e-03	-4.761e-03
1.540e+04	-6.066e-03	-6.184e-03	-5.968e-03	-5.997e-03	-6.061e-03	-5.985e-03	-4.797e-03	-4.811e-03	-4.788e-03	-4.812e-03	-4.820e-03	-4.809e-03	-4.766e-03	-5.051e-03	-4.761e-03
1.550e+04	-6.066e-03	-6.184e-03	-5.968e-03	-5.997e-03	-6.061e-03	-5.985e-03	-4.797e-03	-4.809e-03	-4.788e-03	-4.812e-03	-4.820e-03	-4.809e-03	-4.766e-03	-5.051e-03	-4.761e-03
1.560e+04	-6.066e-03	-6.184e-03	-5.968e-03	-5.995e-03	-6.061e-03	-5.985e-03	-4.797e-03	-4.809e-03	-4.788e-03	-4.812e-03	-4.820e-03	-4.809e-03	-4.766e-03	-5.051e-03	-4.761e-03
1.570e+04	-6.066e-03	-6.184e-03	-5.968e-03	-5.995e-03	-6.061e-03	-5.985e-03	-4.797e-03	-4.809e-03	-4.787e-03	-4.811e-03	-4.819e-03	-4.809e-03	-4.766e-03	-5.018e-03	-4.761e-03
1.580e+04	-6.066e-03	-6.184e-03	-5.968e-03	-5.995e-03	-6.061e-03	-5.985e-03	-4.797e-03	-4.809e-03	-4.787e-03	-4.811e-03	-4.818e-03	-4.809e-03	-4.766e-03	-5.018e-03	-4.761e-03
1.590e+04	-6.066e-03	-6.184e-03	-5.968e-03	-5.995e-03	-6.061e-03	-5.985e-03	-4.797e-03	-4.808e-03	-4.787e-03	-4.811e-03	-4.818e-03	-4.809e-03	-4.766e-03	-5.018e-03	-4.761e-03
1.600e+04	-6.066e-03	-6.184e-03	-5.968e-03	-5.995e-03	-6.061e-03	-5.985e-03	-4.797e-03	-4.807e-03	-4.787e-03	-4.811e-03	-4.817e-03	-4.809e-03	-4.766e-03	-5.018e-03	-4.761e-03
1.610e+04	-6.066e-03	-6.184e-03	-5.968e-03	-5.995e-03	-6.061e-03	-5.985e-03	-4.797e-03	-4.806e-03	-4.787e-03	-4.811e-03	-4.816e-03	-4.809e-03	-4.766e-03	-5.018e-03	-4.761e-03
1.620e+04	-6.066e-03	-6.184e-03	-5.968e-03	-5.995e-03	-6.061e-03	-5.985e-03	-4.797e-03	-4.806e-03	-4.787e-03	-4.811e-03	-4.816e-03	-4.809e-03	-4.766e-03	-5.018e-03	-4.761e-03
1.630e+04	-6.066e-03	-6.184e-03	-5.968e-03	-5.995e-03	-6.061e-03	-5.985e-03	-4.797e-03	-4.806e-03	-4.787e-03	-4.811e-03	-4.815e-03	-4.808e-03	-4.766e-03	-5.018e-03	-4.761e-03
1.640e+04	-6.066e-03	-6.184e-03	-5.968e-03	-5.990e-03	-6.061e-03	-5.981e-03	-4.797e-03	-4.804e-03	-4.787e-03	-4.810e-03	-4.815e-03	-4.808e-03	-4.766e-03	-4.904e-03	-4.761e-03
1.650e+04	-6.066e-03	-6.184e-03	-5.968e-03	-5.990e-03	-6.061e-03	-5.981e-03	-4.797e-03	-4.804e-03	-4.787e-03	-4.809e-03	-4.815e-03	-4.807e-03	-4.766e-03	-4.881e-03	-4.761e-03
1.660e+04	-6.066e-03	-6.184e-03	-5.968e-03	-5.990e-03	-6.061e-03	-5.981e-03	-4.797e-03	-4.804e-03	-4.786e-03	-4.809e-03	-4.815e-03	-4.807e-03	-4.766e-03	-4.881e-03	-4.761e-03
1.670e+04	-6.066e-03	-6.184e-03	-5.968e-03	-5.990e-03	-6.061e-03	-5.981e-03	-4.797e-03	-4.803e-03	-4.785e-03	-4.809e-03	-4.815e-03	-4.806e-03	-4.766e-03	-4.880e-03	-4.761e-03
1.680e+04	-6.066e-03	-6.184e-03	-5.968e-03	-5.990e-03	-6.061e-03	-5.981e-03	-4.797e-03	-4.803e-03	-4.785e-03	-4.808e-03	-4.815e-03	-4.806e-03	-4.766e-03	-4.880e-03	-4.761e-03
1.690e+04	-6.066e-03	-6.184e-03	-5.968e-03	-5.990e-03	-6.061e-03	-5.981e-03	-4.797e-03	-4.801e-03	-4.784e-03	-4.808e-03	-4.815e-03	-4.806e-03	-4.766e-03	-4.880e-03	-4.761e-03
1.700e+04	-6.066e-03	-6.184e-03	-5.968e-03	-5.990e-03	-6.061e-03	-5.981e-03	-4.797e-03	-4.799e-03	-4.783e-03	-4.808e-03	-4.815e-03	-4.806e-03	-4.766e-03	-4.873e-03	-4.761e-03
1.710e+04	-6.066e-03	-6.184e-03	-5.968e-03	-5.990e-03	-6.061e-03	-5.981e-03	-4.796e-03	-4.799e-03	-4.783e-03	-4.808e-03	-4.814e-03	-4.805e-03	-4.766e-03	-4.835e-03	-4.761e-03
1.720e+04	-6.053e-03	-6.184e-03	-5.968e-03	-5.985e-03	-6.061e-03	-5.974e-03	-4.795e-03	-4.797e-03	-4.783e-03	-4.808e-03	-4.814e-03	-4.805e-03	-4.766e-03	-4.824e-03	-4.761e-03
1.730e+04	-6.053e-03	-6.184e-03	-5.968e-03	-5.985e-03	-6.061e-03	-5.974e-03	-4.795e-03	-4.797e-03	-4.782e-03	-4.807e-03	-4.813e-03	-4.805e-03	-4.766e-03	-4.798e-03	-4.761e-03
1.740e+04	-6.053e-03	-6.184e-03	-5.962e-03	-5.985e-03	-6.061e-03	-5.974e-03	-4.793e-03	-4.797e-03	-4.782e-03	-4.806e-03	-4.812e-03	-4.804e-03	-4.763e-03	-4.781e-03	-4.761e-03
1.750e+04	-6.053e-03	-6.184e-03	-5.962e-03	-5.985e-03	-6.061e-03	-5.974e-03	-4.792e-03	-4.797e-03	-4.781e-03	-4.806e-03	-4.812e-03	-4.803e-03	-4.763e-03	-4.781e-03	-4.761e-03
1.760e+04	-6.053e-03	-6.184e-03	-5.962e-03	-5.985e-03	-6.061e-03	-5.974e-03	-4.791e-03	-4.797e-03	-4.781e-03	-4.805e-03	-4.812e-03	-4.803e-03	-4.763e-03	-4.781e-03	-4.761e-03
1.770e+04	-6.053e-03	-6.184e-03	-5.962e-03	-5.985e-03	-6.061e-03	-5.974e-03	-4.791e-03	-4.797e-03	-4.781e-03	-4.805e-03	-4.811e-03	-4.802e-03	-4.763e-03	-4.781e-03	-4.761e-03
1.780e+04	-6.053e-03	-6.184e-03	-5.962e-03	-5.981e-03	-6.061e-03	-5.974e-03	-4.791e-03	-4.796e-03	-4.780e-03	-4.805e-03	-4.811e-03	-4.801e-03	-4.763e-03	-4.781e-03	-4.761e-03
1.790e+04	-6.053e-03	-6.184e-03	-5.962e-03	-5.981e-03	-6.061e-03	-5.974e-03	-4.791e-03	-4.796e-03	-4.780e-03	-4.805e-03	-4.811e-03	-4.801e-03	-4.763e-03	-4.781e-03	-4.761e-03
1.800e+04	-6.036e-03	-6.184e-03	-5.962e-03	-5.981e-03	-6.061e-03	-5.974e-03	-4.790e-03	-4.795e-03	-4.779e-03	-4.805e-03	-4.811e-03	-4.801e-03	-4.763e-03	-4.781e-03	-4.761e-03
1.810e+04	-6.036e-03	-6.184e-03	-5.962e-03	-5.981e-03	-6.061e-03	-5.974e-03	-4.790e-03	-4.795e-03	-4.779e-03	-4.805e-03	-4.811e-03	-4.801e-03	-4.763e-03	-4.781e-03	-4.761e-03
1.820e+04	-6.036e-03	-6.184e-03	-5.962e-03	-5.981e-03	-6.061e-03	-5.974e-03	-4.789e-03	-4.795e-03	-4.779e-03	-4.805e-03	-4.811e-03	-4.801e-03	-4.763e-03	-4.781e-03	-4.761e-03
1.830e+04	-6.036e-03	-6.184e-03	-5.962e-03	-5.981e-03	-6.061e-03	-5.974e-03	-4.788e-03	-4.795e-03	-4.779e-03	-4.805e-03	-4.811e-03	-4.800e-03	-4.763e-03	-4.781e-03	-4.761e-03
1.840e+04	-6.036e-03	-6.184e-03	-5.962e-03	-5.981e-03	-6.061e-03	-5.974e-03	-4.787e-03	-4.795e-03	-4.779e-03	-4.805e-03	-4.811e-03	-4.800e-03	-4.763e-03	-4.781e-03	-4.761e-03
1.850e+04	-6.028e-03	-6.184e-03	-5.962e-03	-5.981e-03	-6.061e-03	-5.974e-03	-4.787e-03	-4.795e-03	-4.779e-03	-4.805e-03	-4.811e-03	-4.800e-03	-4.762e-03	-4.781e-03	-4.761e-03
1.860e+04	-6.028e-03	-6.184e-03	-5.962e-03	-5.981e-03	-6.061e-03	-5.974e-03	-4.787e-03	-4.795e-03	-4.779e-03	-4.804e-03	-4.811e-03	-4.800e-03	-4.762e-03	-4.781e-03	-4.761e-03
1.870e+04	-6.028e-03	-6.184e-03	-5.962e-03	-5.981e-03	-6.061e-03	-5.974e-03	-4.787e-03	-4.795e-03	-4.779e-03	-4.804e-03	-4.811e-03	-4.800e-03	-4.762e-03	-4.781e-03	-4.761e-03
1.880e+04	-6.005e-03	-6.184e-03	-5.962e-03	-5.981e-03	-6.061e-03	-5.974e-03	-4.787e-03	-4.794e-03	-4.779e-03	-4.804e-03	-4.811e-03	-4.800e-03	-4.762e-03	-4.781e-03	-4.761e-03
1.890e+04	-6.005e-03	-6.184e-03	-5.962e-03	-5.981e-03	-6.050e-03	-5.974e-03	-4.787e-03	-4.794e-03	-4.779e-03	-4.802e-03	-4.811e-03	-4.800e-03	-4.762e-03	-4.781e-03	-4.761e-03
1.900e+04	-6.005e-03	-6.184e-03	-5.962e-03	-5.981e-03	-6.050e-03	-5.974e-03	-4.786e-03	-4.793e-03	-4.778e-03	-4.802e-03	-4.811e-03	-4.800e-03	-4.762e-03	-4.781e-03	-4.761e-03
1.910e+04	-6.005e-03	-6.184e-03	-5.962e-03	-5.981e-03	-6.050e-03	-5.974e-03	-4.786e-03	-4.793e-03	-4.778e-03	-4.802e-03	-4.811e-03	-4.800e-03	-4.762e-03	-4.781e-03	-4.761e-03
1.920e+04	-6.005e-03	-6.184e-03	-5.962e-03	-5.981e-03	-6.050e-03	-5.974e-03	-4.786e-03	-4.793e-03	-4.778e-03	-4.802e-03	-4.811e-03	-4.800e-03	-4.762e-03	-4.781e-03	-4.761e-03
1.930e+04	-6.005e-03	-6.184e-03	-5.962e-03	-5.981e-03	-6.050e-03	-5.974e-03	-4.786e-03	-4.793e-03	-4.778e-03	-4.802e-03	-4.811e-03	-4.800e-03	-4.762e-03	-4.781e-03	-4.761e-03
1.940e+04	-6.005e-03	-6.184e-03	-5.962e-03	-5.981e-03	-6.050e-03	-5.974e-03	-4.785e-03	-4.793e-03	-4.778e-03	-4.802e-03	-4.811e-03	-4.800e-03	-4.762e-03	-4.781e-03	-4.761e-03
1.950e+04	-6.005e-03	-6.184e-03	-5.962e-03	-5.981e-03	-6.047e-03	-5.974e-03	-4.785e-03	-4.793e-03	-4.778e-03	-4.802e-03	-4.811e-03	-4.800e-03	-4.762e-03	-4.781e-03	-4.761e-03
1.960e+04	-6.005e-03	-6.182e-03	-5.962e-03	-5.981e-03	-6.047e-03	-5.974e-03	-4.785e-03	-4.793e-03	-4.778e-03	-4.802e-03	-4.810e-03	-4.800e-03	-4.762e-03	-4.781e-03	-4.761e-03
1.970e+04	-6.005e-03	-6.182e-03	-5.962e-03	-5.981e-03	-6.047e-03	-5.974e-03	-4.784e-03	-4.792e-03	-4.778e-03	-4.802e-03	-4.810e-03	-4.800e-03	-4.762e-03	-4.781e-03	-4.761e-03
1.980e+04	-6.005e-03	-6.182e-03	-5.962e-03	-5.981e-03	-6.047e-03	-5.974e-03	-4.784e-03	-4.792e-03	-4.778e-03	-4.801e-03	-4.810e-03	-4.800e-03	-4.762e-03	-4.781e-03	-4.761e-03
1.990e+04	-6.005e-03	-6.182e-03	-5.962e-03	-5.981e-03	-6.047e-03	-5.974e-03	-4.783e-03	-4.792e-03	-4.778e-03	-4.801e-03	-4.809e-03	-4.800e-03	-4.762e-03	-4.781e-03	-4.761e-03
2.000e+04	-6.005e-03	-6.182e-03	-5.956e-03	-5.981e-03	-6.047e-03	-5.974e-03	-4.783e-03	-4.792e-03	-4.778e-03	-4.800e-03	-4.808e-03	-4.800e-03	-4.762e-03	-4.781e-03	-4.761e-03
2.010e+04	-6.005e-03	-6.182e-03	-5.956e-03	-5.981e-03	-6.047e-03	-5.974e-03	-4.783e-03	-4.792e-03	-4.778e-03	-4.800e-03	-4.808e-03	-4.800e-03	-4.762e-03	-4.781e-03	-4.761e-03
2.020e+04	-6.005e-03	-6.182e-03	-5.956e-03	-5.981e-03	-6.047e-03	-5.974e-03	-4.783e-03	-4.792e-03	-4.778e-03	-4.800e-03	-4.808e-03	-4.799e-03	-4.762e-03	-4.781e-03	-4.761e-03
2.030e+04	-6.005e-03	-6.182e-03	-5.956e-03	-5.981e-03	-6.047e-03	-5.974e-03	-4.783e-03	-4.791e-03	-4.778e-03	-4.800e-03	-4.808e-03	-4.799e-03	-4.762e-03	-4.781e-03	-4.761e-03
2.040e+04	-6.005e-03	-6.182e-03	-5.956e-03	-5.981e-03	-6.047e-03	-5.974e-03	-4.783e-03	-4.791e-03	-4.778e-03	-4.800e-03	-4.808e-03	-4.799e-03	-4.762e-03	-4.781e-03	-4.761e-03
2.050e+04	-6.005e-03	-6.182e-03	-5.956e-03	-5.981e-03	-6.047e-03	-5.974e-03	-4.781e-03	-4.791e-03	-4.778e-03	-4.800e-03	-4.807e-03	-4.799e-03	-4.762e-03	-4.781e-03	-4.761e-03
2.060e+04	-6.005e-03	-6.182e-03	-5.956e-03	-5.981e-03	-6.047e-03	-5.974e-03	-4.781e-03	-4.790e-03	-4.778e-03	-4.800e-03	-4.807e-03	-4.799e-03	-4.762e-03	-4.781e-03	-4.761e-03
2.070e+04	-6.005e-03	-6.182e-03	-5.919e-03	-5.981e-03	-6.047e-03	-5.974e-03	-4.780e-03	-4.790e-03	-4.778e-03	-4.800e-03	-4.806e-03	-4.799e-03	-4.762e-03	-4.781e-03	-4.761e-03
2.080e+04	-6.005e-03	-6.182e-03	-5.919e-03	-5.981e-03	-6.047e-03	-5.974e-03	-4.780e-03	-4.790e-03	-4.778e-03	-4.800e-03	-4.805e-03	-4.799e-03	-4.762e-03	-4.781e-03	-4.761e-03
2.090e+04	-6.005e-03	-6.182e-03	-5.919e-03	-5.981e-03	-6.047e-03	-5.974e-03	-4.779e-03	-4.790e-03	-4.778e-03	-4.800e-03	-4.805e-03	-4.798e-03	-4.762e-03	-4.781e-03	-4.761e-03
2.100e+04	-6.005e-03	-6.182e-03	-5.919e-03	-5.981e-03	-6.047e-03	-5.974e-03	-4.779e-03	-4.790e-03	-4.778e-03	-4.800e-03	-4.804e-03	-4.798e-03	-4.762e-03	-4.781e-03	-4.761e-03
2.110e+04	-6.005e-03	-6.182e-03	-5.919e-03	-5.981e-03	-6.047e-03	-5.974e-03	-4.778e-03	-4.790e-03	-4.777e-03	-4.799e-03	-4.804e-03	-4.797e-03	-4.762e-03	-4.781e-03	-4.761e-03
2.120e+04	-6.005e-03	-6.182e-03	-5.918e-03	-5.981e-03	-6.018e-03	-5.974e-03	-4.778e-03	-4.790e-03	-4.777e-03	-4.799e-03	-4.804e-03	-4.797e-03	-4.762e-03	-4.781e-03	-4.761e-03
2.130e+04	-6.005e-03	-6.177e-03	-5.918e-03	-5.981e-03	-6.018e-03	-5.974e-03	-4.778e-03	-4.790e-03	-4.777e-03	-4.799e-03	-4.804e-03	-4.797e-03	-4.762e-03	-4.781e-03	-4.761e-03
2.140e+04	-6.005e-03	-6.177e-03	-5.918e-03	-5.981e-03	-6.018e-03	-5.974e-03	-4.778e-03	-4.790e-03	-4.777e-03	-4.799e-03	-4.804e-03	-4.797e-03	-4.762e-03	-4.767e-03	-4.761e-03
2.150e+04	-6.005e-03	-6.177e-03	-5.918e-03	-5.981e-03	-6.018e-03	-5.974e-03	-4.778e-03	-4.790e-03	-4.776e-03	-4.799e-03	-4.804e-03	-4.797e-03	-4.762e-03	-4.766e-03	-4.761e-03
2.160e+04	-6.005e-03	-6.177e-03	-5.918e-03	-5.981e-03	-6.018e-03	-5.974e-03	-4.778e-03	-4.790e-03	-4.776e-03	-4.799e-03	-4.803e-03	-4.797e-03	-4.762e-03	-4.766e-03	-4.761e-03
2.170e+04	-6.005e-03	-6.177e-03	-5.918e-03	-5.981e-03	-6.017e-03	-5.974e-03	-4.778e-03	-4.790e-03	-4.776e-03	-4.799e-03	-4.803e-03	-4.797e-03	-4.762e-03	-4.766e-03	-4.761e-03
2.180e+04	-6.005e-03	-6.177e-03	-5.918e-03	-5.981e-03	-6.017e-03	-5.974e-03	-4.778e-03	-4.790e-03	-4.776e-03	-4.799e-03	-4.802e-03	-4.797e-03	-4.762e-03	-4.766e-03	-4.761e-03
2.190e+04	-6.005e-03	-6.177e-03	-5.918e-03	-5.981e-03	-6.017e-03	-5.974e-03	-4.778e-03	-4.790e-03	-4.776e-03	-4.799e-03	-4.802e-03	-4.797e-03	-4.762e-03	-4.766e-03	-4.761e-03
2.200e+04	-6.005e-03	-6.177e-03	-5.918e-03	-5.981e-03	-6.017e-03	-5.974e-03	-4.778e-03	-4.790e-03	-4.776e-03	-4.799e-03	-4.802e-03	-4.797e-03	-4.762e-03	-4.766e-03	-4.761e-03
2.210e+04	-6.005e-03	-6.177e-03	-5.918e-03	-5.981e-03	-6.017e-03	-5.968e-03	-4.778e-03	-4.790e-03	-4.776e-03	-4.799e-03	-4.802e-03	-4.797e-03	-4.762e-03	-4.766e-03	-4.761e-03
2.220e+04	-6.005e-03	-6.177e-03	-5.918e-03	-5.981e-03	-6.017e-03	-5.968e-03	-4.778e-03	-4.790e-03	-4.776e-03	-4.799e-03	-4.802e-03	-4.797e-03	-4.762e-03	-4.766e-03	-4.761e-03
2.230e+04	-6.005e-03	-6.177e-03	-5.918e-03	-5.981e-03	-6.014e-03	-5.968e-03	-4.778e-03	-4.790e-03	-4.776e-03	-4.799e-03	-4.801e-03	-4.797e-03	-4.762e-03	-4.766e-03	-4.761e-03
2.240e+04	-6.005e-03	-6.177e-03	-5.918e-03	-5.981e-03	-6.014e-03	-5.968e-03	-4.778e-03	-4.790e-03	-4.776e-03	-4.799e-03	-4.801e-03	-4.797e-03	-4.762e-03	-4.766e-03	-4.761e-03
2.250e+04	-6.005e-03	-6.177e-03	-5.918e-03	-5.981e-03	-6.014e-03	-5.968e-03	-4.778e-03	-4.790e-03	-4.776e-03	-4.799e-03	-4.800e-03	-4.797e-03	-4.762e-03	-4.766e-03	-4.761e-03
2.260e+04	-5.976e-03	-6.177e-03	-5.918e-03	-5.981e-03	-6.014e-03	-5.968e-03	-4.778e-03	-4.790e-03	-4.775e-03	-4.799e-03	-4.800e-03	-4.797e-03	-4.762e-03	-4.766e-03	-4.761e-03
2.270e+04	-5.976e-03	-6.177e-03	-5.918e-03	-5.981e-03	-6.014e-03	-5.968e-03	-4.778e-03	-4.790e-03	-4.775e-03	-4.799e-03	-4.800e-03	-4.797e-03	-4.762e-03	-4.766e-03	-4.761e-03
2.280e+04	-5.976e-03	-6.177e-03	-5.918e-03	-5.981e-03	-6.014e-03	-5.968e-03	-4.778e-03	-4.790e-03	-4.775e-03	-4.799e-03	-4.800e-03	-4.797e-03	-4.762e-03	-4.766e-03	-4.761e-03
2.290e+04	-5.976e-03	-6.177e-03	-5.918e-03	-5.981e-03	-6.014e-03	-5.968e-03	-4.778e-03	-4.790e-03	-4.775e-03	-4.798e-03	-4.800e-03	-4.797e-03	-4.762e-03	-4.766e-03	-4.761e-03
2.300e+04	-5.976e-03	-6.177e-03	-5.918e-03	-5.981e-03	-6.014e-03	-5.968e-03	-4.777e-03	-4.790e-03	-4.775e-03	-4.798e-03	-4.800e-03	-4.797e-03	-4.762e-03	-4.766e-03	-4.761e-03
2.310e+04	-5.976e-03	-6.177e-03	-5.918e-03	-5.981e-03	-6.014e-03	-5.968e-03	-4.777e-03	-4.790e-03	-4.775e-03	-4.798e-03	-4.800e-03	-4.797e-03	-4.762e-03	-4.766e-03	-4.761e-03
2.320e+04	-5.976e-03	-6.177e-03	-5.918e-03	-5.981e-03	-6.014e-03	-5.968e-03	-4.776e-03	-4.790e-03	-4.775e-03	-4.797e-03	-4.800e-03	-4.797e-03	-4.762e-03	-4.766e-03	-4.761e-03
2.330e+04	-5.976e-03	-6.177e-03	-5.918e-03	-5.981e-03	-6.014e-03	-5.968e-03	-4.776e-03	-4.790e-03	-4.775e-03	-4.797e-03	-4.800e-03	-4.797e-03	-4.762e-03	-4.766e-03	-4.761e-03
2.340e+04	-5.976e-03	-6.177e-03	-5.911e-03	-5.981e-03	-6.014e-03	-5.968e-03	-4.776e-03	-4.790e-03	-4.775e-03	-4.797e-03	-4.800e-03	-4.797e-03	-4.762e-03	-4.766e-03	-4.761e-03
2.350e+04	-5.976e-03	-6.177e-03	-5.911e-03	-5.981e-03	-6.014e-03	-5.968e-03	-4.776e-03	-4.790e-03	-4.775e-03	-4.797e-03	-4.800e-03	-4.796e-03	-4.762e-03	-4.766e-03	-4.761e-03
2.360e+04	-5.976e-03	-6.177e-03	-5.911e-03	-5.981e-03	-6.014e-03	-5.968e-03	-4.776e-03	-4.790e-03	-4.775e-03	-4.796e-03	-4.800e-03	-4.796e-03	-4.762e-03	-4.766e-03	-4.761e-03
2.370e+04	-5.976e-03	-6.177e-03	-5.911e-03	-5.981e-03	-6.014e-03	-5.968e-03	-4.776e-03	-4.790e-03	-4.775e-03	-4.796e-03	-4.800e-03	-4.796e-03	-4.762e-03	-4.766e-03	-4.761e-03
2.380e+04	-5.976e-03	-6.177e-03	-5.911e-03	-5.981e-03	-6.014e-03	-5.968e-03	-4.776e-03	-4.790e-03	-4.775e-03	-4.796e-03	-4.800e-03	-4.796e-03	-4.762e-03	-4.766e-03	-4.761e-03
2.390e+04	-5.976e-03	-6.177e-03	-5.911e-03	-5.981e-03	-6.014e-03	-5.968e-03	-4.776e-03	-4.790e-03	-4.774e-03	-4.796e-03	-4.800e-03	-4.796e-03	-4.762e-03	-4.766e-03	-4.761e-03
2.400e+04	-5.976e-03	-6.177e-03	-5.911e-03	-5.981e-03	-6.014e-03	-5.968e-03	-4.776e-03	-4.790e-03	-4.774e-03	-4.796e-03	-4.800e-03	-4.796e-03	-4.762e-03	-4.766e-03	-4.761e-03
2.410e+04	-5.976e-03	-6.177e-03	-5.911e-03	-5.981e-03	-6.014e-03	-5.968e-03	-4.776e-03	-4.790e-03	-4.773e-03	-4.796e-03	-4.800e-03	-4.795e-03	-4.762e-03	-4.766e-03	-4.761e-03
2.420e+04	-5.976e-03	-6.177e-03	-5.911e-03	-5.981e-03	-6.014e-03	-5.968e-03	-4.776e-03	-4.790e-03	-4.773e-03	-4.796e-03	-4.800e-03	-4.795e-03	-4.762e-03	-4.766e-03	-4.761e-03
2.430e+04	-5.976e-03	-6.177e-03	-5.911e-03	-5.981e-03	-6.014e-03	-5.968e-03	-4.776e-03	-4.790e-03	-4.773e-03	-4.796e-03	-4.800e-03	-4.794e-03	-4.762e-03	-4.766e-03	-4.761e-03
2.440e+04	-5.976e-03	-6.177e-03	-5.911e-03	-5.981e-03	-6.014e-03	-5.968e-03	-4.776e-03	-4.790e-03	-4.773e-03	-4.796e-03	-4.800e-03	-4.794e-03	-4.762e-03	-4.766e-03	-4.761e-03
2.450e+04	-5.976e-03	-6.177e-03	-5.911e-03	-5.981e-03	-6.014e-03	-5.968e-03	-4.776e-03	-4.790e-03	-4.772e-03	-4.796e-03	-4.800e-03	-4.794e-03	-4.762e-03	-4.766e-03	-4.761e-03
2.460e+04	-5.976e-03	-6.177e-03	-5.911e-03	-5.981e-03	-6.014e-03	-5.968e-03	-4.776e-03	-4.790e-03	-4.772e-03	-4.795e-03	-4.800e-03	-4.793e-03	-4.762e-03	-4.766e-03	-4.761e-03
2.470e+04	-5.976e-03	-6.177e-03	-5.911e-03	-5.981e-03	-6.014e-03	-5.968e-03	-4.776e-03	-4.790e-03	-4.772e-03	-4.795e-03	-4.800e-03	-4.793e-03	-4.762e-03	-4.766e-03	-4.761e-03
2.480e+04	-5.976e-03	-6.177e-03	-5.911e-03	-5.981e-03	-6.014e-03	-5.968e-03	-4.775e-03	-4.790e-03	-4.772e-03	-4.795e-03	-4.800e-03	-4.792e-03	-4.762e-03	-4.766e-03	-4.761e-03
2.490e+04	-5.976e-03	-6.177e-03	-5.911e-03	-5.981e-03	-6.014e-03	-5.968e-03	-4.775e-03	-4.790e-03	-4.772e-03	-4.795e-03	-4.800e-03	-4.792e-03	-4.762e-03	-4.766e-03	-4.761e-03
2.500e+04	-5.976e-03	-6.177e-03	-5.911e-03	-5.981e-03	-6.014e-03	-5.968e-03	-4.775e-03	-4.790e-03	-4.772e-03	-4.795e-03	-4.800e-03	-4.792e-03	-4.762e-03	-4.766e-03	-4.761e-03
2.510e+04	-5.976e-03	-6.177e-03	-5.911e-03	-5.981e-03	-6.014e-03	-5.968e-03	-4.775e-03	-4.789e-03	-4.772e-03	-4.795e-03	-4.800e-03	-4.792e-03	-4.762e-03	-4.766e-03	-4.761e-03
2.520e+04	-5.976e-03	-6.177e-03	-5.911e-03	-5.981e-03	-6.014e-03	-5.968e-03	-4.775e-03	-4.789e-03	-4.772e-03	-4.795e-03	-4.800e-03	-4.792e-03	-4.762e-03	-4.766e-03	-4.761e-03
2.530e+04	-5.976e-03	-6.177e-03	-5.911e-03	-5.981e-03	-6.014e-03	-5.968e-03	-4.775e-03	-4.789e-03	-4.772e-03	-4.795e-03	-4.800e-03	-4.791e-03	-4.762e-03	-4.766e-03	-4.761e-03
2.540e+04	-5.976e-03	-6.177e-03	-5.911e-03	-5.981e-03	-6.014e-03	-5.968e-03	-4.775e-03	-4.789e-03	-4.772e-03	-4.795e-03	-4.800e-03	-4.791e-03	-4.762e-03	-4.766e-03	-4.761e-03
2.550e+04	-5.976e-03	-6.177e-03	-5.911e-03	-5.981e-03	-6.014e-03	-5.968e-03	-4.775e-03	-4.789e-03	-4.772e-03	-4.795e-03	-4.800e-03	-4.791e-03	-4.762e-03	-4.766e-03	-4.761e-03
2.560e+04	-5.976e-03	-6.177e-03	-5.911e-03	-5.981e-03	-6.014e-03	-5.968e-03	-4.775e-03	-4.789e-03	-4.772e-03	-4.795e-03	-4.800e-03	-4.791e-03	-4.762e-03	-4.766e-03	-4.761e-03
2.570e+04	-5.976e-03	-6.177e-03	-5.911e-03	-5.981e-03	-6.014e-03	-5.968e-03	-4.775e-03	-4.789e-03	-4.772e-03	-4.794e-03	-4.800e-03	-4.791e-03	-4.762e-03	-4.766e-03	-4.761e-03
2.580e+04	-5.976e-03	-6.177e-03	-5.911e-03	-5.981e-03	-6.014e-03	-5.968e-03	-4.775e-03	-4.789e-03	-4.772e-03	-4.794e-03	-4.800e-03	-4.791e-03	-4.762e-03	-4.766e-03	-4.761e-03
2.590e+04	-5.976e-03	-6.177e-03	-5.911e-03	-5.981e-03	-6.014e-03	-5.968e-03	-4.775e-03	-4.789e-03	-4.772e-03	-4.793e-03	-4.800e-03	-4.791e-03	-4.762e-03	-4.766e-03	-4.761e-03
2.600e+04	-5.976e-03	-6.177e-03	-5.911e-03	-5.976e-03	-6.011e-03	-5.960e-03	-4.775e-03	-4.789e-03	-4.772e-03	-4.793e-03	-4.800e-03	-4.791e-03	-4.762e-03	-4.766e-03	-4.761e-03
2.610e+04	-5.976e-03	-6.177e-03	-5.911e-03	-5.976e-03	-6.006e-03	-5.957e-03	-4.775e-03	-4.788e-03	-4.772e-03	-4.793e-03	-4.800e-03	-4.791e-03	-4.762e-03	-4.766e-03	-4.761e-03
2.620e+04	-5.976e-03	-6.177e-03	-5.911e-03	-5.976e-03	-6.006e-03	-5.957e-03	-4.775e-03	-4.788e-03	-4.771e-03	-4.793e-03	-4.800e-03	-4.791e-03	-4.762e-03	-4.766e-03	-4.761e-03
2.630e+04	-5.976e-03	-6.177e-03	-5.911e-03	-5.976e-03	-6.006e-03	-5.957e-03	-4.775e-03	-4.788e-03	-4.771e-03	-4.793e-03	-4.800e-03	-4.791e-03	-4.762e-03	-4.766e-03	-4.761e-03
2.640e+04	-5.976e-03	-6.177e-03	-5.911e-03	-5.976e-03	-6.006e-03	-5.957e-03	-4.775e-03	-4.788e-03	-4.771e-03	-4.793e-03	-4.800e-03	-4.791e-03	-4.762e-03	-4.766e-03	-4.761e-03
2.650e+04	-5.976e-03	-6.177e-03	-5.911e-03	-5.976e-03	-6.006e-03	-5.957e-03	-4.775e-03	-4.788e-03	-4.771e-03	-4.793e-03	-4.799e-03	-4.791e-03	-4.762e-03	-4.766e-03	-4.761e-03
2.660e+04	-5.976e-03	-6.177e-03	-5.911e-03	-5.976e-03	-6.006e-03	-5.957e-03	-4.775e-03	-4.788e-03	-4.771e-03	-4.793e-03	-4.799e-03	-4.791e-03	-4.762e-03	-4.766e-03	-4.761e-03
2.670e+04	-5.976e-03	-6.177e-03	-5.911e-03	-5.976e-03	-6.006e-03	-5.957e-03	-4.775e-03	-4.788e-03	-4.771e-03	-4.793e-03	-4.799e-03	-4.791e-03	-4.762e-03	-4.766e-03	-4.761e-03
2.680e+04	-5.976e-03	-6.177e-03	-5.911e-03	-5.976e-03	-5.991e-03	-5.957e-03	-4.775e-03	-4.788e-03	-4.771e-03	-4.793e-03	-4.799e-03	-4.790e-03	-4.762e-03	-4.766e-03	-4.761e-03
2.690e+04	-5.976e-03	-6.177e-03	-5.911e-03	-5.976e-03	-5.991e-03	-5.957e-03	-4.775e-03	-4.788e-03	-4.771e-03	-4.793e-03	-4.799e-03	-4.790e-03	-4.762e-03	-4.766e-03	-4.761e-03
2.700e+04	-5.976e-03	-6.177e-03	-5.911e-03	-5.976e-03	-5.991e-03	-5.957e-03	-4.775e-03	-4.788e-03	-4.770e-03	-4.793e-03	-4.798e-03	-4.790e-03	-4.762e-03	-4.766e-03	-4.761e-03
2.710e+04	-5.976e-03	-6.177e-03	-5.911e-03	-5.976e-03	-5.991e-03	-5.957e-03	-4.775e-03	-4.788e-03	-4.770e-03	-4.793e-03	-4.798e-03	-4.789e-03	-4.762e-03	-4.766e-03	-4.761e-03
2.720e+04	-5.976e-03	-6.177e-03	-5.911e-03	-5.976e-03	-5.991e-03	-5.957e-03	-4.775e-03	-4.788e-03	-4.770e-03	-4.793e-03	-4.798e-03	-4.789e-03	-4.762e-03	-4.766e-03	-4.761e-03
2.730e+04	-5.976e-03	-6.174e-03	-5.911e-03	-5.976e-03	-5.991e-03	-5.957e-03	-4.775e-03	-4.788e-03	-4.770e-03	-4.793e-03	-4.798e-03	-4.789e-03	-4.762e-03	-4.766e-03	-4.761e-03
2.740e+04	-5.976e-03	-6.174e-03	-5.911e-03	-5.960e-03	-5.987e-03	-5.957e-03	-4.775e-03	-4.788e-03	-4.770e-03	-4.793e-03	-4.798e-03	-4.789e-03	-4.762e-03	-4.766e-03	-4.761e-03
2.750e+04	-5.976e-03	-6.174e-03	-5.911e-03	-5.960e-03	-5.987e-03	-5.957e-03	-4.775e-03	-4.788e-03	-4.770e-03	-4.793e-03	-4.798e-03	-4.789e-03	-4.762e-03	-4.766e-03	-4.761e-03
2.760e+04	-5.976e-03	-6.174e-03	-5.911e-03	-5.957e-03	-5.981e-03	-5.953e-03	-4.775e-03	-4.788e-03	-4.770e-03	-4.793e-03	-4.798e-03	-4.789e-03	-4.762e-03	-4.766e-03	-4.761e-03
2.770e+04	-5.976e-03	-6.174e-03	-5.911e-03	-5.957e-03	-5.981e-03	-5.953e-03	-4.775e-03	-4.788e-03	-4.770e-03	-4.793e-03	-4.798e-03	-4.789e-03	-4.762e-03	-4.766e-03	-4.761e-03
2.780e+04	-5.976e-03	-6.174e-03	-5.911e-03	-5.957e-03	-5.981e-03	-5.942e-03	-4.775e-03	-4.788e-03	-4.770e-03	-4.793e-03	-4.798e-03	-4.789e-03	-4.762e-03	-4.766e-03	-4.761e-03
2.790e+04	-5.976e-03	-6.174e-03	-5.911e-03	-5.957e-03	-5.981e-03	-5.942e-03	-4.775e-03	-4.788e-03	-4.770e-03	-4.793e-03	-4.797e-03	-4.788e-03	-4.762e-03	-4.766e-03	-4.761e-03
2.800e+04	-5.976e-03	-6.174e-03	-5.911e-03	-5.957e-03	-5.981e-03	-5.942e-03	-4.775e-03	-4.788e-03	-4.770e-03	-4.793e-03	-4.797e-03	-4.788e-03	-4.762e-03	-4.766e-03	-4.761e-03
2.810e+04	-5.976e-03	-6.174e-03	-5.899e-03	-5.957e-03	-5.981e-03	-5.942e-03	-4.775e-03	-4.788e-03	-4.769e-03	-4.792e-03	-4.797e-03	-4.788e-03	-4.762e-03	-4.766e-03	-4.761e-03
2.820e+04	-5.976e-03	-6.174e-03	-5.899e-03	-5.957e-03	-5.981e-03	-5.942e-03	-4.775e-03	-4.788e-03	-4.769e-03	-4.792e-03	-4.796e-03	-4.788e-03	-4.762e-03	-4.766e-03	-4.761e-03
2.830e+04	-5.976e-03	-6.174e-03	-5.899e-03	-5.957e-03	-5.981e-03	-5.942e-03	-4.775e-03	-4.788e-03	-4.769e-03	-4.792e-03	-4.796e-03	-4.788e-03	-4.762e-03	-4.766e-03	-4.761e-03
2.840e+04	-5.976e-03	-6.174e-03	-5.899e-03	-5.957e-03	-5.981e-03	-5.942e-03	-4.775e-03	-4.788e-03	-4.769e-03	-4.792e-03	-4.795e-03	-4.788e-03	-4.762e-03	-4.766e-03	-4.761e-03
2.850e+04	-5.976e-03	-6.174e-03	-5.899e-03	-5.957e-03	-5.981e-03	-5.942e-03	-4.775e-03	-4.788e-03	-4.769e-03	-4.791e-03	-4.795e-03	-4.788e-03	-4.761e-03	-4.766e-03	-4.761e-03
2.860e+04	-5.976e-03	-6.174e-03	-5.899e-03	-5.957e-03	-5.981e-03	-5.942e-03	-4.774e-03	-4.788e-03	-4.769e-03	-4.791e-03	-4.795e-03	-4.788e-03	-4.761e-03	-4.766e-03	-4.761e-03
2.870e+04	-5.976e-03	-6.174e-03	-5.899e-03	-5.955e-03	-5.981e-03	-5.942e-03	-4.774e-03	-4.788e-03	-4.769e-03	-4.790e-03	-4.795e-03	-4.788e-03	-4.761e-03	-4.766e-03	-4.761e-03
2.880e+04	-5.976e-03	-6.174e-03	-5.899e-03	-5.955e-03	-5.981e-03	-5.942e-03	-4.774e-03	-4.788e-03	-4.769e-03	-4.790e-03	-4.795e-03	-4.787e-03	-4.761e-03	-4.766e-03	-4.761e-03
2.890e+04	-5.976e-03	-6.174e-03	-5.899e-03	-5.955e-03	-5.981e-03	-5.942e-03	-4.774e-03	-4.788e-03	-4.769e-03	-4.790e-03	-4.795e-03	-4.787e-03	-4.761e-03	-4.766e-03	-4.761e-03
2.900e+04	-5.976e-03	-6.174e-03	-5.899e-03	-5.955e-03	-5.981e-03	-5.942e-03	-4.774e-03	-4.788e-03	-4.769e-03	-4.790e-03	-4.795e-03	-4.787e-03	-4.761e-03	-4.766e-03	-4.761e-03
2.910e+04	-5.976e-03	-6.174e-03	-5.899e-03	-5.955e-03	-5.981e-03	-5.942e-03	-4.774e-03	-4.788e-03	-4.769e-03	-4.790e-03	-4.795e-03	-4.787e-03	-4.761e-03	-4.766e-03	-4.761e-03
2.920e+04	-5.976e-03	-6.174e-03	-5.899e-03	-5.955e-03	-5.981e-03	-5.942e-03	-4.774e-03	-4.788e-03	-4.769e-03	-4.790e-03	-4.795e-03	-4.787e-03	-4.761e-03	-4.766e-03	-4.761e-03
2.930e+04	-5.976e-03	-6.174e-03	-5.899e-03	-5.955e-03	-5.981e-03	-5.942e-03	-4.774e-03	-4.788e-03	-4.769e-03	-4.790e-03	-4.795e-03	-4.787e-03	-4.761e-03	-4.766e-03	-4.761e-03
2.940e+04	-5.976e-03	-6.174e-03	-5.899e-03	-5.955e-03	-5.981e-03	-5.942e-03	-4.774e-03	-4.788e-03	-4.769e-03	-4.790e-03	-4.795e-03	-4.787e-03	-4.761e-03	-4.766e-03	-4.761e-03
2.950e+04	-5.976e-03	-6.174e-03	-5.877e-03	-5.953e-03	-5.981e-03	-5.942e-03	-4.774e-03	-4.788e-03	-4.769e-03	-4.790e-03	-4.795e-03	-4.787e-03	-4.761e-03	-4.766e-03	-4.761e-03
2.960e+04	-5.976e-03	-6.174e-03	-5.877e-03	-5.953e-03	-5.981e-03	-5.942e-03	-4.774e-03	-4.788e-03	-4.769e-03	-4.790e-03	-4.795e-03	-4.787e-03	-4.761e-03	-4.766e-03	-4.761e-03
2.970e+04	-5.976e-03	-6.174e-03	-5.877e-03	-5.953e-03	-5.981e-03	-5.942e-03	-4.774e-03	-4.788e-03	-4.769e-03	-4.790e-03	-4.795e-03	-4.787e-03	-4.761e-03	-4.766e-03	-4.761e-03
2.980e+04	-5.976e-03	-6.174e-03	-5.877e-03	-5.953e-03	-5.981e-03	-5.938e-03	-4.774e-03	-4.787e-03	-4.769e-03	-4.790e-03	-4.795e-03	-4.787e-03	-4.761e-03	-4.766e-03	-4.761e-03
2.990e+04	-5.976e-03	-6.174e-03	-5.877e-03	-5.953e-03	-5.981e-03	-5.938e-03	-4.774e-03	-4.787e-03	-4.769e-03	-4.790e-03	-4.795e-03	-4.787e-03	-4.761e-03	-4.766e-03	-4.761e-03
3.000e+04	-5.976e-03	-6.174e-03	-5.877e-03	-5.953e-03	-5.981e-03	-5.932e-03	-4.774e-03	-4.787e-03	-4.768e-03	-4.790e-03	-4.795e-03	-4.787e-03	-4.761e-03	-4.766e-03	-4.761e-03
3.010e+04	-5.976e-03	-6.174e-03	-5.877e-03	-5.953e-03	-5.981e-03	-5.932e-03	-4.774e-03	-4.787e-03	-4.768e-03	-4.790e-03	-4.795e-03	-4.787e-03	-4.761e-03	-4.766e-03	-4.761e-03
3.020e+04	-5.976e-03	-6.174e-03	-5.877e-03	-5.953e-03	-5.981e-03	-5.932e-03	-4.774e-03	-4.787e-03	-4.768e-03	-4.790e-03	-4.795e-03	-4.787e-03	-4.761e-03	-4.766e-03	-4.761e-03
3.030e+04	-5.976e-03	-6.174e-03	-5.877e-03	-5.953e-03	-5.981e-03	-5.932e-03	-4.774e-03	-4.787e-03	-4.768e-03	-4.790e-03	-4.795e-03	-4.787e-03	-4.761e-03	-4.766e-03	-4.761e-03
3.040e+04	-5.976e-03	-6.174e-03	-5.877e-03	-5.953e-03	-5.981e-03	-5.932e-03	-4.774e-03	-4.787e-03	-4.768e-03	-4.790e-03	-4.795e-03	-4.787e-03	-4.761e-03	-4.766e-03	-4.760e-03
3.050e+04	-5.976e-03	-6.174e-03	-5.877e-03	-5.953e-03	-5.981e-03	-5.932e-03	-4.774e-03	-4.787e-03	-4.768e-03	-4.790e-03	-4.795e-03	-4.787e-03	-4.761e-03	-4.766e-03	-4.760e-03
3.060e+04	-5.976e-03	-6.174e-03	-5.877e-03	-5.953e-03	-5.981e-03	-5.932e-03	-4.774e-03	-4.787e-03	-4.768e-03	-4.790e-03	-4.795e-03	-4.787e-03	-4.761e-03	-4.766e-03	-4.760e-03
3.070e+04	-5.976e-03	-6.174e-03	-5.877e-03	-5.953e-03	-5.981e-03	-5.932e-03	-4.774e-03	-4.787e-03	-4.768e-03	-4.789e-03	-4.795e-03	-4.786e-03	-4.761e-03	-4.766e-03	-4.760e-03
3.080e+04	-5.976e-03	-6.174e-03	-5.877e-03	-5.953e-03	-5.981e-03	-5.932e-03	-4.774e-03	-4.787e-03	-4.768e-03	-4.789e-03	-4.795e-03	-4.786e-03	-4.761e-03	-4.766e-03	-4.760e-03
3.090e+04	-5.976e-03	-6.174e-03	-5.877e-03	-5.953e-03	-5.981e-03	-5.932e-03	-4.774e-03	-4.787e-03	-4.768e-03	-4.789e-03	-4.795e-03	-4.786e-03	-4.761e-03	-4.766e-03	-4.760e-03
3.100e+04	-5.976e-03	-6.174e-03	-5.877e-03	-5.953e-03	-5.981e-03	-5.932e-03	-4.774e-03	-4.787e-03	-4.768e-03	-4.789e-03	-4.795e-03	-4.786e-03	-4.761e-03	-4.766e-03	-4.760e-03
3.110e+04	-5.976e-03	-6.174e-03	-5.877e-03	-5.953e-03	-5.981e-03	-5.932e-03	-4.774e-03	-4.787e-03	-4.768e-03	-4.788e-03	-4.795e-03	-4.786e-03	-4.761e-03	-4.766e-03	-4.760e-03
3.120e+04	-5.976e-03	-6.174e-03	-5.877e-03	-5.953e-03	-5.981e-03	-5.930e-03	-4.774e-03	-4.787e-03	-4.768e-03	-4.788e-03	-4.795e-03	-4.786e-03	-4.761e-03	-4.766e-03	-4.760e-03
3.130e+04	-5.976e-03	-6.174e-03	-5.877e-03	-5.953e-03	-5.981e-03	-5.930e-03	-4.774e-03	-4.787e-03	-4.768e-03	-4.788e-03	-4.795e-03	-4.786e-03	-4.761e-03	-4.766e-03	-4.760e-03
3.140e+04	-5.976e-03	-6.174e-03	-5.877e-03	-5.953e-03	-5.981e-03	-5.930e-03	-4.774e-03	-4.787e-03	-4.768e-03	-4.788e-03	-4.795e-03	-4.785e-03	-4.761e-03	-4.766e-03	-4.760e-03
3.150e+04	-5.976e-03	-6.174e-03	-5.877e-03	-5.953e-03	-5.981e-03	-5.930e-03	-4.774e-03	-4.787e-03	-4.768e-03	-4.788e-03	-4.795e-03	-4.785e-03	-4.761e-03	-4.766e-03	-4.760e-03
3.160e+04	-5.976e-03	-6.174e-03	-5.877e-03	-5.953e-03	-5.981e-03	-5.930e-03	-4.774e-03	-4.787e-03	-4.768e-03	-4.787e-03	-4.795e-03	-4.785e-03	-4.761e-03	-4.766e-03	-4.760e-03
3.170e+04	-5.976e-03	-6.174e-03	-5.877e-03	-5.953e-03	-5.981e-03	-5.928e-03	-4.774e-03	-4.787e-03	-4.768e-03	-4.787e-03	-4.794e-03	-4.785e-03	-4.761e-03	-4.766e-03	-4.760e-03
3.180e+04	-5.976e-03	-6.174e-03	-5.877e-03	-5.942e-03	-5.981e-03	-5.924e-03	-4.774e-03	-4.787e-03	-4.768e-03	-4.787e-03	-4.794e-03	-4.785e-03	-4.761e-03	-4.766e-03	-4.760e-03
3.190e+04	-5.976e-03	-6.174e-03	-5.877e-03	-5.942e-03	-5.981e-03	-5.924e-03	-4.774e-03	-4.787e-03	-4.767e-03	-4.787e-03	-4.794e-03	-4.785e-03	-4.761e-03	-4.766e-03	-4.760e-03
3.200e+04	-5.976e-03	-6.174e-03	-5.877e-03	-5.942e-03	-5.981e-03	-5.924e-03	-4.774e-03	-4.787e-03	-4.767e-03	-4.787e-03	-4.794e-03	-4.785e-03	-4.761e-03	-4.766e-03	-4.760e-03
3.210e+04	-5.976e-03	-6.174e-03	-5.877e-03	-5.942e-03	-5.981e-03	-5.924e-03	-4.774e-03	-4.786e-03	-4.767e-03	-4.787e-03	-4.794e-03	-4.785e-03	-4.761e-03	-4.766e-03	-4.760e-03
3.220e+04	-5.976e-03	-6.174e-03	-5.877e-03	-5.942e-03	-5.981e-03	-5.924e-03	-4.774e-03	-4.786e-03	-4.767e-03	-4.787e-03	-4.794e-03	-4.784e-03	-4.761e-03	-4.766e-03	-4.760e-03
3.230e+04	-5.976e-03	-6.174e-03	-5.877e-03	-5.942e-03	-5.981e-03	-5.924e-03	-4.774e-03	-4.786e-03	-4.767e-03	-4.787e-03	-4.794e-03	-4.784e-03	-4.761e-03	-4.766e-03	-4.760e-03
3.240e+04	-5.976e-03	-6.174e-03	-5.877e-03	-5.942e-03	-5.981e-03	-5.924e-03	-4.774e-03	-4.786e-03	-4.767e-03	-4.787e-03	-4.794e-03	-4.784e-03	-4.761e-03	-4.766e-03	-4.760e-03
3.250e+04	-5.976e-03	-6.174e-03	-5.877e-03	-5.942e-03	-5.981e-03	-5.924e-03	-4.774e-03	-4.786e-03	-4.767e-03	-4.787e-03	-4.794e-03	-4.784e-03	-4.761e-03	-4.766e-03	-4.760e-03
3.260e+04	-5.976e-03	-6.174e-03	-5.877e-03	-5.942e-03	-5.981e-03	-5.924e-03	-4.774e-03	-4.786e-03	-4.767e-03	-4.787e-03	-4.793e-03	-4.783e-03	-4.761e-03	-4.766e-03	-4.760e-03
3.270e+04	-5.976e-03	-6.174e-03	-5.877e-03	-5.942e-03	-5.981e-03	-5.924e-03	-4.774e-03	-4.786e-03	-4.767e-03	-4.787e-03	-4.793e-03	-4.783e-03	-4.761e-03	-4.766e-03	-4.760e-03
3.280e+04	-5.976e-03	-6.174e-03	-5.877e-03	-5.942e-03	-5.981e-03	-5.924e-03	-4.774e-03	-4.785e-03	-4.767e-03	-4.787e-03	-4.793e-03	-4.783e-03	-4.761e-03	-4.766e-03	-4.760e-03
3.290e+04	-5.976e-03	-6.174e-03	-5.877e-03	-5.942e-03	-5.981e-03	-5.924e-03	-4.774e-03	-4.785e-03	-4.767e-03	-4.787e-03	-4.793e-03	-4.783e-03	-4.761e-03	-4.766e-03	-4.760e-03
3.300e+04	-5.976e-03	-6.174e-03	-5.877e-03	-5.942e-03	-5.981e-03	-5.924e-03	-4.774e-03	-4.783e-03	-4.766e-03	-4.787e-03	-4.792e-03	-4.783e-03	-4.761e-03	-4.766e-03	-4.760e-03
3.310e+04	-5.976e-03	-6.174e-03	-5.877e-03	-5.942e-03	-5.981e-03	-5.924e-03	-4.773e-03	-4.783e-03	-4.766e-03	-4.787e-03	-4.792e-03	-4.783e-03	-4.761e-03	-4.766e-03	-4.760e-03
3.320e+04	-5.976e-03	-6.174e-03	-5.877e-03	-5.942e-03	-5.981e-03	-5.924e-03	-4.773e-03	-4.783e-03	-4.766e-03	-4.787e-03	-4.792e-03	-4.783e-03	-4.761e-03	-4.766e-03	-4.760e-03
3.330e+04	-5.976e-03	-6.174e-03	-5.877e-03	-5.942e-03	-5.981e-03	-5.924e-03	-4.773e-03	-4.783e-03	-4.766e-03	-4.787e-03	-4.792e-03	-4.783e-03	-4.761e-03	-4.766e-03	-4.760e-03
3.340e+04	-5.976e-03	-6.174e-03	-5.877e-03	-5.942e-03	-5.981e-03	-5.924e-03	-4.773e-03	-4.783e-03	-4.766e-03	-4.787e-03	-4.792e-03	-4.783e-03	-4.761e-03	-4.766e-03	-4.760e-03
3.350e+04	-5.976e-03	-6.174e-03	-5.877e-03	-5.942e-03	-5.981e-03	-5.924e-03	-4.773e-03	-4.783e-03	-4.766e-03	-4.787e-03	-4.792e-03	-4.783e-03	-4.761e-03	-4.766e-03	-4.760e-03
3.360e+04	-5.976e-03	-6.174e-03	-5.877e-03	-5.942e-03	-5.981e-03	-5.920e-03	-4.773e-03	-4.783e-03	-4.766e-03	-4.787e-03	-4.792e-03	-4.783e-03	-4.761e-03	-4.766e-03	-4.760e-03
3.370e+04	-5.976e-03	-6.174e-03	-5.877e-03	-5.942e-03	-5.970e-03	-5.920e-03	-4.773e-03	-4.783e-03	-4.766e-03	-4.787e-03	-4.792e-03	-4.782e-03	-4.761e-03	-4.766e-03	-4.760e-03
3.380e+04	-5.976e-03	-6.174e-03	-5.877e-03	-5.942e-03	-5.970e-03	-5.920e-03	-4.773e-03	-4.782e-03	-4.766e-03	-4.787e-03	-4.792e-03	-4.782e-03	-4.761e-03	-4.766e-03	-4.760e-03
3.390e+04	-5.976e-03	-6.174e-03	-5.877e-03	-5.942e-03	-5.970e-03	-5.920e-03	-4.773e-03	-4.781e-03	-4.766e-03	-4.787e-03	-4.792e-03	-4.782e-03	-4.761e-03	-4.766e-03	-4.760e-03
3.400e+04	-5.976e-03	-6.174e-03	-5.877e-03	-5.942e-03	-5.970e-03	-5.900e-03	-4.773e-03	-4.780e-03	-4.766e-03	-4.787e-03	-4.791e-03	-4.782e-03	-4.761e-03	-4.766e-03	-4.760e-03
3.410e+04	-5.976e-03	-6.174e-03	-5.877e-03	-5.942e-03	-5.970e-03	-5.900e-03	-4.773e-03	-4.780e-03	-4.766e-03	-4.787e-03	-4.791e-03	-4.782e-03	-4.761e-03	-4.766e-03	-4.760e-03
3.420e+04	-5.976e-03	-6.174e-03	-5.877e-03	-5.942e-03	-5.970e-03	-5.900e-03	-4.773e-03	-4.780e-03	-4.766e-03	-4.787e-03	-4.791e-03	-4.782e-03	-4.761e-03	-4.766e-03	-4.760e-03
3.430e+04	-5.976e-03	-6.174e-03	-5.877e-03	-5.942e-03	-5.970e-03	-5.900e-03	-4.772e-03	-4.780e-03	-4.766e-03	-4.787e-03	-4.791e-03	-4.782e-03	-4.761e-03	-4.766e-03	-4.760e-03
3.440e+04	-5.976e-03	-6.174e-03	-5.877e-03	-5.942e-03	-5.970e-03	-5.900e-03	-4.772e-03	-4.780e-03	-4.766e-03	-4.787e-03	-4.791e-03	-4.782e-03	-4.761e-03	-4.766e-03	-4.760e-03
3.450e+04	-5.976e-03	-6.174e-03	-5.877e-03	-5.942e-03	-5.964e-03	-5.900e-03	-4.772e-03	-4.780e-03	-4.766e-03	-4.787e-03	-4.791e-03	-4.782e-03	-4.761e-03	-4.766e-03	-4.760e-03
3.460e+04	-5.976e-03	-6.174e-03	-5.877e-03	-5.942e-03	-5.957e-03	-5.900e-03	-4.772e-03	-4.780e-03	-4.766e-03	-4.787e-03	-4.791e-03	-4.782e-03	-4.761e-03	-4.766e-03	-4.760e-03
3.470e+04	-5.976e-03	-6.174e-03	-5.877e-03	-5.942e-03	-5.957e-03	-5.900e-03	-4.772e-03	-4.780e-03	-4.765e-03	-4.786e-03	-4.791e-03	-4.782e-03	-4.761e-03	-4.766e-03	-4.760e-03
3.480e+04	-5.976e-03	-6.174e-03	-5.877e-03	-5.942e-03	-5.957e-03	-5.900e-03	-4.772e-03	-4.780e-03	-4.765e-03	-4.786e-03	-4.791e-03	-4.782e-03	-4.761e-03	-4.766e-03	-4.760e-03
3.490e+04	-5.976e-03	-6.174e-03	-5.877e-03	-5.942e-03	-5.957e-03	-5.900e-03	-4.772e-03	-4.780e-03	-4.765e-03	-4.786e-03	-4.791e-03	-4.782e-03	-4.761e-03	-4.766e-03	-4.760e-03
3.500e+04	-5.976e-03	-6.174e-03	-5.877e-03	-5.942e-03	-5.957e-03	-5.900e-03	-4.772e-03	-4.780e-03	-4.765e-03	-4.786e-03	-4.791e-03	-4.782e-03	-4.761e-03	-4.766e-03	-4.760e-03
3.510e+04	-5.976e-03	-6.174e-03	-5.877e-03	-5.942e-03	-5.957e-03	-5.900e-03	-4.772e-03	-4.780e-03	-4.765e-03	-4.786e-03	-4.790e-03	-4.782e-03	-4.761e-03	-4.766e-03	-4.760e-03
3.520e+04	-5.976e-03	-6.174e-03	-5.877e-03	-5.942e-03	-5.957e-03	-5.900e-03	-4.772e-03	-4.780e-03	-4.765e-03	-4.786e-03	-4.790e-03	-4.782e-03	-4.761e-03	-4.766e-03	-4.760e-03
3.530e+04	-5.976e-03	-6.174e-03	-5.877e-03	-5.942e-03	-5.957e-03	-5.900e-03	-4.772e-03	-4.780e-03	-4.765e-03	-4.786e-03	-4.790e-03	-4.782e-03	-4.761e-03	-4.766e-03	-4.760e-03
3.540e+04	-5.976e-03	-6.174e-03	-5.877e-03	-5.942e-03	-5.957e-03	-5.900e-03	-4.771e-03	-4.780e-03	-4.765e-03	-4.786e-03	-4.790e-03	-4.782e-03	-4.761e-03	-4.766e-03	-4.760e-03
3.550e+04	-5.976e-03	-6.174e-03	-5.877e-03	-5.942e-03	-5.957e-03	-5.900e-03	-4.771e-03	-4.779e-03	-4.765e-03	-4.786e-03	-4.790e-03	-4.782e-03	-4.761e-03	-4.766e-03	-4.760e-03
3.560e+04	-5.976e-03	-6.174e-03	-5.877e-03	-5.942e-03	-5.957e-03	-5.900e-03	-4.771e-03	-4.779e-03	-4.765e-03	-4.786e-03	-4.790e-03	-4.781e-03	-4.761e-03	-4.766e-03	-4.760e-03
3.570e+04	-5.976e-03	-6.174e-03	-5.877e-03	-5.942e-03	-5.957e-03	-5.900e-03	-4.771e-03	-4.779e-03	-4.765e-03	-4.785e-03	-4.790e-03	-4.781e-03	-4.761e-03	-4.766e-03	-4.760e-03
3.580e+04	-5.976e-03	-6.174e-03	-5.877e-03	-5.942e-03	-5.957e-03	-5.900e-03	-4.771e-03	-4.779e-03	-4.765e-03	-4.785e-03	-4.790e-03	-4.781e-03	-4.761e-03	-4.766e-03	-4.760e-03
3.590e+04	-5.976e-03	-6.174e-03	-5.877e-03	-5.942e-03	-5.957e-03	-5.900e-03	-4.771e-03	-4.779e-03	-4.765e-03	-4.785e-03	-4.790e-03	-4.781e-03	-4.761e-03	-4.766e-03	-4.760e-03
3.600e+04	-5.976e-03	-6.174e-03	-5.877e-03	-5.942e-03	-5.957e-03	-5.900e-03	-4.771e-03	-4.779e-03	-4.765e-03	-4.785e-03	-4.790e-03	-4.781e-03	-4.761e-03	-4.766e-03	-4.760e-03
3.610e+04	-5.976e-03	-6.174e-03	-5.877e-03	-5.942e-03	-5.957e-03	-5.900e-03	-4.771e-03	-4.779e-03	-4.765e-03	-4.785e-03	-4.790e-03	-4.781e-03	-4.761e-03	-4.766e-03	-4.760e-03
3.620e+04	-5.976e-03	-6.174e-03	-5.877e-03	-5.942e-03	-5.957e-03	-5.900e-03	-4.771e-03	-4.779e-03	-4.765e-03	-4.785e-03	-4.790e-03	-4.781e-03	-4.761e-03	-4.766e-03	-4.760e-03
3.630e+04	-5.976e-03	-6.174e-03	-5.877e-03	-5.942e-03	-5.957e-03	-5.900e-03	-4.771e-03	-4.779e-03	-4.765e-03	-4.785e-03	-4.789e-03	-4.781e-03	-4.761e-03	-4.766e-03	-4.760e-03
3.640e+04	-5.976e-03	-6.174e-03	-5.877e-03	-5.942e-03	-5.957e-03	-5.900e-03	-4.771e-03	-4.779e-03	-4.765e-03	-4.785e-03	-4.789e-03	-4.780e-03	-4.761e-03	-4.766e-03	-4.760e-03
3.650e+04	-5.976e-03	-6.174e-03	-5.877e-03	-5.942e-03	-5.957e-03	-5.900e-03	-4.770e-03	-4.779e-03	-4.765e-03	-4.785e-03	-4.789e-03	-4.780e-03	-4.761e-03	-4.766e-03	-4.760e-03
3.660e+04	-5.976e-03	-6.174e-03	-5.877e-03	-5.942e-03	-5.957e-03	-5.900e-03	-4.770e-03	-4.779e-03	-4.765e-03	-4.785e-03	-4.789e-03	-4.780e-03	-4.761e-03	-4.766e-03	-4.760e-03
3.670e+04	-5.976e-03	-6.174e-03	-5.877e-03	-5.942e-03	-5.957e-03	-5.900e-03	-4.770e-03	-4.779e-03	-4.765e-03	-4.785e-03	-4.789e-03	-4.780e-03	-4.761e-03	-4.766e-03	-4.760e-03
3.680e+04	-5.976e-03	-6.174e-03	-5.877e-03	-5.942e-03	-5.957e-03	-5.900e-03	-4.770e-03	-4.778e-03	-4.765e-03	-4.785e-03	-4.789e-03	-4.780e-03	-4.761e-03	-4.766e-03	-4.760e-03
3.690e+04	-5.972e-03	-6.174e-03	-5.877e-03	-5.942e-03	-5.957e-03	-5.900e-03	-4.770e-03	-4.778e-03	-4.765e-03	-4.784e-03	-4.789e-03	-4.780e-03	-4.761e-03	-4.766e-03	-4.760e-03
3.700e+04	-5.972e-03	-6.174e-03	-5.877e-03	-5.942e-03	-5.957e-03	-5.900e-03	-4.770e-03	-4.778e-03	-4.765e-03	-4.784e-03	-4.789e-03	-4.780e-03	-4.761e-03	-4.766e-03	-4.760e-03
3.710e+04	-5.972e-03	-6.174e-03	-5.877e-03	-5.942e-03	-5.957e-03	-5.900e-03	-4.770e-03	-4.778e-03	-4.765e-03	-4.784e-03	-4.789e-03	-4.780e-03	-4.761e-03	-4.766e-03	-4.760e-03
3.720e+04	-5.958e-03	-6.174e-03	-5.877e-03	-5.942e-03	-5.957e-03	-5.900e-03	-4.770e-03	-4.778e-03	-4.765e-03	-4.784e-03	-4.789e-03	-4.780e-03	-4.761e-03	-4.766e-03	-4.760e-03
3.730e+04	-5.958e-03	-6.174e-03	-5.877e-03	-5.942e-03	-5.957e-03	-5.900e-03	-4.770e-03	-4.778e-03	-4.765e-03	-4.784e-03	-4.789e-03	-4.780e-03	-4.761e-03	-4.766e-03	-4.760e-03
3.740e+04	-5.958e-03	-6.174e-03	-5.877e-03	-5.942e-03	-5.957e-03	-5.900e-03	-4.770e-03	-4.778e-03	-4.765e-03	-4.784e-03	-4.789e-03	-4.780e-03	-4.761e-03	-4.766e-03	-4.760e-03
3.750e+04	-5.958e-03	-6.174e-03	-5.877e-03	-5.942e-03	-5.957e-03	-5.900e-03	-4.770e-03	-4.778e-03	-4.765e-03	-4.784e-03	-4.789e-03	-4.780e-03	-4.761e-03	-4.766e-03	-4.760e-03
3.760e+04	-5.958e-03	-6.174e-03	-5.877e-03	-5.942e-03	-5.957e-03	-5.900e-03	-4.770e-03	-4.778e-03	-4.765e-03	-4.784e-03	-4.789e-03	-4.780e-03	-4.761e-03	-4.766e-03	-4.760e-03
3.770e+04	-5.958e-03	-6.174e-03	-5.877e-03	-5.942e-03	-5.957e-03	-5.900e-03	-4.770e-03	-4.778e-03	-4.765e-03	-4.784e-03	-4.789e-03	-4.780e-03	-4.761e-03	-4.766e-03	-4.760e-03
3.780e+04	-5.958e-03	-6.174e-03	-5.877e-03	-5.942e-03	-5.957e-03	-5.900e-03	-4.770e-03	-4.778e-03	-4.765e-03	-4.783e-03	-4.789e-03	-4.780e-03	-4.761e-03	-4.766e-03	-4.760e-03
3.790e+04	-5.958e-03	-6.174e-03	-5.877e-03	-5.942e-03	-5.957e-03	-5.900e-03	-4.770e-03	-4.778e-03	-4.765e-03	-4.783e-03	-4.789e-03	-4.780e-03	-4.761e-03	-4.766e-03	-4.760e-03
3.800e+04	-5.958e-03	-6.174e-03	-5.877e-03	-5.942e-03	-5.957e-03	-5.900e-03	-4.770e-03	-4.778e-03	-4.765e-03	-4.783e-03	-4.789e-03	-4.780e-03	-4.761e-03	-4.766e-03	-4.760e-03
3.810e+04	-5.958e-03	-6.174e-03	-5.877e-03	-5.942e-03	-5.957e-03	-5.900e-03	-4.770e-03	-4.778e-03	-4.765e-03	-4.783e-03	-4.789e-03	-4.779e-03	-4.761e-03	-4.766e-03	-4.760e-03
3.820e+04	-5.958e-03	-6.174e-03	-5.877e-03	-5.942e-03	-5.957e-03	-5.900e-03	-4.770e-03	-4.777e-03	-4.765e-03	-4.783e-03	-4.789e-03	-4.779e-03	-4.761e-03	-4.766e-03	-4.760e-03
3.830e+04	-5.958e-03	-6.174e-03	-5.877e-03	-5.942e-03	-5.957e-03	-5.900e-03	-4.770e-03	-4.777e-03	-4.765e-03	-4.783e-03	-4.789e-03	-4.779e-03	-4.761e-03	-4.766e-03	-4.760e-03
3.840e+04	-5.958e-03	-6.174e-03	-5.877e-03	-5.942e-03	-5.957e-03	-5.900e-03	-4.770e-03	-4.777e-03	-4.765e-03	-4.783e-03	-4.789e-03	-4.779e-03	-4.761e-03	-4.766e-03	-4.760e-03
3.850e+04	-5.958e-03	-6.174e-03	-5.877e-03	-5.942e-03	-5.957e-03	-5.900e-03	-4.770e-03	-4.777e-03	-4.765e-03	-4.782e-03	-4.789e-03	-4.779e-03	-4.761e-03	-4.766e-03	-4.760e-03
3.860e+04	-5.958e-03	-6.174e-03	-5.877e-03	-5.942e-03	-5.957e-03	-5.894e-03	-4.770e-03	-4.777e-03	-4.765e-03	-4.782e-03	-4.789e-03	-4.779e-03	-4.761e-03	-4.766e-03	-4.760e-03
3.870e+04	-5.958e-03	-6.174e-03	-5.877e-03	-5.942e-03	-5.957e-03	-5.894e-03	-4.770e-03	-4.777e-03	-4.765e-03	-4.782e-03	-4.789e-03	-4.779e-03	-4.761e-03	-4.766e-03	-4.760e-03
3.880e+04	-5.958e-03	-6.174e-03	-5.877e-03	-5.942e-03	-5.957e-03	-5.894e-03	-4.769e-03	-4.777e-03	-4.765e-03	-4.782e-03	-4.789e-03	-4.778e-03	-4.761e-03	-4.766e-03	-4.760e-03
3.890e+04	-5.958e-03	-6.174e-03	-5.877e-03	-5.942e-03	-5.957e-03	-5.894e-03	-4.769e-03	-4.777e-03	-4.765e-03	-4.782e-03	-4.789e-03	-4.778e-03	-4.761e-03	-4.766e-03	-4.760e-03
3.900e+04	-5.958e-03	-6.174e-03	-5.877e-03	-5.942e-03	-5.957e-03	-5.894e-03	-4.769e-03	-4.776e-03	-4.765e-03	-4.782e-03	-4.789e-03	-4.778e-03	-4.761e-03	-4.766e-03	-4.760e-03
3.910e+04	-5.958e-03	-6.174e-03	-5.877e-03	-5.942e-03	-5.957e-03	-5.894e-03	-4.769e-03	-4.776e-03	-4.765e-03	-4.782e-03	-4.789e-03	-4.778e-03	-4.761e-03	-4.766e-03	-4.760e-03
3.920e+04	-5.958e-03	-6.174e-03	-5.877e-03	-5.942e-03	-5.957e-03	-5.894e-03	-4.769e-03	-4.776e-03	-4.765e-03	-4.782e-03	-4.789e-03	-4.778e-03	-4.761e-03	-4.766e-03	-4.760e-03
3.930e+04	-5.958e-03	-6.174e-03	-5.877e-03	-5.942e-03	-5.957e-03	-5.894e-03	-4.769e-03	-4.776e-03	-4.765e-03	-4.782e-03	-4.788e-03	-4.778e-03	-4.761e-03	-4.766e-03	-4.760e-03
3.940e+04	-5.958e-03	-6.174e-03	-5.877e-03	-5.942e-03	-5.957e-03	-5.894e-03	-4.769e-03	-4.776e-03	-4.765e-03	-4.782e-03	-4.788e-03	-4.778e-03	-4.761e-03	-4.766e-03	-4.760e-03
3.950e+04	-5.958e-03	-6.174e-03	-5.877e-03	-5.942e-03	-5.957e-03	-5.894e-03	-4.769e-03	-4.776e-03	-4.765e-03	-4.782e-03	-4.788e-03	-4.777e-03	-4.761e-03	-4.766e-03	-4.760e-03
3.960e+04	-5.958e-03	-6.174e-03	-5.877e-03	-5.942e-03	-5.957e-03	-5.894e-03	-4.769e-03	-4.776e-03	-4.765e-03	-4.782e-03	-4.788e-03	-4.777e-03	-4.761e-03	-4.766e-03	-4.760e-03
3.970e+04	-5.958e-03	-6.174e-03	-5.877e-03	-5.942e-03	-5.957e-03	-5.894e-03	-4.769e-03	-4.776e-03	-4.765e-03	-4.782e-03	-4.788e-03	-4.777e-03	-4.761e-03	-4.766e-03	-4.760e-03
3.980e+04	-5.941e-03	-6.174e-03	-5.877e-03	-5.942e-03	-5.957e-03	-5.894e-03	-4.769e-03	-4.776e-03	-4.765e-03	-4.782e-03	-4.788e-03	-4.777e-03	-4.761e-03	-4.766e-03	-4.760e-03
3.990e+04	-5.941e-03	-6.174e-03	-5.877e-03	-5.924e-03	-5.957e-03	-5.894e-03	-4.769e-03	-4.776e-03	-4.765e-03	-4.782e-03	-4.788e-03	-4.777e-03	-4.761e-03	-4.766e-03	-4.760e-03
4.000e+04	-5.941e-03	-6.174e-03	-5.877e-03	-5.924e-03	-5.956e-03	-5.894e-03	-4.768e-03	-4.776e-03	-4.765e-03	-4.781e-03	-4.788e-03	-4.777e-03	-4.761e-03	-4.766e-03	-4.760e-03
4.010e+04	-5.941e-03	-6.155e-03	-5.877e-03	-5.924e-03	-5.956e-03	-5.894e-03	-4.768e-03	-4.776e-03	-4.765e-03	-4.781e-03	-4.788e-03	-4.777e-03	-4.761e-03	-4.766e-03	-4.760e-03
4.020e+04	-5.941e-03	-6.155e-03	-5.877e-03	-5.924e-03	-5.956e-03	-5.894e-03	-4.768e-03	-4.776e-03	-4.765e-03	-4.781e-03	-4.788e-03	-4.777e-03	-4.761e-03	-4.766e-03	-4.760e-03
4.030e+04	-5.941e-03	-6.155e-03	-5.877e-03	-5.924e-03	-5.956e-03	-5.894e-03	-4.768e-03	-4.776e-03	-4.765e-03	-4.781e-03	-4.788e-03	-4.777e-03	-4.761e-03	-4.766e-03	-4.760e-03
4.040e+04	-5.941e-03	-6.155e-03	-5.877e-03	-5.924e-03	-5.956e-03	-5.894e-03	-4.768e-03	-4.776e-03	-4.765e-03	-4.781e-03	-4.788e-03	-4.777e-03	-4.761e-03	-4.766e-03	-4.760e-03
4.050e+04	-5.941e-03	-6.155e-03	-5.877e-03	-5.924e-03	-5.956e-03	-5.894e-03	-4.768e-03	-4.776e-03	-4.765e-03	-4.781e-03	-4.788e-03	-4.777e-03	-4.761e-03	-4.766e-03	-4.760e-03
4.060e+04	-5.941e-03	-6.152e-03	-5.877e-03	-5.924e-03	-5.956e-03	-5.894e-03	-4.768e-03	-4.776e-03	-4.765e-03	-4.781e-03	-4.788e-03	-4.777e-03	-4.761e-03	-4.766e-03	-4.760e-03
4.070e+04	-5.941e-03	-6.152e-03	-5.877e-03	-5.924e-03	-5.956e-03	-5.894e-03	-4.768e-03	-4.776e-03	-4.765e-03	-4.781e-03	-4.788e-03	-4.776e-03	-4.761e-03	-4.766e-03	-4.760e-03
4.080e+04	-5.941e-03	-6.145e-03	-5.877e-03	-5.924e-03	-5.956e-03	-5.894e-03	-4.768e-03	-4.775e-03	-4.765e-03	-4.780e-03	-4.788e-03	-4.776e-03	-4.761e-03	-4.766e-03	-4.760e-03
4.090e+04	-5.941e-03	-6.145e-03	-5.877e-03	-5.924e-03	-5.956e-03	-5.894e-03	-4.768e-03	-4.775e-03	-4.765e-03	-4.780e-03	-4.788e-03	-4.776e-03	-4.761e-03	-4.766e-03	-4.760e-03
4.100e+04	-5.941e-03	-6.145e-03	-5.877e-03	-5.924e-03	-5.956e-03	-5.894e-03	-4.768e-03	-4.775e-03	-4.765e-03	-4.780e-03	-4.788e-03	-4.776e-03	-4.761e-03	-4.766e-03	-4.760e-03
4.110e+04	-5.941e-03	-6.145e-03	-5.877e-03	-5.924e-03	-5.956e-03	-5.894e-03	-4.768e-03	-4.775e-03	-4.765e-03	-4.780e-03	-4.788e-03	-4.776e-03	-4.761e-03	-4.766e-03	-4.760e-03
4.120e+04	-5.941e-03	-6.145e-03	-5.877e-03	-5.924e-03	-5.956e-03	-5.894e-03	-4.768e-03	-4.775e-03	-4.765e-03	-4.780e-03	-4.788e-03	-4.776e-03	-4.761e-03	-4.766e-03	-4.760e-03
4.130e+04	-5.941e-03	-6.145e-03	-5.877e-03	-5.924e-03	-5.956e-03	-5.894e-03	-4.768e-03	-4.775e-03	-4.765e-03	-4.780e-03	-4.788e-03	-4.775e-03	-4.761e-03	-4.766e-03	-4.760e-03
4.140e+04	-5.941e-03	-6.145e-03	-5.877e-03	-5.924e-03	-5.956e-03	-5.894e-03	-4.768e-03	-4.775e-03	-4.765e-03	-4.780e-03	-4.788e-03	-4.775e-03	-4.761e-03	-4.766e-03	-4.760e-03
4.150e+04	-5.941e-03	-6.136e-03	-5.877e-03	-5.924e-03	-5.956e-03	-5.894e-03	-4.768e-03	-4.775e-03	-4.765e-03	-4.780e-03	-4.788e-03	-4.775e-03	-4.760e-03	-4.766e-03	-4.760e-03
4.160e+04	-5.941e-03	-6.136e-03	-5.877e-03	-5.924e-03	-5.956e-03	-5.894e-03	-4.768e-03	-4.774e-03	-4.765e-03	-4.780e-03	-4.788e-03	-4.775e-03	-4.760e-03	-4.766e-03	-4.760e-03
4.170e+04	-5.934e-03	-6.133e-03	-5.877e-03	-5.924e-03	-5.956e-03	-5.894e-03	-4.768e-03	-4.774e-03	-4.765e-03	-4.780e-03	-4.788e-03	-4.775e-03	-4.760e-03	-4.766e-03	-4.760e-03
4.180e+04	-5.934e-03	-6.130e-03	-5.877e-03	-5.924e-03	-5.956e-03	-5.894e-03	-4.768e-03	-4.774e-03	-4.765e-03	-4.780e-03	-4.788e-03	-4.775e-03	-4.760e-03	-4.766e-03	-4.760e-03
4.190e+04	-5.934e-03	-6.109e-03	-5.877e-03	-5.924e-03	-5.956e-03	-5.894e-03	-4.768e-03	-4.774e-03	-4.765e-03	-4.779e-03	-4.788e-03	-4.775e-03	-4.760e-03	-4.766e-03	-4.760e-03
4.200e+04	-5.934e-03	-6.109e-03	-5.877e-03	-5.924e-03	-5.956e-03	-5.894e-03	-4.768e-03	-4.773e-03	-4.765e-03	-4.779e-03	-4.788e-03	-4.775e-03	-4.760e-03	-4.766e-03	-4.760e-03
4.210e+04	-5.930e-03	-6.109e-03	-5.877e-03	-5.924e-03	-5.956e-03	-5.894e-03	-4.768e-03	-4.773e-03	-4.765e-03	-4.779e-03	-4.788e-03	-4.775e-03	-4.760e-03	-4.766e-03	-4.760e-03
4.220e+04	-5.930e-03	-6.107e-03	-5.877e-03	-5.924e-03	-5.956e-03	-5.894e-03	-4.768e-03	-4.773e-03	-4.765e-03	-4.779e-03	-4.788e-03	-4.775e-03	-4.760e-03	-4.766e-03	-4.760e-03
4.230e+04	-5.930e-03	-6.061e-03	-5.877e-03	-5.924e-03	-5.956e-03	-5.894e-03	-4.768e-03	-4.772e-03	-4.764e-03	-4.779e-03	-4.788e-03	-4.775e-03	-4.760e-03	-4.766e-03	-4.760e-03
4.240e+04	-5.930e-03	-6.061e-03	-5.877e-03	-5.924e-03	-5.956e-03	-5.894e-03	-4.768e-03	-4.772e-03	-4.764e-03	-4.779e-03	-4.788e-03	-4.775e-03	-4.760e-03	-4.766e-03	-4.760e-03
4.250e+04	-5.930e-03	-6.061e-03	-5.877e-03	-5.924e-03	-5.956e-03	-5.894e-03	-4.768e-03	-4.772e-03	-4.764e-03	-4.779e-03	-4.788e-03	-4.775e-03	-4.760e-03	-4.766e-03	-4.760e-03
4.260e+04	-5.930e-03	-6.061e-03	-5.877e-03	-5.924e-03	-5.956e-03	-5.894e-03	-4.768e-03	-4.772e-03	-4.764e-03	-4.779e-03	-4.788e-03	-4.775e-03	-4.760e-03	-4.766e-03	-4.760e-03
4.270e+04	-5.930e-03	-6.061e-03	-5.877e-03	-5.924e-03	-5.956e-03	-5.894e-03	-4.768e-03	-4.772e-03	-4.764e-03	-4.779e-03	-4.788e-03	-4.775e-03	-4.760e-03	-4.766e-03	-4.760e-03
4.280e+04	-5.911e-03	-6.061e-03	-5.877e-03	-5.924e-03	-5.956e-03	-5.894e-03	-4.768e-03	-4.772e-03	-4.764e-03	-4.779e-03	-4.787e-03	-4.775e-03	-4.760e-03	-4.766e-03	-4.760e-03
4.290e+04	-5.911e-03	-6.061e-03	-5.877e-03	-5.924e-03	-5.953e-03	-5.894e-03	-4.768e-03	-4.772e-03	-4.764e-03	-4.778e-03	-4.787e-03	-4.774e-03	-4.760e-03	-4.766e-03	-4.760e-03
4.300e+04	-5.911e-03	-6.061e-03	-5.876e-03	-5.924e-03	-5.953e-03	-5.894e-03	-4.768e-03	-4.772e-03	-4.764e-03	-4.778e-03	-4.787e-03	-4.774e-03	-4.760e-03	-4.766e-03	-4.760e-03
4.310e+04	-5.911e-03	-6.061e-03	-5.876e-03	-5.924e-03	-5.953e-03	-5.894e-03	-4.768e-03	-4.772e-03	-4.764e-03	-4.778e-03	-4.787e-03	-4.774e-03	-4.760e-03	-4.766e-03	-4.760e-03
4.320e+04	-5.911e-03	-6.061e-03	-5.876e-03	-5.924e-03	-5.953e-03	-5.894e-03	-4.768e-03	-4.772e-03	-4.764e-03	-4.778e-03	-4.787e-03	-4.774e-03	-4.760e-03	-4.766e-03	-4.760e-03
4.330e+04	-5.911e-03	-6.058e-03	-5.876e-03	-5.924e-03	-5.953e-03	-5.894e-03	-4.768e-03	-4.772e-03	-4.764e-03	-4.778e-03	-4.787e-03	-4.774e-03	-4.760e-03	-4.766e-03	-4.760e-03
4.340e+04	-5.911e-03	-6.058e-03	-5.876e-03	-5.924e-03	-5.953e-03	-5.894e-03	-4.768e-03	-4.772e-03	-4.764e-03	-4.778e-03	-4.787e-03	-4.774e-03	-4.760e-03	-4.766e-03	-4.760e-03
4.350e+04	-5.911e-03	-6.058e-03	-5.876e-03	-5.924e-03	-5.953e-03	-5.894e-03	-4.768e-03	-4.772e-03	-4.764e-03	-4.778e-03	-4.787e-03	-4.774e-03	-4.760e-03	-4.766e-03	-4.760e-03
4.360e+04	-5.911e-03	-6.058e-03	-5.876e-03	-5.924e-03	-5.953e-03	-5.894e-03	-4.768e-03	-4.772e-03	-4.764e-03	-4.778e-03	-4.787e-03	-4.774e-03	-4.760e-03	-4.766e-03	-4.760e-03
4.370e+04	-5.911e-03	-6.058e-03	-5.876e-03	-5.924e-03	-5.953e-03	-5.894e-03	-4.768e-03	-4.772e-03	-4.764e-03	-4.778e-03	-4.787e-03	-4.774e-03	-4.760e-03	-4.766e-03	-4.760e-03
4.380e+04	-5.911e-03	-6.028e-03	-5.876e-03	-5.924e-03	-5.953e-03	-5.894e-03	-4.768e-03	-4.772e-03	-4.764e-03	-4.778e-03	-4.787e-03	-4.774e-03	-4.760e-03	-4.766e-03	-4.760e-03
4.390e+04	-5.911e-03	-6.021e-03	-5.876e-03	-5.924e-03	-5.953e-03	-5.894e-03	-4.768e-03	-4.772e-03	-4.764e-03	-4.778e-03	-4.787e-03	-4.774e-03	-4.760e-03	-4.766e-03	-4.760e-03
4.400e+04	-5.911e-03	-6.021e-03	-5.876e-03	-5.924e-03	-5.953e-03	-5.894e-03	-4.768e-03	-4.772e-03	-4.764e-03	-4.778e-03	-4.787e-03	-4.774e-03	-4.760e-03	-4.766e-03	-4.760e-03
4.410e+04	-5.911e-03	-6.021e-03	-5.876e-03	-5.924e-03	-5.953e-03	-5.894e-03	-4.768e-03	-4.772e-03	-4.764e-03	-4.778e-03	-4.787e-03	-4.774e-03	-4.760e-03	-4.766e-03	-4.760e-03
4.420e+04	-5.911e-03	-6.021e-03	-5.876e-03	-5.924e-03	-5.953e-03	-5.894e-03	-4.768e-03	-4.772e-03	-4.764e-03	-4.778e-03	-4.787e-03	-4.774e-03	-4.760e-03	-4.766e-03	-4.760e-03
4.430e+04	-5.911e-03	-6.021e-03	-5.876e-03	-5.924e-03	-5.953e-03	-5.894e-03	-4.768e-03	-4.772e-03	-4.764e-03	-4.778e-03	-4.787e-03	-4.774e-03	-4.760e-03	-4.766e-03	-4.760e-03
4.440e+04	-5.911e-03	-6.021e-03	-5.876e-03	-5.924e-03	-5.953e-03	-5.894e-03	-4.768e-03	-4.772e-03	-4.764e-03	-4.778e-03	-4.787e-03	-4.774e-03	-4.760e-03	-4.766e-03	-4.760e-03
4.450e+04	-5.911e-03	-6.021e-03	-5.876e-03	-5.924e-03	-5.953e-03	-5.894e-03	-4.768e-03	-4.772e-03	-4.764e-03	-4.777e-03	-4.787e-03	-4.774e-03	-4.760e-03	-4.766e-03	-4.760e-03
4.460e+04	-5.911e-03	-6.021e-03	-5.876e-03	-5.924e-03	-5.953e-03	-5.894e-03	-4.768e-03	-4.772e-03	-4.764e-03	-4.777e-03	-4.787e-03	-4.774e-03	-4.760e-03	-4.766e-03	-4.760e-03
4.470e+04	-5.911e-03	-6.021e-03	-5.876e-03	-5.924e-03	-5.953e-03	-5.894e-03	-4.768e-03	-4.772e-03	-4.764e-03	-4.777e-03	-4.787e-03	-4.774e-03	-4.760e-03	-4.766e-03	-4.760e-03
4.480e+04	-5.911e-03	-6.021e-03	-5.876e-03	-5.924e-03	-5.953e-03	-5.894e-03	-4.768e-03	-4.772e-03	-4.764e-03	-4.777e-03	-4.787e-03	-4.774e-03	-4.760e-03	-4.766e-03	-4.760e-03
4.490e+04	-5.888e-03	-6.021e-03	-5.876e-03	-5.924e-03	-5.953e-03	-5.894e-03	-4.768e-03	-4.772e-03	-4.764e-03	-4.777e-03	-4.787e-03	-4.774e-03	-4.760e-03	-4.766e-03	-4.760e-03
4.500e+04	-5.888e-03	-6.021e-03	-5.876e-03	-5.924e-03	-5.953e-03	-5.894e-03	-4.768e-03	-4.772e-03	-4.763e-03	-4.777e-03	-4.787e-03	-4.774e-03	-4.760e-03	-4.766e-03	-4.760e-03
4.510e+04	-5.888e-03	-6.021e-03	-5.876e-03	-5.924e-03	-5.953e-03	-5.894e-03	-4.768e-03	-4.772e-03	-4.763e-03	-4.777e-03	-4.787e-03	-4.774e-03	-4.760e-03	-4.766e-03	-4.760e-03
4.520e+04	-5.888e-03	-6.021e-03	-5.876e-03	-5.924e-03	-5.953e-03	-5.894e-03	-4.768e-03	-4.772e-03	-4.763e-03	-4.777e-03	-4.787e-03	-4.774e-03	-4.760e-03	-4.766e-03	-4.760e-03
4.530e+04	-5.888e-03	-6.021e-03	-5.876e-03	-5.924e-03	-5.953e-03	-5.894e-03	-4.768e-03	-4.772e-03	-4.763e-03	-4.777e-03	-4.787e-03	-4.774e-03	-4.760e-03	-4.766e-03	-4.760e-03
4.540e+04	-5.888e-03	-6.021e-03	-5.876e-03	-5.924e-03	-5.953e-03	-5.894e-03	-4.768e-03	-4.772e-03	-4.763e-03	-4.777e-03	-4.787e-03	-4.774e-03	-4.760e-03	-4.766e-03	-4.760e-03
4.550e+04	-5.888e-03	-6.021e-03	-5.876e-03	-5.924e-03	-5.953e-03	-5.894e-03	-4.768e-03	-4.772e-03	-4.763e-03	-4.777e-03	-4.787e-03	-4.774e-03	-4.760e-03	-4.766e-03	-4.760e-03
4.560e+04	-5.888e-03	-6.021e-03	-5.876e-03	-5.924e-03	-5.953e-03	-5.894e-03	-4.768e-03	-4.772e-03	-4.763e-03	-4.777e-03	-4.787e-03	-4.774e-03	-4.760e-03	-4.766e-03	-4.760e-03
4.570e+04	-5.888e-03	-6.021e-03	-5.876e-03	-5.924e-03	-5.953e-03	-5.894e-03	-4.768e-03	-4.772e-03	-4.763e-03	-4.777e-03	-4.787e-03	-4.774e-03	-4.760e-03	-4.766e-03	-4.760e-03
4.580e+04	-5.888e-03	-6.021e-03	-5.876e-03	-5.924e-03	-5.953e-03	-5.894e-03	-4.768e-03	-4.772e-03	-4.763e-03	-4.777e-03	-4.787e-03	-4.774e-03	-4.760e-03	-4.766e-03	-4.760e-03
4.590e+04	-5.888e-03	-6.021e-03	-5.876e-03	-5.924e-03	-5.953e-03	-5.894e-03	-4.768e-03	-4.772e-03	-4.763e-03	-4.777e-03	-4.787e-03	-4.774e-03	-4.760e-03	-4.766e-03	-4.760e-03
4.600e+04	-5.888e-03	-6.021e-03	-5.876e-03	-5.924e-03	-5.953e-03	-5.894e-03	-4.768e-03	-4.772e-03	-4.763e-03	-4.777e-03	-4.787e-03	-4.774e-03	-4.760e-03	-4.766e-03	-4.760e-03
4.610e+04	-5.888e-03	-6.021e-03	-5.876e-03	-5.924e-03	-5.953e-03	-5.894e-03	-4.768e-03	-4.772e-03	-4.763e-03	-4.777e-03	-4.787e-03	-4.774e-03	-4.760e-03	-4.766e-03	-4.760e-03
4.620e+04	-5.888e-03	-6.021e-03	-5.876e-03	-5.924e-03	-5.953e-03	-5.894e-03	-4.768e-03	-4.772e-03	-4.763e-03	-4.777e-03	-4.787e-03	-4.774e-03	-4.760e-03	-4.766e-03	-4.760e-03
4.630e+04	-5.888e-03	-6.021e-03	-5.876e-03	-5.924e-03	-5.953e-03	-5.894e-03	-4.768e-03	-4.772e-03	-4.763e-03	-4.777e-03	-4.787e-03	-4.774e-03	-4.760e-03	-4.766e-03	-4.760e-03
4.640e+04	-5.888e-03	-6.021e-03	-5.876e-03	-5.924e-03	-5.953e-03	-5.894e-03	-4.768e-03	-4.772e-03	-4.763e-03	-4.777e-03	-4.787e-03	-4.774e-03	-4.760e-03	-4.766e-03	-4.760e-03
4.650e+04	-5.888e-03	-6.021e-03	-5.876e-03	-5.924e-03	-5.953e-03	-5.894e-03	-4.768e-03	-4.772e-03	-4.763e-03	-4.777e-03	-4.787e-03	-4.774e-03	-4.760e-03	-4.766e-03	-4.760e-03
4.660e+04	-5.888e-03	-6.021e-03	-5.876e-03	-5.924e-03	-5.953e-03	-5.894e-03	-4.768e-03	-4.772e-03	-4.763e-03	-4.777e-03	-4.787e-03	-4.774e-03	-4.760e-03	-4.766e-03	-4.760e-03
4.670e+04	-5.888e-03	-6.021e-03	-5.876e-03	-5.924e-03	-5.953e-03	-5.894e-03	-4.768e-03	-4.772e-03	-4.763e-03	-4.777e-03	-4.787e-03	-4.774e-03	-4.760e-03	-4.766e-03	-4.760e-03
4.680e+04	-5.888e-03	-6.021e-03	-5.876e-03	-5.924e-03	-5.953e-03	-5.894e-03	-4.768e-03	-4.772e-03	-4.763e-03	-4.777e-03	-4.787e-03	-4.774e-03	-4.760e-03	-4.766e-03	-4.760e-03
4.690e+04	-5.888e-03	-6.021e-03	-5.876e-03	-5.924e-03	-5.953e-03	-5.894e-03	-4.768e-03	-4.772e-03	-4.763e-03	-4.777e-03	-4.787e-03	-4.774e-03	-4.760e-03	-4.766e-03	-4.760e-03
4.700e+04	-5.888e-03	-6.008e-03	-5.876e-03	-5.924e-03	-5.953e-03	-5.894e-03	-4.768e-03	-4.772e-03	-4.763e-03	-4.777e-03	-4.786e-03	-4.774e-03	-4.760e-03	-4.766e-03	-4.760e-03
4.710e+04	-5.888e-03	-6.008e-03	-5.876e-03	-5.924e-03	-5.953e-03	-5.894e-03	-4.768e-03	-4.772e-03	-4.763e-03	-4.777e-03	-4.786e-03	-4.774e-03	-4.760e-03	-4.766e-03	-4.760e-03
4.720e+04	-5.888e-03	-5.998e-03	-5.876e-03	-5.924e-03	-5.953e-03	-5.894e-03	-4.768e-03	-4.772e-03	-4.763e-03	-4.777e-03	-4.786e-03	-4.774e-03	-4.760e-03	-4.766e-03	-4.760e-03
4.730e+04	-5.888e-03	-5.998e-03	-5.876e-03	-5.924e-03	-5.948e-03	-5.894e-03	-4.768e-03	-4.772e-03	-4.763e-03	-4.777e-03	-4.786e-03	-4.774e-03	-4.760e-03	-4.766e-03	-4.760e-03
4.740e+04	-5.888e-03	-5.998e-03	-5.876e-03	-5.924e-03	-5.948e-03	-5.894e-03	-4.768e-03	-4.772e-03	-4.763e-03	-4.777e-03	-4.786e-03	-4.774e-03	-4.760e-03	-4.766e-03	-4.760e-03
4.750e+04	-5.888e-03	-5.998e-03	-5.876e-03	-5.924e-03	-5.948e-03	-5.894e-03	-4.768e-03	-4.772e-03	-4.763e-03	-4.777e-03	-4.786e-03	-4.773e-03	-4.760e-03	-4.766e-03	-4.760e-03
4.760e+04	-5.888e-03	-5.998e-03	-5.872e-03	-5.924e-03	-5.948e-03	-5.894e-03	-4.768e-03	-4.772e-03	-4.763e-03	-4.777e-03	-4.785e-03	-4.773e-03	-4.760e-03	-4.766e-03	-4.760e-03
4.770e+04	-5.888e-03	-5.998e-03	-5.872e-03	-5.924e-03	-5.948e-03	-5.894e-03	-4.768e-03	-4.772e-03	-4.763e-03	-4.777e-03	-4.785e-03	-4.773e-03	-4.760e-03	-4.766e-03	-4.760e-03
4.780e+04	-5.888e-03	-5.998e-03	-5.872e-03	-5.924e-03	-5.948e-03	-5.894e-03	-4.768e-03	-4.772e-03	-4.763e-03	-4.777e-03	-4.785e-03	-4.773e-03	-4.760e-03	-4.766e-03	-4.760e-03
4.790e+04	-5.888e-03	-5.998e-03	-5.872e-03	-5.924e-03	-5.948e-03	-5.894e-03	-4.768e-03	-4.772e-03	-4.763e-03	-4.777e-03	-4.784e-03	-4.773e-03	-4.760e-03	-4.766e-03	-4.760e-03
4.800e+04	-5.888e-03	-5.998e-03	-5.872e-03	-5.924e-03	-5.948e-03	-5.894e-03	-4.768e-03	-4.772e-03	-4.763e-03	-4.777e-03	-4.784e-03	-4.773e-03	-4.760e-03	-4.766e-03	-4.760e-03
4.810e+04	-5.888e-03	-5.998e-03	-5.872e-03	-5.924e-03	-5.948e-03	-5.894e-03	-4.768e-03	-4.772e-03	-4.763e-03	-4.777e-03	-4.784e-03	-4.773e-03	-4.760e-03	-4.766e-03	-4.760e-03
4.820e+04	-5.888e-03	-5.973e-03	-5.872e-03	-5.924e-03	-5.948e-03	-5.894e-03	-4.768e-03	-4.772e-03	-4.763e-03	-4.777e-03	-4.784e-03	-4.773e-03	-4.760e-03	-4.766e-03	-4.760e-03
4.830e+04	-5.888e-03	-5.973e-03	-5.872e-03	-5.924e-03	-5.948e-03	-5.894e-03	-4.768e-03	-4.772e-03	-4.763e-03	-4.777e-03	-4.784e-03	-4.773e-03	-4.760e-03	-4.766e-03	-4.760e-03
4.840e+04	-5.888e-03	-5.973e-03	-5.872e-03	-5.924e-03	-5.948e-03	-5.894e-03	-4.768e-03	-4.772e-03	-4.763e-03	-4.777e-03	-4.784e-03	-4.773e-03	-4.760e-03	-4.766e-03	-4.760e-03
4.850e+04	-5.888e-03	-5.973e-03	-5.872e-03	-5.924e-03	-5.948e-03	-5.894e-03	-4.768e-03	-4.772e-03	-4.763e-03	-4.777e-03	-4.784e-03	-4.773e-03	-4.760e-03	-4.766e-03	-4.760e-03
4.860e+04	-5.888e-03	-5.973e-03	-5.872e-03	-5.924e-03	-5.948e-03	-5.894e-03	-4.768e-03	-4.772e-03	-4.763e-03	-4.777e-03	-4.784e-03	-4.773e-03	-4.760e-03	-4.766e-03	-4.760e-03
4.870e+04	-5.888e-03	-5.973e-03	-5.872e-03	-5.924e-03	-5.948e-03	-5.894e-03	-4.768e-03	-4.772e-03	-4.763e-03	-4.777e-03	-4.784e-03	-4.773e-03	-4.760e-03	-4.766e-03	-4.760e-03
4.880e+04	-5.888e-03	-5.973e-03	-5.872e-03	-5.924e-03	-5.948e-03	-5.894e-03	-4.768e-03	-4.772e-03	-4.763e-03	-4.777e-03	-4.784e-03	-4.773e-03	-4.760e-03	-4.766e-03	-4.760e-03
4.890e+04	-5.888e-03	-5.973e-03	-5.872e-03	-5.924e-03	-5.948e-03	-5.894e-03	-4.768e-03	-4.772e-03	-4.763e-03	-4.777e-03	-4.784e-03	-4.773e-03	-4.760e-03	-4.766e-03	-4.760e-03
4.900e+04	-5.888e-03	-5.973e-03	-5.872e-03	-5.924e-03	-5.948e-03	-5.894e-03	-4.768e-03	-4.772e-03	-4.763e-03	-4.777e-03	-4.784e-03	-4.773e-03	-4.760e-03	-4.766e-03	-4.760e-03
4.910e+04	-5.888e-03	-5.973e-03	-5.872e-03	-5.924e-03	-5.948e-03	-5.894e-03	-4.768e-03	-4.772e-03	-4.763e-03	-4.777e-03	-4.784e-03	-4.773e-03	-4.760e-03	-4.766e-03	-4.760e-03
4.920e+04	-5.888e-03	-5.973e-03	-5.872e-03	-5.924e-03	-5.948e-03	-5.894e-03	-4.768e-03	-4.772e-03	-4.763e-03	-4.777e-03	-4.784e-03	-4.773e-03	-4.760e-03	-4.766e-03	-4.760e-03
4.930e+04	-5.888e-03	-5.973e-03	-5.872e-03	-5.924e-03	-5.948e-03	-5.894e-03	-4.768e-03	-4.772e-03	-4.763e-03	-4.777e-03	-4.783e-03	-4.773e-03	-4.760e-03	-4.766e-03	-4.760e-03
4.940e+04	-5.888e-03	-5.973e-03	-5.872e-03	-5.924e-03	-5.948e-03	-5.894e-03	-4.768e-03	-4.772e-03	-4.763e-03	-4.777e-03	-4.783e-03	-4.773e-03	-4.760e-03	-4.766e-03	-4.760e-03
4.950e+04	-5.888e-03	-5.973e-03	-5.872e-03	-5.924e-03	-5.948e-03	-5.894e-03	-4.768e-03	-4.772e-03	-4.763e-03	-4.777e-03	-4.783e-03	-4.773e-03	-4.760e-03	-4.766e-03	-4.760e-03
4.960e+04	-5.888e-03	-5.973e-03	-5.872e-03	-5.924e-03	-5.948e-03	-5.894e-03	-4.768e-03	-4.772e-03	-4.763e-03	-4.777e-03	-4.783e-03	-4.773e-03	-4.760e-03	-4.766e-03	-4.760e-03
4.970e+04	-5.888e-03	-5.973e-03	-5.872e-03	-5.924e-03	-5.948e-03	-5.894e-03	-4.768e-03	-4.771e-03	-4.763e-03	-4.777e-03	-4.783e-03	-4.773e-03	-4.760e-03	-4.766e-03	-4.760e-03
4.980e+04	-5.888e-03	-5.973e-03	-5.872e-03	-5.924e-03	-5.948e-03	-5.894e-03	-4.768e-03	-4.771e-03	-4.763e-03	-4.777e-03	-4.783e-03	-4.773e-03	-4.760e-03	-4.766e-03	-4.760e-03
4.990e+04	-5.888e-03	-5.973e-03	-5.872e-03	-5.924e-03	-5.948e-03	-5.894e-03	-4.768e-03	-4.771e-03	-4.763e-03	-4.777e-03	-4.783e-03	-4.773e-03	-4.760e-03	-4.766e-03	-4.760e-03
5.000e+04	-5.888e-03	-5.973e-03	-5.852e-03	-5.924e-03	-5.948e-03	-5.894e-03	-4.768e-03	-4.771e-03	-4.763e-03	-4.777e-03	-4.783e-03	-4.773e-03	-4.760e-03	-4.766e-03	-4.760e-03
5.010e+04	-5.888e-03	-5.973e-03	-5.852e-03	-5.924e-03	-5.948e-03	-5.894e-03	-4.768e-03	-4.771e-03	-4.763e-03	-4.777e-03	-4.782e-03	-4.773e-03	-4.760e-03	-4.766e-03	-4.760e-03
5.020e+04	-5.888e-03	-5.973e-03	-5.852e-03	-5.924e-03	-5.948e-03	-5.894e-03	-4.768e-03	-4.771e-03	-4.763e-03	-4.777e-03	-4.782e-03	-4.773e-03	-4.760e-03	-4.766e-03	-4.760e-03
5.030e+04	-5.888e-03	-5.973e-03	-5.852e-03	-5.924e-03	-5.948e-03	-5.894e-03	-4.767e-03	-4.771e-03	-4.763e-03	-4.776e-03	-4.782e-03	-4.773e-03	-4.760e-03	-4.766e-03	-4.760e-03
5.040e+04	-5.888e-03	-5.973e-03	-5.852e-03	-5.924e-03	-5.948e-03	-5.894e-03	-4.767e-03	-4.771e-03	-4.763e-03	-4.776e-03	-4.782e-03	-4.773e-03	-4.760e-03	-4.766e-03	-4.760e-03
5.050e+04	-5.888e-03	-5.973e-03	-5.852e-03	-5.924e-03	-5.948e-03	-5.894e-03	-4.767e-03	-4.771e-03	-4.763e-03	-4.776e-03	-4.782e-03	-4.773e-03	-4.760e-03	-4.766e-03	-4.760e-03
5.060e+04	-5.888e-03	-5.973e-03	-5.852e-03	-5.924e-03	-5.948e-03	-5.894e-03	-4.767e-03	-4.771e-03	-4.763e-03	-4.776e-03	-4.782e-03	-4.772e-03	-4.760e-03	-4.766e-03	-4.760e-03
5.070e+04	-5.888e-03	-5.973e-03	-5.852e-03	-5.924e-03	-5.948e-03	-5.894e-03	-4.767e-03	-4.771e-03	-4.763e-03	-4.775e-03	-4.781e-03	-4.772e-03	-4.760e-03	-4.766e-03	-4.760e-03
5.080e+04	-5.888e-03	-5.973e-03	-5.852e-03	-5.924e-03	-5.948e-03	-5.894e-03	-4.767e-03	-4.771e-03	-4.763e-03	-4.775e-03	-4.781e-03	-4.772e-03	-4.760e-03	-4.766e-03	-4.760e-03
5.090e+04	-5.888e-03	-5.973e-03	-5.852e-03	-5.924e-03	-5.948e-03	-5.894e-03	-4.767e-03	-4.771e-03	-4.763e-03	-4.775e-03	-4.781e-03	-4.772e-03	-4.760e-03	-4.766e-03	-4.760e-03
5.100e+04	-5.888e-03	-5.973e-03	-5.852e-03	-5.923e-03	-5.929e-03	-5.894e-03	-4.767e-03	-4.771e-03	-4.763e-03	-4.775e-03	-4.781e-03	-4.772e-03	-4.760e-03	-4.766e-03	-4.760e-03
5.110e+04	-5.888e-03	-5.973e-03	-5.852e-03	-5.923e-03	-5.929e-03	-5.894e-03	-4.767e-03	-4.771e-03	-4.763e-03	-4.775e-03	-4.781e-03	-4.772e-03	-4.760e-03	-4.766e-03	-4.760e-03
5.120e+04	-5.888e-03	-5.973e-03	-5.852e-03	-5.923e-03	-5.929e-03	-5.894e-03	-4.767e-03	-4.771e-03	-4.763e-03	-4.775e-03	-4.781e-03	-4.772e-03	-4.760e-03	-4.766e-03	-4.760e-03
5.130e+04	-5.888e-03	-5.973e-03	-5.852e-03	-5.923e-03	-5.929e-03	-5.894e-03	-4.767e-03	-4.770e-03	-4.763e-03	-4.775e-03	-4.781e-03	-4.772e-03	-4.760e-03	-4.766e-03	-4.760e-03
5.140e+04	-5.888e-03	-5.973e-03	-5.852e-03	-5.923e-03	-5.929e-03	-5.894e-03	-4.767e-03	-4.770e-03	-4.763e-03	-4.775e-03	-4.781e-03	-4.772e-03	-4.760e-03	-4.766e-03	-4.760e-03
5.150e+04	-5.888e-03	-5.973e-03	-5.852e-03	-5.923e-03	-5.929e-03	-5.894e-03	-4.767e-03	-4.770e-03	-4.763e-03	-4.775e-03	-4.781e-03	-4.772e-03	-4.760e-03	-4.766e-03	-4.760e-03
5.160e+04	-5.888e-03	-5.973e-03	-5.852e-03	-5.923e-03	-5.929e-03	-5.894e-03	-4.767e-03	-4.770e-03	-4.763e-03	-4.775e-03	-4.781e-03	-4.772e-03	-4.760e-03	-4.766e-03	-4.760e-03
5.170e+04	-5.888e-03	-5.973e-03	-5.852e-03	-5.923e-03	-5.929e-03	-5.894e-03	-4.767e-03	-4.770e-03	-4.763e-03	-4.775e-03	-4.781e-03	-4.772e-03	-4.760e-03	-4.766e-03	-4.760e-03
5.180e+04	-5.888e-03	-5.973e-03	-5.852e-03	-5.923e-03	-5.929e-03	-5.894e-03	-4.767e-03	-4.770e-03	-4.763e-03	-4.775e-03	-4.781e-03	-4.772e-03	-4.760e-03	-4.766e-03	-4.760e-03
5.190e+04	-5.888e-03	-5.973e-03	-5.852e-03	-5.923e-03	-5.929e-03	-5.894e-03	-4.767e-03	-4.770e-03	-4.763e-03	-4.775e-03	-4.781e-03	-4.772e-03	-4.760e-03	-4.766e-03	-4.760e-03
5.200e+04	-5.888e-03	-5.973e-03	-5.852e-03	-5.923e-03	-5.929e-03	-5.894e-03	-4.767e-03	-4.770e-03	-4.763e-03	-4.775e-03	-4.781e-03	-4.772e-03	-4.760e-03	-4.766e-03	-4.760e-03
5.210e+04	-5.888e-03	-5.973e-03	-5.852e-03	-5.923e-03	-5.929e-03	-5.894e-03	-4.767e-03	-4.770e-03	-4.763e-03	-4.775e-03	-4.781e-03	-4.772e-03	-4.760e-03	-4.766e-03	-4.760e-03
5.220e+04	-5.888e-03	-5.973e-03	-5.852e-03	-5.923e-03	-5.929e-03	-5.894e-03	-4.767e-03	-4.770e-03	-4.763e-03	-4.775e-03	-4.781e-03	-4.772e-03	-4.760e-03	-4.766e-03	-4.760e-03
5.230e+04	-5.888e-03	-5.973e-03	-5.852e-03	-5.923e-03	-5.929e-03	-5.894e-03	-4.767e-03	-4.770e-03	-4.763e-03	-4.775e-03	-4.780e-03	-4.772e-03	-4.760e-03	-4.766e-03	-4.760e-03
5.240e+04	-5.888e-03	-5.973e-03	-5.852e-03	-5.923e-03	-5.929e-03	-5.894e-03	-4.767e-03	-4.770e-03	-4.763e-03	-4.775e-03	-4.780e-03	-4.772e-03	-4.760e-03	-4.766e-03	-4.760e-03
5.250e+04	-5.888e-03	-5.973e-03	-5.852e-03	-5.923e-03	-5.929e-03	-5.894e-03	-4.767e-03	-4.770e-03	-4.763e-03	-4.775e-03	-4.780e-03	-4.772e-03	-4.760e-03	-4.766e-03	-4.760e-03
5.260e+04	-5.888e-03	-5.973e-03	-5.852e-03	-5.923e-03	-5.929e-03	-5.894e-03	-4.767e-03	-4.770e-03	-4.763e-03	-4.775e-03	-4.779e-03	-4.772e-03	-4.760e-03	-4.766e-03	-4.760e-03
5.270e+04	-5.888e-03	-5.973e-03	-5.852e-03	-5.923e-03	-5.929e-03	-5.894e-03	-4.767e-03	-4.770e-03	-4.763e-03	-4.775e-03	-4.779e-03	-4.772e-03	-4.760e-03	-4.766e-03	-4.760e-03
5.280e+04	-5.888e-03	-5.973e-03	-5.852e-03	-5.923e-03	-5.929e-03	-5.894e-03	-4.767e-03	-4.770e-03	-4.763e-03	-4.775e-03	-4.779e-03	-4.772e-03	-4.760e-03	-4.766e-03	-4.760e-03
5.290e+04	-5.888e-03	-5.973e-03	-5.852e-03	-5.923e-03	-5.929e-03	-5.894e-03	-4.767e-03	-4.770e-03	-4.763e-03	-4.775e-03	-4.779e-03	-4.772e-03	-4.760e-03	-4.766e-03	-4.760e-03
5.300e+04	-5.888e-03	-5.973e-03	-5.852e-03	-5.923e-03	-5.929e-03	-5.894e-03	-4.767e-03	-4.770e-03	-4.763e-03	-4.775e-03	-4.779e-03	-4.772e-03	-4.760e-03	-4.766e-03	-4.760e-03
5.310e+04	-5.888e-03	-5.973e-03	-5.852e-03	-5.923e-03	-5.929e-03	-5.894e-03	-4.767e-03	-4.770e-03	-4.763e-03	-4.775e-03	-4.779e-03	-4.772e-03	-4.760e-03	-4.766e-03	-4.760e-03
5.320e+04	-5.888e-03	-5.973e-03	-5.852e-03	-5.923e-03	-5.929e-03	-5.894e-03	-4.767e-03	-4.770e-03	-4.763e-03	-4.775e-03	-4.779e-03	-4.772e-03	-4.760e-03	-4.766e-03	-4.760e-03
5.330e+04	-5.888e-03	-5.973e-03	-5.852e-03	-5.923e-03	-5.929e-03	-5.894e-03	-4.767e-03	-4.770e-03	-4.763e-03	-4.775e-03	-4.779e-03	-4.772e-03	-4.760e-03	-4.766e-03	-4.760e-03
5.340e+04	-5.888e-03	-5.973e-03	-5.852e-03	-5.923e-03	-5.929e-03	-5.894e-03	-4.767e-03	-4.770e-03	-4.763e-03	-4.775e-03	-4.778e-03	-4.772e-03	-4.760e-03	-4.766e-03	-4.760e-03
5.350e+04	-5.888e-03	-5.973e-03	-5.852e-03	-5.923e-03	-5.929e-03	-5.894e-03	-4.767e-03	-4.770e-03	-4.763e-03	-4.775e-03	-4.778e-03	-4.772e-03	-4.760e-03	-4.766e-03	-4.760e-03
5.360e+04	-5.888e-03	-5.973e-03	-5.852e-03	-5.923e-03	-5.929e-03	-5.894e-03	-4.767e-03	-4.770e-03	-4.763e-03	-4.775e-03	-4.778e-03	-4.772e-03	-4.760e-03	-4.766e-03	-4.760e-03
5.370e+04	-5.888e-03	-5.973e-03	-5.852e-03	-5.923e-03	-5.929e-03	-5.894e-03	-4.767e-03	-4.770e-03	-4.763e-03	-4.775e-03	-4.778e-03	-4.772e-03	-4.760e-03	-4.766e-03	-4.760e-03
5.380e+04	-5.888e-03	-5.973e-03	-5.852e-03	-5.923e-03	-5.929e-03	-5.894e-03	-4.767e-03	-4.770e-03	-4.763e-03	-4.775e-03	-4.778e-03	-4.772e-03	-4.760e-03	-4.766e-03	-4.760e-03
5.390e+04	-5.888e-03	-5.973e-03	-5.852e-03	-5.923e-03	-5.929e-03	-5.894e-03	-4.767e-03	-4.769e-03	-4.763e-03	-4.775e-03	-4.778e-03	-4.772e-03	-4.760e-03	-4.766e-03	-4.760e-03
5.400e+04	-5.888e-03	-5.973e-03	-5.852e-03	-5.923e-03	-5.929e-03	-5.894e-03	-4.767e-03	-4.769e-03	-4.763e-03	-4.775e-03	-4.778e-03	-4.772e-03	-4.760e-03	-4.766e-03	-4.760e-03
5.410e+04	-5.888e-03	-5.973e-03	-5.852e-03	-5.923e-03	-5.929e-03	-5.894e-03	-4.767e-03	-4.769e-03	-4.763e-03	-4.775e-03	-4.778e-03	-4.772e-03	-4.760e-03	-4.766e-03	-4.760e-03
5.420e+04	-5.888e-03	-5.973e-03	-5.852e-03	-5.923e-03	-5.929e-03	-5.894e-03	-4.767e-03	-4.769e-03	-4.763e-03	-4.775e-03	-4.778e-03	-4.772e-03	-4.760e-03	-4.766e-03	-4.760e-03
5.430e+04	-5.888e-03	-5.973e-03	-5.852e-03	-5.923e-03	-5.929e-03	-5.894e-03	-4.767e-03	-4.769e-03	-4.763e-03	-4.775e-03	-4.778e-03	-4.772e-03	-4.760e-03	-4.766e-03	-4.760e-03
5.440e+04	-5.888e-03	-5.973e-03	-5.852e-03	-5.923e-03	-5.929e-03	-5.894e-03	-4.767e-03	-4.769e-03	-4.763e-03	-4.775e-03	-4.778e-03	-4.772e-03	-4.760e-03	-4.766e-03	-4.760e-03
5.450e+04	-5.888e-03	-5.973e-03	-5.852e-03	-5.923e-03	-5.929e-03	-5.894e-03	-4.767e-03	-4.769e-03	-4.763e-03	-4.775e-03	-4.778e-03	-4.772e-03	-4.760e-03	-4.766e-03	-4.760e-03
5.460e+04	-5.888e-03	-5.973e-03	-5.852e-03	-5.923e-03	-5.929e-03	-5.894e-03	-4.767e-03	-4.769e-03	-4.763e-03	-4.775e-03	-4.778e-03	-4.772e-03	-4.760e-03	-4.766e-03	-4.760e-03
5.470e+04	-5.888e-03	-5.973e-03	-5.852e-03	-5.923e-03	-5.929e-03	-5.894e-03	-4.767e-03	-4.769e-03	-4.763e-03	-4.775e-03	-4.778e-03	-4.772e-03	-4.760e-03	-4.766e-03	-4.760e-03
5.480e+04	-5.888e-03	-5.973e-03	-5.852e-03	-5.923e-03	-5.929e-03	-5.894e-03	-4.767e-03	-4.769e-03	-4.763e-03	-4.775e-03	-4.778e-03	-4.772e-03	-4.760e-03	-4.766e-03	-4.760e-03
5.490e+04	-5.888e-03	-5.973e-03	-5.852e-03	-5.921e-03	-5.929e-03	-5.892e-03	-4.767e-03	-4.769e-03	-4.763e-03	-4.775e-03	-4.778e-03	-4.772e-03	-4.760e-03	-4.766e-03	-4.760e-03
5.500e+04	-5.888e-03	-5.973e-03	-5.852e-03	-5.921e-03	-5.929e-03	-5.892e-03	-4.767e-03	-4.769e-03	-4.763e-03	-4.775e-03	-4.778e-03	-4.772e-03	-4.760e-03	-4.766e-03	-4.760e-03
5.510e+04	-5.888e-03	-5.973e-03	-5.852e-03	-5.921e-03	-5.929e-03	-5.892e-03	-4.767e-03	-4.769e-03	-4.763e-03	-4.775e-03	-4.778e-03	-4.772e-03	-4.760e-03	-4.766e-03	-4.760e-03
5.520e+04	-5.888e-03	-5.973e-03	-5.852e-03	-5.921e-03	-5.929e-03	-5.892e-03	-4.767e-03	-4.769e-03	-4.763e-03	-4.775e-03	-4.778e-03	-4.772e-03	-4.760e-03	-4.766e-03	-4.760e-03
5.530e+04	-5.888e-03	-5.973e-03	-5.852e-03	-5.921e-03	-5.929e-03	-5.892e-03	-4.767e-03	-4.769e-03	-4.763e-03	-4.775e-03	-4.778e-03	-4.772e-03	-4.760e-03	-4.766e-03	-4.760e-03
5.540e+04	-5.888e-03	-5.973e-03	-5.852e-03	-5.921e-03	-5.929e-03	-5.892e-03	-4.767e-03	-4.769e-03	-4.763e-03	-4.775e-03	-4.778e-03	-4.772e-03	-4.760e-03	-4.766e-03	-4.760e-03
5.550e+04	-5.888e-03	-5.973e-03	-5.852e-03	-5.921e-03	-5.929e-03	-5.892e-03	-4.767e-03	-4.769e-03	-4.763e-03	-4.775e-03	-4.778e-03	-4.772e-03	-4.760e-03	-4.766e-03	-4.760e-03
5.560e+04	-5.888e-03	-5.973e-03	-5.852e-03	-5.921e-03	-5.929e-03	-5.892e-03	-4.767e-03	-4.769e-03	-4.763e-03	-4.775e-03	-4.778e-03	-4.772e-03	-4.760e-03	-4.766e-03	-4.760e-03
5.570e+04	-5.888e-03	-5.973e-03	-5.852e-03	-5.921e-03	-5.929e-03	-5.892e-03	-4.767e-03	-4.769e-03	-4.763e-03	-4.775e-03	-4.778e-03	-4.772e-03	-4.760e-03	-4.766e-03	-4.760e-03
5.580e+04	-5.888e-03	-5.973e-03	-5.852e-03	-5.921e-03	-5.929e-03	-5.892e-03	-4.767e-03	-4.769e-03	-4.763e-03	-4.775e-03	-4.778e-03	-4.772e-03	-4.760e-03	-4.766e-03	-4.760e-03
5.590e+04	-5.888e-03	-5.973e-03	-5.852e-03	-5.921e-03	-5.929e-03	-5.892e-03	-4.767e-03	-4.769e-03	-4.763e-03	-4.775e-03	-4.778e-03	-4.772e-03	-4.760e-03	-4.766e-03	-4.760e-03
5.600e+04	-5.888e-03	-5.973e-03	-5.852e-03	-5.921e-03	-5.929e-03	-5.892e-03	-4.767e-03	-4.769e-03	-4.763e-03	-4.775e-03	-4.778e-03	-4.772e-03	-4.760e-03	-4.766e-03	-4.760e-03
5.610e+04	-5.888e-03	-5.973e-03	-5.852e-03	-5.921e-03	-5.929e-03	-5.892e-03	-4.767e-03	-4.769e-03	-4.763e-03	-4.775e-03	-4.778e-03	-4.771e-03	-4.760e-03	-4.766e-03	-4.760e-03
5.620e+04	-5.888e-03	-5.973e-03	-5.852e-03	-5.921e-03	-5.929e-03	-5.892e-03	-4.767e-03	-4.769e-03	-4.763e-03	-4.775e-03	-4.778e-03	-4.771e-03	-4.760e-03	-4.766e-03	-4.760e-03
5.630e+04	-5.888e-03	-5.973e-03	-5.852e-03	-5.914e-03	-5.929e-03	-5.892e-03	-4.767e-03	-4.769e-03	-4.763e-03	-4.775e-03	-4.778e-03	-4.771e-03	-4.760e-03	-4.766e-03	-4.760e-03
5.640e+04	-5.888e-03	-5.973e-03	-5.852e-03	-5.914e-03	-5.929e-03	-5.892e-03	-4.767e-03	-4.769e-03	-4.763e-03	-4.775e-03	-4.778e-03	-4.771e-03	-4.760e-03	-4.766e-03	-4.760e-03
5.650e+04	-5.888e-03	-5.973e-03	-5.852e-03	-5.914e-03	-5.929e-03	-5.892e-03	-4.767e-03	-4.769e-03	-4.763e-03	-4.775e-03	-4.778e-03	-4.771e-03	-4.760e-03	-4.766e-03	-4.760e-03
5.660e+04	-5.888e-03	-5.973e-03	-5.852e-03	-5.914e-03	-5.929e-03	-5.892e-03	-4.767e-03	-4.769e-03	-4.763e-03	-4.775e-03	-4.778e-03	-4.771e-03	-4.760e-03	-4.766e-03	-4.760e-03
5.670e+04	-5.888e-03	-5.973e-03	-5.852e-03	-5.914e-03	-5.929e-03	-5.892e-03	-4.767e-03	-4.769e-03	-4.763e-03	-4.775e-03	-4.778e-03	-4.771e-03	-4.760e-03	-4.766e-03	-4.760e-03
5.680e+04	-5.888e-03	-5.973e-03	-5.852e-03	-5.914e-03	-5.929e-03	-5.892e-03	-4.767e-03	-4.769e-03	-4.763e-03	-4.775e-03	-4.778e-03	-4.771e-03	-4.760e-03	-4.766e-03	-4.760e-03
5.690e+04	-5.888e-03	-5.973e-03	-5.852e-03	-5.914e-03	-5.929e-03	-5.892e-03	-4.767e-03	-4.769e-03	-4.763e-03	-4.775e-03	-4.778e-03	-4.771e-03	-4.760e-03	-4.766e-03	-4.760e-03
5.700e+04	-5.888e-03	-5.961e-03	-5.852e-03	-5.914e-03	-5.929e-03	-5.892e-03	-4.767e-03	-4.769e-03	-4.763e-03	-4.775e-03	-4.778e-03	-4.771e-03	-4.760e-03	-4.766e-03	-4.760e-03
5.710e+04	-5.888e-03	-5.961e-03	-5.837e-03	-5.914e-03	-5.929e-03	-5.892e-03	-4.767e-03	-4.769e-03	-4.763e-03	-4.775e-03	-4.778e-03	-4.771e-03	-4.760e-03	-4.766e-03	-4.760e-03
5.720e+04	-5.888e-03	-5.961e-03	-5.837e-03	-5.914e-03	-5.929e-03	-5.892e-03	-4.767e-03	-4.769e-03	-4.763e-03	-4.775e-03	-4.778e-03	-4.771e-03	-4.760e-03	-4.766e-03	-4.760e-03
5.730e+04	-5.888e-03	-5.961e-03	-5.837e-03	-5.914e-03	-5.929e-03	-5.892e-03	-4.767e-03	-4.769e-03	-4.763e-03	-4.775e-03	-4.778e-03	-4.771e-03	-4.760e-03	-4.766e-03	-4.760e-03
5.740e+04	-5.888e-03	-5.961e-03	-5.837e-03	-5.914e-03	-5.929e-03	-5.892e-03	-4.767e-03	-4.768e-03	-4.763e-03	-4.775e-03	-4.778e-03	-4.771e-03	-4.760e-03	-4.766e-03	-4.760e-03
5.750e+04	-5.888e-03	-5.961e-03	-5.837e-03	-5.914e-03	-5.929e-03	-5.892e-03	-4.767e-03	-4.768e-03	-4.763e-03	-4.775e-03	-4.778e-03	-4.770e-03	-4.760e-03	-4.766e-03	-4.760e-03
5.760e+04	-5.888e-03	-5.961e-03	-5.837e-03	-5.914e-03	-5.929e-03	-5.892e-03	-4.767e-03	-4.768e-03	-4.763e-03	-4.775e-03	-4.778e-03	-4.770e-03	-4.760e-03	-4.766e-03	-4.760e-03
5.770e+04	-5.888e-03	-5.961e-03	-5.837e-03	-5.914e-03	-5.929e-03	-5.892e-03	-4.767e-03	-4.768e-03	-4.763e-03	-4.775e-03	-4.778e-03	-4.770e-03	-4.760e-03	-4.766e-03	-4.760e-03
5.780e+04	-5.858e-03	-5.961e-03	-5.837e-03	-5.914e-03	-5.929e-03	-5.892e-03	-4.767e-03	-4.768e-03	-4.763e-03	-4.775e-03	-4.778e-03	-4.770e-03	-4.760e-03	-4.766e-03	-4.760e-03
5.790e+04	-5.858e-03	-5.961e-03	-5.837e-03	-5.914e-03	-5.929e-03	-5.892e-03	-4.767e-03	-4.768e-03	-4.763e-03	-4.775e-03	-4.778e-03	-4.770e-03	-4.760e-03	-4.766e-03	-4.760e-03
5.800e+04	-5.858e-03	-5.961e-03	-5.837e-03	-5.914e-03	-5.929e-03	-5.892e-03	-4.767e-03	-4.768e-03	-4.763e-03	-4.775e-03	-4.778e-03	-4.770e-03	-4.760e-03	-4.766e-03	-4.760e-03
5.810e+04	-5.858e-03	-5.961e-03	-5.837e-03	-5.914e-03	-5.929e-03	-5.892e-03	-4.767e-03	-4.768e-03	-4.763e-03	-4.775e-03	-4.778e-03	-4.769e-03	-4.760e-03	-4.766e-03	-4.760e-03
5.820e+04	-5.858e-03	-5.961e-03	-5.837e-03	-5.914e-03	-5.929e-03	-5.892e-03	-4.767e-03	-4.768e-03	-4.763e-03	-4.775e-03	-4.778e-03	-4.769e-03	-4.760e-03	-4.766e-03	-4.760e-03
5.830e+04	-5.858e-03	-5.961e-03	-5.837e-03	-5.914e-03	-5.929e-03	-5.892e-03	-4.767e-03	-4.768e-03	-4.763e-03	-4.775e-03	-4.778e-03	-4.769e-03	-4.760e-03	-4.766e-03	-4.760e-03
5.840e+04	-5.858e-03	-5.961e-03	-5.837e-03	-5.914e-03	-5.929e-03	-5.892e-03	-4.767e-03	-4.768e-03	-4.763e-03	-4.775e-03	-4.777e-03	-4.769e-03	-4.760e-03	-4.766e-03	-4.760e-03
5.850e+04	-5.858e-03	-5.961e-03	-5.837e-03	-5.914e-03	-5.929e-03	-5.892e-03	-4.766e-03	-4.768e-03	-4.763e-03	-4.775e-03	-4.777e-03	-4.769e-03	-4.760e-03	-4.766e-03	-4.760e-03
5.860e+04	-5.858e-03	-5.961e-03	-5.837e-03	-5.914e-03	-5.923e-03	-5.892e-03	-4.766e-03	-4.768e-03	-4.763e-03	-4.775e-03	-4.777e-03	-4.769e-03	-4.760e-03	-4.766e-03	-4.760e-03
5.870e+04	-5.858e-03	-5.961e-03	-5.837e-03	-5.914e-03	-5.923e-03	-5.892e-03	-4.766e-03	-4.768e-03	-4.763e-03	-4.775e-03	-4.777e-03	-4.769e-03	-4.760e-03	-4.766e-03	-4.760e-03
5.880e+04	-5.858e-03	-5.961e-03	-5.837e-03	-5.914e-03	-5.923e-03	-5.892e-03	-4.766e-03	-4.768e-03	-4.763e-03	-4.775e-03	-4.777e-03	-4.769e-03	-4.760e-03	-4.766e-03	-4.760e-03
5.890e+04	-5.858e-03	-5.961e-03	-5.837e-03	-5.914e-03	-5.923e-03	-5.892e-03	-4.766e-03	-4.768e-03	-4.763e-03	-4.775e-03	-4.777e-03	-4.769e-03	-4.760e-03	-4.766e-03	-4.760e-03
5.900e+04	-5.858e-03	-5.961e-03	-5.837e-03	-5.914e-03	-5.923e-03	-5.892e-03	-4.766e-03	-4.768e-03	-4.763e-03	-4.775e-03	-4.777e-03	-4.769e-03	-4.760e-03	-4.766e-03	-4.760e-03
5.910e+04	-5.858e-03	-5.961e-03	-5.837e-03	-5.914e-03	-5.923e-03	-5.892e-03	-4.766e-03	-4.768e-03	-4.763e-03	-4.775e-03	-4.777e-03	-4.769e-03	-4.760e-03	-4.766e-03	-4.760e-03
5.920e+04	-5.858e-03	-5.961e-03	-5.830e-03	-5.914e-03	-5.923e-03	-5.892e-03	-4.766e-03	-4.768e-03	-4.763e-03	-4.775e-03	-4.777e-03	-4.769e-03	-4.760e-03	-4.766e-03	-4.760e-03
5.930e+04	-5.858e-03	-5.961e-03	-5.830e-03	-5.914e-03	-5.923e-03	-5.892e-03	-4.766e-03	-4.768e-03	-4.763e-03	-4.775e-03	-4.777e-03	-4.769e-03	-4.760e-03	-4.766e-03	-4.760e-03
5.940e+04	-5.858e-03	-5.961e-03	-5.830e-03	-5.914e-03	-5.922e-03	-5.892e-03	-4.766e-03	-4.768e-03	-4.763e-03	-4.775e-03	-4.777e-03	-4.769e-03	-4.760e-03	-4.766e-03	-4.760e-03
5.950e+04	-5.858e-03	-5.961e-03	-5.830e-03	-5.914e-03	-5.922e-03	-5.892e-03	-4.766e-03	-4.768e-03	-4.763e-03	-4.775e-03	-4.777e-03	-4.769e-03	-4.760e-03	-4.766e-03	-4.760e-03
5.960e+04	-5.858e-03	-5.961e-03	-5.830e-03	-5.914e-03	-5.922e-03	-5.892e-03	-4.766e-03	-4.768e-03	-4.763e-03	-4.775e-03	-4.777e-03	-4.769e-03	-4.760e-03	-4.766e-03	-4.760e-03
5.970e+04	-5.858e-03	-5.961e-03	-5.830e-03	-5.914e-03	-5.922e-03	-5.892e-03	-4.766e-03	-4.768e-03	-4.763e-03	-4.775e-03	-4.777e-03	-4.769e-03	-4.760e-03	-4.766e-03	-4.760e-03
5.980e+04	-5.858e-03	-5.961e-03	-5.830e-03	-5.914e-03	-5.922e-03	-5.892e-03	-4.766e-03	-4.768e-03	-4.763e-03	-4.775e-03	-4.777e-03	-4.769e-03	-4.760e-03	-4.766e-03	-4.760e-03
5.990e+04	-5.858e-03	-5.961e-03	-5.830e-03	-5.914e-03	-5.922e-03	-5.892e-03	-4.766e-03	-4.768e-03	-4.763e-03	-4.775e-03	-4.777e-03	-4.769e-03	-4.760e-03	-4.766e-03	-4.760e-03
6.000e+04	-5.858e-03	-5.961e-03	-5.830e-03	-5.914e-03	-5.922e-03	-5.892e-03	-4.766e-03	-4.768e-03	-4.763e-03	-4.775e-03	-4.777e-03	-4.769e-03	-4.760e-03	-4.766e-03	-4.760e-03
6.010e+04	-5.858e-03	-5.961e-03	-5.830e-03	-5.914e-03	-5.922e-03	-5.892e-03	-4.766e-03	-4.768e-03	-4.763e-03	-4.775e-03	-4.777e-03	-4.769e-03	-4.760e-03	-4.766e-03	-4.760e-03
6.020e+04	-5.858e-03	-5.961e-03	-5.830e-03	-5.914e-03	-5.922e-03	-5.892e-03	-4.766e-03	-4.768e-03	-4.763e-03	-4.775e-03	-4.777e-03	-4.769e-03	-4.760e-03	-4.766e-03	-4.760e-03
6.030e+04	-5.858e-03	-5.961e-03	-5.830e-03	-5.914e-03	-5.922e-03	-5.892e-03	-4.766e-03	-4.767e-03	-4.763e-03	-4.775e-03	-4.777e-03	-4.769e-03	-4.760e-03	-4.766e-03	-4.760e-03
6.040e+04	-5.858e-03	-5.961e-03	-5.830e-03	-5.914e-03	-5.922e-03	-5.892e-03	-4.766e-03	-4.767e-03	-4.763e-03	-4.775e-03	-4.777e-03	-4.769e-03	-4.760e-03	-4.766e-03	-4.760e-03
6.050e+04	-5.858e-03	-5.961e-03	-5.830e-03	-5.914e-03	-5.922e-03	-5.892e-03	-4.766e-03	-4.767e-03	-4.763e-03	-4.775e-03	-4.777e-03	-4.769e-03	-4.760e-03	-4.766e-03	-4.760e-03
6.060e+04	-5.858e-03	-5.961e-03	-5.830e-03	-5.914e-03	-5.922e-03	-5.892e-03	-4.766e-03	-4.767e-03	-4.763e-03	-4.775e-03	-4.777e-03	-4.769e-03	-4.760e-03	-4.766e-03	-4.760e-03
6.070e+04	-5.858e-03	-5.961e-03	-5.830e-03	-5.914e-03	-5.922e-03	-5.892e-03	-4.766e-03	-4.767e-03	-4.763e-03	-4.775e-03	-4.777e-03	-4.769e-03	-4.760e-03	-4.766e-03	-4.760e-03
6.080e+04	-5.858e-03	-5.961e-03	-5.830e-03	-5.914e-03	-5.922e-03	-5.892e-03	-4.766e-03	-4.767e-03	-4.763e-03	-4.775e-03	-4.777e-03	-4.769e-03	-4.760e-03	-4.766e-03	-4.760e-03
6.090e+04	-5.858e-03	-5.961e-03	-5.830e-03	-5.914e-03	-5.922e-03	-5.892e-03	-4.766e-03	-4.767e-03	-4.763e-03	-4.775e-03	-4.777e-03	-4.769e-03	-4.760e-03	-4.766e-03	-4.760e-03
6.100e+04	-5.858e-03	-5.961e-03	-5.830e-03	-5.914e-03	-5.922e-03	-5.892e-03	-4.766e-03	-4.767e-03	-4.763e-03	-4.775e-03	-4.777e-03	-4.769e-03	-4.760e-03	-4.766e-03	-4.760e-03
6.110e+04	-5.858e-03	-5.961e-03	-5.830e-03	-5.914e-03	-5.922e-03	-5.892e-03	-4.766e-03	-4.767e-03	-4.763e-03	-4.775e-03	-4.777e-03	-4.769e-03	-4.760e-03	-4.766e-03	-4.760e-03
6.120e+04	-5.858e-03	-5.961e-03	-5.830e-03	-5.914e-03	-5.922e-03	-5.892e-03	-4.766e-03	-4.767e-03	-4.763e-03	-4.775e-03	-4.777e-03	-4.769e-03	-4.760e-03	-4.766e-03	-4.760e-03
6.130e+04	-5.858e-03	-5.961e-03	-5.830e-03	-5.914e-03	-5.922e-03	-5.892e-03	-4.766e-03	-4.767e-03	-4.763e-03	-4.775e-03	-4.777e-03	-4.769e-03	-4.760e-03	-4.766e-03	-4.760e-03
6.140e+04	-5.858e-03	-5.961e-03	-5.830e-03	-5.914e-03	-5.922e-03	-5.892e-03	-4.766e-03	-4.767e-03	-4.763e-03	-4.775e-03	-4.777e-03	-4.769e-03	-4.760e-03	-4.766e-03	-4.760e-03
6.150e+04	-5.858e-03	-5.961e-03	-5.830e-03	-5.914e-03	-5.922e-03	-5.892e-03	-4.766e-03	-4.767e-03	-4.763e-03	-4.775e-03	-4.777e-03	-4.769e-03	-4.760e-03	-4.766e-03	-4.760e-03
6.160e+04	-5.858e-03	-5.961e-03	-5.830e-03	-5.914e-03	-5.922e-03	-5.892e-03	-4.766e-03	-4.767e-03	-4.763e-03	-4.775e-03	-4.777e-03	-4.769e-03	-4.760e-03	-4.766e-03	-4.760e-03
6.170e+04	-5.858e-03	-5.961e-03	-5.830e-03	-5.914e-03	-5.922e-03	-5.892e-03	-4.766e-03	-4.767e-03	-4.763e-03	-4.775e-03	-4.777e-03	-4.769e-03	-4.760e-03	-4.766e-03	-4.760e-03
6.180e+04	-5.858e-03	-5.961e-03	-5.830e-03	-5.914e-03	-5.922e-03	-5.892e-03	-4.766e-03	-4.767e-03	-4.763e-03	-4.775e-03	-4.777e-03	-4.769e-03	-4.760e-03	-4.766e-03	-4.760e-03
6.190e+04	-5.858e-03	-5.961e-03	-5.830e-03	-5.914e-03	-5.922e-03	-5.892e-03	-4.766e-03	-4.767e-03	-4.763e-03	-4.775e-03	-4.777e-03	-4.769e-03	-4.760e-03	-4.766e-03	-4.760e-03
6.200e+04	-5.858e-03	-5.961e-03	-5.830e-03	-5.914e-03	-5.922e-03	-5.892e-03	-4.766e-03	-4.767e-03	-4.763e-03	-4.775e-03	-4.777e-03	-4.769e-03	-4.760e-03	-4.766e-03	-4.760e-03
6.210e+04	-5.858e-03	-5.961e-03	-5.830e-03	-5.914e-03	-5.922e-03	-5.892e-03	-4.766e-03	-4.767e-03	-4.763e-03	-4.774e-03	-4.777e-03	-4.769e-03	-4.760e-03	-4.766e-03	-4.760e-03
6.220e+04	-5.858e-03	-5.961e-03	-5.830e-03	-5.914e-03	-5.922e-03	-5.892e-03	-4.766e-03	-4.767e-03	-4.763e-03	-4.774e-03	-4.777e-03	-4.769e-03	-4.760e-03	-4.766e-03	-4.760e-03
6.230e+04	-5.858e-03	-5.961e-03	-5.830e-03	-5.914e-03	-5.922e-03	-5.892e-03	-4.766e-03	-4.767e-03	-4.763e-03	-4.774e-03	-4.777e-03	-4.769e-03	-4.760e-03	-4.766e-03	-4.760e-03
6.240e+04	-5.858e-03	-5.961e-03	-5.830e-03	-5.914e-03	-5.922e-03	-5.892e-03	-4.766e-03	-4.767e-03	-4.763e-03	-4.774e-03	-4.777e-03	-4.769e-03	-4.760e-03	-4.766e-03	-4.760e-03
6.250e+04	-5.858e-03	-5.961e-03	-5.830e-03	-5.914e-03	-5.922e-03	-5.892e-03	-4.766e-03	-4.767e-03	-4.763e-03	-4.774e-03	-4.777e-03	-4.769e-03	-4.760e-03	-4.766e-03	-4.760e-03
6.260e+04	-5.858e-03	-5.961e-03	-5.830e-03	-5.914e-03	-5.922e-03	-5.892e-03	-4.766e-03	-4.767e-03	-4.763e-03	-4.774e-03	-4.777e-03	-4.769e-03	-4.760e-03	-4.766e-03	-4.760e-03
6.270e+04	-5.858e-03	-5.961e-03	-5.830e-03	-5.914e-03	-5.922e-03	-5.892e-03	-4.766e-03	-4.767e-03	-4.763e-03	-4.774e-03	-4.777e-03	-4.769e-03	-4.760e-03	-4.766e-03	-4.760e-03
6.280e+04	-5.858e-03	-5.961e-03	-5.830e-03	-5.894e-03	-5.922e-03	-5.889e-03	-4.766e-03	-4.767e-03	-4.763e-03	-4.774e-03	-4.777e-03	-4.769e-03	-4.760e-03	-4.766e-03	-4.760e-03
6.290e+04	-5.858e-03	-5.961e-03	-5.830e-03	-5.894e-03	-5.922e-03	-5.889e-03	-4.766e-03	-4.767e-03	-4.763e-03	-4.774e-03	-4.777e-03	-4.769e-03	-4.760e-03	-4.766e-03	-4.760e-03
6.300e+04	-5.858e-03	-5.961e-03	-5.830e-03	-5.894e-03	-5.922e-03	-5.889e-03	-4.766e-03	-4.767e-03	-4.763e-03	-4.774e-03	-4.776e-03	-4.769e-03	-4.760e-03	-4.766e-03	-4.760e-03
6.310e+04	-5.858e-03	-5.961e-03	-5.830e-03	-5.894e-03	-5.922e-03	-5.889e-03	-4.766e-03	-4.767e-03	-4.763e-03	-4.774e-03	-4.776e-03	-4.769e-03	-4.760e-03	-4.766e-03	-4.760e-03
6.320e+04	-5.858e-03	-5.961e-03	-5.830e-03	-5.894e-03	-5.922e-03	-5.889e-03	-4.765e-03	-4.767e-03	-4.763e-03	-4.774e-03	-4.776e-03	-4.769e-03	-4.760e-03	-4.766e-03	-4.760e-03
6.330e+04	-5.858e-03	-5.961e-03	-5.830e-03	-5.894e-03	-5.922e-03	-5.889e-03	-4.765e-03	-4.767e-03	-4.763e-03	-4.774e-03	-4.776e-03	-4.769e-03	-4.760e-03	-4.766e-03	-4.760e-03
6.340e+04	-5.858e-03	-5.961e-03	-5.830e-03	-5.894e-03	-5.922e-03	-5.889e-03	-4.765e-03	-4.767e-03	-4.763e-03	-4.774e-03	-4.776e-03	-4.769e-03	-4.760e-03	-4.766e-03	-4.760e-03
6.350e+04	-5.858e-03	-5.961e-03	-5.830e-03	-5.894e-03	-5.922e-03	-5.889e-03	-4.765e-03	-4.767e-03	-4.763e-03	-4.774e-03	-4.776e-03	-4.769e-03	-4.760e-03	-4.766e-03	-4.760e-03
6.360e+04	-5.858e-03	-5.961e-03	-5.830e-03	-5.894e-03	-5.922e-03	-5.889e-03	-4.765e-03	-4.767e-03	-4.763e-03	-4.774e-03	-4.776e-03	-4.769e-03	-4.760e-03	-4.766e-03	-4.760e-03
6.370e+04	-5.858e-03	-5.961e-03	-5.830e-03	-5.894e-03	-5.922e-03	-5.889e-03	-4.765e-03	-4.767e-03	-4.763e-03	-4.774e-03	-4.776e-03	-4.769e-03	-4.760e-03	-4.766e-03	-4.760e-03
6.380e+04	-5.858e-03	-5.961e-03	-5.830e-03	-5.894e-03	-5.922e-03	-5.889e-03	-4.765e-03	-4.767e-03	-4.763e-03	-4.774e-03	-4.776e-03	-4.769e-03	-4.760e-03	-4.766e-03	-4.760e-03
6.390e+04	-5.858e-03	-5.961e-03	-5.830e-03	-5.894e-03	-5.922e-03	-5.889e-03	-4.765e-03	-4.767e-03	-4.763e-03	-4.774e-03	-4.776e-03	-4.769e-03	-4.760e-03	-4.766e-03	-4.760e-03
6.400e+04	-5.858e-03	-5.961e-03	-5.830e-03	-5.894e-03	-5.922e-03	-5.889e-03	-4.765e-03	-4.767e-03	-4.763e-03	-4.774e-03	-4.776e-03	-4.769e-03	-4.760e-03	-4.766e-03	-4.760e-03
6.410e+04	-5.858e-03	-5.961e-03	-5.830e-03	-5.894e-03	-5.922e-03	-5.889e-03	-4.765e-03	-4.767e-03	-4.763e-03	-4.774e-03	-4.776e-03	-4.769e-03	-4.760e-03	-4.766e-03	-4.760e-03
6.420e+04	-5.858e-03	-5.961e-03	-5.830e-03	-5.894e-03	-5.922e-03	-5.889e-03	-4.765e-03	-4.767e-03	-4.763e-03	-4.774e-03	-4.776e-03	-4.769e-03	-4.760e-03	-4.766e-03	-4.760e-03
6.430e+04	-5.858e-03	-5.961e-03	-5.830e-03	-5.894e-03	-5.922e-03	-5.889e-03	-4.765e-03	-4.767e-03	-4.763e-03	-4.774e-03	-4.776e-03	-4.769e-03	-4.760e-03	-4.766e-03	-4.760e-03
6.440e+04	-5.858e-03	-5.961e-03	-5.830e-03	-5.894e-03	-5.922e-03	-5.889e-03	-4.765e-03	-4.767e-03	-4.763e-03	-4.774e-03	-4.776e-03	-4.769e-03	-4.760e-03	-4.766e-03	-4.760e-03
6.450e+04	-5.858e-03	-5.961e-03	-5.830e-03	-5.894e-03	-5.922e-03	-5.889e-03	-4.765e-03	-4.767e-03	-4.763e-03	-4.774e-03	-4.776e-03	-4.769e-03	-4.760e-03	-4.766e-03	-4.760e-03
6.460e+04	-5.858e-03	-5.961e-03	-5.830e-03	-5.894e-03	-5.922e-03	-5.889e-03	-4.765e-03	-4.767e-03	-4.763e-03	-4.774e-03	-4.776e-03	-4.769e-03	-4.760e-03	-4.766e-03	-4.760e-03
6.470e+04	-5.858e-03	-5.961e-03	-5.830e-03	-5.894e-03	-5.921e-03	-5.889e-03	-4.765e-03	-4.767e-03	-4.763e-03	-4.774e-03	-4.776e-03	-4.769e-03	-4.760e-03	-4.766e-03	-4.760e-03
6.480e+04	-5.858e-03	-5.961e-03	-5.830e-03	-5.894e-03	-5.921e-03	-5.889e-03	-4.765e-03	-4.767e-03	-4.763e-03	-4.774e-03	-4.776e-03	-4.769e-03	-4.760e-03	-4.766e-03	-4.760e-03
6.490e+04	-5.858e-03	-5.961e-03	-5.830e-03	-5.894e-03	-5.921e-03	-5.889e-03	-4.765e-03	-4.767e-03	-4.763e-03	-4.774e-03	-4.776e-03	-4.768e-03	-4.760e-03	-4.766e-03	-4.760e-03
6.500e+04	-5.858e-03	-5.961e-03	-5.830e-03	-5.894e-03	-5.921e-03	-5.889e-03	-4.765e-03	-4.767e-03	-4.762e-03	-4.774e-03	-4.776e-03	-4.768e-03	-4.760e-03	-4.766e-03	-4.760e-03
6.510e+04	-5.858e-03	-5.961e-03	-5.830e-03	-5.894e-03	-5.921e-03	-5.889e-03	-4.765e-03	-4.767e-03	-4.762e-03	-4.774e-03	-4.776e-03	-4.768e-03	-4.760e-03	-4.766e-03	-4.760e-03
6.520e+04	-5.858e-03	-5.961e-03	-5.830e-03	-5.894e-03	-5.921e-03	-5.889e-03	-4.765e-03	-4.767e-03	-4.762e-03	-4.774e-03	-4.776e-03	-4.768e-03	-4.760e-03	-4.766e-03	-4.760e-03
6.530e+04	-5.858e-03	-5.961e-03	-5.830e-03	-5.894e-03	-5.921e-03	-5.889e-03	-4.765e-03	-4.767e-03	-4.762e-03	-4.774e-03	-4.776e-03	-4.768e-03	-4.760e-03	-4.766e-03	-4.760e-03
6.540e+04	-5.858e-03	-5.961e-03	-5.830e-03	-5.894e-03	-5.921e-03	-5.889e-03	-4.765e-03	-4.767e-03	-4.762e-03	-4.774e-03	-4.776e-03	-4.768e-03	-4.760e-03	-4.766e-03	-4.760e-03
6.550e+04	-5.858e-03	-5.961e-03	-5.830e-03	-5.894e-03	-5.921e-03	-5.889e-03	-4.765e-03	-4.767e-03	-4.762e-03	-4.774e-03	-4.776e-03	-4.768e-03	-4.760e-03	-4.766e-03	-4.760e-03
6.560e+04	-5.858e-03	-5.961e-03	-5.830e-03	-5.894e-03	-5.921e-03	-5.889e-03	-4.765e-03	-4.767e-03	-4.762e-03	-4.774e-03	-4.776e-03	-4.768e-03	-4.760e-03	-4.766e-03	-4.760e-03
6.570e+04	-5.858e-03	-5.961e-03	-5.830e-03	-5.894e-03	-5.921e-03	-5.889e-03	-4.765e-03	-4.767e-03	-4.762e-03	-4.774e-03	-4.776e-03	-4.768e-03	-4.760e-03	-4.766e-03	-4.760e-03
6.580e+04	-5.858e-03	-5.961e-03	-5.830e-03	-5.894e-03	-5.921e-03	-5.889e-03	-4.765e-03	-4.767e-03	-4.762e-03	-4.774e-03	-4.776e-03	-4.768e-03	-4.760e-03	-4.766e-03	-4.760e-03
6.590e+04	-5.858e-03	-5.961e-03	-5.830e-03	-5.894e-03	-5.921e-03	-5.889e-03	-4.765e-03	-4.767e-03	-4.762e-03	-4.774e-03	-4.776e-03	-4.768e-03	-4.760e-03	-4.766e-03	-4.760e-03
6.600e+04	-5.858e-03	-5.961e-03	-5.830e-03	-5.894e-03	-5.921e-03	-5.889e-03	-4.765e-03	-4.767e-03	-4.762e-03	-4.773e-03	-4.776e-03	-4.768e-03	-4.760e-03	-4.766e-03	-4.760e-03
6.610e+04	-5.858e-03	-5.961e-03	-5.830e-03	-5.894e-03	-5.921e-03	-5.889e-03	-4.765e-03	-4.767e-03	-4.762e-03	-4.773e-03	-4.776e-03	-4.768e-03	-4.760e-03	-4.766e-03	-4.760e-03
6.620e+04	-5.858e-03	-5.961e-03	-5.830e-03	-5.894e-03	-5.921e-03	-5.889e-03	-4.765e-03	-4.767e-03	-4.762e-03	-4.773e-03	-4.776e-03	-4.768e-03	-4.760e-03	-4.766e-03	-4.760e-03
6.630e+04	-5.858e-03	-5.961e-03	-5.830e-03	-5.894e-03	-5.921e-03	-5.889e-03	-4.765e-03	-4.767e-03	-4.762e-03	-4.773e-03	-4.776e-03	-4.768e-03	-4.760e-03	-4.766e-03	-4.760e-03
6.640e+04	-5.858e-03	-5.961e-03	-5.824e-03	-5.894e-03	-5.921e-03	-5.889e-03	-4.765e-03	-4.767e-03	-4.762e-03	-4.773e-03	-4.776e-03	-4.768e-03	-4.760e-03	-4.766e-03	-4.760e-03
6.650e+04	-5.858e-03	-5.961e-03	-5.824e-03	-5.894e-03	-5.921e-03	-5.889e-03	-4.765e-03	-4.767e-03	-4.762e-03	-4.773e-03	-4.776e-03	-4.768e-03	-4.760e-03	-4.766e-03	-4.760e-03
6.660e+04	-5.858e-03	-5.961e-03	-5.824e-03	-5.894e-03	-5.921e-03	-5.889e-03	-4.765e-03	-4.767e-03	-4.762e-03	-4.773e-03	-4.776e-03	-4.768e-03	-4.760e-03	-4.766e-03	-4.760e-03
6.670e+04	-5.858e-03	-5.961e-03	-5.824e-03	-5.892e-03	-5.921e-03	-5.868e-03	-4.765e-03	-4.767e-03	-4.762e-03	-4.773e-03	-4.776e-03	-4.768e-03	-4.760e-03	-4.766e-03	-4.760e-03
6.680e+04	-5.858e-03	-5.961e-03	-5.824e-03	-5.892e-03	-5.921e-03	-5.868e-03	-4.765e-03	-4.767e-03	-4.762e-03	-4.773e-03	-4.776e-03	-4.768e-03	-4.760e-03	-4.766e-03	-4.760e-03
6.690e+04	-5.858e-03	-5.961e-03	-5.824e-03	-5.892e-03	-5.921e-03	-5.868e-03	-4.765e-03	-4.767e-03	-4.762e-03	-4.773e-03	-4.776e-03	-4.768e-03	-4.760e-03	-4.766e-03	-4.760e-03
6.700e+04	-5.858e-03	-5.961e-03	-5.824e-03	-5.892e-03	-5.921e-03	-5.868e-03	-4.765e-03	-4.767e-03	-4.762e-03	-4.773e-03	-4.776e-03	-4.768e-03	-4.760e-03	-4.766e-03	-4.760e-03
6.710e+04	-5.858e-03	-5.961e-03	-5.824e-03	-5.892e-03	-5.921e-03	-5.868e-03	-4.765e-03	-4.767e-03	-4.762e-03	-4.773e-03	-4.776e-03	-4.768e-03	-4.760e-03	-4.766e-03	-4.760e-03
6.720e+04	-5.858e-03	-5.961e-03	-5.824e-03	-5.892e-03	-5.921e-03	-5.868e-03	-4.765e-03	-4.767e-03	-4.762e-03	-4.773e-03	-4.776e-03	-4.768e-03	-4.760e-03	-4.766e-03	-4.760e-03
6.730e+04	-5.858e-03	-5.961e-03	-5.824e-03	-5.892e-03	-5.921e-03	-5.868e-03	-4.765e-03	-4.767e-03	-4.762e-03	-4.773e-03	-4.776e-03	-4.768e-03	-4.760e-03	-4.766e-03	-4.760e-03
6.740e+04	-5.858e-03	-5.961e-03	-5.824e-03	-5.892e-03	-5.921e-03	-5.868e-03	-4.765e-03	-4.767e-03	-4.762e-03	-4.773e-03	-4.776e-03	-4.768e-03	-4.760e-03	-4.766e-03	-4.760e-03
6.750e+04	-5.858e-03	-5.961e-03	-5.824e-03	-5.892e-03	-5.921e-03	-5.868e-03	-4.765e-03	-4.767e-03	-4.762e-03	-4.773e-03	-4.776e-03	-4.768e-03	-4.760e-03	-4.766e-03	-4.760e-03
6.760e+04	-5.858e-03	-5.961e-03	-5.824e-03	-5.892e-03	-5.921e-03	-5.868e-03	-4.765e-03	-4.767e-03	-4.762e-03	-4.773e-03	-4.776e-03	-4.768e-03	-4.760e-03	-4.766e-03	-4.760e-03
6.770e+04	-5.858e-03	-5.961e-03	-5.824e-03	-5.892e-03	-5.921e-03	-5.868e-03	-4.765e-03	-4.767e-03	-4.762e-03	-4.773e-03	-4.776e-03	-4.768e-03	-4.760e-03	-4.766e-03	-4.760e-03
6.780e+04	-5.858e-03	-5.961e-03	-5.824e-03	-5.892e-03	-5.921e-03	-5.868e-03	-4.765e-03	-4.767e-03	-4.762e-03	-4.773e-03	-4.776e-03	-4.768e-03	-4.760e-03	-4.766e-03	-4.760e-03
6.790e+04	-5.858e-03	-5.961e-03	-5.824e-03	-5.892e-03	-5.921e-03	-5.868e-03	-4.765e-03	-4.767e-03	-4.762e-03	-4.773e-03	-4.776e-03	-4.768e-03	-4.760e-03	-4.766e-03	-4.760e-03
6.800e+04	-5.858e-03	-5.961e-03	-5.824e-03	-5.892e-03	-5.921e-03	-5.868e-03	-4.765e-03	-4.767e-03	-4.762e-03	-4.773e-03	-4.776e-03	-4.768e-03	-4.760e-03	-4.766e-03	-4.760e-03
6.810e+04	-5.858e-03	-5.961e-03	-5.824e-03	-5.892e-03	-5.921e-03	-5.868e-03	-4.765e-03	-4.767e-03	-4.762e-03	-4.773e-03	-4.776e-03	-4.768e-03	-4.760e-03	-4.766e-03	-4.760e-03
6.820e+04	-5.858e-03	-5.961e-03	-5.824e-03	-5.892e-03	-5.921e-03	-5.868e-03	-4.765e-03	-4.767e-03	-4.762e-03	-4.773e-03	-4.776e-03	-4.768e-03	-4.760e-03	-4.766e-03	-4.760e-03
6.830e+04	-5.858e-03	-5.961e-03	-5.824e-03	-5.892e-03	-5.921e-03	-5.868e-03	-4.765e-03	-4.767e-03	-4.762e-03	-4.773e-03	-4.776e-03	-4.768e-03	-4.760e-03	-4.766e-03	-4.760e-03
6.840e+04	-5.858e-03	-5.961e-03	-5.824e-03	-5.892e-03	-5.921e-03	-5.868e-03	-4.765e-03	-4.767e-03	-4.762e-03	-4.773e-03	-4.776e-03	-4.768e-03	-4.760e-03	-4.766e-03	-4.760e-03
6.850e+04	-5.858e-03	-5.961e-03	-5.824e-03	-5.892e-03	-5.921e-03	-5.868e-03	-4.765e-03	-4.767e-03	-4.762e-03	-4.773e-03	-4.776e-03	-4.768e-03	-4.760e-03	-4.766e-03	-4.760e-03
6.860e+04	-5.858e-03	-5.961e-03	-5.824e-03	-5.892e-03	-5.921e-03	-5.868e-03	-4.765e-03	-4.767e-03	-4.762e-03	-4.773e-03	-4.776e-03	-4.768e-03	-4.760e-03	-4.766e-03	-4.760e-03
6.870e+04	-5.858e-03	-5.961e-03	-5.824e-03	-5.892e-03	-5.921e-03	-5.868e-03	-4.765e-03	-4.767e-03	-4.762e-03	-4.773e-03	-4.776e-03	-4.768e-03	-4.760e-03	-4.766e-03	-4.760e-03
6.880e+04	-5.858e-03	-5.961e-03	-5.824e-03	-5.892e-03	-5.921e-03	-5.868e-03	-4.765e-03	-4.767e-03	-4.762e-03	-4.773e-03	-4.776e-03	-4.768e-03	-4.760e-03	-4.766e-03	-4.760e-03
6.890e+04	-5.858e-03	-5.961e-03	-5.824e-03	-5.892e-03	-5.921e-03	-5.868e-03	-4.765e-03	-4.767e-03	-4.762e-03	-4.773e-03	-4.776e-03	-4.768e-03	-4.760e-03	-4.766e-03	-4.760e-03
6.900e+04	-5.858e-03	-5.961e-03	-5.824e-03	-5.892e-03	-5.921e-03	-5.868e-03	-4.765e-03	-4.767e-03	-4.762e-03	-4.773e-03	-4.776e-03	-4.768e-03	-4.760e-03	-4.766e-03	-4.760e-03
6.910e+04	-5.858e-03	-5.961e-03	-5.824e-03	-5.892e-03	-5.921e-03	-5.868e-03	-4.765e-03	-4.767e-03	-4.762e-03	-4.773e-03	-4.776e-03	-4.768e-03	-4.760e-03	-4.766e-03	-4.760e-03
6.920e+04	-5.858e-03	-5.961e-03	-5.824e-03	-5.892e-03	-5.921e-03	-5.868e-03	-4.765e-03	-4.767e-03	-4.762e-03	-4.773e-03	-4.776e-03	-4.768e-03	-4.760e-03	-4.766e-03	-4.760e-03
6.930e+04	-5.858e-03	-5.961e-03	-5.824e-03	-5.892e-03	-5.921e-03	-5.868e-03	-4.765e-03	-4.767e-03	-4.762e-03	-4.773e-03	-4.776e-03	-4.768e-03	-4.760e-03	-4.766e-03	-4.760e-03
6.940e+04	-5.858e-03	-5.961e-03	-5.824e-03	-5.892e-03	-5.921e-03	-5.868e-03	-4.765e-03	-4.767e-03	-4.762e-03	-4.773e-03	-4.776e-03	-4.768e-03	-4.760e-03	-4.766e-03	-4.760e-03
6.950e+04	-5.858e-03	-5.961e-03	-5.824e-03	-5.892e-03	-5.921e-03	-5.868e-03	-4.765e-03	-4.767e-03	-4.762e-03	-4.773e-03	-4.776e-03	-4.768e-03	-4.760e-03	-4.766e-03	-4.760e-03
6.960e+04	-5.858e-03	-5.961e-03	-5.824e-03	-5.892e-03	-5.921e-03	-5.868e-03	-4.765e-03	-4.767e-03	-4.762e-03	-4.773e-03	-4.776e-03	-4.768e-03	-4.760e-03	-4.766e-03	-4.760e-03
6.970e+04	-5.858e-03	-5.961e-03	-5.824e-03	-5.892e-03	-5.921e-03	-5.868e-03	-4.765e-03	-4.767e-03	-4.762e-03	-4.772e-03	-4.776e-03	-4.768e-03	-4.760e-03	-4.766e-03	-4.760e-03
6.980e+04	-5.858e-03	-5.961e-03	-5.824e-03	-5.892e-03	-5.921e-03	-5.868e-03	-4.765e-03	-4.767e-03	-4.762e-03	-4.772e-03	-4.776e-03	-4.768e-03	-4.760e-03	-4.766e-03	-4.760e-03
6.990e+04	-5.858e-03	-5.961e-03	-5.824e-03	-5.892e-03	-5.921e-03	-5.868e-03	-4.765e-03	-4.767e-03	-4.762e-03	-4.772e-03	-4.776e-03	-4.768e-03	-4.760e-03	-4.766e-03	-4.760e-03
7.000e+04	-5.858e-03	-5.961e-03	-5.824e-03	-5.892e-03	-5.921e-03	-5.868e-03	-4.765e-03	-4.767e-03	-4.762e-03	-4.772e-03	-4.776e-03	-4.768e-03	-4.760e-03	-4.766e-03	-4.760e-03
7.010e+04	-5.858e-03	-5.961e-03	-5.824e-03	-5.892e-03	-5.921e-03	-5.868e-03	-4.765e-03	-4.767e-03	-4.762e-03	-4.772e-03	-4.776e-03	-4.768e-03	-4.760e-03	-4.766e-03	-4.760e-03
7.020e+04	-5.858e-03	-5.961e-03	-5.824e-03	-5.892e-03	-5.921e-03	-5.868e-03	-4.764e-03	-4.766e-03	-4.762e-03	-4.772e-03	-4.776e-03	-4.768e-03	-4.760e-03	-4.766e-03	-4.760e-03
7.030e+04	-5.858e-03	-5.961e-03	-5.824e-03	-5.892e-03	-5.921e-03	-5.868e-03	-4.764e-03	-4.766e-03	-4.762e-03	-4.772e-03	-4.776e-03	-4.768e-03	-4.760e-03	-4.766e-03	-4.760e-03
7.040e+04	-5.858e-03	-5.961e-03	-5.824e-03	-5.892e-03	-5.921e-03	-5.868e-03	-4.764e-03	-4.766e-03	-4.762e-03	-4.772e-03	-4.776e-03	-4.768e-03	-4.760e-03	-4.766e-03	-4.760e-03
7.050e+04	-5.858e-03	-5.961e-03	-5.824e-03	-5.892e-03	-5.921e-03	-5.868e-03	-4.764e-03	-4.766e-03	-4.762e-03	-4.772e-03	-4.776e-03	-4.768e-03	-4.760e-03	-4.766e-03	-4.760e-03
7.060e+04	-5.858e-03	-5.961e-03	-5.824e-03	-5.892e-03	-5.921e-03	-5.868e-03	-4.764e-03	-4.766e-03	-4.762e-03	-4.772e-03	-4.776e-03	-4.768e-03	-4.760e-03	-4.766e-03	-4.760e-03
7.070e+04	-5.858e-03	-5.961e-03	-5.824e-03	-5.892e-03	-5.921e-03	-5.868e-03	-4.764e-03	-4.766e-03	-4.762e-03	-4.772e-03	-4.776e-03	-4.768e-03	-4.760e-03	-4.766e-03	-4.760e-03
7.080e+04	-5.858e-03	-5.961e-03	-5.824e-03	-5.892e-03	-5.921e-03	-5.868e-03	-4.764e-03	-4.766e-03	-4.762e-03	-4.772e-03	-4.776e-03	-4.768e-03	-4.760e-03	-4.766e-03	-4.760e-03
7.090e+04	-5.858e-03	-5.961e-03	-5.824e-03	-5.892e-03	-5.921e-03	-5.868e-03	-4.764e-03	-4.766e-03	-4.762e-03	-4.771e-03	-4.776e-03	-4.768e-03	-4.760e-03	-4.766e-03	-4.760e-03
7.100e+04	-5.858e-03	-5.961e-03	-5.824e-03	-5.892e-03	-5.921e-03	-5.868e-03	-4.764e-03	-4.766e-03	-4.762e-03	-4.771e-03	-4.776e-03	-4.768e-03	-4.760e-03	-4.766e-03	-4.760e-03
7.110e+04	-5.858e-03	-5.961e-03	-5.824e-03	-5.892e-03	-5.921e-03	-5.868e-03	-4.764e-03	-4.766e-03	-4.762e-03	-4.771e-03	-4.776e-03	-4.768e-03	-4.760e-03	-4.766e-03	-4.760e-03
7.120e+04	-5.858e-03	-5.961e-03	-5.824e-03	-5.892e-03	-5.921e-03	-5.868e-03	-4.764e-03	-4.766e-03	-4.762e-03	-4.771e-03	-4.776e-03	-4.768e-03	-4.760e-03	-4.766e-03	-4.760e-03
7.130e+04	-5.858e-03	-5.961e-03	-5.824e-03	-5.892e-03	-5.921e-03	-5.868e-03	-4.764e-03	-4.766e-03	-4.762e-03	-4.771e-03	-4.776e-03	-4.768e-03	-4.760e-03	-4.766e-03	-4.760e-03
7.140e+04	-5.858e-03	-5.961e-03	-5.824e-03	-5.892e-03	-5.921e-03	-5.868e-03	-4.764e-03	-4.766e-03	-4.762e-03	-4.771e-03	-4.776e-03	-4.768e-03	-4.760e-03	-4.766e-03	-4.760e-03
7.150e+04	-5.858e-03	-5.961e-03	-5.824e-03	-5.892e-03	-5.921e-03	-5.868e-03	-4.764e-03	-4.766e-03	-4.762e-03	-4.771e-03	-4.776e-03	-4.768e-03	-4.760e-03	-4.766e-03	-4.760e-03
7.160e+04	-5.858e-03	-5.961e-03	-5.824e-03	-5.892e-03	-5.921e-03	-5.868e-03	-4.764e-03	-4.766e-03	-4.762e-03	-4.771e-03	-4.776e-03	-4.768e-03	-4.760e-03	-4.766e-03	-4.760e-03
7.170e+04	-5.858e-03	-5.961e-03	-5.824e-03	-5.892e-03	-5.921e-03	-5.868e-03	-4.764e-03	-4.766e-03	-4.762e-03	-4.771e-03	-4.776e-03	-4.768e-03	-4.760e-03	-4.766e-03	-4.760e-03
7.180e+04	-5.858e-03	-5.961e-03	-5.824e-03	-5.892e-03	-5.921e-03	-5.868e-03	-4.764e-03	-4.766e-03	-4.762e-03	-4.771e-03	-4.776e-03	-4.768e-03	-4.760e-03	-4.766e-03	-4.760e-03
7.190e+04	-5.858e-03	-5.961e-03	-5.824e-03	-5.892e-03	-5.921e-03	-5.868e-03	-4.764e-03	-4.766e-03	-4.762e-03	-4.771e-03	-4.776e-03	-4.768e-03	-4.760e-03	-4.766e-03	-4.760e-03
7.200e+04	-5.858e-03	-5.961e-03	-5.824e-03	-5.892e-03	-5.921e-03	-5.868e-03	-4.764e-03	-4.766e-03	-4.762e-03	-4.771e-03	-4.776e-03	-4.768e-03	-4.760e-03	-4.766e-03	-4.760e-03
7.210e+04	-5.858e-03	-5.961e-03	-5.824e-03	-5.892e-03	-5.921e-03	-5.868e-03	-4.764e-03	-4.766e-03	-4.762e-03	-4.771e-03	-4.776e-03	-4.768e-03	-4.760e-03	-4.766e-03	-4.760e-03
7.220e+04	-5.858e-03	-5.961e-03	-5.824e-03	-5.892e-03	-5.921e-03	-5.868e-03	-4.764e-03	-4.766e-03	-4.762e-03	-4.771e-03	-4.776e-03	-4.768e-03	-4.760e-03	-4.766e-03	-4.760e-03
7.230e+04	-5.858e-03	-5.961e-03	-5.824e-03	-5.892e-03	-5.921e-03	-5.868e-03	-4.764e-03	-4.766e-03	-4.762e-03	-4.771e-03	-4.776e-03	-4.768e-03	-4.760e-03	-4.766e-03	-4.760e-03
7.240e+04	-5.858e-03	-5.961e-03	-5.824e-03	-5.892e-03	-5.921e-03	-5.868e-03	-4.764e-03	-4.766e-03	-4.762e-03	-4.771e-03	-4.776e-03	-4.768e-03	-4.760e-03	-4.766e-03	-4.760e-03
7.250e+04	-5.858e-03	-5.961e-03	-5.824e-03	-5.892e-03	-5.921e-03	-5.868e-03	-4.764e-03	-4.766e-03	-4.762e-03	-4.771e-03	-4.776e-03	-4.768e-03	-4.760e-03	-4.766e-03	-4.760e-03
7.260e+04	-5.858e-03	-5.961e-03	-5.824e-03	-5.892e-03	-5.921e-03	-5.868e-03	-4.764e-03	-4.766e-03	-4.762e-03	-4.771e-03	-4.776e-03	-4.768e-03	-4.760e-03	-4.766e-03	-4.760e-03
7.270e+04	-5.858e-03	-5.961e-03	-5.824e-03	-5.892e-03	-5.921e-03	-5.868e-03	-4.764e-03	-4.766e-03	-4.762e-03	-4.771e-03	-4.776e-03	-4.768e-03	-4.760e-03	-4.766e-03	-4.760e-03
7.280e+04	-5.858e-03	-5.961e-03	-5.824e-03	-5.892e-03	-5.921e-03	-5.868e-03	-4.764e-03	-4.766e-03	-4.762e-03	-4.771e-03	-4.776e-03	-4.768e-03	-4.760e-03	-4.766e-03	-4.760e-03
7.290e+04	-5.858e-03	-5.961e-03	-5.824e-03	-5.892e-03	-5.921e-03	-5.868e-03	-4.764e-03	-4.766e-03	-4.762e-03	-4.771e-03	-4.776e-03	-4.768e-03	-4.760e-03	-4.766e-03	-4.760e-03
7.300e+04	-5.858e-03	-5.961e-03	-5.824e-03	-5.892e-03	-5.921e-03	-5.868e-03	-4.764e-03	-4.766e-03	-4.762e-03	-4.771e-03	-4.776e-03	-4.768e-03	-4.760e-03	-4.766e-03	-4.760e-03
7.310e+04	-5.858e-03	-5.961e-03	-5.824e-03	-5.892e-03	-5.921e-03	-5.868e-03	-4.764e-03	-4.766e-03	-4.762e-03	-4.770e-03	-4.776e-03	-4.768e-03	-4.760e-03	-4.766e-03	-4.760e-03
7.320e+04	-5.858e-03	-5.961e-03	-5.824e-03	-5.892e-03	-5.921e-03	-5.868e-03	-4.764e-03	-4.766e-03	-4.762e-03	-4.770e-03	-4.776e-03	-4.768e-03	-4.760e-03	-4.766e-03	-4.760e-03
7.330e+04	-5.858e-03	-5.961e-03	-5.824e-03	-5.892e-03	-5.921e-03	-5.868e-03	-4.764e-03	-4.766e-03	-4.762e-03	-4.770e-03	-4.776e-03	-4.768e-03	-4.760e-03	-4.766e-03	-4.760e-03
7.340e+04	-5.858e-03	-5.961e-03	-5.824e-03	-5.892e-03	-5.921e-03	-5.868e-03	-4.764e-03	-4.766e-03	-4.762e-03	-4.770e-03	-4.776e-03	-4.768e-03	-4.760e-03	-4.766e-03	-4.760e-03
7.350e+04	-5.858e-03	-5.961e-03	-5.824e-03	-5.892e-03	-5.921e-03	-5.868e-03	-4.764e-03	-4.766e-03	-4.762e-03	-4.770e-03	-4.776e-03	-4.768e-03	-4.760e-03	-4.766e-03	-4.760e-03
7.360e+04	-5.858e-03	-5.957e-03	-5.820e-03	-5.892e-03	-5.921e-03	-5.868e-03	-4.764e-03	-4.766e-03	-4.762e-03	-4.770e-03	-4.776e-03	-4.768e-03	-4.760e-03	-4.766e-03	-4.760e-03
7.370e+04	-5.858e-03	-5.957e-03	-5.820e-03	-5.892e-03	-5.921e-03	-5.868e-03	-4.764e-03	-4.766e-03	-4.762e-03	-4.770e-03	-4.776e-03	-4.768e-03	-4.760e-03	-4.766e-03	-4.760e-03
7.380e+04	-5.858e-03	-5.957e-03	-5.820e-03	-5.892e-03	-5.921e-03	-5.868e-03	-4.764e-03	-4.766e-03	-4.762e-03	-4.770e-03	-4.776e-03	-4.768e-03	-4.760e-03	-4.766e-03	-4.760e-03
7.390e+04	-5.858e-03	-5.957e-03	-5.820e-03	-5.892e-03	-5.921e-03	-5.868e-03	-4.764e-03	-4.766e-03	-4.762e-03	-4.770e-03	-4.776e-03	-4.768e-03	-4.760e-03	-4.766e-03	-4.760e-03
7.400e+04	-5.858e-03	-5.957e-03	-5.820e-03	-5.892e-03	-5.921e-03	-5.868e-03	-4.764e-03	-4.766e-03	-4.762e-03	-4.770e-03	-4.776e-03	-4.768e-03	-4.760e-03	-4.766e-03	-4.760e-03
7.410e+04	-5.858e-03	-5.957e-03	-5.820e-03	-5.892e-03	-5.921e-03	-5.868e-03	-4.764e-03	-4.766e-03	-4.762e-03	-4.770e-03	-4.776e-03	-4.768e-03	-4.760e-03	-4.766e-03	-4.760e-03
7.420e+04	-5.858e-03	-5.957e-03	-5.820e-03	-5.892e-03	-5.921e-03	-5.868e-03	-4.764e-03	-4.766e-03	-4.762e-03	-4.770e-03	-4.776e-03	-4.768e-03	-4.760e-03	-4.766e-03	-4.760e-03
7.430e+04	-5.858e-03	-5.957e-03	-5.820e-03	-5.892e-03	-5.921e-03	-5.868e-03	-4.764e-03	-4.766e-03	-4.762e-03	-4.770e-03	-4.776e-03	-4.768e-03	-4.760e-03	-4.766e-03	-4.760e-03
7.440e+04	-5.858e-03	-5.957e-03	-5.820e-03	-5.892e-03	-5.921e-03	-5.868e-03	-4.764e-03	-4.766e-03	-4.762e-03	-4.770e-03	-4.776e-03	-4.768e-03	-4.760e-03	-4.766e-03	-4.760e-03
7.450e+04	-5.858e-03	-5.957e-03	-5.820e-03	-5.892e-03	-5.921e-03	-5.868e-03	-4.764e-03	-4.766e-03	-4.762e-03	-4.770e-03	-4.776e-03	-4.768e-03	-4.760e-03	-4.766e-03	-4.760e-03
7.460e+04	-5.858e-03	-5.957e-03	-5.820e-03	-5.892e-03	-5.921e-03	-5.865e-03	-4.764e-03	-4.766e-03	-4.762e-03	-4.770e-03	-4.776e-03	-4.768e-03	-4.760e-03	-4.766e-03	-4.760e-03
7.470e+04	-5.858e-03	-5.957e-03	-5.820e-03	-5.892e-03	-5.921e-03	-5.865e-03	-4.764e-03	-4.766e-03	-4.762e-03	-4.770e-03	-4.776e-03	-4.768e-03	-4.760e-03	-4.766e-03	-4.760e-03
7.480e+04	-5.858e-03	-5.957e-03	-5.820e-03	-5.892e-03	-5.921e-03	-5.865e-03	-4.764e-03	-4.766e-03	-4.762e-03	-4.770e-03	-4.776e-03	-4.768e-03	-4.760e-03	-4.766e-03	-4.760e-03
7.490e+04	-5.858e-03	-5.957e-03	-5.820e-03	-5.892e-03	-5.921e-03	-5.865e-03	-4.764e-03	-4.766e-03	-4.762e-03	-4.770e-03	-4.776e-03	-4.768e-03	-4.760e-03	-4.766e-03	-4.760e-03
7.500e+04	-5.858e-03	-5.957e-03	-5.820e-03	-5.892e-03	-5.921e-03	-5.865e-03	-4.764e-03	-4.766e-03	-4.762e-03	-4.770e-03	-4.776e-03	-4.768e-03	-4.760e-03	-4.766e-03	-4.760e-03
7.510e+04	-5.858e-03	-5.957e-03	-5.820e-03	-5.892e-03	-5.921e-03	-5.865e-03	-4.764e-03	-4.766e-03	-4.762e-03	-4.770e-03	-4.776e-03	-4.768e-03	-4.760e-03	-4.766e-03	-4.760e-03
7.520e+04	-5.858e-03	-5.957e-03	-5.820e-03	-5.892e-03	-5.921e-03	-5.865e-03	-4.764e-03	-4.766e-03	-4.762e-03	-4.770e-03	-4.776e-03	-4.768e-03	-4.760e-03	-4.766e-03	-4.760e-03
7.530e+04	-5.858e-03	-5.957e-03	-5.820e-03	-5.892e-03	-5.921e-03	-5.865e-03	-4.764e-03	-4.766e-03	-4.762e-03	-4.770e-03	-4.776e-03	-4.768e-03	-4.760e-03	-4.766e-03	-4.760e-03
7.540e+04	-5.858e-03	-5.957e-03	-5.820e-03	-5.892e-03	-5.921e-03	-5.865e-03	-4.764e-03	-4.766e-03	-4.762e-03	-4.770e-03	-4.776e-03	-4.768e-03	-4.760e-03	-4.766e-03	-4.760e-03
7.550e+04	-5.858e-03	-5.957e-03	-5.820e-03	-5.892e-03	-5.921e-03	-5.865e-03	-4.764e-03	-4.766e-03	-4.762e-03	-4.770e-03	-4.776e-03	-4.768e-03	-4.760e-03	-4.766e-03	-4.760e-03
7.560e+04	-5.858e-03	-5.957e-03	-5.820e-03	-5.892e-03	-5.921e-03	-5.865e-03	-4.764e-03	-4.766e-03	-4.762e-03	-4.770e-03	-4.776e-03	-4.768e-03	-4.760e-03	-4.766e-03	-4.760e-03
7.570e+04	-5.858e-03	-5.957e-03	-5.820e-03	-5.892e-03	-5.921e-03	-5.865e-03	-4.764e-03	-4.766e-03	-4.762e-03	-4.770e-03	-4.776e-03	-4.768e-03	-4.760e-03	-4.766e-03	-4.760e-03
7.580e+04	-5.858e-03	-5.957e-03	-5.820e-03	-5.892e-03	-5.921e-03	-5.865e-03	-4.764e-03	-4.766e-03	-4.762e-03	-4.770e-03	-4.776e-03	-4.768e-03	-4.760e-03	-4.766e-03	-4.760e-03
7.590e+04	-5.858e-03	-5.957e-03	-5.820e-03	-5.892e-03	-5.921e-03	-5.865e-03	-4.764e-03	-4.766e-03	-4.762e-03	-4.770e-03	-4.776e-03	-4.768e-03	-4.760e-03	-4.766e-03	-4.760e-03
7.600e+04	-5.858e-03	-5.957e-03	-5.820e-03	-5.892e-03	-5.921e-03	-5.865e-03	-4.764e-03	-4.766e-03	-4.762e-03	-4.770e-03	-4.776e-03	-4.768e-03	-4.760e-03	-4.766e-03	-4.760e-03
7.610e+04	-5.858e-03	-5.957e-03	-5.820e-03	-5.892e-03	-5.921e-03	-5.865e-03	-4.764e-03	-4.766e-03	-4.762e-03	-4.770e-03	-4.776e-03	-4.768e-03	-4.760e-03	-4.766e-03	-4.760e-03
7.620e+04	-5.858e-03	-5.957e-03	-5.820e-03	-5.892e-03	-5.921e-03	-5.865e-03	-4.764e-03	-4.766e-03	-4.762e-03	-4.770e-03	-4.776e-03	-4.768e-03	-4.760e-03	-4.766e-03	-4.760e-03
7.630e+04	-5.858e-03	-5.957e-03	-5.820e-03	-5.892e-03	-5.921e-03	-5.865e-03	-4.764e-03	-4.766e-03	-4.762e-03	-4.770e-03	-4.776e-03	-4.768e-03	-4.760e-03	-4.766e-03	-4.760e-03
7.640e+04	-5.858e-03	-5.957e-03	-5.820e-03	-5.892e-03	-5.921e-03	-5.865e-03	-4.764e-03	-4.766e-03	-4.762e-03	-4.770e-03	-4.776e-03	-4.768e-03	-4.760e-03	-4.766e-03	-4.760e-03
7.650e+04	-5.858e-03	-5.957e-03	-5.820e-03	-5.892e-03	-5.921e-03	-5.865e-03	-4.764e-03	-4.766e-03	-4.762e-03	-4.770e-03	-4.776e-03	-4.768e-03	-4.760e-03	-4.766e-03	-4.760e-03
7.660e+04	-5.858e-03	-5.957e-03	-5.820e-03	-5.892e-03	-5.921e-03	-5.865e-03	-4.764e-03	-4.766e-03	-4.762e-03	-4.770e-03	-4.776e-03	-4.768e-03	-4.760e-03	-4.766e-03	-4.760e-03
7.670e+04	-5.858e-03	-5.957e-03	-5.820e-03	-5.892e-03	-5.921e-03	-5.865e-03	-4.764e-03	-4.766e-03	-4.762e-03	-4.769e-03	-4.776e-03	-4.768e-03	-4.760e-03	-4.766e-03	-4.760e-03
7.680e+04	-5.858e-03	-5.950e-03	-5.820e-03	-5.892e-03	-5.921e-03	-5.865e-03	-4.764e-03	-4.766e-03	-4.762e-03	-4.769e-03	-4.776e-03	-4.768e-03	-4.760e-03	-4.766e-03	-4.760e-03
7.690e+04	-5.858e-03	-5.950e-03	-5.820e-03	-5.892e-03	-5.921e-03	-5.865e-03	-4.764e-03	-4.766e-03	-4.762e-03	-4.769e-03	-4.776e-03	-4.768e-03	-4.760e-03	-4.766e-03	-4.760e-03
7.700e+04	-5.858e-03	-5.950e-03	-5.820e-03	-5.892e-03	-5.921e-03	-5.865e-03	-4.764e-03	-4.766e-03	-4.762e-03	-4.769e-03	-4.776e-03	-4.768e-03	-4.760e-03	-4.766e-03	-4.760e-03
7.710e+04	-5.858e-03	-5.950e-03	-5.820e-03	-5.892e-03	-5.921e-03	-5.865e-03	-4.764e-03	-4.766e-03	-4.762e-03	-4.769e-03	-4.776e-03	-4.768e-03	-4.760e-03	-4.766e-03	-4.760e-03
7.720e+04	-5.858e-03	-5.950e-03	-5.820e-03	-5.892e-03	-5.921e-03	-5.865e-03	-4.764e-03	-4.766e-03	-4.762e-03	-4.769e-03	-4.776e-03	-4.768e-03	-4.760e-03	-4.766e-03	-4.760e-03
7.730e+04	-5.853e-03	-5.950e-03	-5.820e-03	-5.892e-03	-5.921e-03	-5.865e-03	-4.764e-03	-4.766e-03	-4.762e-03	-4.769e-03	-4.776e-03	-4.768e-03	-4.760e-03	-4.766e-03	-4.760e-03
7.740e+04	-5.853e-03	-5.950e-03	-5.820e-03	-5.892e-03	-5.921e-03	-5.865e-03	-4.764e-03	-4.766e-03	-4.762e-03	-4.769e-03	-4.776e-03	-4.768e-03	-4.760e-03	-4.766e-03	-4.760e-03
7.750e+04	-5.853e-03	-5.950e-03	-5.820e-03	-5.892e-03	-5.921e-03	-5.865e-03	-4.764e-03	-4.766e-03	-4.762e-03	-4.769e-03	-4.776e-03	-4.768e-03	-4.760e-03	-4.766e-03	-4.760e-03
7.760e+04	-5.853e-03	-5.950e-03	-5.820e-03	-5.892e-03	-5.921e-03	-5.865e-03	-4.764e-03	-4.766e-03	-4.762e-03	-4.769e-03	-4.776e-03	-4.768e-03	-4.760e-03	-4.766e-03	-4.760e-03
7.770e+04	-5.853e-03	-5.950e-03	-5.820e-03	-5.892e-03	-5.921e-03	-5.865e-03	-4.764e-03	-4.766e-03	-4.762e-03	-4.769e-03	-4.776e-03	-4.768e-03	-4.760e-03	-4.766e-03	-4.760e-03
7.780e+04	-5.853e-03	-5.950e-03	-5.820e-03	-5.892e-03	-5.921e-03	-5.865e-03	-4.764e-03	-4.766e-03	-4.762e-03	-4.769e-03	-4.776e-03	-4.768e-03	-4.760e-03	-4.766e-03	-4.760e-03
7.790e+04	-5.853e-03	-5.950e-03	-5.820e-03	-5.892e-03	-5.921e-03	-5.865e-03	-4.764e-03	-4.766e-03	-4.762e-03	-4.769e-03	-4.776e-03	-4.768e-03	-4.760e-03	-4.766e-03	-4.760e-03
7.800e+04	-5.853e-03	-5.950e-03	-5.820e-03	-5.892e-03	-5.921e-03	-5.865e-03	-4.764e-03	-4.766e-03	-4.762e-03	-4.769e-03	-4.776e-03	-4.768e-03	-4.760e-03	-4.766e-03	-4.760e-03
7.810e+04	-5.853e-03	-5.950e-03	-5.820e-03	-5.892e-03	-5.921e-03	-5.865e-03	-4.764e-03	-4.766e-03	-4.762e-03	-4.769e-03	-4.776e-03	-4.768e-03	-4.760e-03	-4.766e-03	-4.760e-03
7.820e+04	-5.853e-03	-5.950e-03	-5.820e-03	-5.892e-03	-5.921e-03	-5.865e-03	-4.764e-03	-4.766e-03	-4.762e-03	-4.769e-03	-4.776e-03	-4.768e-03	-4.760e-03	-4.766e-03	-4.760e-03
7.830e+04	-5.853e-03	-5.950e-03	-5.820e-03	-5.892e-03	-5.921e-03	-5.865e-03	-4.764e-03	-4.766e-03	-4.762e-03	-4.769e-03	-4.776e-03	-4.768e-03	-4.760e-03	-4.766e-03	-4.760e-03
7.840e+04	-5.853e-03	-5.950e-03	-5.820e-03	-5.892e-03	-5.921e-03	-5.865e-03	-4.764e-03	-4.766e-03	-4.762e-03	-4.769e-03	-4.776e-03	-4.768e-03	-4.760e-03	-4.766e-03	-4.760e-03
7.850e+04	-5.853e-03	-5.950e-03	-5.820e-03	-5.892e-03	-5.921e-03	-5.865e-03	-4.764e-03	-4.766e-03	-4.762e-03	-4.769e-03	-4.776e-03	-4.768e-03	-4.760e-03	-4.766e-03	-4.760e-03
7.860e+04	-5.853e-03	-5.950e-03	-5.820e-03	-5.892e-03	-5.921e-03	-5.865e-03	-4.764e-03	-4.766e-03	-4.762e-03	-4.769e-03	-4.776e-03	-4.768e-03	-4.760e-03	-4.766e-03	-4.760e-03
7.870e+04	-5.824e-03	-5.950e-03	-5.813e-03	-5.892e-03	-5.921e-03	-5.865e-03	-4.764e-03	-4.766e-03	-4.762e-03	-4.769e-03	-4.776e-03	-4.768e-03	-4.760e-03	-4.766e-03	-4.760e-03
7.880e+04	-5.824e-03	-5.950e-03	-5.813e-03	-5.892e-03	-5.921e-03	-5.865e-03	-4.764e-03	-4.766e-03	-4.762e-03	-4.769e-03	-4.776e-03	-4.768e-03	-4.760e-03	-4.766e-03	-4.760e-03
7.890e+04	-5.824e-03	-5.950e-03	-5.813e-03	-5.892e-03	-5.921e-03	-5.865e-03	-4.764e-03	-4.766e-03	-4.762e-03	-4.769e-03	-4.776e-03	-4.768e-03	-4.760e-03	-4.766e-03	-4.760e-03
7.900e+04	-5.824e-03	-5.950e-03	-5.813e-03	-5.885e-03	-5.921e-03	-5.865e-03	-4.764e-03	-4.766e-03	-4.762e-03	-4.769e-03	-4.776e-03	-4.768e-03	-4.760e-03	-4.766e-03	-4.760e-03
7.910e+04	-5.824e-03	-5.950e-03	-5.813e-03	-5.885e-03	-5.921e-03	-5.865e-03	-4.764e-03	-4.766e-03	-4.762e-03	-4.769e-03	-4.776e-03	-4.768e-03	-4.760e-03	-4.766e-03	-4.760e-03
7.920e+04	-5.824e-03	-5.950e-03	-5.813e-03	-5.885e-03	-5.921e-03	-5.865e-03	-4.764e-03	-4.766e-03	-4.762e-03	-4.769e-03	-4.776e-03	-4.768e-03	-4.760e-03	-4.766e-03	-4.760e-03
7.930e+04	-5.824e-03	-5.950e-03	-5.813e-03	-5.885e-03	-5.921e-03	-5.865e-03	-4.764e-03	-4.766e-03	-4.762e-03	-4.769e-03	-4.776e-03	-4.768e-03	-4.760e-03	-4.766e-03	-4.760e-03
7.940e+04	-5.824e-03	-5.950e-03	-5.813e-03	-5.885e-03	-5.921e-03	-5.865e-03	-4.764e-03	-4.766e-03	-4.762e-03	-4.769e-03	-4.776e-03	-4.768e-03	-4.760e-03	-4.766e-03	-4.760e-03
7.950e+04	-5.824e-03	-5.950e-03	-5.813e-03	-5.885e-03	-5.921e-03	-5.865e-03	-4.764e-03	-4.766e-03	-4.762e-03	-4.769e-03	-4.776e-03	-4.768e-03	-4.760e-03	-4.766e-03	-4.760e-03
7.960e+04	-5.824e-03	-5.950e-03	-5.813e-03	-5.885e-03	-5.921e-03	-5.865e-03	-4.764e-03	-4.766e-03	-4.762e-03	-4.769e-03	-4.776e-03	-4.768e-03	-4.760e-03	-4.766e-03	-4.760e-03
7.970e+04	-5.824e-03	-5.950e-03	-5.813e-03	-5.885e-03	-5.921e-03	-5.865e-03	-4.764e-03	-4.766e-03	-4.762e-03	-4.769e-03	-4.776e-03	-4.768e-03	-4.760e-03	-4.766e-03	-4.760e-03
7.980e+04	-5.824e-03	-5.950e-03	-5.813e-03	-5.885e-03	-5.921e-03	-5.865e-03	-4.764e-03	-4.766e-03	-4.762e-03	-4.769e-03	-4.776e-03	-4.768e-03	-4.760e-03	-4.766e-03	-4.760e-03
7.990e+04	-5.824e-03	-5.950e-03	-5.813e-03	-5.885e-03	-5.921e-03	-5.865e-03	-4.764e-03	-4.766e-03	-4.762e-03	-4.769e-03	-4.776e-03	-4.768e-03	-4.760e-03	-4.766e-03	-4.760e-03
8.000e+04	-5.824e-03	-5.950e-03	-5.813e-03	-5.885e-03	-5.921e-03	-5.865e-03	-4.764e-03	-4.766e-03	-4.762e-03	-4.769e-03	-4.776e-03	-4.768e-03	-4.760e-03	-4.766e-03	-4.760e-03
8.010e+04	-5.824e-03	-5.950e-03	-5.813e-03	-5.885e-03	-5.921e-03	-5.865e-03	-4.764e-03	-4.766e-03	-4.762e-03	-4.769e-03	-4.776e-03	-4.768e-03	-4.760e-03	-4.766e-03	-4.760e-03
8.020e+04	-5.824e-03	-5.950e-03	-5.813e-03	-5.885e-03	-5.921e-03	-5.865e-03	-4.764e-03	-4.766e-03	-4.762e-03	-4.769e-03	-4.776e-03	-4.768e-03	-4.760e-03	-4.766e-03	-4.760e-03
8.030e+04	-5.824e-03	-5.950e-03	-5.813e-03	-5.885e-03	-5.921e-03	-5.865e-03	-4.764e-03	-4.766e-03	-4.762e-03	-4.769e-03	-4.776e-03	-4.768e-03	-4.760e-03	-4.766e-03	-4.760e-03
8.040e+04	-5.824e-03	-5.950e-03	-5.813e-03	-5.885e-03	-5.921e-03	-5.865e-03	-4.764e-03	-4.766e-03	-4.762e-03	-4.769e-03	-4.776e-03	-4.768e-03	-4.760e-03	-4.766e-03	-4.760e-03
8.050e+04	-5.824e-03	-5.950e-03	-5.813e-03	-5.885e-03	-5.921e-03	-5.865e-03	-4.764e-03	-4.766e-03	-4.762e-03	-4.769e-03	-4.776e-03	-4.768e-03	-4.760e-03	-4.766e-03	-4.760e-03
8.060e+04	-5.824e-03	-5.950e-03	-5.813e-03	-5.871e-03	-5.921e-03	-5.865e-03	-4.764e-03	-4.766e-03	-4.762e-03	-4.769e-03	-4.776e-03	-4.768e-03	-4.760e-03	-4.766e-03	-4.760e-03
8.070e+04	-5.824e-03	-5.950e-03	-5.813e-03	-5.871e-03	-5.921e-03	-5.865e-03	-4.764e-03	-4.766e-03	-4.762e-03	-4.769e-03	-4.776e-03	-4.768e-03	-4.760e-03	-4.766e-03	-4.760e-03
8.080e+04	-5.824e-03	-5.950e-03	-5.813e-03	-5.871e-03	-5.921e-03	-5.865e-03	-4.764e-03	-4.766e-03	-4.762e-03	-4.769e-03	-4.776e-03	-4.768e-03	-4.760e-03	-4.766e-03	-4.760e-03
8.090e+04	-5.824e-03	-5.950e-03	-5.813e-03	-5.871e-03	-5.921e-03	-5.865e-03	-4.764e-03	-4.766e-03	-4.762e-03	-4.769e-03	-4.776e-03	-4.768e-03	-4.760e-03	-4.766e-03	-4.760e-03
8.100e+04	-5.824e-03	-5.950e-03	-5.813e-03	-5.871e-03	-5.921e-03	-5.865e-03	-4.764e-03	-4.766e-03	-4.762e-03	-4.769e-03	-4.776e-03	-4.768e-03	-4.760e-03	-4.766e-03	-4.760e-03
8.110e+04	-5.824e-03	-5.950e-03	-5.813e-03	-5.871e-03	-5.921e-03	-5.865e-03	-4.764e-03	-4.766e-03	-4.762e-03	-4.769e-03	-4.776e-03	-4.768e-03	-4.760e-03	-4.766e-03	-4.760e-03
8.120e+04	-5.824e-03	-5.950e-03	-5.813e-03	-5.871e-03	-5.921e-03	-5.865e-03	-4.764e-03	-4.766e-03	-4.762e-03	-4.769e-03	-4.776e-03	-4.768e-03	-4.760e-03	-4.766e-03	-4.760e-03
8.130e+04	-5.824e-03	-5.950e-03	-5.813e-03	-5.871e-03	-5.921e-03	-5.865e-03	-4.764e-03	-4.766e-03	-4.762e-03	-4.769e-03	-4.776e-03	-4.768e-03	-4.760e-03	-4.766e-03	-4.760e-03
8.140e+04	-5.824e-03	-5.950e-03	-5.813e-03	-5.871e-03	-5.921e-03	-5.865e-03	-4.764e-03	-4.766e-03	-4.762e-03	-4.769e-03	-4.776e-03	-4.768e-03	-4.760e-03	-4.766e-03	-4.760e-03
8.150e+04	-5.824e-03	-5.950e-03	-5.813e-03	-5.871e-03	-5.921e-03	-5.865e-03	-4.764e-03	-4.766e-03	-4.762e-03	-4.769e-03	-4.776e-03	-4.768e-03	-4.760e-03	-4.766e-03	-4.760e-03
8.160e+04	-5.824e-03	-5.950e-03	-5.813e-03	-5.871e-03	-5.921e-03	-5.865e-03	-4.764e-03	-4.766e-03	-4.762e-03	-4.769e-03	-4.776e-03	-4.768e-03	-4.760e-03	-4.766e-03	-4.760e-03
8.170e+04	-5.824e-03	-5.950e-03	-5.813e-03	-5.871e-03	-5.921e-03	-5.865e-03	-4.764e-03	-4.766e-03	-4.762e-03	-4.769e-03	-4.776e-03	-4.768e-03	-4.760e-03	-4.766e-03	-4.760e-03
8.180e+04	-5.824e-03	-5.950e-03	-5.813e-03	-5.871e-03	-5.921e-03	-5.865e-03	-4.764e-03	-4.766e-03	-4.762e-03	-4.769e-03	-4.776e-03	-4.768e-03	-4.760e-03	-4.766e-03	-4.760e-03
8.190e+04	-5.824e-03	-5.950e-03	-5.813e-03	-5.871e-03	-5.921e-03	-5.865e-03	-4.764e-03	-4.766e-03	-4.762e-03	-4.769e-03	-4.776e-03	-4.768e-03	-4.760e-03	-4.766e-03	-4.760e-03
8.200e+04	-5.824e-03	-5.950e-03	-5.813e-03	-5.871e-03	-5.921e-03	-5.865e-03	-4.764e-03	-4.766e-03	-4.762e-03	-4.769e-03	-4.776e-03	-4.768e-03	-4.760e-03	-4.766e-03	-4.760e-03
8.210e+04	-5.824e-03	-5.950e-03	-5.813e-03	-5.871e-03	-5.921e-03	-5.865e-03	-4.764e-03	-4.766e-03	-4.762e-03	-4.769e-03	-4.776e-03	-4.768e-03	-4.760e-03	-4.766e-03	-4.760e-03
8.220e+04	-5.824e-03	-5.950e-03	-5.813e-03	-5.871e-03	-5.921e-03	-5.865e-03	-4.764e-03	-4.766e-03	-4.762e-03	-4.769e-03	-4.776e-03	-4.768e-03	-4.760e-03	-4.766e-03	-4.760e-03
8.230e+04	-5.824e-03	-5.950e-03	-5.813e-03	-5.871e-03	-5.921e-03	-5.865e-03	-4.764e-03	-4.766e-03	-4.762e-03	-4.769e-03	-4.776e-03	-4.768e-03	-4.760e-03	-4.766e-03	-4.760e-03
8.240e+04	-5.824e-03	-5.950e-03	-5.813e-03	-5.871e-03	-5.921e-03	-5.865e-03	-4.764e-03	-4.766e-03	-4.762e-03	-4.769e-03	-4.776e-03	-4.768e-03	-4.760e-03	-4.766e-03	-4.760e-03
8.250e+04	-5.824e-03	-5.950e-03	-5.813e-03	-5.871e-03	-5.921e-03	-5.865e-03	-4.764e-03	-4.766e-03	-4.762e-03	-4.769e-03	-4.776e-03	-4.768e-03	-4.760e-03	-4.766e-03	-4.760e-03
8.260e+04	-5.824e-03	-5.950e-03	-5.813e-03	-5.871e-03	-5.921e-03	-5.865e-03	-4.764e-03	-4.766e-03	-4.762e-03	-4.769e-03	-4.776e-03	-4.768e-03	-4.760e-03	-4.766e-03	-4.760e-03
8.270e+04	-5.824e-03	-5.950e-03	-5.813e-03	-5.871e-03	-5.921e-03	-5.865e-03	-4.764e-03	-4.766e-03	-4.762e-03	-4.769e-03	-4.776e-03	-4.768e-03	-4.760e-03	-4.766e-03	-4.760e-03
8.280e+04	-5.824e-03	-5.950e-03	-5.813e-03	-5.871e-03	-5.921e-03	-5.865e-03	-4.764e-03	-4.766e-03	-4.762e-03	-4.768e-03	-4.776e-03	-4.768e-03	-4.760e-03	-4.766e-03	-4.760e-03
8.290e+04	-5.824e-03	-5.950e-03	-5.813e-03	-5.871e-03	-5.921e-03	-5.865e-03	-4.764e-03	-4.766e-03	-4.762e-03	-4.768e-03	-4.776e-03	-4.768e-03	-4.760e-03	-4.766e-03	-4.760e-03
8.300e+04	-5.824e-03	-5.950e-03	-5.813e-03	-5.871e-03	-5.921e-03	-5.865e-03	-4.764e-03	-4.766e-03	-4.762e-03	-4.768e-03	-4.776e-03	-4.768e-03	-4.760e-03	-4.766e-03	-4.760e-03
8.310e+04	-5.824e-03	-5.950e-03	-5.813e-03	-5.871e-03	-5.921e-03	-5.865e-03	-4.764e-03	-4.766e-03	-4.762e-03	-4.768e-03	-4.776e-03	-4.768e-03	-4.760e-03	-4.766e-03	-4.760e-03
8.320e+04	-5.824e-03	-5.950e-03	-5.813e-03	-5.871e-03	-5.921e-03	-5.865e-03	-4.764e-03	-4.766e-03	-4.762e-03	-4.768e-03	-4.776e-03	-4.768e-03	-4.760e-03	-4.766e-03	-4.760e-03
8.330e+04	-5.824e-03	-5.950e-03	-5.813e-03	-5.871e-03	-5.921e-03	-5.865e-03	-4.764e-03	-4.766e-03	-4.762e-03	-4.768e-03	-4.776e-03	-4.767e-03	-4.760e-03	-4.766e-03	-4.760e-03
8.340e+04	-5.824e-03	-5.950e-03	-5.813e-03	-5.871e-03	-5.921e-03	-5.865e-03	-4.764e-03	-4.766e-03	-4.762e-03	-4.768e-03	-4.776e-03	-4.767e-03	-4.760e-03	-4.766e-03	-4.760e-03
8.350e+04	-5.824e-03	-5.950e-03	-5.813e-03	-5.871e-03	-5.921e-03	-5.865e-03	-4.764e-03	-4.766e-03	-4.762e-03	-4.768e-03	-4.776e-03	-4.767e-03	-4.760e-03	-4.766e-03	-4.760e-03
8.360e+04	-5.824e-03	-5.950e-03	-5.813e-03	-5.871e-03	-5.921e-03	-5.865e-03	-4.764e-03	-4.766e-03	-4.762e-03	-4.768e-03	-4.776e-03	-4.767e-03	-4.760e-03	-4.766e-03	-4.760e-03
8.370e+04	-5.824e-03	-5.950e-03	-5.813e-03	-5.871e-03	-5.921e-03	-5.865e-03	-4.764e-03	-4.766e-03	-4.762e-03	-4.768e-03	-4.776e-03	-4.767e-03	-4.760e-03	-4.766e-03	-4.760e-03
8.380e+04	-5.824e-03	-5.950e-03	-5.813e-03	-5.871e-03	-5.921e-03	-5.865e-03	-4.764e-03	-4.766e-03	-4.762e-03	-4.768e-03	-4.776e-03	-4.767e-03	-4.760e-03	-4.766e-03	-4.760e-03
8.390e+04	-5.824e-03	-5.950e-03	-5.813e-03	-5.871e-03	-5.921e-03	-5.865e-03	-4.764e-03	-4.766e-03	-4.762e-03	-4.768e-03	-4.776e-03	-4.767e-03	-4.760e-03	-4.766e-03	-4.760e-03
8.400e+04	-5.824e-03	-5.950e-03	-5.813e-03	-5.871e-03	-5.921e-03	-5.865e-03	-4.764e-03	-4.765e-03	-4.762e-03	-4.768e-03	-4.776e-03	-4.767e-03	-4.760e-03	-4.766e-03	-4.760e-03
8.410e+04	-5.824e-03	-5.950e-03	-5.813e-03	-5.871e-03	-5.921e-03	-5.865e-03	-4.764e-03	-4.765e-03	-4.762e-03	-4.768e-03	-4.776e-03	-4.767e-03	-4.760e-03	-4.766e-03	-4.760e-03
8.420e+04	-5.824e-03	-5.950e-03	-5.813e-03	-5.871e-03	-5.921e-03	-5.865e-03	-4.764e-03	-4.765e-03	-4.762e-03	-4.768e-03	-4.776e-03	-4.767e-03	-4.760e-03	-4.766e-03	-4.760e-03
8.430e+04	-5.824e-03	-5.950e-03	-5.813e-03	-5.871e-03	-5.921e-03	-5.865e-03	-4.764e-03	-4.765e-03	-4.762e-03	-4.768e-03	-4.776e-03	-4.767e-03	-4.760e-03	-4.766e-03	-4.760e-03
8.440e+04	-5.824e-03	-5.950e-03	-5.813e-03	-5.871e-03	-5.921e-03	-5.865e-03	-4.764e-03	-4.765e-03	-4.762e-03	-4.768e-03	-4.776e-03	-4.767e-03	-4.760e-03	-4.766e-03	-4.760e-03
8.450e+04	-5.824e-03	-5.950e-03	-5.813e-03	-5.871e-03	-5.921e-03	-5.865e-03	-4.764e-03	-4.765e-03	-4.762e-03	-4.768e-03	-4.776e-03	-4.767e-03	-4.760e-03	-4.766e-03	-4.760e-03
8.460e+04	-5.824e-03	-5.950e-03	-5.813e-03	-5.871e-03	-5.921e-03	-5.865e-03	-4.764e-03	-4.765e-03	-4.762e-03	-4.768e-03	-4.776e-03	-4.767e-03	-4.760e-03	-4.766e-03	-4.760e-03
8.470e+04	-5.824e-03	-5.950e-03	-5.813e-03	-5.871e-03	-5.921e-03	-5.865e-03	-4.764e-03	-4.765e-03	-4.762e-03	-4.768e-03	-4.776e-03	-4.767e-03	-4.760e-03	-4.766e-03	-4.760e-03
8.480e+04	-5.824e-03	-5.950e-03	-5.813e-03	-5.871e-03	-5.921e-03	-5.865e-03	-4.764e-03	-4.765e-03	-4.762e-03	-4.768e-03	-4.776e-03	-4.767e-03	-4.760e-03	-4.766e-03	-4.760e-03
8.490e+04	-5.824e-03	-5.950e-03	-5.813e-03	-5.871e-03	-5.921e-03	-5.865e-03	-4.764e-03	-4.765e-03	-4.762e-03	-4.768e-03	-4.776e-03	-4.767e-03	-4.760e-03	-4.766e-03	-4.760e-03
8.500e+04	-5.824e-03	-5.950e-03	-5.813e-03	-5.871e-03	-5.921e-03	-5.865e-03	-4.764e-03	-4.765e-03	-4.762e-03	-4.768e-03	-4.775e-03	-4.767e-03	-4.760e-03	-4.766e-03	-4.760e-03
8.510e+04	-5.824e-03	-5.950e-03	-5.813e-03	-5.871e-03	-5.921e-03	-5.865e-03	-4.764e-03	-4.765e-03	-4.762e-03	-4.768e-03	-4.775e-03	-4.767e-03	-4.760e-03	-4.766e-03	-4.760e-03
8.520e+04	-5.824e-03	-5.950e-03	-5.813e-03	-5.871e-03	-5.921e-03	-5.865e-03	-4.764e-03	-4.765e-03	-4.762e-03	-4.768e-03	-4.775e-03	-4.767e-03	-4.760e-03	-4.766e-03	-4.760e-03
8.530e+04	-5.824e-03	-5.950e-03	-5.813e-03	-5.871e-03	-5.921e-03	-5.856e-03	-4.764e-03	-4.765e-03	-4.762e-03	-4.768e-03	-4.774e-03	-4.767e-03	-4.760e-03	-4.766e-03	-4.760e-03
8.540e+04	-5.824e-03	-5.950e-03	-5.813e-03	-5.871e-03	-5.921e-03	-5.856e-03	-4.764e-03	-4.765e-03	-4.762e-03	-4.768e-03	-4.774e-03	-4.767e-03	-4.760e-03	-4.766e-03	-4.760e-03
8.550e+04	-5.824e-03	-5.950e-03	-5.813e-03	-5.871e-03	-5.921e-03	-5.856e-03	-4.764e-03	-4.765e-03	-4.762e-03	-4.768e-03	-4.774e-03	-4.767e-03	-4.760e-03	-4.766e-03	-4.760e-03
8.560e+04	-5.824e-03	-5.950e-03	-5.813e-03	-5.871e-03	-5.921e-03	-5.856e-03	-4.764e-03	-4.765e-03	-4.762e-03	-4.768e-03	-4.774e-03	-4.767e-03	-4.760e-03	-4.766e-03	-4.760e-03
8.570e+04	-5.824e-03	-5.950e-03	-5.813e-03	-5.871e-03	-5.921e-03	-5.856e-03	-4.764e-03	-4.765e-03	-4.762e-03	-4.768e-03	-4.774e-03	-4.767e-03	-4.760e-03	-4.766e-03	-4.760e-03
8.580e+04	-5.824e-03	-5.950e-03	-5.813e-03	-5.871e-03	-5.921e-03	-5.856e-03	-4.764e-03	-4.765e-03	-4.762e-03	-4.768e-03	-4.774e-03	-4.767e-03	-4.760e-03	-4.766e-03	-4.760e-03
8.590e+04	-5.824e-03	-5.950e-03	-5.813e-03	-5.871e-03	-5.921e-03	-5.856e-03	-4.764e-03	-4.765e-03	-4.762e-03	-4.768e-03	-4.774e-03	-4.767e-03	-4.760e-03	-4.766e-03	-4.760e-03
8.600e+04	-5.824e-03	-5.950e-03	-5.813e-03	-5.871e-03	-5.921e-03	-5.856e-03	-4.764e-03	-4.765e-03	-4.762e-03	-4.768e-03	-4.774e-03	-4.767e-03	-4.760e-03	-4.766e-03	-4.760e-03
8.610e+04	-5.824e-03	-5.950e-03	-5.813e-03	-5.871e-03	-5.921e-03	-5.856e-03	-4.764e-03	-4.765e-03	-4.762e-03	-4.768e-03	-4.774e-03	-4.767e-03	-4.760e-03	-4.766e-03	-4.760e-03
8.620e+04	-5.824e-03	-5.950e-03	-5.813e-03	-5.871e-03	-5.921e-03	-5.856e-03	-4.764e-03	-4.765e-03	-4.762e-03	-4.768e-03	-4.774e-03	-4.767e-03	-4.760e-03	-4.766e-03	-4.760e-03
8.630e+04	-5.824e-03	-5.950e-03	-5.813e-03	-5.871e-03	-5.921e-03	-5.856e-03	-4.764e-03	-4.765e-03	-4.762e-03	-4.768e-03	-4.774e-03	-4.767e-03	-4.760e-03	-4.766e-03	-4.760e-03
8.640e+04	-5.824e-03	-5.950e-03	-5.813e-03	-5.871e-03	-5.921e-03	-5.856e-03	-4.764e-03	-4.765e-03	-4.762e-03	-4.768e-03	-4.774e-03	-4.767e-03	-4.760e-03	-4.766e-03	-4.760e-03
8.650e+04	-5.824e-03	-5.950e-03	-5.813e-03	-5.871e-03	-5.921e-03	-5.856e-03	-4.764e-03	-4.765e-03	-4.762e-03	-4.768e-03	-4.774e-03	-4.767e-03	-4.760e-03	-4.766e-03	-4.760e-03
8.660e+04	-5.824e-03	-5.950e-03	-5.813e-03	-5.871e-03	-5.921e-03	-5.856e-03	-4.764e-03	-4.765e-03	-4.762e-03	-4.768e-03	-4.774e-03	-4.767e-03	-4.760e-03	-4.766e-03	-4.760e-03
8.670e+04	-5.824e-03	-5.950e-03	-5.813e-03	-5.871e-03	-5.921e-03	-5.856e-03	-4.764e-03	-4.765e-03	-4.762e-03	-4.768e-03	-4.774e-03	-4.767e-03	-4.760e-03	-4.766e-03	-4.760e-03
8.680e+04	-5.824e-03	-5.950e-03	-5.813e-03	-5.871e-03	-5.921e-03	-5.856e-03	-4.764e-03	-4.765e-03	-4.762e-03	-4.768e-03	-4.774e-03	-4.767e-03	-4.760e-03	-4.766e-03	-4.760e-03
8.690e+04	-5.824e-03	-5.950e-03	-5.813e-03	-5.871e-03	-5.921e-03	-5.856e-03	-4.764e-03	-4.765e-03	-4.762e-03	-4.768e-03	-4.774e-03	-4.767e-03	-4.760e-03	-4.766e-03	-4.760e-03
8.700e+04	-5.824e-03	-5.950e-03	-5.813e-03	-5.865e-03	-5.921e-03	-5.844e-03	-4.764e-03	-4.765e-03	-4.762e-03	-4.768e-03	-4.774e-03	-4.767e-03	-4.760e-03	-4.766e-03	-4.760e-03
8.710e+04	-5.824e-03	-5.950e-03	-5.813e-03	-5.865e-03	-5.921e-03	-5.844e-03	-4.764e-03	-4.765e-03	-4.762e-03	-4.768e-03	-4.774e-03	-4.767e-03	-4.760e-03	-4.766e-03	-4.760e-03
8.720e+04	-5.824e-03	-5.950e-03	-5.813e-03	-5.865e-03	-5.921e-03	-5.844e-03	-4.764e-03	-4.765e-03	-4.762e-03	-4.768e-03	-4.774e-03	-4.767e-03	-4.760e-03	-4.766e-03	-4.760e-03
8.730e+04	-5.824e-03	-5.950e-03	-5.813e-03	-5.865e-03	-5.921e-03	-5.844e-03	-4.764e-03	-4.765e-03	-4.762e-03	-4.768e-03	-4.774e-03	-4.767e-03	-4.760e-03	-4.766e-03	-4.760e-03
8.740e+04	-5.824e-03	-5.950e-03	-5.813e-03	-5.865e-03	-5.921e-03	-5.844e-03	-4.764e-03	-4.765e-03	-4.762e-03	-4.768e-03	-4.774e-03	-4.767e-03	-4.760e-03	-4.766e-03	-4.760e-03
8.750e+04	-5.824e-03	-5.950e-03	-5.813e-03	-5.865e-03	-5.921e-03	-5.844e-03	-4.764e-03	-4.765e-03	-4.762e-03	-4.768e-03	-4.774e-03	-4.767e-03	-4.760e-03	-4.766e-03	-4.760e-03
8.760e+04	-5.824e-03	-5.950e-03	-5.813e-03	-5.865e-03	-5.921e-03	-5.844e-03	-4.764e-03	-4.765e-03	-4.762e-03	-4.768e-03	-4.774e-03	-4.767e-03	-4.760e-03	-4.766e-03	-4.760e-03
8.770e+04	-5.824e-03	-5.950e-03	-5.813e-03	-5.865e-03	-5.921e-03	-5.844e-03	-4.764e-03	-4.765e-03	-4.762e-03	-4.768e-03	-4.774e-03	-4.767e-03	-4.760e-03	-4.766e-03	-4.760e-03
8.780e+04	-5.824e-03	-5.950e-03	-5.813e-03	-5.865e-03	-5.921e-03	-5.844e-03	-4.764e-03	-4.765e-03	-4.762e-03	-4.768e-03	-4.774e-03	-4.767e-03	-4.760e-03	-4.766e-03	-4.760e-03
8.790e+04	-5.824e-03	-5.950e-03	-5.813e-03	-5.865e-03	-5.921e-03	-5.844e-03	-4.764e-03	-4.765e-03	-4.762e-03	-4.768e-03	-4.774e-03	-4.767e-03	-4.760e-03	-4.766e-03	-4.760e-03
8.800e+04	-5.824e-03	-5.950e-03	-5.813e-03	-5.865e-03	-5.921e-03	-5.844e-03	-4.764e-03	-4.765e-03	-4.762e-03	-4.768e-03	-4.774e-03	-4.767e-03	-4.760e-03	-4.766e-03	-4.760e-03
8.810e+04	-5.824e-03	-5.950e-03	-5.813e-03	-5.865e-03	-5.921e-03	-5.844e-03	-4.764e-03	-4.765e-03	-4.762e-03	-4.768e-03	-4.774e-03	-4.767e-03	-4.760e-03	-4.766e-03	-4.760e-03
8.820e+04	-5.824e-03	-5.950e-03	-5.813e-03	-5.865e-03	-5.921e-03	-5.844e-03	-4.764e-03	-4.765e-03	-4.762e-03	-4.768e-03	-4.774e-03	-4.767e-03	-4.760e-03	-4.766e-03	-4.760e-03
8.830e+04	-5.824e-03	-5.950e-03	-5.813e-03	-5.865e-03	-5.921e-03	-5.844e-03	-4.764e-03	-4.765e-03	-4.762e-03	-4.768e-03	-4.774e-03	-4.767e-03	-4.760e-03	-4.766e-03	-4.760e-03
8.840e+04	-5.824e-03	-5.950e-03	-5.813e-03	-5.865e-03	-5.921e-03	-5.844e-03	-4.764e-03	-4.765e-03	-4.762e-03	-4.768e-03	-4.774e-03	-4.767e-03	-4.760e-03	-4.766e-03	-4.760e-03
8.850e+04	-5.820e-03	-5.950e-03	-5.796e-03	-5.865e-03	-5.921e-03	-5.844e-03	-4.764e-03	-4.765e-03	-4.762e-03	-4.768e-03	-4.774e-03	-4.767e-03	-4.760e-03	-4.766e-03	-4.760e-03
8.860e+04	-5.820e-03	-5.950e-03	-5.796e-03	-5.865e-03	-5.921e-03	-5.844e-03	-4.764e-03	-4.765e-03	-4.762e-03	-4.768e-03	-4.774e-03	-4.767e-03	-4.760e-03	-4.766e-03	-4.760e-03
8.870e+04	-5.820e-03	-5.950e-03	-5.796e-03	-5.865e-03	-5.921e-03	-5.844e-03	-4.764e-03	-4.765e-03	-4.762e-03	-4.768e-03	-4.774e-03	-4.767e-03	-4.760e-03	-4.766e-03	-4.760e-03
8.880e+04	-5.820e-03	-5.950e-03	-5.796e-03	-5.865e-03	-5.921e-03	-5.844e-03	-4.764e-03	-4.765e-03	-4.762e-03	-4.768e-03	-4.774e-03	-4.767e-03	-4.760e-03	-4.766e-03	-4.760e-03
8.890e+04	-5.820e-03	-5.950e-03	-5.796e-03	-5.865e-03	-5.921e-03	-5.844e-03	-4.764e-03	-4.765e-03	-4.762e-03	-4.768e-03	-4.774e-03	-4.767e-03	-4.760e-03	-4.766e-03	-4.760e-03
8.900e+04	-5.820e-03	-5.950e-03	-5.796e-03	-5.865e-03	-5.921e-03	-5.844e-03	-4.764e-03	-4.765e-03	-4.762e-03	-4.768e-03	-4.774e-03	-4.767e-03	-4.760e-03	-4.766e-03	-4.760e-03
8.910e+04	-5.820e-03	-5.950e-03	-5.796e-03	-5.865e-03	-5.921e-03	-5.844e-03	-4.764e-03	-4.765e-03	-4.762e-03	-4.768e-03	-4.774e-03	-4.767e-03	-4.760e-03	-4.766e-03	-4.760e-03
8.920e+04	-5.819e-03	-5.950e-03	-5.796e-03	-5.865e-03	-5.921e-03	-5.844e-03	-4.764e-03	-4.765e-03	-4.762e-03	-4.768e-03	-4.774e-03	-4.767e-03	-4.760e-03	-4.766e-03	-4.760e-03
8.930e+04	-5.819e-03	-5.950e-03	-5.796e-03	-5.865e-03	-5.921e-03	-5.844e-03	-4.764e-03	-4.765e-03	-4.762e-03	-4.768e-03	-4.774e-03	-4.767e-03	-4.760e-03	-4.766e-03	-4.760e-03
8.940e+04	-5.819e-03	-5.950e-03	-5.796e-03	-5.865e-03	-5.921e-03	-5.844e-03	-4.764e-03	-4.765e-03	-4.762e-03	-4.768e-03	-4.774e-03	-4.767e-03	-4.760e-03	-4.766e-03	-4.760e-03
8.950e+04	-5.819e-03	-5.950e-03	-5.796e-03	-5.865e-03	-5.921e-03	-5.844e-03	-4.764e-03	-4.765e-03	-4.762e-03	-4.768e-03	-4.774e-03	-4.767e-03	-4.760e-03	-4.766e-03	-4.760e-03
8.960e+04	-5.819e-03	-5.950e-03	-5.796e-03	-5.865e-03	-5.921e-03	-5.844e-03	-4.764e-03	-4.765e-03	-4.762e-03	-4.768e-03	-4.774e-03	-4.767e-03	-4.760e-03	-4.766e-03	-4.760e-03
8.970e+04	-5.819e-03	-5.950e-03	-5.796e-03	-5.865e-03	-5.921e-03	-5.844e-03	-4.764e-03	-4.765e-03	-4.762e-03	-4.767e-03	-4.774e-03	-4.767e-03	-4.760e-03	-4.766e-03	-4.760e-03
8.980e+04	-5.819e-03	-5.950e-03	-5.796e-03	-5.865e-03	-5.921e-03	-5.844e-03	-4.764e-03	-4.765e-03	-4.762e-03	-4.767e-03	-4.774e-03	-4.767e-03	-4.760e-03	-4.766e-03	-4.760e-03
8.990e+04	-5.819e-03	-5.950e-03	-5.796e-03	-5.865e-03	-5.921e-03	-5.844e-03	-4.764e-03	-4.765e-03	-4.762e-03	-4.767e-03	-4.774e-03	-4.767e-03	-4.760e-03	-4.766e-03	-4.760e-03
9.000e+04	-5.819e-03	-5.950e-03	-5.796e-03	-5.865e-03	-5.921e-03	-5.844e-03	-4.764e-03	-4.765e-03	-4.762e-03	-4.767e-03	-4.774e-03	-4.767e-03	-4.760e-03	-4.766e-03	-4.760e-03
9.010e+04	-5.819e-03	-5.950e-03	-5.796e-03	-5.865e-03	-5.921e-03	-5.844e-03	-4.764e-03	-4.765e-03	-4.762e-03	-4.767e-03	-4.774e-03	-4.767e-03	-4.760e-03	-4.766e-03	-4.760e-03
9.020e+04	-5.819e-03	-5.950e-03	-5.796e-03	-5.865e-03	-5.921e-03	-5.844e-03	-4.764e-03	-4.765e-03	-4.762e-03	-4.767e-03	-4.774e-03	-4.767e-03	-4.760e-03	-4.766e-03	-4.760e-03
9.030e+04	-5.819e-03	-5.950e-03	-5.796e-03	-5.865e-03	-5.921e-03	-5.844e-03	-4.764e-03	-4.765e-03	-4.762e-03	-4.767e-03	-4.774e-03	-4.767e-03	-4.760e-03	-4.766e-03	-4.760e-03
9.040e+04	-5.819e-03	-5.950e-03	-5.796e-03	-5.865e-03	-5.921e-03	-5.844e-03	-4.764e-03	-4.765e-03	-4.762e-03	-4.767e-03	-4.774e-03	-4.767e-03	-4.760e-03	-4.766e-03	-4.760e-03
9.050e+04	-5.819e-03	-5.950e-03	-5.796e-03	-5.865e-03	-5.921e-03	-5.844e-03	-4.764e-03	-4.765e-03	-4.762e-03	-4.767e-03	-4.774e-03	-4.767e-03	-4.760e-03	-4.766e-03	-4.760e-03
9.060e+04	-5.819e-03	-5.950e-03	-5.796e-03	-5.865e-03	-5.921e-03	-5.844e-03	-4.764e-03	-4.765e-03	-4.762e-03	-4.767e-03	-4.774e-03	-4.767e-03	-4.760e-03	-4.766e-03	-4.760e-03
9.070e+04	-5.819e-03	-5.950e-03	-5.796e-03	-5.865e-03	-5.921e-03	-5.844e-03	-4.764e-03	-4.765e-03	-4.762e-03	-4.767e-03	-4.774e-03	-4.767e-03	-4.760e-03	-4.766e-03	-4.760e-03
9.080e+04	-5.819e-03	-5.950e-03	-5.796e-03	-5.865e-03	-5.921e-03	-5.844e-03	-4.764e-03	-4.765e-03	-4.762e-03	-4.767e-03	-4.774e-03	-4.767e-03	-4.760e-03	-4.766e-03	-4.760e-03
9.090e+04	-5.819e-03	-5.950e-03	-5.796e-03	-5.865e-03	-5.921e-03	-5.844e-03	-4.764e-03	-4.765e-03	-4.762e-03	-4.767e-03	-4.774e-03	-4.767e-03	-4.760e-03	-4.766e-03	-4.760e-03
9.100e+04	-5.819e-03	-5.950e-03	-5.796e-03	-5.865e-03	-5.921e-03	-5.844e-03	-4.764e-03	-4.765e-03	-4.762e-03	-4.767e-03	-4.774e-03	-4.767e-03	-4.760e-03	-4.766e-03	-4.760e-03
9.110e+04	-5.819e-03	-5.950e-03	-5.796e-03	-5.865e-03	-5.921e-03	-5.844e-03	-4.764e-03	-4.765e-03	-4.762e-03	-4.767e-03	-4.774e-03	-4.767e-03	-4.760e-03	-4.766e-03	-4.760e-03
9.120e+04	-5.819e-03	-5.950e-03	-5.796e-03	-5.865e-03	-5.921e-03	-5.844e-03	-4.764e-03	-4.765e-03	-4.762e-03	-4.767e-03	-4.774e-03	-4.767e-03	-4.760e-03	-4.766e-03	-4.760e-03
9.130e+04	-5.819e-03	-5.950e-03	-5.796e-03	-5.865e-03	-5.921e-03	-5.844e-03	-4.764e-03	-4.765e-03	-4.762e-03	-4.767e-03	-4.774e-03	-4.767e-03	-4.760e-03	-4.766e-03	-4.760e-03
9.140e+04	-5.819e-03	-5.950e-03	-5.796e-03	-5.865e-03	-5.921e-03	-5.844e-03	-4.764e-03	-4.765e-03	-4.762e-03	-4.767e-03	-4.774e-03	-4.767e-03	-4.760e-03	-4.766e-03	-4.760e-03
9.150e+04	-5.819e-03	-5.950e-03	-5.796e-03	-5.865e-03	-5.921e-03	-5.844e-03	-4.764e-03	-4.765e-03	-4.762e-03	-4.767e-03	-4.774e-03	-4.767e-03	-4.760e-03	-4.766e-03	-4.760e-03
9.160e+04	-5.819e-03	-5.950e-03	-5.796e-03	-5.865e-03	-5.921e-03	-5.844e-03	-4.764e-03	-4.765e-03	-4.762e-03	-4.767e-03	-4.774e-03	-4.767e-03	-4.760e-03	-4.766e-03	-4.760e-03
9.170e+04	-5.819e-03	-5.950e-03	-5.796e-03	-5.865e-03	-5.921e-03	-5.844e-03	-4.764e-03	-4.765e-03	-4.762e-03	-4.767e-03	-4.774e-03	-4.767e-03	-4.760e-03	-4.766e-03	-4.760e-03
9.180e+04	-5.819e-03	-5.950e-03	-5.796e-03	-5.865e-03	-5.921e-03	-5.844e-03	-4.764e-03	-4.765e-03	-4.762e-03	-4.767e-03	-4.774e-03	-4.767e-03	-4.760e-03	-4.766e-03	-4.760e-03
9.190e+04	-5.819e-03	-5.950e-03	-5.796e-03	-5.865e-03	-5.921e-03	-5.844e-03	-4.763e-03	-4.765e-03	-4.762e-03	-4.767e-03	-4.774e-03	-4.767e-03	-4.760e-03	-4.766e-03	-4.760e-03
9.200e+04	-5.819e-03	-5.950e-03	-5.796e-03	-5.865e-03	-5.921e-03	-5.844e-03	-4.763e-03	-4.765e-03	-4.762e-03	-4.767e-03	-4.774e-03	-4.767e-03	-4.760e-03	-4.766e-03	-4.760e-03
9.210e+04	-5.819e-03	-5.950e-03	-5.796e-03	-5.865e-03	-5.921e-03	-5.844e-03	-4.763e-03	-4.765e-03	-4.762e-03	-4.767e-03	-4.774e-03	-4.767e-03	-4.760e-03	-4.766e-03	-4.760e-03
9.220e+04	-5.819e-03	-5.950e-03	-5.796e-03	-5.865e-03	-5.921e-03	-5.844e-03	-4.763e-03	-4.765e-03	-4.762e-03	-4.767e-03	-4.774e-03	-4.767e-03	-4.760e-03	-4.766e-03	-4.760e-03
9.230e+04	-5.819e-03	-5.950e-03	-5.796e-03	-5.865e-03	-5.921e-03	-5.844e-03	-4.763e-03	-4.765e-03	-4.762e-03	-4.767e-03	-4.774e-03	-4.767e-03	-4.760e-03	-4.766e-03	-4.760e-03
9.240e+04	-5.819e-03	-5.950e-03	-5.796e-03	-5.865e-03	-5.921e-03	-5.844e-03	-4.763e-03	-4.765e-03	-4.762e-03	-4.767e-03	-4.774e-03	-4.767e-03	-4.760e-03	-4.766e-03	-4.760e-03
9.250e+04	-5.819e-03	-5.950e-03	-5.796e-03	-5.865e-03	-5.921e-03	-5.844e-03	-4.763e-03	-4.765e-03	-4.762e-03	-4.767e-03	-4.774e-03	-4.767e-03	-4.760e-03	-4.766e-03	-4.760e-03
9.260e+04	-5.819e-03	-5.950e-03	-5.796e-03	-5.865e-03	-5.921e-03	-5.844e-03	-4.763e-03	-4.765e-03	-4.762e-03	-4.767e-03	-4.774e-03	-4.767e-03	-4.760e-03	-4.766e-03	-4.760e-03
9.270e+04	-5.819e-03	-5.950e-03	-5.796e-03	-5.865e-03	-5.921e-03	-5.844e-03	-4.763e-03	-4.765e-03	-4.762e-03	-4.767e-03	-4.774e-03	-4.767e-03	-4.760e-03	-4.766e-03	-4.760e-03
9.280e+04	-5.819e-03	-5.950e-03	-5.796e-03	-5.865e-03	-5.921e-03	-5.844e-03	-4.763e-03	-4.765e-03	-4.762e-03	-4.767e-03	-4.774e-03	-4.767e-03	-4.760e-03	-4.766e-03	-4.760e-03
9.290e+04	-5.819e-03	-5.950e-03	-5.796e-03	-5.865e-03	-5.921e-03	-5.844e-03	-4.763e-03	-4.765e-03	-4.762e-03	-4.767e-03	-4.774e-03	-4.767e-03	-4.760e-03	-4.766e-03	-4.760e-03
9.300e+04	-5.819e-03	-5.950e-03	-5.796e-03	-5.865e-03	-5.921e-03	-5.844e-03	-4.763e-03	-4.765e-03	-4.762e-03	-4.767e-03	-4.774e-03	-4.767e-03	-4.760e-03	-4.766e-03	-4.760e-03
9.310e+04	-5.819e-03	-5.950e-03	-5.796e-03	-5.865e-03	-5.921e-03	-5.844e-03	-4.763e-03	-4.765e-03	-4.762e-03	-4.767e-03	-4.774e-03	-4.767e-03	-4.760e-03	-4.766e-03	-4.760e-03
9.320e+04	-5.819e-03	-5.950e-03	-5.796e-03	-5.865e-03	-5.921e-03	-5.844e-03	-4.763e-03	-4.765e-03	-4.762e-03	-4.767e-03	-4.774e-03	-4.767e-03	-4.760e-03	-4.766e-03	-4.760e-03
9.330e+04	-5.819e-03	-5.950e-03	-5.796e-03	-5.865e-03	-5.921e-03	-5.844e-03	-4.763e-03	-4.765e-03	-4.762e-03	-4.767e-03	-4.774e-03	-4.767e-03	-4.760e-03	-4.766e-03	-4.760e-03
9.340e+04	-5.819e-03	-5.950e-03	-5.796e-03	-5.865e-03	-5.921e-03	-5.844e-03	-4.763e-03	-4.765e-03	-4.762e-03	-4.767e-03	-4.774e-03	-4.767e-03	-4.760e-03	-4.766e-03	-4.760e-03
9.350e+04	-5.819e-03	-5.950e-03	-5.796e-03	-5.865e-03	-5.921e-03	-5.844e-03	-4.763e-03	-4.765e-03	-4.762e-03	-4.767e-03	-4.774e-03	-4.767e-03	-4.760e-03	-4.766e-03	-4.760e-03
9.360e+04	-5.819e-03	-5.950e-03	-5.796e-03	-5.865e-03	-5.921e-03	-5.844e-03	-4.763e-03	-4.765e-03	-4.762e-03	-4.767e-03	-4.774e-03	-4.767e-03	-4.760e-03	-4.766e-03	-4.760e-03
9.370e+04	-5.819e-03	-5.946e-03	-5.796e-03	-5.865e-03	-5.921e-03	-5.844e-03	-4.763e-03	-4.765e-03	-4.762e-03	-4.767e-03	-4.774e-03	-4.766e-03	-4.760e-03	-4.766e-03	-4.760e-03
9.380e+04	-5.819e-03	-5.946e-03	-5.796e-03	-5.865e-03	-5.921e-03	-5.844e-03	-4.763e-03	-4.765e-03	-4.762e-03	-4.767e-03	-4.774e-03	-4.766e-03	-4.760e-03	-4.766e-03	-4.760e-03
9.390e+04	-5.819e-03	-5.946e-03	-5.796e-03	-5.865e-03	-5.921e-03	-5.844e-03	-4.763e-03	-4.765e-03	-4.762e-03	-4.767e-03	-4.774e-03	-4.766e-03	-4.760e-03	-4.766e-03	-4.760e-03
9.400e+04	-5.819e-03	-5.946e-03	-5.796e-03	-5.865e-03	-5.921e-03	-5.844e-03	-4.763e-03	-4.765e-03	-4.762e-03	-4.767e-03	-4.774e-03	-4.766e-03	-4.760e-03	-4.766e-03	-4.760e-03
9.410e+04	-5.819e-03	-5.946e-03	-5.796e-03	-5.865e-03	-5.921e-03	-5.844e-03	-4.763e-03	-4.765e-03	-4.762e-03	-4.767e-03	-4.774e-03	-4.766e-03	-4.760e-03	-4.766e-03	-4.760e-03
9.420e+04	-5.819e-03	-5.946e-03	-5.796e-03	-5.865e-03	-5.921e-03	-5.844e-03	-4.763e-03	-4.765e-03	-4.762e-03	-4.767e-03	-4.774e-03	-4.766e-03	-4.760e-03	-4.766e-03	-4.760e-03
9.430e+04	-5.819e-03	-5.946e-03	-5.796e-03	-5.865e-03	-5.921e-03	-5.844e-03	-4.763e-03	-4.765e-03	-4.762e-03	-4.767e-03	-4.774e-03	-4.766e-03	-4.760e-03	-4.766e-03	-4.760e-03
9.440e+04	-5.819e-03	-5.946e-03	-5.796e-03	-5.865e-03	-5.921e-03	-5.844e-03	-4.763e-03	-4.765e-03	-4.762e-03	-4.767e-03	-4.774e-03	-4.766e-03	-4.760e-03	-4.766e-03	-4.760e-03
9.450e+04	-5.819e-03	-5.946e-03	-5.796e-03	-5.865e-03	-5.921e-03	-5.844e-03	-4.763e-03	-4.765e-03	-4.762e-03	-4.767e-03	-4.774e-03	-4.766e-03	-4.760e-03	-4.766e-03	-4.760e-03
9.460e+04	-5.819e-03	-5.946e-03	-5.796e-03	-5.865e-03	-5.921e-03	-5.844e-03	-4.763e-03	-4.765e-03	-4.762e-03	-4.767e-03	-4.774e-03	-4.766e-03	-4.760e-03	-4.766e-03	-4.760e-03
9.470e+04	-5.819e-03	-5.946e-03	-5.796e-03	-5.865e-03	-5.921e-03	-5.844e-03	-4.763e-03	-4.765e-03	-4.762e-03	-4.767e-03	-4.774e-03	-4.766e-03	-4.760e-03	-4.766e-03	-4.760e-03
9.480e+04	-5.819e-03	-5.946e-03	-5.796e-03	-5.865e-03	-5.921e-03	-5.844e-03	-4.763e-03	-4.765e-03	-4.762e-03	-4.767e-03	-4.774e-03	-4.766e-03	-4.760e-03	-4.766e-03	-4.760e-03
9.490e+04	-5.819e-03	-5.946e-03	-5.796e-03	-5.865e-03	-5.921e-03	-5.844e-03	-4.763e-03	-4.765e-03	-4.762e-03	-4.767e-03	-4.774e-03	-4.766e-03	-4.760e-03	-4.766e-03	-4.760e-03
9.500e+04	-5.819e-03	-5.946e-03	-5.796e-03	-5.865e-03	-5.921e-03	-5.844e-03	-4.763e-03	-4.765e-03	-4.762e-03	-4.767e-03	-4.774e-03	-4.766e-03	-4.760e-03	-4.766e-03	-4.760e-03
9.510e+04	-5.819e-03	-5.946e-03	-5.796e-03	-5.865e-03	-5.921e-03	-5.844e-03	-4.763e-03	-4.765e-03	-4.762e-03	-4.767e-03	-4.774e-03	-4.766e-03	-4.760e-03	-4.766e-03	-4.760e-03
9.520e+04	-5.819e-03	-5.946e-03	-5.796e-03	-5.865e-03	-5.921e-03	-5.844e-03	-4.763e-03	-4.765e-03	-4.762e-03	-4.767e-03	-4.774e-03	-4.766e-03	-4.760e-03	-4.766e-03	-4.760e-03
9.530e+04	-5.819e-03	-5.946e-03	-5.796e-03	-5.865e-03	-5.921e-03	-5.844e-03	-4.763e-03	-4.765e-03	-4.762e-03	-4.767e-03	-4.774e-03	-4.766e-03	-4.760e-03	-4.766e-03	-4.760e-03
9.540e+04	-5.819e-03	-5.946e-03	-5.796e-03	-5.865e-03	-5.921e-03	-5.844e-03	-4.763e-03	-4.765e-03	-4.762e-03	-4.767e-03	-4.774e-03	-4.766e-03	-4.760e-03	-4.766e-03	-4.760e-03
9.550e+04	-5.819e-03	-5.885e-03	-5.796e-03	-5.865e-03	-5.921e-03	-5.844e-03	-4.763e-03	-4.765e-03	-4.762e-03	-4.767e-03	-4.774e-03	-4.766e-03	-4.760e-03	-4.766e-03	-4.760e-03
9.560e+04	-5.819e-03	-5.885e-03	-5.796e-03	-5.865e-03	-5.921e-03	-5.844e-03	-4.763e-03	-4.765e-03	-4.762e-03	-4.767e-03	-4.774e-03	-4.766e-03	-4.760e-03	-4.766e-03	-4.760e-03
9.570e+04	-5.819e-03	-5.885e-03	-5.796e-03	-5.865e-03	-5.921e-03	-5.844e-03	-4.763e-03	-4.765e-03	-4.762e-03	-4.767e-03	-4.774e-03	-4.766e-03	-4.760e-03	-4.766e-03	-4.760e-03
9.580e+04	-5.819e-03	-5.885e-03	-5.796e-03	-5.865e-03	-5.921e-03	-5.844e-03	-4.763e-03	-4.765e-03	-4.762e-03	-4.767e-03	-4.774e-03	-4.766e-03	-4.760e-03	-4.766e-03	-4.760e-03
9.590e+04	-5.819e-03	-5.885e-03	-5.796e-03	-5.865e-03	-5.921e-03	-5.844e-03	-4.763e-03	-4.765e-03	-4.762e-03	-4.767e-03	-4.774e-03	-4.766e-03	-4.760e-03	-4.766e-03	-4.760e-03
9.600e+04	-5.819e-03	-5.885e-03	-5.796e-03	-5.865e-03	-5.921e-03	-5.844e-03	-4.763e-03	-4.765e-03	-4.762e-03	-4.767e-03	-4.774e-03	-4.766e-03	-4.760e-03	-4.766e-03	-4.760e-03
9.610e+04	-5.819e-03	-5.885e-03	-5.796e-03	-5.865e-03	-5.921e-03	-5.844e-03	-4.763e-03	-4.765e-03	-4.762e-03	-4.767e-03	-4.774e-03	-4.766e-03	-4.760e-03	-4.766e-03	-4.760e-03
9.620e+04	-5.819e-03	-5.885e-03	-5.796e-03	-5.865e-03	-5.921e-03	-5.844e-03	-4.763e-03	-4.765e-03	-4.762e-03	-4.767e-03	-4.774e-03	-4.766e-03	-4.760e-03	-4.766e-03	-4.760e-03
9.630e+04	-5.819e-03	-5.885e-03	-5.796e-03	-5.865e-03	-5.921e-03	-5.844e-03	-4.763e-03	-4.765e-03	-4.762e-03	-4.767e-03	-4.774e-03	-4.766e-03	-4.760e-03	-4.766e-03	-4.760e-03
9.640e+04	-5.819e-03	-5.885e-03	-5.796e-03	-5.865e-03	-5.921e-03	-5.844e-03	-4.763e-03	-4.765e-03	-4.762e-03	-4.767e-03	-4.774e-03	-4.766e-03	-4.760e-03	-4.766e-03	-4.760e-03
9.650e+04	-5.819e-03	-5.885e-03	-5.796e-03	-5.865e-03	-5.921e-03	-5.844e-03	-4.763e-03	-4.765e-03	-4.762e-03	-4.767e-03	-4.774e-03	-4.766e-03	-4.760e-03	-4.766e-03	-4.760e-03
9.660e+04	-5.819e-03	-5.885e-03	-5.796e-03	-5.865e-03	-5.921e-03	-5.844e-03	-4.763e-03	-4.765e-03	-4.762e-03	-4.767e-03	-4.774e-03	-4.766e-03	-4.760e-03	-4.766e-03	-4.760e-03
9.670e+04	-5.819e-03	-5.885e-03	-5.796e-03	-5.865e-03	-5.921e-03	-5.844e-03	-4.763e-03	-4.765e-03	-4.762e-03	-4.767e-03	-4.774e-03	-4.766e-03	-4.760e-03	-4.766e-03	-4.760e-03
9.680e+04	-5.819e-03	-5.885e-03	-5.796e-03	-5.865e-03	-5.921e-03	-5.844e-03	-4.763e-03	-4.765e-03	-4.762e-03	-4.767e-03	-4.774e-03	-4.766e-03	-4.760e-03	-4.766e-03	-4.760e-03
9.690e+04	-5.819e-03	-5.885e-03	-5.796e-03	-5.865e-03	-5.921e-03	-5.844e-03	-4.763e-03	-4.765e-03	-4.762e-03	-4.767e-03	-4.774e-03	-4.766e-03	-4.760e-03	-4.766e-03	-4.760e-03
9.700e+04	-5.819e-03	-5.885e-03	-5.796e-03	-5.865e-03	-5.921e-03	-5.844e-03	-4.763e-03	-4.765e-03	-4.762e-03	-4.767e-03	-4.774e-03	-4.766e-03	-4.760e-03	-4.766e-03	-4.760e-03
9.710e+04	-5.819e-03	-5.885e-03	-5.796e-03	-5.865e-03	-5.921e-03	-5.844e-03	-4.763e-03	-4.765e-03	-4.762e-03	-4.767e-03	-4.774e-03	-4.766e-03	-4.760e-03	-4.766e-03	-4.760e-03
9.720e+04	-5.819e-03	-5.885e-03	-5.796e-03	-5.865e-03	-5.921e-03	-5.844e-03	-4.763e-03	-4.765e-03	-4.762e-03	-4.767e-03	-4.774e-03	-4.766e-03	-4.760e-03	-4.766e-03	-4.760e-03
9.730e+04	-5.819e-03	-5.885e-03	-5.796e-03	-5.865e-03	-5.921e-03	-5.844e-03	-4.763e-03	-4.765e-03	-4.762e-03	-4.767e-03	-4.774e-03	-4.766e-03	-4.760e-03	-4.766e-03	-4.760e-03
9.740e+04	-5.819e-03	-5.885e-03	-5.796e-03	-5.865e-03	-5.921e-03	-5.844e-03	-4.763e-03	-4.765e-03	-4.762e-03	-4.767e-03	-4.774e-03	-4.766e-03	-4.760e-03	-4.766e-03	-4.760e-03
9.750e+04	-5.819e-03	-5.885e-03	-5.796e-03	-5.865e-03	-5.921e-03	-5.844e-03	-4.763e-03	-4.765e-03	-4.762e-03	-4.767e-03	-4.774e-03	-4.766e-03	-4.760e-03	-4.766e-03	-4.760e-03
9.760e+04	-5.819e-03	-5.885e-03	-5.796e-03	-5.865e-03	-5.921e-03	-5.844e-03	-4.763e-03	-4.765e-03	-4.762e-03	-4.767e-03	-4.774e-03	-4.766e-03	-4.760e-03	-4.766e-03	-4.760e-03
9.770e+04	-5.819e-03	-5.885e-03	-5.796e-03	-5.865e-03	-5.921e-03	-5.844e-03	-4.763e-03	-4.765e-03	-4.762e-03	-4.767e-03	-4.774e-03	-4.766e-03	-4.760e-03	-4.766e-03	-4.760e-03
9.780e+04	-5.819e-03	-5.885e-03	-5.796e-03	-5.865e-03	-5.921e-03	-5.844e-03	-4.763e-03	-4.765e-03	-4.762e-03	-4.767e-03	-4.774e-03	-4.766e-03	-4.760e-03	-4.766e-03	-4.760e-03
9.790e+04	-5.819e-03	-5.885e-03	-5.796e-03	-5.865e-03	-5.921e-03	-5.844e-03	-4.763e-03	-4.765e-03	-4.762e-03	-4.767e-03	-4.774e-03	-4.766e-03	-4.760e-03	-4.766e-03	-4.760e-03
9.800e+04	-5.819e-03	-5.885e-03	-5.796e-03	-5.865e-03	-5.921e-03	-5.844e-03	-4.763e-03	-4.765e-03	-4.762e-03	-4.767e-03	-4.774e-03	-4.766e-03	-4.760e-03	-4.766e-03	-4.760e-03
9.810e+04	-5.819e-03	-5.885e-03	-5.796e-03	-5.865e-03	-5.921e-03	-5.844e-03	-4.763e-03	-4.765e-03	-4.762e-03	-4.767e-03	-4.774e-03	-4.766e-03	-4.760e-03	-4.766e-03	-4.760e-03
9.820e+04	-5.819e-03	-5.885e-03	-5.796e-03	-5.865e-03	-5.921e-03	-5.844e-03	-4.763e-03	-4.765e-03	-4.762e-03	-4.767e-03	-4.774e-03	-4.766e-03	-4.760e-03	-4.766e-03	-4.760e-03
9.830e+04	-5.819e-03	-5.885e-03	-5.796e-03	-5.865e-03	-5.921e-03	-5.844e-03	-4.763e-03	-4.765e-03	-4.762e-03	-4.767e-03	-4.774e-03	-4.766e-03	-4.760e-03	-4.766e-03	-4.760e-03
9.840e+04	-5.819e-03	-5.885e-03	-5.796e-03	-5.865e-03	-5.921e-03	-5.844e-03	-4.763e-03	-4.765e-03	-4.762e-03	-4.767e-03	-4.774e-03	-4.766e-03	-4.760e-03	-4.766e-03	-4.760e-03
9.850e+04	-5.813e-03	-5.885e-03	-5.796e-03	-5.865e-03	-5.921e-03	-5.844e-03	-4.763e-03	-4.765e-03	-4.762e-03	-4.767e-03	-4.773e-03	-4.766e-03	-4.760e-03	-4.766e-03	-4.760e-03
9.860e+04	-5.813e-03	-5.885e-03	-5.796e-03	-5.865e-03	-5.921e-03	-5.844e-03	-4.763e-03	-4.765e-03	-4.762e-03	-4.767e-03	-4.773e-03	-4.766e-03	-4.760e-03	-4.766e-03	-4.760e-03
9.870e+04	-5.813e-03	-5.885e-03	-5.796e-03	-5.865e-03	-5.921e-03	-5.844e-03	-4.763e-03	-4.765e-03	-4.762e-03	-4.767e-03	-4.773e-03	-4.766e-03	-4.760e-03	-4.766e-03	-4.760e-03
9.880e+04	-5.813e-03	-5.885e-03	-5.796e-03	-5.865e-03	-5.921e-03	-5.844e-03	-4.763e-03	-4.765e-03	-4.762e-03	-4.767e-03	-4.773e-03	-4.766e-03	-4.760e-03	-4.766e-03	-4.760e-03
9.890e+04	-5.813e-03	-5.885e-03	-5.796e-03	-5.865e-03	-5.921e-03	-5.844e-03	-4.763e-03	-4.765e-03	-4.762e-03	-4.767e-03	-4.773e-03	-4.766e-03	-4.760e-03	-4.766e-03	-4.760e-03
9.900e+04	-5.813e-03	-5.885e-03	-5.796e-03	-5.865e-03	-5.921e-03	-5.844e-03	-4.763e-03	-4.765e-03	-4.762e-03	-4.767e-03	-4.773e-03	-4.766e-03	-4.760e-03	-4.766e-03	-4.760e-03
9.910e+04	-5.813e-03	-5.885e-03	-5.796e-03	-5.865e-03	-5.921e-03	-5.844e-03	-4.763e-03	-4.765e-03	-4.762e-03	-4.767e-03	-4.773e-03	-4.766e-03	-4.760e-03	-4.766e-03	-4.760e-03
9.920e+04	-5.813e-03	-5.885e-03	-5.796e-03	-5.865e-03	-5.921e-03	-5.844e-03	-4.763e-03	-4.765e-03	-4.762e-03	-4.767e-03	-4.773e-03	-4.766e-03	-4.760e-03	-4.766e-03	-4.760e-03
9.930e+04	-5.813e-03	-5.885e-03	-5.796e-03	-5.865e-03	-5.921e-03	-5.844e-03	-4.763e-03	-4.765e-03	-4.762e-03	-4.767e-03	-4.773e-03	-4.766e-03	-4.760e-03	-4.766e-03	-4.760e-03
9.940e+04	-5.813e-03	-5.885e-03	-5.796e-03	-5.865e-03	-5.921e-03	-5.844e-03	-4.763e-03	-4.765e-03	-4.762e-03	-4.767e-03	-4.773e-03	-4.766e-03	-4.760e-03	-4.766e-03	-4.760e-03
9.950e+04	-5.813e-03	-5.885e-03	-5.796e-03	-5.865e-03	-5.921e-03	-5.844e-03	-4.763e-03	-4.765e-03	-4.762e-03	-4.767e-03	-4.773e-03	-4.766e-03	-4.760e-03	-4.766e-03	-4.760e-03
9.960e+04	-5.813e-03	-5.885e-03	-5.796e-03	-5.865e-03	-5.921e-03	-5.844e-03	-4.763e-03	-4.765e-03	-4.762e-03	-4.767e-03	-4.773e-03	-4.766e-03	-4.760e-03	-4.766e-03	-4.760e-03
9.970e+04	-5.813e-03	-5.885e-03	-5.796e-03	-5.865e-03	-5.921e-03	-5.844e-03	-4.763e-03	-4.765e-03	-4.762e-03	-4.767e-03	-4.773e-03	-4.766e-03	-4.760e-03	-4.766e-03	-4.760e-03
9.980e+04	-5.813e-03	-5.885e-03	-5.796e-03	-5.865e-03	-5.921e-03	-5.844e-03	-4.763e-03	-4.765e-03	-4.762e-03	-4.767e-03	-4.773e-03	-4.766e-03	-4.760e-03	-4.766e-03	-4.760e-03
9.990e+04	-5.813e-03	-5.885e-03	-5.796e-03	-5.865e-03	-5.921e-03	-5.844e-03	-4.763e-03	-4.765e-03	-4.762e-03	-4.767e-03	-4.773e-03	-4.766e-03	-4.760e-03	-4.766e-03	-4.760e-03
1.000e+05	-5.813e-03	-5.885e-03	-5.796e-03	-5.865e-03	-5.921e-03	-5.844e-03	-4.763e-03	-4.765e-03	-4.762e-03	-4.767e-03	-4.773e-03	-4.766e-03	-4.760e-03	-4.766e-03	-4.760e-03
